X_ActualPosition,X_ActualVelocity,X_ActualAcceleration,X_SetPosition,X_SetVelocity,X_SetAcceleration,X_CurrentFeedback,X_DCBusVoltage,X_OutputCurrent,X_OutputVoltage,X_OutputPower,Y_ActualPosition,Y_ActualVelocity,Y_ActualAcceleration,Y_SetPosition,Y_SetVelocity,Y_SetAcceleration,Y_CurrentFeedback,Y_DCBusVoltage,Y_OutputCurrent,Y_OutputVoltage,Y_OutputPower,Z_ActualPosition,Z_ActualVelocity,Z_ActualAcceleration,Z_SetPosition,Z_SetVelocity,Z_SetAcceleration,Z_CurrentFeedback,Z_DCBusVoltage,Z_OutputCurrent,Z_OutputVoltage,S_ActualPosition,S_ActualVelocity,S_ActualAcceleration,S_SetPosition,S_SetVelocity,S_SetAcceleration,S_CurrentFeedback,S_DCBusVoltage,S_OutputCurrent,S_OutputVoltage,S_OutputPower,S_SystemInertia,M_CURRENT_PROGRAM_NUMBER,M_sequence_number,M_CURRENT_FEEDRATE,Machining_Process
202,4.0,4.0,202,4.0,4.0,0.18,0.0207,329,2.77,-1.42e-06,162.0,3.975,-2.25,162.0,4.0,4.0,0.539,0.0167,328,1.84,6.43e-07,123.0,4.0,4.0,123.0,4.0,4.0,0,0,0,0,-357.0,4.001,4.25,-357.0,4.0,4.0,0.524,2.74e-19,329.0,0.0,6.96e-07,16,1,0,50,Starting
202,-6.8,-346.0,202,-9.6,-354.0,-10.9,0.186,328,23.3,0.004480212523719164,162.0,-15.8,-746.0,161.0,-20.6,-643.0,-14.5,0.281,325,37.8,0.012600597722960152,123.0,-16.3,-708.0,122.0,-21.6,-670.0,0,0,0,0,-357.0,4.0,4.25,-357.0,4.0,4.0,-0.28801366223908914,2.74e-19,328.015559772296,0.0,-5.270249999999999e-07,16,1,4,50,Prep
200,-13.8,-2.25,200,-13.9,3.9999046,-8.59,0.14,328,30.6,0.005330505692599619,158.0,-28.5,4.0,158.0,-28.3,3.9999046,-7.79,0.139,327,49.4,0.00943089468690702,119.0,-29.7,41.5,119.0,-29.7,3.9999046,0,0,0,0,-357.0,4.0,3.562,-357.0,4.0,4.0,0.524049715370019,2.74e-19,328.031119544592,0.0,9.100863377609107e-07,16,1,7,50,Prep
198,-14.0,4.0,198,-13.9,3.9999046,-6.11,0.13,327,30.3,0.004890695920303606,155.0,-28.6,-58.5,155.0,-28.3,3.9999046,-8.13,0.156,325,47.6,0.010501494307400381,116.0,-29.7,-2.25,116.0,-29.7,4.0,0,0,0,0,-357.0,3.999,3.75,-357.0,4.0,4.0,-0.18002561669829223,2.74e-19,328.04667931688806,0.0,1.0701522770398482e-06,16,1,7,50,Prep
197,-13.9,-14.8,196,-13.9,4.0000954,-5.7,0.114,328,30.5,0.0042508064516129035,152.0,-28.0,142.0,152.0,-28.3,4.0000954,-13.8,0.202,326,47.1,0.013502561669829223,113.0,-29.6,22.8,112.0,-29.7,4.0,0,0,0,0,-357.0,4.0,3.812,-357.0,4.0,4.0,0.2260428842504744,2.74e-19,328.06223908918406,0.0,1.9603719165085388e-06,16,1,7,50,Prep
195,-13.6,85.2,195,-13.9,4.000191,-5.85,0.128,328,30.9,0.004741124288425048,149.0,-28.4,-8.5,148.0,-28.3,4.0,-9.78,0.166,326,49.6,0.011302680265654648,109.0,-29.7,-2.25,109.0,-29.7,4.0000954,0,0,0,0,-357.0,4.0,4.0,-357.0,4.0,4.0,0.821194734345351,2.74e-19,328.07779886148006,0.0,0.0,16,1,7,50,Prep
193,-13.9,-2.25,193,-13.9,4.0000954,-5.84,0.0955,328,29.3,0.003450981973434535,145.0,-28.3,85.2,145.0,-28.3,3.9999046,-8.56,0.179,326,50.0,0.012403529411764706,106.0,-29.5,66.5,106.0,-29.7,4.0000954,0,0,0,0,-357.0,4.00075,3.9375,-357.0,4.0,4.0,0.5231488614800759,2.74e-19,328.09335863377606,0.0,3.7910787476280835e-06,16,1,2,50,Prep
191,-13.8,54.0,191,-13.9,3.999809,-7.31,0.117,327,29.1,0.004411464421252371,142.0,-28.3,54.0,142.0,-28.3,3.9999046,-8.0,0.185,325,50.8,0.012804250474383301,102.6,-29.7,22.8,102.3,-29.7,4.0,0,0,0,0,-357.0,4.0,4.0,-357.0,4.0,4.0,-0.28809563567362423,2.74e-19,328.10891840607206,0.0,0.0,16,1,7,50,Prep
189,-13.9,29.0,189,-13.9,4.0,-7.98,0.113,328,29.4,0.004171582542694498,139.0,-28.3,41.5,139.0,-28.3,4.0,-9.96,0.154,327,49.7,0.010203870967741937,99.1,-29.6,22.8,98.8,-29.7,4.0000954,0,0,0,0,-357.0,3.99925,3.812,-357.0,4.0,4.0,-0.09973783681214422,2.74e-19,328.1244781783682,0.0,-8.363172675521822e-08,16,1,7,50,Prep
188,-13.9,16.5,187,-13.9,3.9999046,-7.44,0.138,328,29.8,0.0050121389943074005,136.0,-28.7,-27.3,136.0,-28.3,4.0,-6.29,0.119,325,48.1,0.00784334724857685,95.8,-29.7,-33.5,95.6,-29.7,4.0000954,0,0,0,0,-357.0,3.999,4.0,-357.0,4.0,4.0,0.11805037950664136,2.74e-19,328.1400379506642,0.0,0.0,16,1,7,50,Prep
186,-14.1,-52.3,186,-13.9,3.9999046,-4.52,0.114,327,31.3,0.004302039848197344,133.0,-28.1,117.0,132.0,-28.3,4.0,-8.62,0.186,325,48.6,0.012605977229601517,92.5,-29.7,-21.0,92.2,-29.7,4.0,0,0,0,0,-357.0,4.0,4.25,-357.0,4.0,4.0,-0.28813662239089183,2.74e-19,328.1555977229602,0.0,-6.993315939278937e-07,16,1,7,50,Prep
184,-13.7,66.5,184,-13.9,4.0000954,-5.53,0.13,328,31.6,0.004852530834914611,129.0,-28.3,16.5,129.0,-28.3,4.0000954,-10.9,0.181,326,50.6,0.012406470588235293,89.0,-29.7,4.0,88.7,-29.7,4.0000954,0,0,0,0,-357.0,4.001,4.0625,-357.0,4.0,4.0,0.11806157495256166,2.74e-19,328.1711574952562,0.0,-1.020532258064516e-06,16,1,7,50,Prep
182,-13.9,-33.5,182,-13.9,4.0000954,-7.55,0.122,327,30.4,0.004572601518026565,126.0,-28.4,-2.25,126.0,-28.3,3.9999046,-10.5,0.174,325,50.4,0.012006831119544592,85.7,-29.6,10.25,85.5,-29.7,3.9999046,0,0,0,0,-357.0,3.99825,3.313,-357.0,4.0,4.0,2.3413320683111953,2.74e-19,328.1867172675522,0.0,0.0,16,1,7,50,Prep
180,-13.8,110.0,180,-13.9,4.0000954,-8.41,0.133,327,28.5,0.005003083491461101,123.0,-28.3,54.0,123.0,-28.3,3.9999046,-8.39,0.177,325,49.4,0.012007400379506643,82.4,-29.7,-8.5,82.1,-29.7,4.0,0,0,0,0,-357.0,4.004,5.19,-357.0,4.0,4.0,-0.2881776091081594,2.74e-19,328.20227703984824,0.0,7.614693074003796e-06,16,1,7,50,Prep
179,-13.8,47.8,178,-13.9,3.9999046,-8.81,0.131,328,30.3,0.004783174573055029,120.0,-28.2,135.0,119.0,-28.3,3.9999046,-11.3,0.165,327,51.2,0.0110073055028463,78.9,-29.6,54.0,78.6,-29.7,4.0000954,0,0,0,0,-357.0,4.00075,4.375,-357.0,4.0,4.0,-0.18011954459203036,2.74e-19,328.21783681214424,0.0,0.0,16,1,7,50,Prep
177,-14.0,-21.0,177,-13.9,4.000191,-5.78,0.127,327,29.9,0.004753379981024668,116.0,-28.3,41.5,116.0,-28.3,3.999809,-10.8,0.155,325,49.3,0.01040740037950664,75.6,-29.5,-2.25,75.3,-29.7,4.0000954,0,0,0,0,-357.0,4.0,3.812,-357.0,4.0,4.0,0.8215842030360531,2.74e-19,328.23339658444024,0.0,2.9120706831119546e-06,16,1,7,50,Prep
175,-13.8,22.8,175,-13.9,4.0000954,-7.39,0.127,327,30.2,0.004683552182163188,113.0,-28.2,47.8,113.0,-28.3,3.9999046,-12.8,0.172,325,43.2,0.01140865275142315,72.3,-29.5,35.3,72.0,-29.7,4.0000954,0,0,0,0,-357.0,3.999,3.75,-357.0,4.0,4.0,0.41531499051233395,2.74e-19,328.24895635673624,0.0,-1.0608045540796963e-06,16,1,7,50,Prep
173,-13.9,10.25,173,-13.9,3.9999046,-6.08,0.125,328,31.0,0.004723806451612903,110.0,-28.3,16.5,110.0,-28.3,4.0,-12.6,0.196,326,47.3,0.013410806451612902,68.7,-29.8,-46.0,68.5,-29.7,4.0000954,0,0,0,0,-357.0,4.0,4.25,-357.0,4.0,4.0,-0.6945596774193548,2.74e-19,328.26451612903224,0.0,0.0,16,1,2,50,Prep
171,-13.8,10.25,171,-13.9,3.9999046,-6.89,0.131,327,31.8,0.004914192599620493,107.0,-28.3,41.5,107.0,-28.3,3.9999046,-11.4,0.185,325,50.2,0.012610759013282732,65.5,-29.7,-21.0,65.2,-29.7,4.0000954,0,0,0,0,-357.0,3.99675,2.44,-357.0,4.0,4.0,0.008937625237191651,2.74e-19,328.28007590132825,0.0,0.0,16,1,7,50,Prep
170,-13.8,54.0,170,-13.9,4.0000954,-6.42,0.11,328,29.8,0.004103695445920304,103.6,-28.4,4.0,103.3,-28.3,3.999809,-11.0,0.161,326,46.6,0.010909824478178369,62.1,-29.7,10.25,61.9,-29.7,3.9999046,0,0,0,0,-357.0,4.00025,4.812,-357.0,4.0,4.0,0.008938048861480077,2.74e-19,328.2956356736243,0.0,-2.8225417457305504e-07,16,1,7,50,Prep
168,-13.9,-39.8,168,-13.9,4.000191,-7.26,0.112,328,29.8,0.004163946869070208,100.2,-28.1,91.5,99.9,-28.3,4.0,-12.2,0.203,326,49.4,0.013813092979127134,58.6,-29.6,47.8,58.4,-29.7,4.000191,0,0,0,0,-357.0,4.0,4.25,-357.0,4.0,4.0,-0.2882732447817837,2.74e-19,328.3111954459203,0.0,0.0,16,1,7,50,Prep
166,-14.0,22.8,166,-13.9,3.9999046,-4.17,0.0986,328,28.4,0.0036135962998102467,97.1,-28.1,123.0,96.8,-28.3,3.9999046,-12.3,0.176,325,48.6,0.011711655597722961,55.4,-29.7,10.25,55.1,-29.7,4.0000954,0,0,0,0,-357.0,3.99875,2.94,-357.0,4.0,4.0,0.11811755218216317,2.74e-19,328.3267552182163,0.0,0.0,16,1,7,50,Prep
164,-14.1,-89.7,164,-13.9,3.999809,-5.34,0.107,328,30.5,0.003944111954459203,93.9,-28.3,-14.8,93.6,-28.3,3.9999046,-10.5,0.181,326,50.0,0.012312836812144212,52.0,-29.7,10.25,51.8,-29.7,4.0,0,0,0,0,-357.0,4.003,4.75,-357.0,4.0,4.0,-0.09980405123339657,2.74e-19,328.3423149905123,0.0,8.518881404174572e-07,16,1,7,50,Prep
162,-14.0,-33.5,162,-13.9,4.0,-5.22,0.111,328,30.1,0.0040944625237191645,90.5,-28.3,60.3,90.2,-28.3,4.0000954,-10.2,0.19,326,47.6,0.01301418406072106,48.5,-29.7,-8.5,48.3,-29.7,3.9999046,0,0,0,0,-357.0,3.997,2.81,-357.0,4.0,4.0,0.11712765654648956,2.74e-19,328.3578747628083,0.0,-2.2924985768500947e-07,16,1,7,50,Prep
161,-13.9,-8.5,161,-13.9,3.9999046,-6.7,0.132,328,30.7,0.004945624288425048,87.4,-28.2,22.8,87.1,-28.3,3.9999046,-14.6,0.202,326,43.8,0.013915825426944972,45.3,-29.8,10.25,45.0,-29.7,4.0000954,0,0,0,0,-357.0,4.001,4.5,-357.0,4.0,4.0,0.5245965844402277,2.74e-19,328.37343453510437,0.0,0.0,16,1,7,50,Prep
159,-13.7,22.8,159,-13.9,3.9999046,-7.03,0.139,328,30.3,0.005186143263757116,84.1,-28.5,-64.7,83.9,-28.3,3.9999046,-9.87,0.174,326,48.9,0.011914112903225808,41.9,-29.6,16.5,41.7,-29.7,4.0,0,0,0,0,-357.0,3.99925,3.625,-357.0,4.0,4.0,0.30636290322580645,2.74e-19,328.38899430740037,0.0,-5.206166982922202e-07,16,1,7,50,Prep
157,-13.8,-21.0,157,-13.9,4.0000954,-8.66,0.134,328,30.7,0.004986142314990513,80.8,-28.0,123.0,80.5,-28.3,3.9999046,-9.71,0.208,326,50.2,0.014417760910815938,38.4,-29.8,-58.5,38.2,-29.7,3.9999046,0,0,0,0,-357.0,3.99925,3.812,-357.0,4.0,4.0,0.008941014231499051,2.74e-19,328.40455407969637,0.0,9.852136622390891e-07,16,1,7,50,Prep
155,-13.2,192.0,155,-10.3,362.0,-1.97,0.0687,328,23.5,0.002122715370018975,77.7,-26.9,423.0,77.5,-21.9,651.0,-3.21,0.0867,326,40.6,0.005156596299810246,35.2,-28.8,254.0,35.0,-23.0,678.0,0,0,0,0,-357.0,3.99825,3.562,-357.0,4.0,4.0,0.8220515654648956,2.74e-19,328.42011385199237,0.0,0.0,16,1,2,50,Prep
155,4.1,35.3,155,4.0,4.0,1.17,0.033,329,1.81,1.3317666034155596e-05,77.0,4.05,10.25,77.0,4.0,4.0,1.18,0.0235,328,0.991,0.0,34.5,4.05,4.0,34.5,4.0,4.0,0,0,0,0,-357.0,4.003,5.19,-357.0,4.0,4.0,0.4155512333965844,0.0447,329.43700189753315,1.19,0.0,16,1,7,50,Prep
155,3.925,-33.5,155,4.0,4.0,0.45,0.0276,329,4.82,-1.4419810246679318e-05,77.0,3.975,-8.5,77.0,4.0,4.0,0.7,0.017,328,3.32,-1.542118595825427e-06,34.5,3.975,-8.5,34.5,4.0,4.0,0,0,0,0,-357.0,4.00225,5.38,-357.0,4.0,4.0,-0.09983715844402277,0.034,329.45260910815944,1.29,0.0,16,1,9,50,Prep
155,4.075,47.8,155,4.0,4.0,0.651,0.0402,328,2.0,1.1015654648956357e-05,77.0,4.025,29.0,77.0,4.0,4.0,-1.54,0.0205,327,4.47,2.7739421252371917e-06,34.5,4.05,29.0,34.5,4.0,4.0,0,0,0,0,-357.0,9.73,105.0,-357.0,10.6,104.0,60.185531309297915,2.61,322.45825426944975,26.5,0.05768197343453511,16,1,9,50,Prep
155,4.075,41.5,155,4.0,4.0,0.878,0.0377,327,1.56,7.511029411764706e-06,77.0,4.025,10.25,77.0,4.0,4.0,-0.1,0.0184,325,1.82,1.7726029411764706e-06,34.2,-1.88,-21.0,34.1,-2.0,4.0,0,0,0,0,-356.0,19.8,102.3,-356.0,20.6,104.0,56.78338235294118,2.56,318.4676470588235,44.9,0.1502205882352941,16,1,12,6,Layer 1 Up
155,3.925,-33.5,155,4.0,4.0,0.664,0.0332,325,4.3,3.5654041745730545e-06,77.0,3.925,-27.3,77.0,4.0,4.0,1.98,0.0194,324,0.51,-3.3951461100569258e-06,33.5,-1.8,-8.5,33.5,1.33,782.0,0,0,0,0,-354.0,30.3,92.5,-354.0,31.0,104.0,54.78303605313093,2.41,317.48121442125233,72.8,0.2313506641366224,16,1,14,6,Layer 1 Up
155,-2.0,10.25,154,-2.0,4.0,-8.1,0.0983,323,10.2,0.0012619724857685008,77.0,4.05,29.0,77.0,4.0,4.0,-0.0991,0.0258,322,1.1,1.7026612903225804e-06,33.5,4.0,4.0,33.5,4.0,4.0,0,0,0,0,-351.0,39.9,102.9,-350.0,40.6,104.0,62.09705882352941,2.61,309.4837286527514,88.4,0.34153382352941175,16,1,14,6,Layer 1 Up
154,-2.15,-39.8,154,-2.0,4.0,-6.42,0.101,322,11.5,0.0012620322580645163,77.0,4.05,22.8,77.0,4.0,4.0,0.22,0.034,322,1.29,-3.5557258064516133e-06,33.5,4.0,4.0,33.5,4.0,4.0,0,0,0,0,-347.0,49.9,129.0,-346.0,50.6,104.0,59.09516129032259,2.65,306.4935483870968,109.0,0.44171129032258066,16,1,14,6,Layer 1 Up
153,-1.93,66.5,153,-2.0,4.0,-6.67,0.098,325,14.2,0.0011819592030360533,77.0,3.9,-46.0,77.0,4.0,4.0,1.18,0.0209,324,2.25,-1.2620920303605314e-06,33.5,4.0,4.0,33.5,4.0,4.0,0,0,0,0,-341.0,57.7,-47.0,-341.0,57.3,3.999999046,9.385557400379506,0.389,324.53795066413664,112.0,0.0747238614800759,16,1,14,6,Layer 1 Up
153,-1.93,-8.5,153,-2.0,4.0,-5.99,0.113,325,13.6,0.0014424592030360531,77.0,4.05,35.3,77.0,4.0,4.0,-5.37,0.0413,325,8.21,0.0,33.5,4.0,4.0,33.5,4.0,4.0,0,0,0,0,-336.0,57.2,-50.8,-336.0,57.3,4.0,27.34662239089184,1.2,320.5464895635674,117.0,0.2313944971537002,16,1,14,6,Layer 1 Up
152,-1.9,16.5,152,-2.0,4.0,-5.65,0.0976,326,13.9,0.0012121238140417455,77.0,4.05,29.0,77.0,4.0,4.0,6.29,0.0396,325,6.91,1.6929663187855787e-07,33.5,4.0,4.0,33.5,4.0,4.0,0,0,0,0,-331.0,57.3,14.3,-331.0,57.3,4.0,22.840018975332068,0.917,319.5599146110057,116.0,0.1763089184060721,16,1,2,6,Layer 1 Up
152,-1.82,66.5,151,-2.0,4.0,-5.9,0.0915,326,14.6,0.0011120009487666034,77.0,3.975,-8.5,77.0,4.0,4.0,1.98,0.0201,325,0.263,-3.0554981024667927e-07,33.5,4.0,4.0,33.5,4.0,4.0,0,0,0,0,-325.0,57.3,-17.8,-325.0,57.3,4.0,20.637134724857685,0.872,322.5804554079696,120.0,0.16830284629981024,16,1,14,6,Layer 1 Up
151,-2.2,-71.0,151,-2.0,4.0,-3.92,0.0813,326,12.7,0.0010419240986717267,77.0,4.025,16.5,77.0,4.0,4.0,1.66,0.0375,325,0.731,-6.291618595825428e-07,33.5,4.0,4.0,33.5,4.0,4.0,0,0,0,0,-320.0,57.3,25.8,-320.0,57.3,3.999999046,21.940517077798862,0.979,320.59203036053134,117.0,0.18934966793168884,16,1,14,6,Layer 1 Up
150,-1.9,-21.0,150,-2.0,4.0,-6.86,0.123,326,14.6,0.0015429222011385199,77.0,4.0,4.0,77.0,4.0,4.0,6.13,0.0553,325,7.42,-2.0138140417457305e-06,33.5,4.0,4.0,33.5,4.0,4.0,0,0,0,0,-315.0,57.3,-9.3,-315.0,57.3,4.0,27.051233396584443,0.906,319.60531309297915,119.0,0.17232637571157494,16,1,14,6,Layer 1 Up
150,-2.03,-14.8,150,-1.97,4.731,-4.75,0.0939,326,14.3,0.0012223728652751423,77.0,4.5,-14.8,77.0,4.595,11.52,3.38,0.0394,325,5.11,2.043967741935484e-05,33.5,4.0,4.0,33.5,4.0,4.0,0,0,0,0,-309.0,57.3,-8.4,-309.0,57.3,4.0,25.048624288425046,0.884,322.6262808349146,122.0,0.16732481024667933,16,1,14,6,Layer 1 Up
149,-1.82,10.25,149,-1.86,5.63,-5.25,0.0894,326,13.5,0.0010721318785578747,77.1,5.4,47.8,77.1,5.31,11.38,3.09,0.0682,325,6.47,0.00019639051233396584,33.5,4.0,4.0,33.5,4.0,4.0,0,0,0,0,-304.0,57.2,-15.7,-304.0,57.3,4.0,23.246223908918406,1.04,320.63757115749524,118.0,0.20140047438330172,16,1,15,6,Layer 1 Up
149,-1.82,-64.7,149,-1.64,6.55,-3.16,0.0814,326,13.1,0.0010220806451612904,77.3,5.92,10.25,77.3,6.04,11.12,7.05,0.129,324,10.8,0.0005170525616698292,33.5,4.0,4.0,33.5,4.0,4.0,0,0,0,0,-299.0,57.3,-13.3,-299.0,57.3,4.000000954,23.147120493358635,0.876,319.65071157495254,117.0,0.1683426944971537,16,1,15,6,Layer 1 Up
148,-1.2,54.0,148,-1.33,7.46,-4.73,0.0836,326,14.5,0.0008557825426944973,77.5,6.65,10.25,77.5,6.76,10.72,4.96,0.0862,325,9.64,0.000491022770398482,33.5,4.0,4.0,33.5,4.0,4.0,0,0,0,0,-293.0,57.2,-67.4,-293.0,57.3,4.000000954,24.3507210626186,0.923,321.6700189753321,121.0,0.17636736242884252,16,1,15,6,Layer 1 Up
148,-1.07,10.25,148,-0.96,8.24,-4.78,0.0729,326,10.7,0.0007786586812144213,77.8,7.1,16.5,77.8,7.38,10.26,4.35,0.0704,325,9.82,0.0004289136622390892,33.5,4.0,4.0,33.5,4.0,4.0,0,0,0,0,-288.0,57.3,0.0,-288.0,57.3,4.0,25.053368121442126,0.91,321.6852466793169,120.0,0.1753735768500949,16,1,15,6,Layer 1 Up
147,-0.47,-8.5,147,-0.49,8.99,-6.44,0.109,326,11.3,0.0009881516129032256,78.2,7.95,22.8,78.2,7.98,9.67,5.97,0.0993,324,11.3,0.0008488482922201138,33.5,4.0,4.0,33.5,4.0,4.0,0,0,0,0,-283.0,57.3,3.063,-283.0,57.3,4.0,21.246261859582543,1.02,319.696110056926,115.0,0.19843206831119545,16,1,15,6,Layer 1 Up
147,-0.05,10.25,147,0.06,9.69,-4.21,0.0801,326,11.3,0.0006714938330170778,78.6,8.63,-33.5,78.6,8.53,8.97,1.96,0.0815,325,15.0,0.0007747234819734345,33.5,4.0,4.0,33.5,4.0,4.0,0,0,0,0,-277.0,57.2,-68.7,-277.0,57.3,4.0,26.3586385199241,1.03,321.7157020872865,120.0,0.19643700189753321,16,1,2,6,Layer 1 Up
146,0.8,54.0,146,0.64,10.25,-4.98,0.0847,326,10.5,0.0005592705882352941,79.1,8.6,-58.5,79.1,8.97,8.25,4.74,0.0771,324,12.4,0.0007527100569259962,33.5,4.0,4.0,33.5,4.0,4.0,0,0,0,0,-272.0,57.2,-59.9,-272.0,57.3,4.000000954,23.753965844402273,1.04,321.7309297912713,118.0,0.20045540796963945,16,1,15,6,Layer 1 Up
146,1.3,-14.8,146,1.29,10.74,-3.38,0.0743,326,9.91,0.00046407623339658446,79.6,9.18,-71.0,79.6,9.35,7.43,4.39,0.0806,324,15.0,0.0008640037001897534,33.5,4.0,4.0,33.5,4.0,4.0,0,0,0,0,-267.0,57.4,31.9,-267.0,57.3,3.999999046,20.44741935483871,0.854,320.7438330170778,118.0,0.1643812144212524,16,1,15,6,Layer 1 Up
146,1.97,47.8,146,2.01,11.13,-5.54,0.0892,326,9.21,0.0003548396584440228,80.2,9.78,-2.25,80.2,9.66,6.52,6.22,0.114,324,14.1,0.0014634629981024668,33.5,4.0,4.0,33.5,4.0,4.0,0,0,0,0,-261.0,57.4,9.25,-261.0,57.3,3.999999046,18.944829222011386,0.835,321.76138519924103,120.0,0.16138187855787478,16,1,15,6,Layer 1 Up
146,2.55,-64.7,146,2.71,11.38,-3.81,0.0727,326,5.95,0.0001744209677419355,80.7,9.72,35.3,80.8,9.86,5.64,7.9,0.128,324,15.0,0.0015236774193548388,33.5,4.0,4.0,33.5,4.0,4.0,0,0,0,0,-256.0,57.1,-59.0,-256.0,57.3,4.0,27.366048387096775,1.23,320.7741935483871,117.0,0.23556854838709676,16,1,15,6,Layer 1 Up
145,3.2,-102.0,145,3.458,11.53,-1.65,0.078,326,6.14,4.912087286527514e-05,81.3,9.8,29.0,81.3,9.98,4.702,6.48,0.104,324,13.8,0.0012530834914611007,33.5,4.0,4.0,33.5,4.0,4.0,0,0,0,0,-251.0,57.4,21.5,-251.0,57.3,4.0,22.55550284629981,0.904,320.7893738140417,117.0,0.17543168880455406,16,1,15,6,Layer 1 Up
145,4.125,66.5,145,4.0,4.0,-3.59,0.0653,326,7.62,-4.9724705882352936e-05,81.8,5.7,398.0,81.8,10.0,129.0,15.6,0.238,325,14.0,0.0018346010436432636,33.5,4.0,4.0,33.5,4.0,4.0,0,0,0,0,-245.0,57.3,-25.6,-245.0,57.3,4.0,21.052798861480074,0.893,321.80706831119545,120.0,0.1724324478178368,16,1,15,6,Layer 1 Up
146,10.07,-27.3,146,10.0,4.0,3.17,0.0552,326,12.2,0.000645649715370019,81.9,3.975,22.8,81.9,4.0,4.0,0.182,0.0181,325,1.5,-3.8097343453510435e-07,33.5,4.0,4.0,33.5,4.0,4.0,0,0,0,0,-240.0,57.3,-0.13,-240.0,57.3,4.000000954,19.65020872865275,0.932,321.82229601518026,120.0,0.17945853889943073,16,1,17,6,Layer 1 Up
146,9.97,16.5,147,10.0,4.0,3.66,0.0875,326,14.6,0.0011028700189753323,81.9,4.0,-2.25,81.9,4.0,4.0,-0.677,0.0233,324,3.42,0.0,33.5,4.0,4.0,33.5,4.0,4.0,0,0,0,0,-235.0,57.3,-7.3,-235.0,57.3,4.0,26.970185009487665,0.903,320.83491461100573,119.0,0.17345137571157496,16,1,17,6,Layer 1 Up
147,9.7,-71.0,147,10.0,4.0,6.68,0.099,326,13.7,0.0012232409867172676,81.9,4.0,4.0,81.9,4.0,4.0,-0.229,0.0241,325,6.73,1.0828690702087287e-06,33.5,4.0,4.0,33.5,4.0,4.0,0,0,0,0,-229.0,57.3,-3.44,-229.0,57.3,4.0,24.665351043643266,0.873,322.8554079696395,123.0,0.16644098671726756,16,1,17,6,Layer 1 Up
148,10.18,16.5,148,10.0,4.0,4.14,0.0765,326,12.7,0.0009696147533206831,81.9,3.95,-21.0,81.9,4.0,4.0,0.0386,0.0136,325,1.87,0.0,33.5,4.0,4.0,33.5,4.0,4.0,0,0,0,0,-224.0,57.3,-9.1,-224.0,57.3,4.0,23.262732447817836,1.03,321.86797912713473,117.0,0.19753268500948767,16,1,2,6,Layer 1 Up
148,10.1,60.3,148,10.0,4.0,6.74,0.0984,326,11.3,0.0012835218216318786,81.9,3.975,-14.8,81.9,4.0,4.0,-0.808,0.0216,324,0.558,-2.406603415559772e-06,33.5,4.0,4.0,33.5,4.0,4.0,0,0,0,0,-219.0,57.3,-15.1,-219.0,57.3,4.000000954,23.36410815939279,0.894,320.88045540796963,117.0,0.17247324478178366,16,1,17,6,Layer 1 Up
148,5.2,-52.3,148,5.41,12.82,5.59,0.0959,326,9.75,0.0002757696869070209,81.5,-1.85,-39.8,81.5,-1.83,6.11,-8.49,0.146,325,16.2,0.0017950099620493356,33.5,4.0,4.0,33.5,4.0,4.0,0,0,0,0,-213.0,57.2,-59.2,-213.0,57.3,4.000000954,22.76353415559772,0.904,321.89843453510434,122.0,0.1734842030360531,16,1,17,6,Layer 1 Up
149,6.05,10.25,149,6.24,12.43,9.78,0.117,326,3.33,0.0004532865275142315,81.0,-1.25,110.0,80.9,-1.57,7.36,-5.27,0.0865,325,13.8,0.0009296385199240988,33.5,4.0,4.0,33.5,4.0,4.0,0,0,0,0,-208.0,57.3,3.625,-208.0,57.3,4.0,24.26888045540797,0.903,321.9136622390892,119.0,0.17248956356736242,16,1,19,6,Layer 1 Up
149,7.1,79.0,149,7.05,11.82,7.14,0.103,326,8.31,0.0006538867172675522,80.4,-1.07,-8.5,80.4,-1.17,8.59,-5.8,0.109,324,14.9,0.0011733856736242884,33.5,4.0,4.0,33.5,4.0,4.0,0,0,0,0,-203.0,57.3,-5.31,-203.0,57.3,4.0,22.26424098671727,1.02,321.928889943074,115.0,0.19757006641366226,16,1,19,6,Layer 1 Up
149,7.92,22.8,149,7.82,11.01,4.83,0.0757,326,10.0,0.0005596411764705882,79.9,-0.65,4.0,79.9,-0.62,9.76,-8.44,0.151,325,13.6,0.0015645882352941175,33.5,4.0,4.0,33.5,4.0,4.0,0,0,0,0,-197.0,57.2,-68.7,-197.0,57.3,4.0,26.57794117647059,1.02,321.9441176470588,121.0,0.1955735294117647,16,1,19,6,Layer 1 Up
150,8.6,104.0,150,8.45,10.1,6.99,0.0881,326,8.66,0.000807405834914611,79.5,-0.07,-39.8,79.5,-0.02,10.71,-7.25,0.132,324,12.0,0.001103287476280835,33.5,4.0,4.0,33.5,4.0,4.0,0,0,0,0,-192.0,57.2,-57.0,-192.0,57.3,4.000000954,23.570232447817837,1.04,321.9593453510436,117.0,0.19959473434535105,16,1,19,6,Layer 1 Up
150,8.9,-8.5,150,9.01,9.02,5.05,0.0889,326,12.7,0.0009007263757115749,79.1,0.7,47.8,79.1,0.69,11.55,-3.18,0.0506,324,7.2,0.0002808500948766603,33.5,4.0,4.0,33.5,4.0,4.0,0,0,0,0,-187.0,57.4,31.1,-187.0,57.3,3.999999046,20.461935483870963,0.845,320.9715370018975,118.0,0.1624918406072106,16,1,19,6,Layer 1 Up
151,9.28,-46.0,151,9.46,7.78,5.91,0.099,326,14.0,0.0010632685009487667,78.8,1.62,72.7,78.8,1.52,12.25,-2.04,0.0431,325,9.01,0.00019660436432637573,33.5,4.0,4.0,33.5,4.0,4.0,0,0,0,0,-181.0,57.3,1.37,-181.0,57.3,3.999999046,18.75766129032258,0.848,320.9867172675522,120.0,0.16350260910815942,16,1,19,6,Layer 1 Up
151,9.75,47.8,151,9.76,6.54,6.11,0.101,326,13.0,0.0012438823529411765,78.6,2.3,-2.25,78.6,2.34,12.71,-2.73,0.0726,324,7.4,0.00022670759013282733,33.5,4.0,4.0,33.5,4.0,4.0,0,0,0,0,-176.0,57.1,-56.9,-176.0,57.3,4.0,27.887039848197347,1.2,322.0050284629981,116.0,0.22971698292220116,16,1,19,6,Layer 1 Up
152,10.05,22.8,152,9.95,5.2,4.21,0.0939,326,14.4,0.0012038140417457305,78.5,3.05,-39.8,78.5,3.223,12.99,-3.08,0.0633,325,5.57,0.00011937822580645162,33.5,4.0,4.0,33.5,4.0,4.0,0,0,0,0,-171.0,57.4,18.7,-171.0,57.3,4.0,21.26738140417457,0.885,322.0202561669829,118.0,0.1715435009487666,16,1,2,6,Layer 1 Up
152,7.4,1034.0,152,10.0,129.0,17.1,0.206,326,18.0,0.0014245806451612902,78.5,4.075,41.5,78.5,4.0,4.0,-4.15,0.0812,325,8.09,1.2941612903225805e-05,33.5,4.0,4.0,33.5,4.0,4.0,0,0,0,0,-165.0,57.3,-20.4,-165.0,57.3,4.0,20.566129032258065,0.879,322.0354838709677,120.0,0.1705483870967742,16,1,19,6,Layer 1 Up
153,10.05,10.25,153,10.0,4.0,4.7,0.0853,326,13.1,0.0010735023719165085,78.5,3.875,-58.5,78.5,4.0,4.0,-3.38,0.0682,325,3.11,1.0534369070208727e-05,33.5,4.0,4.0,33.5,4.0,4.0,0,0,0,0,-160.0,57.3,22.2,-160.0,57.3,3.999999046,21.470047438330166,0.975,323.0539848197343,117.0,0.18761209677419352,16,1,19,6,Layer 1 Up
153,10.18,79.0,154,10.0,4.0,4.04,0.0809,326,13.4,0.0010233870967741936,78.5,3.875,-58.5,78.5,4.0,4.0,-3.21,0.0669,324,3.45,3.140393738140418e-05,33.5,4.0,4.0,33.5,4.0,4.0,0,0,0,0,-155.0,57.3,-9.9,-155.0,57.3,4.0,25.685009487666036,0.878,322.06593927893744,120.0,0.1675545540796964,16,1,19,6,Layer 1 Up
154,10.13,60.3,154,10.0,4.0,5.51,0.0932,326,13.7,0.0012140754269449716,78.5,4.125,66.5,78.5,4.0,4.0,-3.66,0.0661,325,7.61,-2.0569046489563568e-05,33.5,4.0,4.0,33.5,4.0,4.0,0,0,0,0,-149.0,57.3,-1.13,-149.0,57.3,4.0,25.284876660341556,0.863,323.08453510436436,122.0,0.16354900379506643,16,1,19,6,Layer 1 Up
155,9.88,-2.25,155,10.0,4.0,6.1,0.102,326,13.7,0.0012241669829222012,78.5,3.875,-64.7,78.5,4.0,4.0,-2.43,0.0664,324,4.16,0.0,33.5,4.0,4.0,33.5,4.0,4.0,0,0,0,0,-144.0,57.3,-6.2,-144.0,57.3,4.0,21.774117647058823,1.0,323.09981024667934,118.0,0.19265578747628084,16,1,19,6,Layer 1 Up
155,10.05,-27.3,155,10.0,4.0,3.84,0.0736,326,13.3,0.0008659885673624289,78.5,3.875,-58.5,78.5,4.0,4.0,-3.05,0.065,325,3.61,2.0269952561669827e-05,33.5,4.0,4.0,33.5,4.0,4.0,0,0,0,0,-139.0,57.3,-12.1,-139.0,57.3,4.000000954,21.574454459203036,0.872,322.11162239089185,119.0,0.16858178368121443,16,1,19,6,Layer 1 Up
156,9.93,-71.0,156,10.0,4.0,4.11,0.0726,326,14.0,0.0008559944022770398,78.5,4.15,72.7,78.5,4.0,4.0,-3.99,0.0664,325,7.23,0.0,33.5,4.0,4.0,33.5,4.0,4.0,0,0,0,0,-133.0,57.2,-62.7,-133.0,57.3,4.000000954,23.482144212523714,0.919,322.12685009487666,122.0,0.17762134724857684,16,1,19,6,Layer 1 Up
156,10.07,47.8,157,10.0,4.0,4.43,0.0853,326,12.8,0.0011440559772296017,78.5,3.85,-64.7,78.5,4.0,4.0,-3.06,0.0626,325,3.47,1.9569378557874763e-05,33.5,4.0,4.0,33.5,4.0,4.0,0,0,0,0,-128.0,57.3,9.75,-128.0,57.3,4.0,23.88467741935484,0.889,323.1456356736243,119.0,0.16960128083491463,16,1,19,6,Layer 1 Up
157,9.93,-8.5,157,10.0,4.0,3.63,0.0903,324,15.7,0.0011340740037950664,78.5,3.875,-52.3,78.5,4.0,4.0,-3.22,0.0655,324,2.86,9.905584440227705e-06,33.5,4.0,4.0,33.5,4.0,4.0,0,0,0,0,-123.0,57.3,-4.94,-123.0,57.3,4.0,20.975351043643265,1.01,320.1500948766604,116.0,0.19670664136622393,16,1,19,6,Layer 1 Up
158,9.8,-58.5,158,10.0,4.0,5.0,0.0864,324,15.6,0.001083944971537002,78.5,4.15,72.7,78.5,4.0,4.0,-3.52,0.0653,323,6.94,-4.0045744781783684e-05,33.5,4.0,4.0,33.5,4.0,4.0,0,0,0,0,-117.0,57.2,-65.0,-117.0,57.3,4.0,25.392414611005695,1.01,320.16522770398484,122.0,0.1947086337760911,16,1,2,6,Layer 1 Up
158,10.3,72.7,158,10.0,4.0,4.3,0.0889,325,12.8,0.001114107210626186,78.5,3.85,-71.0,78.5,4.0,4.0,-2.89,0.0625,324,3.58,1.9672523719165082e-05,33.5,4.0,4.0,33.5,4.0,4.0,0,0,0,0,-112.0,57.2,-62.0,-112.0,57.3,4.000000954,24.28954459203036,1.03,322.18776091081594,118.0,0.1987326375711575,16,1,19,6,Layer 1 Up
159,10.15,97.7,159,10.0,4.0,5.12,0.101,326,13.4,0.0013550592979127134,78.5,3.9,-46.0,78.5,4.0,4.0,-3.08,0.0634,324,3.46,1.997457779886148e-05,33.5,4.0,4.0,33.5,4.0,4.0,0,0,0,0,-107.0,57.4,25.6,-107.0,57.3,3.999999046,19.773828273244778,0.845,322.20298861480074,118.0,0.1626071157495256,16,1,19,6,Layer 1 Up
159,9.57,-121.0,159,9.99,3.655,8.1,0.164,326,15.7,0.0021180075901328275,78.5,4.275,91.5,78.5,4.246,13.06,-2.47,0.0425,325,3.72,-1.756641366223909e-05,33.5,4.0,4.0,33.5,4.0,4.0,0,0,0,0,-101.0,57.3,6.69,-101.0,57.3,3.999999046,18.068311195445922,0.848,321.21442125237195,120.0,0.16361859582542695,16,1,19,6,Layer 1 Up
160,9.85,-8.5,160,9.9,2.35,4.68,0.0976,326,15.0,0.0010540346299810247,78.5,5.1,29.0,78.5,5.11,12.92,6.52,0.128,324,8.7,0.00028709895635673627,33.5,4.0,4.0,33.5,4.0,4.0,0,0,0,0,-96.0,57.1,-56.3,-95.8,57.3,4.0,28.70989563567363,1.21,323.23728652751424,116.0,0.23088377609108163,16,1,21,6,Layer 1 Up
161,9.88,79.0,161,9.66,1.02,2.51,0.0866,326,14.2,0.0009908393738140419,78.7,6.05,35.3,78.7,5.99,12.57,5.85,0.0955,324,6.55,0.0004296648956356736,33.5,4.0,4.0,33.5,4.0,4.0,0,0,0,0,-90.9,57.3,15.7,-90.5,57.3,4.0,25.197637571157497,0.902,322.2486717267552,114.0,0.17367296015180264,16,1,21,6,Layer 1 Up
161,9.13,-77.2,161,9.28,-0.28,13.5,0.105,326,5.99,0.0010942917457305503,78.9,6.63,-39.8,78.9,6.85,12.0,3.53,0.0741,324,10.2,0.00042566944971537,33.5,4.0,4.0,33.5,4.0,4.0,0,0,0,0,-85.4,57.3,-17.8,-85.0,57.3,4.0,21.98622865275142,0.874,321.25996204933585,119.0,0.16765754269449715,16,1,21,6,Layer 1 Up
162,9.0,22.8,162,8.81,-1.39,4.14,0.0911,325,12.3,0.0008674428842504743,79.2,7.65,-14.8,79.3,7.58,11.29,2.45,0.0861,324,12.7,0.0006365263757115749,33.5,4.0,4.0,33.5,4.0,4.0,0,0,0,0,-80.3,57.3,22.8,-79.8,57.3,3.999999046,21.184079696394686,0.977,323.2831119544592,117.0,0.18874914611005691,16,1,21,6,Layer 1 Up
162,8.15,-21.0,162,8.22,-2.43,4.91,0.0834,326,12.0,0.0007198911290322581,79.6,8.32,66.5,79.6,8.27,10.4,4.51,0.1,324,11.0,0.0009217016129032259,33.5,4.0,4.0,33.5,4.0,4.0,0,0,0,0,-74.9,57.3,-11.0,-74.5,57.3,4.0,26.00443548387097,0.892,322.2943548387097,120.0,0.16968145161290327,16,1,21,6,Layer 1 Up
162,7.35,-46.0,163,7.5,-3.35,5.47,0.0848,326,10.5,0.0005924070208728654,80.1,8.78,-14.8,80.1,8.87,9.31,7.09,0.119,324,13.8,0.001144650853889943,33.5,4.0,4.0,33.5,4.0,4.0,0,0,0,0,-69.4,57.3,1.69,-69.0,57.3,4.0,23.696280834914614,0.859,321.3055028462998,123.0,0.163664990512334,16,1,21,6,Layer 1 Up
163,6.8,72.7,163,6.76,-4.04,4.07,0.0791,325,9.42,0.00039361783681214423,80.6,9.53,91.5,80.6,9.33,8.19,3.7,0.0974,324,13.3,0.0011246223908918406,33.5,4.0,4.0,33.5,4.0,4.0,0,0,0,0,-64.3,57.3,-11.3,-63.8,57.3,4.0,22.79368595825427,1.01,323.32893738140416,118.0,0.1948006641366224,16,1,2,6,Layer 1 Up
163,6.15,54.0,163,5.92,-4.58,5.29,0.0995,325,7.46,0.0004408326375711575,81.1,9.78,-39.8,81.2,9.68,6.93,9.44,0.0957,324,7.85,0.0011447590132827323,33.5,4.0,4.0,33.5,4.0,4.0,0,0,0,0,-58.9,57.3,-9.4,-58.5,57.3,4.000000954,21.388918406072108,0.864,322.3400379506641,118.0,0.16669297912713474,16,1,21,6,Layer 1 Up
163,4.85,-96.0,163,5.01,-4.94,4.5,0.0734,326,8.1,0.00012251508538899428,81.7,10.25,10.25,81.8,9.91,5.55,5.81,0.1,324,12.7,0.0013155308349146108,33.5,4.0,4.0,33.5,4.0,4.0,0,0,0,0,-53.4,57.2,-60.9,-53.0,57.3,4.000000954,23.80006166982922,0.915,321.3510436432637,121.0,0.17573885199240985,16,1,21,6,Layer 1 Up
163,4.35,54.0,163,4.144,-5.07,4.51,0.0786,325,3.63,6.0356593927893726e-05,82.3,10.0,47.8,82.3,10.0,4.246,9.32,0.155,324,15.1,0.001968368121442125,33.5,4.0,4.0,33.5,4.0,4.0,0,0,0,0,-48.3,57.3,14.0,-47.8,57.3,4.0,24.10246679316888,0.884,322.3704933586337,120.0,0.16972153700189752,16,1,21,6,Layer 1 Up
163,4.175,91.5,163,4.0,4.0,2.78,0.0456,325,1.43,0.0,82.8,9.72,-27.3,82.9,10.0,4.0,5.16,0.0874,324,14.4,0.0010444895635673625,33.5,4.0,4.0,33.5,4.0,4.0,0,0,0,0,-42.9,57.3,-2.06,-42.5,57.3,4.0,22.295834914611007,1.02,322.38572106261864,115.0,0.196846110056926,16,1,21,6,Layer 1 Up
163,3.825,-77.2,163,4.0,4.0,3.9,0.0504,326,5.32,-1.5165901328273244e-05,83.4,9.82,-77.2,83.5,10.0,4.0,4.62,0.0741,324,13.0,0.0008336223908918406,33.5,4.0,4.0,33.5,4.0,4.0,0,0,0,0,-37.4,57.2,-63.8,-37.0,57.3,4.0,26.615654648956358,1.01,321.3965844402277,121.0,0.19283795066413664,16,1,21,6,Layer 1 Up
163,4.225,123.0,163,4.0,4.0,1.5,0.0467,326,2.39,5.855720588235294e-06,84.0,10.15,41.5,84.1,10.0,4.0,3.76,0.0801,324,12.7,0.0010245,33.5,4.0,4.0,33.5,4.0,4.0,0,0,0,0,-32.3,57.2,-61.0,-31.8,57.3,4.000000954,23.603676470588233,1.04,323.42058823529413,118.0,0.20088235294117648,16,1,21,6,Layer 1 Up
163,4.15,85.2,163,4.0,4.0,1.96,0.0469,325,2.24,1.4162874762808348e-05,84.6,9.95,35.3,84.7,10.0,4.0,6.14,0.1,324,12.6,0.001265618595825427,33.5,4.0,4.0,33.5,4.0,4.0,0,0,0,0,-26.9,57.4,27.7,-26.5,57.3,3.999999046,21.294535104364325,0.858,322.43140417457306,117.0,0.16473130929791271,16,1,21,6,Layer 1 Up
163,3.875,-58.5,163,4.0,4.0,2.75,0.0531,326,5.49,-7.4333491461100565e-06,85.2,9.97,10.25,85.3,10.0,4.0,5.07,0.0921,324,13.9,0.0011953629032258064,33.5,4.0,4.0,33.5,4.0,4.0,0,0,0,0,-21.4,57.3,6.75,-21.0,57.3,3.999999046,18.28202087286527,0.849,321.4421252371916,120.0,0.1637345825426945,16,1,21,6,Layer 1 Up
163,4.175,85.2,163,4.0,4.0,0.975,0.0428,326,3.35,6.0373700189753325e-06,85.8,10.07,-33.5,85.9,10.0,4.0,4.76,0.0766,324,12.9,0.00091113055028463,33.5,4.0,4.0,33.5,4.0,4.0,0,0,0,0,-16.3,57.2,-51.0,-15.8,57.3,4.0,27.926603415559775,1.18,323.4664136622391,116.0,0.2280337760910816,16,1,21,6,Layer 1 Up
163,4.0,-8.5,163,4.0,4.0,1.64,0.0353,325,5.96,-1.5069022770398483e-05,86.7,10.03,35.3,86.7,10.0,4.0,9.26,0.145,324,14.2,0.0018283747628083493,33.5,4.0,4.0,33.5,4.0,4.0,0,0,0,0,-8.6,57.3,7.44,-8.2,57.3,4.0,21.297552182163187,0.823,323.4816888045541,120.0,0.15772243833017077,16,1,2,6,Layer 1 Up
163,4.05,29.0,163,4.0,4.0,1.09,0.0586,326,4.13,3.526317836812144e-05,87.3,9.82,16.5,87.3,10.0,4.0,7.88,0.125,324,14.4,0.0015170199240986718,33.5,4.0,4.0,33.5,4.0,4.0,0,0,0,0,-3.47,57.3,-14.7,-3.04,57.3,4.000000954,21.59995256166983,0.8,318.4737191650854,118.0,0.15371129032258063,16,1,21,6,Layer 1 Up
163,4.025,29.0,163,4.0,4.0,2.25,0.0626,326,2.94,2.5418818785578746e-05,87.9,9.82,10.25,87.9,10.0,4.0,5.66,0.0988,324,13.9,0.0012056356736242883,33.5,4.0,4.0,33.5,4.0,4.0,0,0,0,0,1.86,57.3,-9.4,2.3,57.3,3.999999046,21.80191176470588,1.06,317.4840607210626,118.0,0.20596276091081592,16,1,21,6,Layer 1 Up
163,3.975,-14.8,163,4.0,4.0,1.79,0.0399,325,5.94,-2.089867172675522e-05,88.5,9.8,22.8,88.5,10.0,4.0,6.45,0.104,324,13.8,0.0012659772296015179,33.5,4.0,4.0,33.5,4.0,4.0,0,0,0,0,7.41,57.3,-23.8,7.84,57.3,3.999999046,17.783965844402275,0.913,322.52277039848195,117.0,0.17783965844402275,16,1,21,6,Layer 1 Up
163,4.0,-2.25,163,4.0,4.0,0.629,0.0365,325,7.48,-2.0497741935483872e-05,89.1,9.68,-64.7,89.1,10.0,4.0,6.03,0.0885,324,13.7,0.0010148391840607211,33.5,4.0,4.0,33.5,4.0,4.0,0,0,0,0,12.74,57.3,10.38,13.18,57.3,4.0,19.49295066413662,0.995,321.53320683111957,120.0,0.1919151328273245,16,1,21,6,Layer 1 Up
163,3.925,-2.25,163,3.9751,-1.86,1.12,0.0643,325,4.74,3.7580967741935486e-05,89.5,3.325,-240.0,89.6,9.5,879.0,1.08,0.0287,324,0.299,2.1503548387096774e-05,33.5,4.0,4.0,33.5,4.0,4.0,0,0,0,0,17.9,57.4,48.8,18.3,57.3,4.0,19.795322580645163,0.99,317.52903225806455,118.0,0.1919241935483871,16,1,21,6,Layer 1 Up
163,3.2,41.5,163,3.035,-4.96,-4.52,0.0534,325,6.11,5.6474601518026566e-05,90.1,10.32,72.7,90.2,9.92,2.57,3.69,0.0944,324,14.3,0.0011757167931688804,33.5,4.0,4.0,33.5,4.0,4.0,0,0,0,0,23.4,57.4,4.0,23.8,57.3,4.0,19.595279886148006,0.834,323.573339658444,118.0,0.16178666982922202,16,1,23,6,Layer 1 Up
163,2.3,29.0,163,2.15,-4.64,-4.92,0.0778,325,9.33,0.0002472136622390892,90.7,9.65,22.8,90.8,9.71,1.23,8.04,0.147,324,15.9,0.0018088804554079695,33.5,4.0,4.0,33.5,4.0,4.0,0,0,0,0,28.7,57.3,-5.0,29.2,57.3,4.000000954,21.505578747628082,0.948,322.58368121442123,120.0,0.18390284629981024,16,1,23,6,Layer 1 Up
163,1.42,-39.8,163,1.35,-4.15,-5.07,0.101,325,9.34,0.0005989686907020872,91.3,9.15,-46.0,91.3,9.38,0.01,5.04,0.0835,324,12.3,0.0009145327324478178,33.5,4.0,4.0,33.5,4.0,4.0,0,0,0,0,33.9,57.4,65.8,34.3,57.3,4.0,17.084677419354836,0.904,317.5740037950664,119.0,0.17185175521821633,16,1,23,6,Layer 1 Up
163,0.7,-8.5,163,0.54,-3.43,-7.54,0.108,325,10.7,0.0007577914611005694,91.8,8.97,47.8,91.8,8.9,-1.21,5.48,0.109,324,12.2,0.0011557827324478178,33.5,4.0,4.0,33.5,4.0,4.0,0,0,0,0,39.4,57.5,64.4,39.8,57.3,4.0,14.472409867172678,0.744,322.6141366223909,118.0,0.14070398481973437,16,1,23,6,Layer 1 Up
162,-0.25,-33.5,162,-0.13,-2.59,-3.9,0.0877,325,10.4,0.000746771394686907,92.3,8.45,10.25,92.3,8.35,-2.23,5.71,0.107,323,12.0,0.0009869845351043645,33.5,4.0,4.0,33.5,4.0,4.0,0,0,0,0,44.5,57.3,-5.0,45.0,57.3,4.0,21.810147058823528,0.855,319.6141366223909,119.0,0.1658375237191651,16,1,2,6,Layer 1 Up
162,-0.75,-8.5,162,-0.74,-1.58,-5.49,0.0786,325,9.95,0.0007980679316888045,92.7,8.0,10.25,92.7,7.68,-3.15,3.2,0.0713,324,10.2,0.0005910125237191651,33.5,4.0,4.0,33.5,4.0,4.0,0,0,0,0,49.9,57.4,50.6,50.3,57.3,4.000000954,21.20810246679317,0.94,317.6189753320683,119.0,0.18192732447817836,16,1,23,6,Layer 1 Up
161,-1.3,16.5,161,-1.26,-0.39,-3.2,0.0669,325,13.1,0.000709650569259962,93.0,6.72,-27.3,93.0,6.89,-3.94,8.28,0.108,324,8.64,0.0005880249051233397,33.5,4.0,4.0,33.5,4.0,4.0,0,0,0,0,55.4,57.3,-3.13,55.8,57.3,4.000000954,16.786351992409866,0.794,323.66499051233393,121.0,0.15278595825426944,16,1,23,6,Layer 1 Up
161,-1.7,-14.8,161,-1.62,0.81,-6.98,0.0949,325,10.6,0.0010856356736242885,93.2,6.33,16.5,93.3,6.1,-4.49,7.08,0.109,324,7.6,0.000557896110056926,33.5,4.0,4.0,33.5,4.0,4.0,0,0,0,0,60.5,57.5,42.8,61.0,57.3,4.0,15.98296963946869,0.743,319.6593927893738,115.0,0.14173576850094874,16,1,23,6,Layer 1 Up
160,-1.95,-46.0,160,-1.88,2.17,-6.07,0.106,325,12.7,0.0013772139468690703,93.4,5.17,-14.8,93.4,5.19,-4.89,3.44,0.0546,324,8.23,0.00010555289373814043,33.5,4.0,4.0,33.5,4.0,4.0,0,0,0,0,66.1,57.4,48.8,66.5,57.3,4.0,18.898994307400383,0.835,322.69027514231504,121.0,0.15883197343453512,16,1,23,6,Layer 1 Up
160,-1.8,41.5,159,-1.99,3.534,-6.37,0.115,325,14.9,0.001407438330170778,93.5,4.425,10.25,93.5,4.29,-5.06,6.22,0.0987,324,7.29,7.962079696394688e-05,33.5,4.0,4.0,33.5,4.0,4.0,0,0,0,0,71.4,57.3,5.25,71.8,57.3,4.0,22.619544592030362,0.834,323.710815939279,119.0,0.16085009487666035,16,1,23,6,Layer 1 Up
159,-1.85,41.5,159,-2.0,4.0,-6.93,0.123,325,15.5,0.0015080407969639469,93.5,3.95,-27.3,93.5,4.0,4.0,5.97,0.0802,324,7.15,-2.5536157495256167e-05,33.5,4.0,4.0,33.5,4.0,4.0,0,0,0,0,76.7,57.3,-5.75,77.2,57.3,4.0,22.520075901328273,1.01,322.72073055028466,119.0,0.1960453036053131,16,1,23,6,Layer 1 Up
158,-1.85,35.3,158,-2.0,4.0,-6.16,0.106,325,15.1,0.0012366518026565463,93.5,3.925,-27.3,93.5,4.0,4.0,5.95,0.0815,324,6.54,-3.850712523719165e-05,33.5,4.0,4.0,33.5,4.0,4.0,0,0,0,0,82.1,57.3,17.8,82.5,57.3,4.000000954,20.409781783681215,0.87,322.73595825426946,121.0,0.16890853889943075,16,1,23,6,Layer 1 Up
158,-2.1,16.5,158,-2.0,4.0,-4.86,0.0835,326,13.7,0.0010858918406072106,93.5,3.925,-39.8,93.5,4.0,4.0,5.12,0.0799,324,7.11,-5.077549810246679e-05,33.5,4.0,4.0,33.5,4.0,4.0,0,0,0,0,87.4,57.3,-22.6,87.8,57.3,3.999999046,18.3998339658444,0.915,322.75118595825427,116.0,0.17796560721062615,16,1,23,6,Layer 1 Up
157,-2.07,-46.0,157,-2.0,4.0,-4.99,0.0961,325,14.0,0.0012367685009487667,93.5,3.95,-21.0,93.5,4.0,4.0,5.14,0.0793,324,7.59,0.0,33.5,4.0,4.0,33.5,4.0,4.0,0,0,0,0,92.7,57.3,9.0,93.2,57.3,4.0,19.104554079696396,0.996,321.7609108159393,120.0,0.19104554079696398,16,1,23,6,Layer 1 Up
157,-1.88,35.3,157,-2.0,4.0,-6.47,0.108,326,14.8,0.0013574928842504746,93.5,3.95,-27.3,93.5,4.0,4.0,5.7,0.0786,324,7.01,-1.2468823529411765e-05,33.5,4.0,4.0,33.5,4.0,4.0,0,0,0,0,98.1,57.2,-29.9,98.5,57.3,4.0,26.24486242884251,0.974,322.78164136622394,120.0,0.18803790322580646,16,1,2,6,Layer 1 Up
156,-1.93,60.3,156,-2.0,4.0,-5.31,0.0845,326,14.8,0.0009874969639468692,93.5,3.9,-46.0,93.5,4.0,4.0,5.12,0.078,324,7.38,-5.007876660341556e-05,33.5,4.0,4.0,33.5,4.0,4.0,0,0,0,0,103.4,57.4,6.13,103.8,57.3,4.0,19.508595825426944,0.838,323.8024667931689,118.0,0.1629068311195446,16,1,23,6,Layer 1 Up
155,-2.05,47.8,155,-2.0,4.0,-4.21,0.0733,325,14.2,0.0008940185483870968,93.5,3.9,-39.8,93.5,4.0,4.0,5.69,0.0779,324,6.7,-6.124379032258065e-05,33.5,4.0,4.0,33.5,4.0,4.0,0,0,0,0,109.0,57.3,-2.31,109.0,57.3,4.000000954,21.72193548387097,0.96,322.81209677419355,120.0,0.18604435483870968,16,1,23,6,Layer 1 Up
155,-2.25,-89.7,155,-2.0,4.0,-3.99,0.0795,325,13.8,0.000962447817836812,93.5,3.9,-39.8,93.5,4.0,4.0,6.23,0.0788,324,5.93,-6.275521821631879e-05,33.5,4.0,4.0,33.5,4.0,4.0,0,0,0,0,114.0,57.3,-31.3,115.0,57.3,3.999999046,20.113851992409867,0.979,322.82732447817835,118.0,0.19108159392789373,16,1,23,6,Layer 1 Up
154,-1.85,-2.25,154,-2.0,4.0,-7.07,0.103,325,13.5,0.00131751944971537,93.5,3.9,-46.0,93.5,4.0,4.0,5.12,0.0764,324,7.54,-3.630721537001898e-05,33.5,4.0,4.0,33.5,4.0,4.0,0,0,0,0,119.0,57.5,60.9,120.0,57.3,4.0,14.784378557874764,0.742,322.8425521821632,118.0,0.14180934535104364,16,1,23,6,Layer 1 Up
154,-1.8,54.0,154,-2.0,4.0,-6.89,0.105,325,15.4,0.0012270607210626186,93.5,3.925,-33.5,93.5,4.0,4.0,6.24,0.0807,324,6.42,-1.2471764705882353e-05,33.5,4.0,4.0,33.5,4.0,4.0,0,0,0,0,125.0,57.2,-19.2,125.0,57.3,4.0,24.44063567362429,1.04,321.8519924098672,121.0,0.201157495256167,16,1,23,6,Layer 1 Up
153,-1.93,60.3,153,-2.0,4.0,-4.17,0.0777,325,14.8,0.0009625840132827324,93.5,3.925,-33.5,93.5,4.0,4.0,4.28,0.077,324,8.64,0.0,33.5,4.0,4.0,33.5,4.0,4.0,0,0,0,0,130.0,57.3,-7.4,131.0,57.3,4.0,22.430118595825427,0.942,322.87300759013283,120.0,0.18406778937381404,16,1,23,6,Layer 1 Up
152,-2.15,-21.0,152,-2.0,4.0,-4.81,0.0841,325,12.4,0.0010159411764705882,93.5,3.9,-52.3,93.5,4.0,4.0,5.69,0.078,324,6.56,-3.711705882352941e-05,33.5,4.0,4.0,33.5,4.0,4.0,0,0,0,0,135.0,57.3,-11.9,136.0,57.3,4.000000954,20.52,0.839,323.8941176470588,118.0,0.15993529411764706,16,1,23,6,Layer 1 Up
152,-1.95,-8.5,152,-2.0,4.0,-6.66,0.101,326,12.9,0.0012674715370018974,93.5,3.9,-46.0,93.5,4.0,4.0,5.96,0.0785,324,6.45,-4.9491745730550286e-05,33.5,4.0,4.0,33.5,4.0,4.0,0,0,0,0,141.0,57.2,-76.1,141.0,57.3,3.999999046,24.3435009487666,1.11,321.8975332068311,118.0,0.21426304554079695,16,1,23,6,Layer 1 Up
151,-1.8,60.3,151,-2.0,4.0,-5.43,0.0974,325,15.8,0.0011568738140417456,93.5,3.9,-46.0,93.5,4.0,4.0,5.12,0.0852,324,7.49,-1.3178301707779885e-05,33.5,4.0,4.0,33.5,4.0,4.0,0,0,0,0,146.0,57.4,51.6,147.0,57.3,4.0,17.50400379506641,0.842,321.91271347248573,122.0,0.16095635673624287,16,1,23,6,Layer 1 Up
151,-2.05,35.3,151,-2.0,4.0,-4.65,0.0835,325,14.3,0.0010160849146110059,93.5,3.9,-46.0,93.5,4.0,4.0,6.52,0.08,324,5.74,-5.070364326375712e-05,33.5,4.0,4.0,33.5,4.0,4.0,0,0,0,0,151.0,57.3,4.0,152.0,57.3,4.0,19.718083491461105,0.841,323.9399430740038,123.0,0.1619699715370019,16,1,2,6,Layer 1 Up
150,-2.05,-2.25,150,-2.0,4.0,-5.16,0.0937,325,14.7,0.0011569829222011386,93.5,3.9,-52.3,93.5,4.0,4.0,4.84,0.0822,324,7.59,-1.2877722960151803e-05,33.5,4.0,4.0,33.5,4.0,4.0,0,0,0,0,157.0,57.3,-4.19,157.0,57.3,4.0,22.2341935483871,1.02,321.94307400379506,119.0,0.19819620493358636,16,1,23,6,Layer 1 Up
149,-1.95,-8.5,149,-2.0,4.0,-5.4,0.106,325,15.0,0.00132807779886148,93.5,3.9,-52.3,93.5,4.0,4.0,5.96,0.0791,324,6.54,-2.515298861480076e-05,33.5,4.0,4.0,33.5,4.0,4.0,0,0,0,0,162.0,57.3,16.4,163.0,57.3,4.000000954,21.430346299810246,0.869,322.9643738140417,120.0,0.16802196394686908,16,1,23,6,Layer 1 Up
149,-1.88,29.0,149,-2.0,4.0,-5.89,0.107,326,15.4,0.0013281404174573055,93.5,3.9,-46.0,93.5,4.0,4.0,5.96,0.0773,324,6.46,-3.6523861480075904e-05,33.5,4.0,4.0,33.5,4.0,4.0,0,0,0,0,167.0,57.3,-31.0,168.0,57.3,3.999999046,18.11100569259962,0.932,322.9796015180265,117.0,0.18211622390891838,16,1,23,6,Layer 1 Up
148,-1.93,66.5,148,-2.0,4.0,-4.14,0.0843,325,15.4,0.0010062144212523718,93.5,3.9,-46.0,93.5,4.0,4.0,5.67,0.0835,324,6.41,-2.6060953510436428e-05,33.5,4.0,4.0,33.5,4.0,4.0,0,0,0,0,173.0,57.3,11.0,173.0,57.3,4.0,19.62118121442125,1.0,320.9824003795066,119.0,0.19218695445920303,16,1,23,6,Layer 1 Up
148,-1.85,29.0,148,-1.93,6.04,-4.85,0.101,326,15.3,0.0012880151802656548,93.5,4.75,-14.8,93.5,4.917,17.6,8.72,0.139,324,8.92,0.00022540265654648957,33.5,4.0,4.0,33.5,4.0,4.0,0,0,0,0,178.0,57.2,-25.9,179.0,57.3,4.0,25.15654648956357,0.982,323.01005692599625,121.0,0.19018349146110058,16,1,23,6,Layer 1 Up
147,-1.55,47.8,147,-1.57,9.07,-4.43,0.0783,326,14.4,0.0009086972960151803,93.7,6.2,10.25,93.7,6.24,16.8,3.68,0.0697,324,9.05,0.0003139685009487666,33.5,4.0,4.0,33.5,4.0,4.0,0,0,0,0,183.0,57.4,-0.44,184.0,57.3,4.0,18.918614800759016,0.85,323.02528462998106,119.0,0.16604103415559773,16,1,25,6,Layer 1 Up
147,-0.82,60.3,147,-0.91,11.84,-6.03,0.0868,326,12.4,0.0008382951612903225,94.0,7.33,47.8,94.0,7.45,15.3,5.91,0.106,324,11.7,0.000790996394686907,33.5,4.0,4.0,33.5,4.0,4.0,0,0,0,0,189.0,57.3,1.56,189.0,57.3,4.000000954,22.139848197343454,0.957,323.04051233396586,119.0,0.18617599620493358,16,1,25,6,Layer 1 Up
146,-0.05,-8.5,146,0.0,14.2,-4.31,0.0927,326,12.7,0.0007759376185958254,94.4,8.2,-89.7,94.4,8.47,13.21,3.68,0.0562,324,10.7,0.0004991764705882353,33.5,4.0,4.0,33.5,4.0,4.0,0,0,0,0,194.0,57.3,-29.3,195.0,57.3,3.999999046,20.933206831119545,0.995,322.04933586337756,117.0,0.1942360056925996,16,1,25,6,Layer 1 Up
146,1.2,117.0,146,1.12,16.0,-5.2,0.0722,326,9.15,0.00041465806451612897,94.8,9.53,35.3,94.9,9.26,10.66,6.28,0.105,324,12.0,0.0011876129032258064,33.5,4.0,4.0,33.5,4.0,4.0,0,0,0,0,199.0,57.5,62.5,200.0,57.3,4.0,13.587096774193547,0.745,323.0709677419355,118.0,0.1419096774193548,16,1,25,6,Layer 1 Up
146,2.48,72.7,146,2.39,17.2,-5.91,0.0796,326,8.1,0.00023552077798861482,95.4,9.53,-8.5,95.4,9.78,7.75,9.28,0.134,324,14.7,0.0016103984819734348,33.5,4.0,4.0,33.5,4.0,4.0,0,0,0,0,205.0,57.2,-24.0,205.0,57.3,4.0,24.256627134724862,1.05,322.07969639468695,120.0,0.20331280834914614,16,1,2,6,Layer 1 Up
145,3.775,85.2,145,3.744,17.7,-6.54,0.0741,326,5.48,1.1575284629981026e-05,96.0,9.75,10.25,96.0,9.99,4.65,6.43,0.102,324,14.2,0.0012581831119544593,33.5,4.0,4.0,33.5,4.0,4.0,0,0,0,0,210.0,57.3,-8.2,211.0,57.3,4.0,22.84860531309298,0.946,323.10142314990514,118.0,0.18419800759013283,16,1,25,6,Layer 1 Up
145,4.1,72.7,145,4.0,4.0,-3.59,0.0548,326,6.11,-7.5897182163187855e-06,96.5,10.32,97.7,96.6,10.0,4.0,1.67,0.0676,324,13.7,0.0008515784629981024,33.5,4.0,4.0,33.5,4.0,4.0,0,0,0,0,215.0,57.3,-15.9,216.0,57.3,4.000000954,18.72264705882353,0.812,324.1232447817837,120.0,0.15702865275142314,16,1,25,6,Layer 1 Up
145,4.15,85.2,145,4.0,4.0,-4.53,0.0525,326,5.4,-2.9695920303605312e-05,97.1,10.0,22.8,97.2,10.0,4.0,3.97,0.0792,324,14.4,0.0009724155597722959,33.5,4.0,4.0,33.5,4.0,4.0,0,0,0,0,221.0,57.2,-70.1,221.0,57.3,3.999999046,24.15939278937381,1.11,322.12523719165085,119.0,0.21340796963946868,16,1,25,6,Layer 1 Up
145,4.175,97.7,145,4.0,4.0,-3.09,0.0515,326,7.92,-1.5503007590132828e-05,97.7,9.82,-21.0,97.8,10.0,4.0,4.29,0.0977,324,16.1,0.0012482941176470588,33.5,4.0,4.0,33.5,4.0,4.0,0,0,0,0,226.0,57.4,50.6,227.0,57.3,4.0,19.22775616698292,0.836,322.1404174573055,120.0,0.15905683111954458,16,1,25,6,Layer 1 Up
145,4.15,91.5,145,4.0,4.0,-4.53,0.0514,326,5.27,-2.949737191650854e-05,98.2,10.05,-121.0,98.2,10.0,4.0,4.51,0.0788,324,15.6,0.0009302242884250475,33.5,4.0,4.0,33.5,4.0,4.0,0,0,0,0,231.0,57.3,2.69,232.0,57.3,4.0,20.43674573055029,0.83,323.1623339658444,121.0,0.16007106261859586,16,1,25,6,Layer 1 Up
145,4.125,79.0,145,4.0,4.0,-3.34,0.0478,326,6.75,-2.9196726755218217e-05,98.8,9.78,4.0,98.8,10.0,4.0,6.14,0.107,324,15.3,0.0013390222960151803,33.5,4.0,4.0,33.5,4.0,4.0,0,0,0,0,237.0,57.3,-2.63,237.0,57.3,4.0,22.149240986717267,1.02,321.1639943074004,119.0,0.19833638519924102,16,1,26,6,Layer 1 Up
145,4.175,91.5,145,4.0,4.0,-3.09,0.0519,325,7.38,-3.191654648956357e-05,99.4,9.75,-64.7,99.4,10.0,4.0,5.74,0.0866,324,13.7,0.0010672409867172675,33.5,4.0,4.0,33.5,4.0,4.0,0,0,0,0,242.0,57.3,16.2,243.0,57.3,4.000000954,23.056432637571156,0.879,323.19278937381404,118.0,0.17015445920303607,16,1,26,6,Layer 1 Up
145,4.15,79.0,145,4.0,4.0,-4.32,0.0511,326,5.77,-1.540524193548387e-05,100.0,9.97,-39.8,100.0,10.0,4.0,3.38,0.0661,324,13.6,0.0007934203036053131,33.5,4.0,4.0,33.5,4.0,4.0,0,0,0,0,247.0,57.3,-35.3,248.0,57.3,3.999999046,17.51968690702087,0.941,322.2011385199241,117.0,0.1832518975332068,16,1,26,6,Layer 1 Up
145,4.175,91.5,145,4.0,4.0,-3.13,0.0533,325,6.95,-3.2423017077798856e-05,100.6,10.3,54.0,100.6,10.0,4.0,2.97,0.0706,324,12.5,0.0009324134724857684,33.5,4.0,4.0,33.5,4.0,4.0,0,0,0,0,253.0,57.3,12.62,253.0,57.3,4.0,19.735749525616697,1.0,321.2093927893738,119.0,0.19332979127134722,16,1,26,6,Layer 1 Up
145,4.15,91.5,145,4.0,4.0,-4.23,0.0484,325,5.63,-2.869874288425048e-05,101.2,10.0,41.5,101.2,10.0,4.0,6.62,0.11,324,13.5,0.0014701812144212525,33.5,4.0,4.0,33.5,4.0,4.0,0,0,0,0,258.0,57.2,-27.1,259.0,57.3,4.0,25.17433586337761,0.988,322.2314990512334,121.0,0.19132495256166984,16,1,26,6,Layer 1 Up
145,4.175,97.7,145,4.0,4.0,-4.44,0.055,325,5.44,-1.5709525616698293e-05,101.8,9.85,-27.3,101.8,10.0,4.0,6.87,0.115,324,14.5,0.0014501100569259964,33.5,4.0,-2.25,33.5,4.0,4.0,0,0,0,0,263.0,57.3,-4.69,264.0,57.3,4.0,19.0326944971537,0.848,323.2537001897533,119.0,0.16515142314990514,16,1,2,6,Layer 1 Up
145,4.15,79.0,145,4.0,4.0,-5.07,0.0537,325,4.34,0.0,102.4,9.9,-89.7,102.4,10.0,4.0,6.37,0.106,324,14.4,0.0013897542694497154,33.5,4.0,4.0,33.5,4.0,4.0,0,0,0,0,269.0,57.3,1.31,269.0,57.3,4.000000954,22.256209677419356,0.955,322.2618595825427,120.0,0.1863076375711575,16,1,26,6,Layer 1 Up
145,4.175,97.7,145,4.0,4.0,-3.43,0.0504,325,6.77,-2.28615275142315e-05,103.0,10.25,-21.0,103.0,10.0,4.0,7.52,0.098,324,12.3,0.0012387523719165085,33.5,4.0,4.0,33.5,4.0,4.0,0,0,0,0,274.0,57.3,-30.4,275.0,57.3,3.999999046,20.54516129032258,1.02,322.2770398481973,117.0,0.19739468690702086,16,1,26,6,Layer 1 Up
145,4.175,97.7,145,4.0,4.0,-4.48,0.0473,325,5.5,-2.1956157495256167e-05,103.6,10.28,54.0,103.6,10.0,4.0,6.02,0.125,324,15.0,0.0016517476280834913,33.5,4.0,4.0,33.5,4.0,4.0,0,0,0,0,279.0,57.5,57.8,280.0,57.3,4.0,13.999568311195445,0.744,322.29222011385195,118.0,0.14100284629981025,16,1,26,6,Layer 1 Up
145,4.175,91.5,145,4.0,4.0,-5.07,0.0524,325,4.55,-2.3165844402277043e-05,104.0,10.07,41.5,104.0,10.0,4.0,8.9,0.154,324,14.7,0.0020849259962049337,33.5,4.0,4.0,33.5,4.0,4.0,0,0,0,0,285.0,57.2,-16.9,285.0,57.3,4.0,24.273776091081597,1.04,321.3001897533207,120.0,0.20244933586337766,16,1,26,6,Layer 1 Up
145,4.175,97.7,145,4.0,4.0,-4.43,0.0514,326,5.1,-3.1225e-05,105.0,9.8,-8.5,105.0,9.94,-9.9,10.7,0.162,324,15.1,0.0020447338709677423,33.5,4.0,4.0,33.5,4.0,4.0,0,0,0,0,290.0,57.3,-1.94,291.0,57.3,4.0,22.663306451612904,0.93,322.32258064516134,119.0,0.18130645161290324,16,1,26,6,Layer 1 Up
145,4.2,104.0,145,4.0,4.0,-3.43,0.05,325,7.1,-1.5109582542694498e-05,105.0,10.28,29.0,105.0,10.0,4.0,2.12,0.0544,324,12.1,0.0006315805502846299,33.5,4.0,4.0,33.5,4.0,4.0,0,0,0,0,295.0,57.3,-9.6,296.0,57.3,4.000000954,18.433690702087286,0.805,323.34506641366227,119.0,0.15512504743833017,16,1,26,6,Layer 1 Up
145,4.225,135.0,145,4.0,4.0,-3.09,0.0519,326,7.08,-7.847279411764706e-06,106.0,10.07,35.3,106.0,10.0,4.0,3.59,0.0883,324,15.2,0.0011181617647058825,33.5,4.0,4.0,33.5,4.0,4.0,0,0,0,0,301.0,57.2,-71.5,301.0,57.3,3.999999046,25.183823529411764,1.11,322.3529411764706,118.0,0.21456617647058823,16,1,27,6,Layer 1 Up
145,4.225,129.0,145,4.0,4.0,-5.62,0.0538,325,4.26,-7.404392789373813e-06,106.0,9.88,10.25,107.0,10.0,4.0,4.69,0.105,324,15.8,0.0013499165085388994,33.5,4.0,4.0,33.5,4.0,4.0,0,0,0,0,306.0,57.4,58.4,307.0,57.3,4.0,17.931726755218214,0.828,321.36072106261855,120.0,0.15715445920303603,16,1,27,6,Layer 1 Up
145,4.45,-33.5,145,4.645,17.7,3.3,0.0537,325,7.24,6.105133776091083e-05,107.0,9.93,123.0,107.0,9.97,2.59,7.95,0.131,323,15.2,0.0017025868121442128,33.5,4.0,4.0,33.5,4.0,4.0,0,0,0,0,311.0,57.3,1.75,312.0,57.3,4.0,20.854169829222013,0.837,323.39074952561674,120.0,0.16119165085388995,16,1,27,6,Layer 1 Up
146,5.7,-46.0,146,5.98,17.0,6.1,0.0967,325,9.34,0.00036773576850094875,108.0,9.53,-2.25,108.0,9.66,-0.48,6.24,0.106,324,15.2,0.0012795189753320685,33.5,4.0,4.0,33.5,4.0,4.0,0,0,0,0,317.0,57.3,-0.69,317.0,57.3,4.0,22.46714421252372,1.02,321.3909867172676,118.0,0.19847656546489564,16,1,2,6,Layer 1 Up
146,7.15,4.0,146,7.22,15.6,4.94,0.0735,325,9.61,0.0004866431214421252,108.0,9.35,22.8,108.0,9.06,-3.32,4.95,0.0769,324,11.2,0.0008513735768500949,33.5,4.0,4.0,33.5,4.0,4.0,0,0,0,0,322.0,57.3,17.4,323.0,57.3,4.000000954,19.747836812144214,0.884,322.4136622390892,121.0,0.17027471537001898,16,1,29,6,Layer 1 Up
146,8.03,-58.5,146,8.28,13.67,4.81,0.0796,325,12.2,0.0006730702087286527,109.0,8.3,16.5,109.0,8.2,-5.77,9.38,0.157,324,12.7,0.001481157495256167,33.5,4.0,4.0,33.5,4.0,4.0,0,0,0,0,327.0,57.3,-32.7,328.0,57.3,3.999999046,16.826755218216316,0.938,322.42884250474384,118.0,0.1823738140417457,16,1,29,6,Layer 1 Up
147,9.2,41.5,147,9.13,11.2,3.93,0.0832,325,13.9,0.0008988127134724858,109.0,7.13,-52.3,109.0,7.12,-7.7,3.56,0.0621,324,10.5,0.0003829022770398482,33.5,4.0,4.0,33.5,4.0,4.0,0,0,0,0,333.0,57.3,14.6,333.0,57.3,4.0,19.850460151802654,0.985,320.4287476280835,120.0,0.19044350094876658,16,1,29,6,Layer 1 Up
147,9.72,10.25,147,9.7,8.35,5.1,0.0913,325,14.0,0.0011185303605313092,109.0,6.08,-14.8,109.0,5.87,-9.0,7.45,0.12,324,9.34,0.000503842504743833,33.5,4.0,4.0,33.5,4.0,4.0,0,0,0,0,338.0,57.3,-21.4,339.0,57.3,4.0,26.401347248576847,0.984,321.45151802656545,120.0,0.19146015180265652,16,1,29,6,Layer 1 Up
148,9.72,-33.5,148,9.98,5.28,6.3,0.105,325,14.9,0.0013201295066413662,109.0,4.575,-33.5,109.0,4.531,-9.7,2.76,0.0457,324,5.74,4.746419829222012e-05,33.5,3.975,-2.25,33.5,4.0,4.0,0,0,0,0,343.0,57.4,6.44,344.0,57.3,4.0,19.247689753320685,0.835,322.4743833017078,118.0,0.16224492409867175,16,1,29,6,Layer 1 Up
148,9.88,-2.25,148,10.0,4.0,6.17,0.0996,325,13.7,0.0012597248576850096,109.0,3.975,-8.5,109.0,4.0,4.0,0.547,0.0254,324,2.69,0.0,33.5,4.0,4.0,33.5,4.0,4.0,0,0,0,0,349.0,57.3,7.63,349.0,57.3,4.000000954,22.372713472485767,0.952,322.48956356736244,120.0,0.1854314990512334,16,1,29,6,Layer 1 Up
149,9.9,-33.5,149,10.0,4.0,5.75,0.0945,326,14.3,0.001159001423149905,109.0,4.0,4.0,109.0,4.0,4.0,-0.31,0.0239,324,2.23,1.1489231499051235e-06,33.5,4.0,4.0,33.5,4.0,4.0,0,0,0,0,354.0,57.3,-18.8,355.0,57.3,3.999999046,20.156546489563567,0.992,321.4969165085389,116.0,0.19350284629981024,16,1,29,6,Layer 1 Up
150,9.9,-33.5,150,10.0,4.0,6.12,0.0931,326,14.5,0.0011590559772296015,109.0,4.0,4.0,109.0,4.0,4.0,-0.474,0.0184,324,2.0,-8.536699240986716e-07,33.5,4.0,4.0,33.5,4.0,4.0,0,0,0,0,359.0,57.5,63.4,360.0,57.3,4.0,12.296072106261859,0.73,322.5199240986717,119.0,0.13908671726755217,16,1,29,6,Layer 1 Up
150,10.07,4.0,150,10.0,4.0,5.42,0.086,326,13.7,0.0010885559772296014,109.0,4.0,4.0,109.0,4.0,4.0,0.963,0.0209,324,0.989,1.3909326375711573e-06,33.5,4.0,4.0,33.5,4.0,4.0,0,0,0,0,365.0,57.2,-15.6,365.0,57.3,4.0,24.593301707779883,1.05,321.52718216318783,120.0,0.203600284629981,16,1,29,6,Layer 1 Up
151,10.0,4.0,151,10.0,4.0,4.65,0.0852,326,13.8,0.001078527514231499,109.0,4.0,4.0,109.0,4.0,4.0,-0.518,0.0194,324,1.97,-8.063757115749526e-07,33.5,4.0,4.0,33.5,4.0,4.0,0,0,0,0,370.0,57.3,-10.0,371.0,57.3,4.0,23.88888045540797,0.947,322.55028462998104,118.0,0.18345047438330173,16,1,2,6,Layer 1 Up
151,9.8,-27.3,151,10.0,4.0,7.89,0.107,325,12.8,0.00131042220113852,109.0,4.0,4.0,109.0,4.0,4.0,1.6,0.0212,324,1.96,1.2801816888045541e-06,33.5,4.0,4.0,33.5,4.0,4.0,0,0,0,0,375.0,57.3,-9.5,376.0,57.3,4.000000954,18.749117647058824,0.799,323.5734819734345,119.0,0.1542266129032258,16,1,29,6,Layer 1 Up
152,9.8,-64.7,152,10.0,4.0,6.45,0.0921,326,14.6,0.0011391129032258063,109.0,4.0,4.0,109.0,4.0,4.0,0.504,0.0206,324,2.12,1.3205645161290323e-06,33.5,4.0,4.0,33.5,4.0,4.0,0,0,0,0,381.0,57.2,-69.9,381.0,57.3,3.999999046,24.495967741935484,1.1,322.5806451612903,118.0,0.2127016129032258,16,1,29,6,Layer 1 Up
153,10.07,-14.8,153,10.0,4.0,4.99,0.072,326,12.7,0.0008790736242884251,109.0,4.0,4.0,109.0,4.0,4.0,0.963,0.0224,325,0.65,1.1290853889943075e-06,33.5,4.0,4.0,33.5,4.0,4.0,0,0,0,0,386.0,57.4,58.4,387.0,57.3,4.0,17.03709203036053,0.829,321.58771347248575,121.0,0.15726546489563567,16,1,29,6,Layer 1 Up
153,10.05,10.25,153,10.0,4.0,4.63,0.0847,323,14.0,0.0010484857685009487,109.0,4.0,4.0,109.0,4.0,4.0,-0.177,0.0217,323,1.82,5.212184060721061e-06,33.5,4.0,4.0,33.5,4.0,4.0,0,0,0,0,391.0,57.3,7.63,392.0,57.3,4.0,20.465635673624288,0.824,321.6028462998102,121.0,0.15928918406072104,16,1,29,6,Layer 1 Up
154,9.9,-8.5,154,10.0,4.0,5.93,0.106,325,15.4,0.0013610792220113855,109.0,4.0,4.0,109.0,4.0,4.0,2.21,0.0204,324,4.99,-2.92379981024668e-06,33.5,4.0,4.0,33.5,4.0,4.0,0,0,0,0,397.0,57.3,0.75,397.0,57.3,4.0,22.684653700189756,1.01,320.6097722960152,119.0,0.19760853889943075,16,1,29,6,Layer 1 Up
154,9.88,-46.0,154,10.0,4.0,6.0,0.0991,325,15.3,0.0012603178368121443,109.0,4.0,4.0,109.0,4.0,4.0,-0.147,0.0386,324,1.1,-2.0265910815939276e-06,33.5,4.0,4.0,33.5,4.0,4.0,0,0,0,0,402.0,57.4,20.2,403.0,57.3,4.000000954,22.282419354838712,0.869,321.6331119544592,118.0,0.1683784629981025,16,1,29,6,Layer 1 Up
155,10.0,-33.5,155,10.0,4.0,5.22,0.0915,325,15.8,0.0011998790322580645,109.0,4.0,4.0,109.0,4.0,4.0,1.35,0.0188,324,2.09,0.0,33.5,3.975,-2.25,33.5,4.0,4.0,0,0,0,0,407.0,57.3,-32.3,408.0,57.3,3.999999046,16.63697817836812,0.937,322.65654648956354,118.0,0.18250260910815938,16,1,29,6,Layer 1 Up
156,9.85,4.0,156,10.0,4.0,5.88,0.105,325,13.0,0.0012604364326375711,109.0,4.0,4.0,109.0,4.0,4.0,0.503,0.0158,324,1.5,-1.2503529411764704e-06,33.5,4.0,4.0,33.5,4.0,4.0,0,0,0,0,414.0,57.4,50.8,415.0,57.3,4.000000954,19.5619734345351,0.803,319.646679316888,118.0,0.15528576850094875,16,1,29,6,Layer 1 Up
156,9.78,-21.0,156,10.0,4.0,5.59,0.113,325,15.9,0.001421839184060721,109.0,4.0,4.0,109.0,4.0,4.0,1.35,0.0187,324,1.43,2.238640417457305e-06,33.5,4.0,4.0,33.5,4.0,4.0,0,0,0,0,418.0,57.3,-18.6,419.0,57.3,4.0,26.520830170777987,0.979,321.6785104364326,119.0,0.1895785578747628,16,1,29,6,Layer 1 Up
157,9.78,-77.2,157,10.0,4.0,6.3,0.102,325,15.2,0.0012908083491461103,109.0,4.0,4.0,109.0,4.0,4.0,1.05,0.0236,324,1.56,0.0,33.5,4.0,4.0,33.5,4.0,4.0,0,0,0,0,423.0,57.4,4.937,424.0,57.3,4.0,18.151992409867173,0.838,322.70208728652756,119.0,0.16437637571157498,16,1,2,6,Layer 1 Up
157,9.9,-58.5,157,10.0,4.0,6.1,0.088,325,12.9,0.0010790858633776092,109.0,4.0,4.0,109.0,4.0,4.0,0.459,0.0178,324,1.29,1.0387462049335864e-06,33.5,4.0,4.0,33.5,4.0,4.0,0,0,0,0,429.0,57.3,6.63,429.0,57.3,4.000000954,22.085962998102467,0.947,321.70877609108163,119.0,0.1845539373814042,16,1,29,6,Layer 1 Up
158,10.1,16.5,158,10.0,4.0,5.13,0.0826,325,12.7,0.0010892220113851994,109.0,4.0,4.0,109.0,4.0,4.0,0.548,0.0215,324,2.25,1.3010151802656547e-06,33.5,4.0,4.0,33.5,4.0,4.0,0,0,0,0,434.0,57.3,-23.6,435.0,57.3,3.999999046,19.666508538899432,0.984,321.7239089184061,117.0,0.1916223908918406,16,1,29,6,Layer 1 Up
159,9.82,-27.3,159,10.0,4.0,6.22,0.115,325,15.0,0.0014422784629981025,109.0,4.0,4.0,109.0,4.0,4.0,1.05,0.0228,324,1.85,-2.4508648007590134e-06,33.5,4.0,4.0,33.5,4.0,4.0,0,0,0,0,439.0,57.5,64.4,440.0,57.3,4.0,12.405611954459204,0.741,321.73904174573056,119.0,0.1422106736242884,16,1,29,6,Layer 1 Up
159,9.78,-58.5,159,10.0,4.0,6.88,0.102,325,14.6,0.001260792220113852,109.0,4.0,4.0,109.0,4.0,4.0,0.711,0.0223,324,1.43,-1.755022770398482e-06,33.5,4.0,4.0,33.5,4.0,4.0,0,0,0,0,445.0,57.2,-21.5,445.0,57.3,4.0,24.610664136622386,1.06,320.7455407969639,120.0,0.2067699240986717,16,1,29,6,Layer 1 Up
160,10.03,-33.5,160,10.0,4.0,4.67,0.0841,325,14.1,0.0010288548387096775,109.0,4.0,4.0,109.0,4.0,4.0,0.8,0.0197,324,1.78,0.0,33.5,4.0,4.0,33.5,4.0,4.0,0,0,0,0,450.0,57.3,-2.19,451.0,57.3,4.0,22.392722960151804,0.946,321.76930740037955,119.0,0.18357998102466794,16,1,29,6,Layer 1 Up
160,10.1,-2.25,160,10.0,4.0,4.34,0.0794,325,14.1,0.0009956151802656547,109.0,4.0,4.0,109.0,4.0,4.0,-0.089,0.0194,324,2.01,0.0,33.5,4.0,4.0,33.5,4.0,4.0,0,0,0,0,455.0,57.3,-11.3,456.0,57.3,4.000000954,18.459734345351045,0.804,323.80189753320684,120.0,0.15635294117647058,16,1,29,6,Layer 1 Up
161,9.9,16.5,161,10.0,4.0,6.01,0.105,325,14.4,0.001351759962049336,109.0,4.0,4.0,109.0,4.0,4.0,-0.221,0.0184,324,1.37,0.0,33.5,4.0,-2.25,33.5,4.0,4.0,0,0,0,0,461.0,57.2,-69.1,461.0,57.3,3.999999046,24.81589184060721,1.13,321.7995730550285,118.0,0.2178956356736243,16,1,29,6,Layer 1 Up
162,9.8,-64.7,162,10.0,4.0,6.13,0.102,325,15.1,0.0012812058823529412,109.0,4.0,4.0,109.0,4.0,4.0,0.875,0.0204,324,0.431,3.2080588235294118e-06,33.5,4.0,4.0,33.5,4.0,4.0,0,0,0,0,466.0,57.4,55.7,467.0,57.3,4.0,18.865,0.829,320.8058823529412,119.0,0.15737647058823528,16,1,29,6,Layer 1 Up
162,9.85,-77.2,162,10.0,4.0,5.2,0.0746,325,13.4,0.0008777177419354838,109.0,4.0,4.0,109.0,4.0,4.0,0.756,0.0175,324,1.69,-1.0996693548387096e-06,33.5,4.0,4.0,33.5,4.0,4.0,0,0,0,0,471.0,57.4,11.0,472.0,57.3,4.0,18.966774193548385,0.824,322.83870967741933,122.0,0.1594016129032258,16,1,29,6,Layer 1 Up
163,10.18,35.3,163,10.0,4.0,3.29,0.083,325,14.5,0.0010795426944971538,109.0,4.0,4.0,109.0,4.0,4.0,0.371,0.0234,324,0.986,1.4629316888045544e-06,33.5,4.0,4.0,33.5,4.0,4.0,0,0,0,0,477.0,57.3,1.31,477.0,57.3,4.0,22.498880455407974,1.0,321.8449715370019,118.0,0.19573017077798865,16,1,29,6,Layer 1 Up
163,10.03,35.3,163,10.0,4.0,5.02,0.0931,325,15.0,0.0012006693548387098,109.0,4.0,4.0,109.0,4.0,4.0,1.35,0.0206,324,2.34,-3.0268975332068315e-06,33.5,4.0,4.0,33.5,4.0,4.0,0,0,0,0,482.0,57.4,28.0,483.0,57.3,4.000000954,21.390075901328274,0.871,321.8601043643264,120.0,0.1684972960151803,16,1,2,6,Layer 1 Up
164,9.75,-46.0,164,9.93,1.96,7.04,0.112,325,13.7,0.0013318975332068312,109.0,3.1,-2.25,109.0,3.083,-9.6,-6.23,0.106,324,7.72,0.00015337001897533208,33.5,4.0,4.0,33.5,4.0,4.0,0,0,0,0,487.0,57.3,-31.7,488.0,57.3,3.999999046,16.64871916508539,0.936,322.8842504743833,118.0,0.18263140417457305,16,1,29,6,Layer 1 Up
164,9.72,-14.8,164,9.57,-1.07,4.63,0.0704,325,11.9,0.000825411669829222,109.0,2.0,35.3,109.0,1.76,-8.8,-3.13,0.0495,324,7.29,0.000216948055028463,33.5,4.0,4.0,33.5,4.0,4.0,0,0,0,0,493.0,57.3,11.81,493.0,57.3,4.0,20.080308349146108,1.0,320.8813092979127,119.0,0.19373965844402277,16,1,31,6,Layer 1 Up
165,8.97,-46.0,165,8.91,-3.84,4.74,0.083,326,12.8,0.0008627874762808348,109.0,0.58,-14.8,109.0,0.55,-7.3,-6.68,0.113,324,10.8,0.0008789332068311195,33.5,4.0,4.0,33.5,4.0,4.0,0,0,0,0,498.0,57.3,-21.7,499.0,57.3,4.0,23.714041745730547,0.978,321.9055028462998,121.0,0.1897123339658444,16,1,31,6,Layer 1 Up
165,7.88,-27.3,165,8.0,-6.2,5.94,0.11,325,12.5,0.000942551328273245,108.0,-0.07,29.0,108.0,-0.47,-5.21,-6.0,0.0804,324,11.3,0.0006912715844402277,33.5,4.0,4.0,33.5,4.0,4.0,0,0,0,0,503.0,57.4,9.13,504.0,57.3,4.0,20.889520872865276,0.83,322.9297912713473,117.0,0.16247405123339662,16,1,31,6,Layer 1 Up
166,7.05,-46.0,166,6.88,-8.0,3.47,0.0688,325,9.7,0.00042790208728652753,108.0,-1.4,41.5,108.0,-1.26,-2.66,-4.68,0.0703,324,11.3,0.0007720403225806451,33.5,4.0,4.0,33.5,4.0,4.0,0,0,0,0,509.0,57.3,6.38,509.0,57.3,4.000000954,22.20246679316888,0.97,321.93576850094877,120.0,0.1887209677419355,16,1,31,6,Layer 1 Up
166,5.45,-102.0,166,5.61,-9.2,4.7,0.082,326,9.13,0.00027451612903225806,107.0,-1.7,10.25,107.0,-1.78,0.25,-8.1,0.143,324,15.8,0.00170563330170778,33.5,4.0,4.0,33.5,4.0,4.0,0,0,0,0,514.0,57.3,-20.0,515.0,57.3,3.999999046,18.671133776091082,1.0,321.95090132827323,119.0,0.19680384250474384,16,1,31,6,Layer 1 Up
166,4.125,-134.0,166,4.256,-9.7,3.33,0.0801,326,7.53,5.6621612903225804e-05,107.0,-1.82,-2.25,107.0,-1.99,3.35,-7.98,0.131,324,15.2,0.001614876660341556,33.5,4.0,4.0,33.5,4.0,4.0,0,0,0,0,519.0,57.5,65.4,520.0,57.3,4.0,15.74504743833017,0.755,321.9660341555977,115.0,0.14432960151802654,16,1,31,6,Layer 1 Up
166,3.775,-102.0,166,4.0,4.0,3.87,0.0581,326,4.88,-8.619809297912712e-06,106.0,-2.13,60.3,106.0,-2.0,4.0,-3.74,0.0642,324,12.1,0.0007539809772296015,33.5,4.0,4.0,33.5,4.0,4.0,0,0,0,0,525.0,57.2,-25.9,525.0,57.3,4.0,24.930830170777988,1.05,321.98116698292216,121.0,0.20489710626185959,16,1,31,6,Layer 1 Up
166,3.825,-89.7,166,4.0,4.0,2.21,0.0525,326,7.05,-7.742042694497153e-06,106.0,-2.18,-33.5,106.0,-2.0,4.0,-4.12,0.091,324,13.9,0.0011910834914611004,33.5,4.0,4.0,33.5,4.0,4.0,0,0,0,0,530.0,57.3,-7.4,531.0,57.3,4.0,20.99537001897533,0.957,321.9962998102466,120.0,0.18673766603415556,16,1,31,6,Layer 1 Up
166,3.825,-83.5,166,4.0,4.0,3.06,0.0539,325,5.66,0.0,105.0,-1.95,-14.8,105.0,-2.0,4.0,-6.96,0.127,324,14.7,0.0016453875711574953,33.5,4.0,4.0,33.5,4.0,4.0,0,0,0,0,535.0,57.3,-7.4,536.0,57.3,4.000000954,21.702964895635674,0.813,324.03031309297916,117.0,0.15646323529411765,16,1,2,6,Layer 1 Up
166,3.825,-83.5,166,4.0,4.0,2.49,0.0523,326,6.23,-1.4738519924098673e-05,105.0,-1.82,210.0,105.0,-2.0,4.0,-8.48,0.127,324,16.3,0.0015546110056925996,33.5,4.0,4.0,33.5,4.0,4.0,0,0,0,0,541.0,57.1,-82.6,541.0,57.3,3.999999046,25.338140417457307,1.12,323.0360531309298,119.0,0.21502087286527513,16,1,31,6,Layer 1 Up
166,3.8,-89.7,166,4.0,4.0,3.05,0.0511,326,5.32,-2.231072580645161e-05,104.0,-1.82,-39.8,104.0,-2.0,4.0,-8.56,0.146,324,15.2,0.0018575445920303605,33.5,4.0,4.0,33.5,4.0,4.0,0,0,0,0,546.0,57.5,66.7,547.0,57.3,4.0,15.74874762808349,0.839,321.03216318785576,121.0,0.15950654648956356,16,1,32,6,Layer 1 Up
166,-1.75,72.7,166,-2.0,4.0,-5.86,0.102,325,14.7,0.0012720740037950665,103.8,4.0,-14.8,103.8,4.0,4.0,3.0,0.0227,324,2.44,-1.8374402277039846e-06,33.5,4.0,4.0,33.5,4.0,4.0,0,0,0,0,551.0,57.3,12.19,552.0,57.3,4.0,22.614648956356735,0.816,323.0664136622391,118.0,0.15749487666034154,16,1,32,6,Layer 1 Up
165,-1.88,72.7,165,-2.0,4.0,-5.64,0.0899,326,14.6,0.0011105929791271347,103.8,3.95,-21.0,103.8,4.0,4.0,1.55,0.0239,324,2.48,-5.462098197343453e-06,33.5,4.0,4.0,33.5,4.0,4.0,0,0,0,0,557.0,57.3,-3.06,557.0,57.3,4.0,22.31282258064516,1.01,322.07196394686906,119.0,0.19687784629981023,16,1,34,6,Layer 1 Down
165,-2.07,22.8,165,-2.0,4.0,-4.72,0.0841,326,13.9,0.0010904516129032259,103.8,3.95,-21.0,103.8,4.0,4.0,1.35,0.0282,325,2.08,-5.846032258064516e-06,33.5,4.0,4.0,33.5,4.0,4.0,0,0,0,0,562.0,57.4,25.8,563.0,57.3,4.000000954,19.284838709677423,0.873,322.0870967741936,121.0,0.1686161290322581,16,1,34,6,Layer 1 Down
164,-2.07,-33.5,164,-2.0,4.0,-4.79,0.0932,326,14.3,0.0012217670777988614,103.8,3.95,-21.0,103.8,4.0,4.0,2.09,0.0256,324,2.18,2.453631404174573e-06,33.5,4.0,4.0,33.5,4.0,4.0,0,0,0,0,567.0,57.3,-33.3,568.0,57.3,3.999999046,21.709084440227706,0.949,323.11195445920305,114.0,0.18578937381404176,16,1,34,6,Layer 1 Down
163,-1.78,41.5,163,-2.0,4.0,-6.25,0.112,326,15.0,0.0013732903225806452,103.8,3.95,-21.0,103.8,4.0,4.0,1.55,0.0319,325,2.57,1.979153700189753e-06,33.5,4.0,4.0,33.5,4.0,4.0,0,0,0,0,573.0,57.3,5.31,573.0,57.3,4.0,20.39740037950664,0.999,321.10759013282734,119.0,0.19185673624288424,16,1,34,6,Layer 1 Down
163,2.83,35.3,163,2.73,-4.87,-6.11,0.102,326,8.14,0.00026457277039848196,104.0,9.55,-152.0,104.0,9.86,2.11,5.06,0.074,324,13.9,0.0008411798387096774,33.5,4.0,4.0,33.5,4.0,4.0,0,0,0,0,578.0,57.3,-19.3,579.0,57.3,4.0,23.32683586337761,0.978,322.132495256167,122.0,0.18984611005692598,16,1,34,6,Layer 1 Down
163,2.1,66.5,163,1.86,-4.49,-4.22,0.0689,326,8.84,0.00026458519924098673,105.0,9.78,29.0,105.0,9.61,0.79,3.72,0.078,324,13.2,0.0009765415559772295,33.5,4.0,4.0,33.5,4.0,4.0,0,0,0,0,583.0,57.4,7.31,584.0,57.3,4.0,21.207210626185955,0.824,323.15749525616695,115.0,0.16056888045540796,16,1,34,6,Layer 1 Down
163,1.25,10.25,163,1.04,-3.91,-7.23,0.112,326,10.1,0.0006675535578747629,105.0,9.3,-64.7,105.0,9.22,-0.45,4.42,0.0718,324,12.5,0.0007836937381404175,33.5,4.0,4.0,33.5,4.0,4.0,0,0,0,0,589.0,57.3,12.12,589.0,57.3,4.000000954,22.117129981024668,0.945,322.16276091081596,119.0,0.18380445920303606,16,1,2,6,Layer 1 Down
162,0.4,-14.8,162,0.29,-3.14,-5.07,0.108,326,12.1,0.0008069596774193549,106.0,8.75,-2.25,106.0,8.71,-1.59,6.2,0.102,324,12.8,0.0010604601518026564,33.5,4.0,4.0,33.5,4.0,4.0,0,0,0,0,594.0,57.3,-20.9,595.0,57.3,3.999999046,17.87632827324478,0.987,322.1778937381404,120.0,0.19290275142314992,16,1,34,6,Layer 1 Down
162,-0.18,22.8,162,-0.38,-2.22,-7.97,0.101,326,10.1,0.000886788330170778,106.0,7.9,-52.3,106.0,8.1,-2.6,6.23,0.102,324,11.8,0.0008635581119544592,33.5,4.0,4.0,33.5,4.0,4.0,0,0,0,0,599.0,57.5,69.4,600.0,57.3,4.0,15.352144212523719,0.747,322.1930265654649,114.0,0.1424113377609108,16,1,34,6,Layer 1 Down
162,-0.97,-2.25,162,-0.95,-1.16,-5.16,0.0893,326,12.1,0.0009494535104364325,107.0,7.67,4.0,107.0,7.4,-3.46,2.43,0.047,324,7.7,0.00031210759013282726,33.5,4.0,4.0,33.5,4.0,4.0,0,0,0,0,605.0,57.2,-23.1,605.0,57.3,4.0,24.74639468690702,1.04,322.20815939278936,120.0,0.2010013282732448,16,1,34,6,Layer 1 Down
161,-1.45,-14.8,161,-1.4,0.03,-3.78,0.0816,326,14.2,0.0009717203984819734,107.0,6.75,-39.8,107.0,6.61,-4.15,3.3,0.0558,324,7.3,0.00032222329222011384,33.5,4.0,4.0,33.5,4.0,4.0,0,0,0,0,610.0,57.3,-5.44,611.0,57.3,4.0,21.818254269449714,0.938,322.2232922201138,119.0,0.18282888994307397,16,1,34,6,Layer 1 Down
160,-1.57,79.0,160,-1.73,1.3,-6.08,0.0912,325,13.8,0.0011111669829222013,107.0,5.7,-33.5,107.0,5.77,-4.66,5.79,0.0673,324,5.42,0.00023132476280834918,33.5,4.0,4.0,33.5,4.0,4.0,0,0,0,0,615.0,57.3,1.44,616.0,57.3,4.000000954,21.81927893738141,0.795,323.2485768500949,116.0,0.15354307400379508,16,1,34,6,Layer 1 Down
160,-1.93,4.0,160,-1.93,2.63,-4.38,0.0955,325,14.8,0.0012021370967741937,107.0,4.925,-33.5,107.0,4.885,-4.97,4.95,0.0652,324,8.81,0.000146478889943074,33.5,4.0,4.0,33.5,4.0,4.0,0,0,0,0,621.0,57.2,-70.5,621.0,57.3,3.999999046,24.04274193548387,1.1,322.2535578747628,119.0,0.21214184060721064,16,1,34,6,Layer 1 Down
159,-1.85,60.3,159,2.91,941.0,-5.52,0.0935,325,14.6,0.0011314762808349145,107.0,4.025,-27.3,107.0,4.000573,-0.1,5.25,0.0797,324,5.67,-1.2830132827324478e-05,33.5,4.0,4.0,33.5,4.0,4.0,0,0,0,0,626.0,57.4,62.1,627.0,57.3,4.0,16.16394686907021,0.832,321.2584440227704,120.0,0.15759848197343454,16,1,34,6,Layer 1 Down
159,-1.85,29.0,159,-2.0,4.0,-6.91,0.102,325,14.2,0.001272970588235294,107.0,3.85,-64.7,107.0,4.0,4.0,4.0,0.0621,324,5.32,-9.496764705882352e-06,33.5,4.0,4.0,33.5,4.0,4.0,0,0,0,0,631.0,57.4,13.94,632.0,57.3,4.0,21.721323529411762,0.82,322.28382352941173,118.0,0.15861617647058823,16,1,34,6,Layer 1 Down
158,-1.95,54.0,158,-2.0,4.0,-6.67,0.102,326,12.3,0.001262926944971537,107.0,3.85,-71.0,107.0,4.0,4.0,4.04,0.0617,324,5.29,9.456796963946868e-06,33.5,4.0,4.0,33.5,4.0,4.0,0,0,0,0,637.0,57.3,-3.25,637.0,57.3,4.0,22.328548387096774,0.993,321.288614800759,119.0,0.19297523719165083,16,1,35,6,Layer 1 Down
158,-1.85,54.0,158,-2.0,4.0,-6.37,0.105,326,15.4,0.0013135056925996206,107.0,3.85,-71.0,107.0,4.0,4.0,3.31,0.0651,325,6.28,-1.8288040796963947e-05,33.5,4.0,4.0,33.5,4.0,4.0,0,0,0,0,643.0,57.4,-0.5,643.0,57.3,4.0,18.894274193548387,0.762,323.32447817836817,120.0,0.14852718216318786,16,1,2,6,Layer 1 Down
157,-1.95,16.5,157,-2.0,4.0,-6.71,0.113,325,13.2,0.001505550284629981,107.0,3.85,-64.7,107.0,4.0,4.0,4.22,0.0633,324,4.69,-9.619354838709679e-06,33.5,4.0,4.0,33.5,4.0,4.0,0,0,0,0,647.0,57.3,-38.1,648.0,57.3,3.999999046,20.309772296015183,0.951,323.3396584440228,115.0,0.18490986717267552,16,1,35,6,Layer 1 Down
156,-1.78,85.2,156,-2.0,4.0,-6.28,0.105,326,14.3,0.0012934193548387097,107.0,3.875,-52.3,107.0,4.0,4.0,3.87,0.0603,324,5.13,0.0,33.5,4.0,4.0,33.5,4.0,4.0,0,0,0,0,653.0,57.3,5.75,653.0,57.3,4.0,19.50233870967742,0.999,321.3338709677419,120.0,0.19401290322580647,16,1,35,6,Layer 1 Down
156,-1.95,54.0,156,-2.0,4.0,-6.08,0.1,325,12.9,0.0013035853889943074,107.0,3.85,-71.0,107.0,4.0,4.0,4.09,0.064,324,4.81,0.0,33.5,4.0,4.0,33.5,4.0,4.0,0,0,0,0,658.0,57.3,-14.3,659.0,57.3,4.0,23.1411669829222,0.954,322.35948766603417,122.0,0.18492722960151803,16,1,35,6,Layer 1 Down
155,-2.13,-14.8,155,-2.0,4.0,-6.84,0.109,326,11.5,0.0013642813092979128,107.0,3.875,-52.3,107.0,4.0,4.0,3.25,0.062,325,5.92,0.0,33.5,4.0,4.0,33.5,4.0,4.0,0,0,0,0,663.0,57.4,8.88,664.0,57.3,4.0,20.6158064516129,0.82,322.37462049335863,116.0,0.15967144212523718,16,1,35,6,Layer 1 Down
155,-2.0,66.5,155,-2.0,4.0,-7.45,0.0867,326,10.9,0.0011116888045540798,107.0,3.875,-58.5,107.0,4.0,4.0,3.65,0.0568,324,5.5,-8.812660341555978e-06,33.5,4.0,4.0,33.5,4.0,4.0,0,0,0,0,669.0,57.3,4.562,670.0,57.3,4.0,24.35609108159393,0.922,322.38975332068316,117.0,0.17989146110056928,16,1,35,6,Layer 1 Down
154,-1.8,29.0,154,-2.0,4.0,-6.32,0.111,326,14.6,0.001364409392789374,107.0,3.875,-52.3,107.0,4.0,4.0,5.34,0.0631,324,6.5,9.540759013282732e-06,33.5,4.0,4.0,33.5,4.0,4.0,0,0,0,0,674.0,57.3,-18.4,675.0,57.3,3.999999046,17.989990512333968,0.99,322.4048861480076,119.0,0.1930386622390892,16,1,35,6,Layer 1 Down
153,-1.95,72.7,153,-2.0,4.0,-6.13,0.0925,326,14.2,0.0012229724857685008,107.0,3.85,-64.7,107.0,4.0,4.0,4.13,0.0616,325,5.06,1.90015559772296e-05,33.5,4.0,4.0,33.5,4.0,4.0,0,0,0,0,679.0,57.5,69.4,680.0,57.3,4.0,15.261888045540797,0.749,322.4200189753321,114.0,0.142511669829222,16,1,35,6,Layer 1 Down
153,-2.07,16.5,153,-2.0,4.0,-4.97,0.0876,326,13.6,0.0011118453510436434,107.0,3.875,-52.3,107.0,4.0,4.0,4.0,0.0624,324,4.88,9.56187001897533e-06,33.5,4.0,4.0,33.5,4.0,4.0,0,0,0,0,685.0,57.2,-21.3,685.0,57.3,4.0,24.56167457305503,1.04,321.4243833017078,120.0,0.2031644686907021,16,1,35,6,Layer 1 Down
152,3.125,242.0,152,-2.0,-121.0,-13.2,0.254,326,14.6,0.0020014155597722957,107.0,3.875,-58.5,107.0,3.9365,-5.29,3.16,0.0605,324,5.66,1.890225806451613e-05,33.5,4.0,4.0,33.5,4.0,4.0,0,0,0,0,690.0,57.3,-1.38,691.0,57.3,4.0,19.811992409867173,0.93,322.450284629981,121.0,0.18093605313092978,16,1,35,6,Layer 1 Down
152,-1.75,29.0,152,-1.92,5.43,-6.18,0.106,325,14.2,0.0013242310246679315,107.0,3.175,29.0,107.0,3.033,-4.96,-6.04,0.0965,324,7.35,0.000187009724857685,33.5,4.0,4.0,33.5,4.0,4.0,0,0,0,0,695.0,57.3,1.12,696.0,57.3,4.000000954,21.43030360531309,0.796,323.4762808349146,116.0,0.15365123339658443,16,1,2,6,Layer 1 Down
151,-1.6,97.7,151,-1.71,6.77,-4.43,0.0743,325,14.3,0.0008966778937381405,107.0,2.33,16.5,107.0,2.15,-4.64,-6.12,0.103,324,9.29,0.0004336807400379507,33.5,4.0,4.0,33.5,4.0,4.0,0,0,0,0,701.0,57.2,-70.9,701.0,57.3,3.999999046,24.56513282732448,1.1,322.48055028463,119.0,0.21330218216318786,16,1,37,6,Layer 1 Down
151,-1.22,41.5,151,-1.37,8.04,-5.82,0.105,326,14.2,0.0011727115749525618,107.0,1.4,-8.5,107.0,1.31,-4.12,-7.99,0.136,324,11.5,0.0008027008538899431,33.5,4.0,4.0,33.5,4.0,4.0,0,0,0,0,706.0,57.5,64.1,707.0,57.3,4.0,17.590673624288424,0.84,321.484724857685,119.0,0.15973140417457307,16,1,37,6,Layer 1 Down
150,-0.78,29.0,150,-0.9,9.22,-7.19,0.112,325,12.1,0.001182876660341556,107.0,0.7,16.5,106.0,0.54,-3.42,-8.2,0.143,324,13.2,0.0010211157495256167,33.5,4.0,4.0,33.5,4.0,4.0,0,0,0,0,711.0,57.4,13.81,712.0,57.3,4.0,21.433320683111955,0.813,322.5108159392789,118.0,0.15670588235294117,16,1,37,6,Layer 1 Down
150,-0.38,54.0,150,-0.32,10.27,-4.0,0.0945,326,12.7,0.0008614172675521821,106.0,-0.38,4.0,106.0,-0.16,-2.55,-4.2,0.0857,324,10.9,0.0007835661764705881,33.5,4.0,4.0,33.5,4.0,4.0,0,0,0,0,717.0,57.3,-3.0,717.0,57.3,4.0,21.838747628083492,1.01,321.5148956356736,119.0,0.1971553605313093,16,1,37,6,Layer 1 Down
149,0.4,54.0,149,0.41,11.26,-3.68,0.0673,326,9.86,0.0005156612903225806,106.0,-0.45,16.5,106.0,-0.81,-1.45,-6.18,0.102,325,13.3,0.0009484123339658444,33.5,4.0,4.0,33.5,4.0,4.0,0,0,0,0,723.0,57.4,3.188,723.0,57.3,4.0,18.6042504743833,0.768,323.5521821631878,120.0,0.14964288425047437,16,1,37,6,Layer 1 Down
149,1.1,66.5,149,1.11,11.94,-5.04,0.0773,326,8.2,0.0005197300759013283,105.0,-1.55,-39.8,105.0,-1.26,-0.39,-4.91,0.115,324,14.6,0.0013347153700189755,33.5,4.0,4.0,33.5,4.0,4.0,0,0,0,0,727.0,57.3,-31.9,728.0,57.3,3.999999046,20.425189753320684,0.945,322.5562144212524,114.0,0.1840289373814042,16,1,37,6,Layer 1 Down
149,1.97,47.8,149,1.94,12.51,-5.92,0.0957,326,8.7,0.0004489707779886148,105.0,-1.55,-39.8,105.0,-1.64,0.86,-8.53,0.148,324,15.0,0.0017695920303605313,33.5,4.0,4.0,33.5,4.0,4.0,0,0,0,0,733.0,57.3,10.88,733.0,57.3,4.0,19.21271347248577,1.01,321.56015180265655,120.0,0.19516072106261861,16,1,37,6,Layer 1 Down
148,2.98,104.0,148,2.81,12.89,-4.51,0.0822,326,7.51,0.00020730479127134725,104.0,-1.55,16.5,104.0,-1.88,2.18,-7.59,0.115,324,14.2,0.0013752903225806453,33.5,4.0,4.0,33.5,4.0,4.0,0,0,0,0,738.0,57.3,-15.9,739.0,57.3,4.0,23.865332068311197,0.96,321.57523719165084,122.0,0.18707993358633776,16,1,37,6,Layer 1 Down
148,3.9,129.0,148,3.711,13.06,-5.35,0.0812,326,4.56,7.079032258064516e-05,103.5,-1.85,104.0,103.4,-1.99,3.536,-4.39,0.055,324,12.2,0.0006219435483870967,33.5,4.0,4.0,33.5,4.0,4.0,0,0,0,0,743.0,57.4,13.75,744.0,57.3,4.0,20.63032258064516,0.827,322.60161290322577,116.0,0.16079516129032256,16,1,37,6,Layer 1 Down
148,4.15,72.7,148,4.0,4.0,-4.11,0.0586,326,2.48,-7.585033206831119e-06,103.0,-2.07,22.8,102.9,-2.0,4.0,-6.95,0.0935,324,11.1,0.0012540588235294117,33.5,4.0,4.0,33.5,4.0,4.0,0,0,0,0,749.0,57.3,10.25,749.0,57.3,4.000000954,21.64262808349146,0.964,321.60540796963943,120.0,0.18810882352941175,16,1,2,6,Layer 1 Down
148,4.15,79.0,148,4.0,4.0,-3.8,0.0528,326,2.94,2.1845920303605314e-05,102.4,-2.22,16.5,102.3,-2.0,4.0,-5.21,0.089,324,12.5,0.0010922960151802657,33.5,4.0,4.0,33.5,4.0,4.0,0,0,0,0,754.0,57.3,-21.4,755.0,57.3,3.999999046,19.72201138519924,1.01,321.6204933586338,117.0,0.19722011385199242,16,1,37,6,Layer 1 Down
148,4.125,66.5,148,4.0,4.0,-3.15,0.055,326,2.94,-6.048367172675523e-06,101.8,-2.3,-39.8,101.7,-2.0,4.0,-1.36,0.112,324,20.1,0.0015070346299810248,33.5,4.0,4.0,33.5,4.0,4.0,0,0,0,0,759.0,57.5,63.9,760.0,57.3,4.0,15.373776091081593,0.756,321.6355787476281,115.0,0.1446348671726755,16,1,37,6,Layer 1 Down
148,4.1,47.8,148,4.0,4.0,1.9,0.0578,326,9.32,2.1645673624288423e-05,101.2,-2.13,-33.5,101.1,-2.0,4.0,-7.56,0.14,324,14.6,0.0018510085388994308,33.5,4.0,4.0,33.5,4.0,4.0,0,0,0,0,765.0,57.2,-19.0,765.0,57.3,4.0,23.769781783681214,1.05,321.65066413662237,121.0,0.20533045540796965,16,1,37,6,Layer 1 Down
148,4.125,60.3,148,4.0,4.0,-3.16,0.0493,326,2.59,0.0,100.6,-2.0,10.25,100.5,-2.0,4.0,-9.08,0.142,324,14.5,0.0018510953510436432,33.5,4.0,4.0,33.5,4.0,4.0,0,0,0,0,770.0,57.3,0.5,771.0,57.3,4.0,21.03977229601518,0.924,321.66574952561666,120.0,0.1810634250474383,16,1,37,6,Layer 1 Down
148,3.875,-58.5,148,4.0,4.0,-1.05,0.0379,326,2.29,-9.620077798861479e-06,99.9,-1.93,16.5,99.9,-2.0,4.0,-9.45,0.16,324,16.5,0.002093960151802656,33.5,4.0,4.0,33.5,4.0,4.0,0,0,0,0,776.0,57.3,-17.9,776.0,57.3,4.0,22.861593927893736,0.905,326.7387096774193,120.0,0.17601404174573052,16,1,37,6,Layer 1 Down
148,3.95,-39.8,148,4.207,13.07,-0.752,0.0225,326,0.57,-4.623114326375712e-06,99.5,-2.32,-377.0,99.4,-2.0,4.286,-6.6,0.0913,324,15.4,0.0010318548387096777,33.5,4.0,4.0,33.5,4.0,4.0,0,0,0,0,781.0,57.4,58.9,781.0,57.3,4.000000954,20.434772296015183,0.875,326.75403225806457,119.0,0.16995256166982925,16,1,37,6,Layer 1 Down
148,4.8,-77.2,148,5.07,12.93,3.55,0.0672,325,6.25,0.00011330702087286528,98.9,-1.8,72.7,98.9,-1.9,5.59,-7.23,0.111,324,13.2,0.0013657542694497154,33.5,4.0,4.0,33.5,4.0,4.0,0,0,0,0,786.0,57.5,62.8,787.0,57.3,4.0,17.9065559772296,0.84,319.6876660341556,119.0,0.1598438330170778,16,1,38,6,Layer 1 Down
149,5.75,-21.0,149,5.95,12.59,7.73,0.121,325,6.98,0.0005422804554079697,98.3,-1.95,16.5,98.3,-1.67,6.92,-5.92,0.102,324,12.0,0.0011837092030360533,33.5,4.0,4.0,33.5,4.0,4.0,0,0,0,0,791.0,57.4,20.3,792.0,57.3,4.0,20.5378605313093,0.808,321.72609108159395,119.0,0.15681617647058824,16,1,38,6,Layer 1 Down
149,6.92,47.8,149,6.81,12.03,4.0,0.0806,326,9.26,0.0005068941176470588,97.8,-1.43,-21.0,97.7,-1.3,8.23,-7.59,0.147,324,14.7,0.0017098823529411765,33.5,4.0,4.0,33.5,4.0,4.0,0,0,0,0,797.0,57.3,-1.19,797.0,57.3,4.0,25.192941176470587,0.94,325.7882352941176,120.0,0.18312941176470587,16,1,38,6,Layer 1 Down
149,7.55,41.5,149,7.55,11.33,6.4,0.108,325,10.6,0.0008276623339658444,97.3,-0.95,66.5,97.2,-0.84,9.35,-2.35,0.0442,324,10.0,0.0003855004269449715,33.5,4.0,4.0,33.5,4.0,4.0,0,0,0,0,802.0,57.4,23.8,803.0,57.3,4.000000954,20.337424098671725,0.868,320.74444971536997,121.0,0.16897262808349145,16,1,2,6,Layer 1 Down
149,8.05,-27.3,150,8.24,10.44,4.33,0.0857,325,12.6,0.0007163965844402278,96.8,-0.35,-8.5,96.8,-0.25,10.39,-8.12,0.146,324,12.3,0.00132553605313093,33.5,4.0,4.0,33.5,4.0,4.0,0,0,0,0,807.0,57.3,-32.5,808.0,57.3,3.999999046,20.034819734345355,0.936,322.78320683111957,115.0,0.18314658444022772,16,1,38,6,Layer 1 Down
150,8.88,-21.0,150,8.87,9.32,5.39,0.0934,326,12.2,0.001022026091081594,96.4,0.3,-21.0,96.3,0.5,11.35,-5.38,0.111,324,11.1,0.0008570852466793169,33.5,4.0,4.0,33.5,4.0,4.0,0,0,0,0,813.0,57.3,4.687,813.0,57.3,3.999999046,20.13694971537002,0.986,325.83406072106266,116.0,0.19125042694497155,16,1,38,6,Layer 1 Down
150,9.35,-2.25,151,9.34,8.15,4.76,0.102,326,13.9,0.001153628083491461,96.1,1.17,35.3,96.0,1.27,12.07,-4.54,0.0819,324,8.9,0.0005171087286527514,33.5,4.0,4.0,33.5,4.0,4.0,0,0,0,0,819.0,57.2,-77.2,819.0,57.3,3.999999046,22.870170777988616,0.931,323.8254269449715,117.0,0.18012789373814042,16,1,38,6,Layer 1 Down
151,9.8,41.5,151,9.68,6.94,4.85,0.0875,326,12.8,0.0010828420303605312,95.8,2.05,35.3,95.8,2.08,12.58,-6.73,0.0829,324,5.05,0.0003299126185958254,33.5,4.0,4.0,33.5,4.0,4.0,0,0,0,0,824.0,57.2,-41.3,824.0,57.3,4.0,25.907248576850094,0.907,325.8646110056926,122.0,0.17507632827324476,16,1,38,6,Layer 1 Down
152,9.78,35.3,152,9.91,5.61,5.74,0.108,326,15.1,0.0013156641366223907,95.7,2.87,-14.8,95.7,2.95,12.93,-6.51,0.0874,324,7.96,0.00020747011385199239,33.5,4.0,4.0,33.5,4.0,4.0,0,0,0,0,829.0,57.3,6.75,829.0,57.3,4.0,21.65785578747628,0.959,325.8798861480076,118.0,0.18722912713472484,16,1,38,6,Layer 1 Down
152,9.78,-21.0,152,10.0,4.192,6.35,0.106,326,14.3,0.001315725806451613,95.6,3.85,29.0,95.6,3.891,13.07,-7.13,0.113,324,6.62,3.673911290322581e-05,33.5,4.0,4.0,33.5,4.0,4.0,0,0,0,0,835.0,57.4,8.81,835.0,57.3,4.0,17.7116935483871,0.779,322.85887096774195,119.0,0.15181451612903227,16,1,38,6,Layer 1 Down
153,10.2,79.0,153,10.0,4.0,4.92,0.0875,326,12.5,0.0011842087286527516,95.6,3.9,-39.8,95.6,4.0,4.0,-5.53,0.0921,324,5.86,0.0,33.5,4.0,4.0,33.5,4.0,4.0,0,0,0,0,840.0,57.2,-89.3,840.0,57.3,3.999999046,25.30360531309298,1.04,325.9104364326376,119.0,0.20040455407969643,16,1,38,6,Layer 1 Down
153,10.07,29.0,153,10.0,4.0,5.24,0.0892,326,12.4,0.0011640203984819735,95.6,4.075,41.5,95.6,4.0,4.0,-5.24,0.091,324,6.39,0.0,33.5,4.0,4.0,33.5,4.0,4.0,0,0,0,0,845.0,57.3,-38.9,846.0,57.3,3.999999046,22.470654648956355,1.06,321.876944971537,115.0,0.20648709677419355,16,1,39,6,Layer 1 Down
154,9.78,-21.0,154,10.0,4.0,6.44,0.114,326,14.1,0.0014373795066413661,95.6,4.1,54.0,95.6,4.0,4.0,-5.58,0.0899,325,6.02,4.3323833017077794e-05,33.5,4.0,4.0,33.5,4.0,4.0,0,0,0,0,851.0,57.4,19.9,851.0,57.3,4.0,14.272571157495255,0.816,322.90426944971534,118.0,0.15689705882352942,16,1,39,6,Layer 1 Down
154,9.75,-83.5,155,10.0,4.0,5.95,0.0937,326,13.6,0.0011033923149905123,95.6,4.1,54.0,95.6,4.0,4.0,-5.14,0.0893,324,6.41,2.864770872865275e-05,33.5,4.0,4.0,33.5,4.0,4.0,0,0,0,0,856.0,57.3,2.81,856.0,57.3,4.0,26.521907020872863,1.02,321.9071157495256,118.0,0.1994204459203036,16,1,2,6,Layer 1 Down
155,10.03,-14.8,155,10.0,4.0,5.0,0.0881,326,14.1,0.0011034440227703987,95.6,4.1,47.8,95.6,4.0,4.0,-5.28,0.0901,325,5.8,0.0,33.5,4.0,4.0,33.5,4.0,4.0,0,0,0,0,861.0,57.3,-10.1,862.0,57.3,4.0,23.688614800759016,0.935,321.92220113851994,116.0,0.18323244781783682,16,1,39,6,Layer 1 Down
156,10.03,35.3,156,10.0,4.0,4.86,0.095,326,14.0,0.0011946100569259963,95.6,3.9,-46.0,95.6,4.0,4.0,-4.1,0.0775,325,5.38,-2.49045825426945e-05,33.5,4.0,4.0,33.5,4.0,4.0,0,0,0,0,866.0,57.4,58.4,867.0,57.3,4.0,14.983244781783682,0.921,325.98681214421254,119.0,0.17919150853889942,16,1,39,6,Layer 1 Down
156,9.88,-2.25,156,10.0,4.0,5.65,0.0942,326,13.7,0.0011136717267552184,95.6,3.9,-39.8,95.6,4.0,4.0,-5.03,0.0897,325,6.31,1.4376489563567363e-05,33.5,4.0,4.0,33.5,4.0,4.0,0,0,0,0,872.0,57.4,0.12,872.0,57.3,4.0,17.717504743833018,0.872,326.0020872865275,118.0,0.16907561669829224,16,1,39,6,Layer 1 Down
157,10.07,10.25,157,10.0,4.0,5.03,0.0858,326,13.7,0.001052975332068311,95.6,3.9,-39.8,95.6,4.0,4.0,-3.5,0.0758,324,5.96,-2.429943074003795e-05,33.5,4.0,4.0,33.5,4.0,4.0,0,0,0,0,877.0,57.3,3.313,877.0,57.3,4.0,26.42563092979127,0.942,326.0173624288425,119.0,0.18325820683111954,16,1,39,6,Layer 1 Down
157,9.95,-71.0,158,10.0,4.0,5.58,0.0766,326,12.8,0.0009679726755218216,95.6,4.1,54.0,95.6,4.0,4.0,-5.09,0.0916,325,6.07,1.4580341555977228e-05,33.5,4.0,4.0,33.5,4.0,4.0,0,0,0,0,883.0,57.4,2.19,883.0,57.3,4.0,18.52918406072106,0.776,322.99506641366224,120.0,0.1508660341555977,16,1,39,6,Layer 1 Down
158,9.8,-58.5,158,10.0,4.0,7.29,0.0985,325,11.5,0.0012555882352941175,95.6,4.1,54.0,95.6,4.0,4.0,-4.98,0.0897,324,5.88,2.9162049335863373e-05,33.5,4.0,4.0,33.5,4.0,4.0,0,0,0,0,887.0,57.3,-28.5,888.0,57.3,3.999999046,19.745137571157493,0.94,321.9976280834914,115.0,0.18327537950664133,16,1,39,6,Layer 1 Down
159,9.9,-21.0,159,10.0,4.0,6.41,0.111,326,13.2,0.0014682969639468692,95.6,4.125,54.0,95.6,4.0,4.0,-4.7,0.091,324,7.1,2.9163415559772298e-05,33.5,4.0,4.0,33.5,4.0,4.0,0,0,0,0,893.0,57.4,12.69,894.0,57.3,4.000000954,21.568776091081595,0.911,322.0127134724858,117.0,0.17822087286527513,16,1,39,6,Layer 1 Down
159,10.15,35.3,159,10.0,4.0,5.05,0.0932,325,12.6,0.0012050725806451615,95.6,4.1,47.8,95.6,4.0,4.0,-5.49,0.0896,324,5.1,1.4481124288425049e-05,33.5,4.0,4.0,33.5,4.0,4.0,0,0,0,0,898.0,57.3,-16.6,899.0,57.3,4.0,22.88625237191651,0.948,322.0277988614801,122.0,0.1843052182163188,16,1,39,6,Layer 1 Down
160,10.13,47.8,160,10.0,4.0,5.26,0.0875,326,12.9,0.0011747476280834915,95.6,4.1,54.0,95.6,4.0,4.0,-5.39,0.0888,325,5.34,1.4279259962049335e-05,33.5,4.0,4.0,33.5,4.0,4.0,0,0,0,0,904.0,57.2,-37.4,904.0,57.3,4.0,25.824193548387097,0.907,327.10645161290324,122.0,0.17418671726755217,16,1,39,6,Layer 1 Down
160,10.2,10.25,161,10.0,4.0,4.45,0.0797,325,12.0,0.0010431437381404176,95.6,4.1,54.0,95.6,4.0,4.0,-5.09,0.0881,324,6.05,2.8559857685009486e-05,33.5,4.0,4.0,33.5,4.0,4.0,0,0,0,0,909.0,57.3,7.25,910.0,57.3,4.0,24.204985768500947,0.929,322.0579696394687,117.0,0.1812842030360531,16,1,2,6,Layer 1 Down
161,9.93,-39.8,161,10.0,4.0,5.17,0.0912,325,14.4,0.0011647296015180263,95.6,4.05,29.0,95.6,4.0,4.0,-4.64,0.0898,324,6.28,4.294307400379506e-05,33.5,4.0,4.0,33.5,4.0,4.0,0,0,0,0,914.0,57.3,-21.1,915.0,57.3,3.999999046,16.508776091081593,0.997,321.06024667931683,120.0,0.1944592030360531,16,1,39,6,Layer 1 Down
162,9.8,-58.5,162,10.0,4.0,7.82,0.118,326,13.8,0.0014990265654648957,95.6,4.1,47.8,95.6,4.0,4.0,-4.84,0.0888,325,6.29,2.8461247628083492e-05,33.5,4.0,4.0,33.5,4.0,4.0,0,0,0,0,920.0,57.4,61.8,920.0,57.3,4.000000954,19.649402277039847,0.939,320.06242884250474,120.0,0.18332689753320683,16,1,39,6,Layer 1 Down
162,10.15,35.3,162,10.0,4.0,4.67,0.0849,325,13.3,0.0011141935483870969,95.6,3.925,-33.5,95.6,4.0,4.0,-3.41,0.0761,324,6.66,-2.4410967741935485e-05,33.5,4.0,4.0,33.5,4.0,4.0,0,0,0,0,925.0,57.4,53.7,925.0,57.3,4.0,17.421935483870968,0.873,326.15483870967745,117.0,0.168141935483871,16,1,39,6,Layer 1 Down
163,10.1,10.25,163,10.0,4.0,4.86,0.0808,326,12.7,0.0010534686907020872,95.6,4.1,47.8,95.6,4.0,4.0,-5.0,0.093,325,6.21,4.4063353889943074e-05,33.5,4.0,4.0,33.5,4.0,4.0,0,0,0,0,931.0,57.4,24.6,931.0,57.3,4.0,14.080014231499051,0.81,322.1183111954459,118.0,0.15498145161290322,16,1,39,6,Layer 1 Down
163,9.95,16.5,163,5.53,-918.0,5.49,0.105,326,13.6,0.0013675474383301708,95.6,4.1,47.8,95.6,4.0,4.0,-4.94,0.0884,324,5.8,1.4181973434535104e-05,33.5,4.0,4.0,33.5,4.0,4.0,0,0,0,0,936.0,57.3,2.81,936.0,57.3,4.0,24.413254269449716,1.02,321.12039848197344,120.0,0.20057362428842504,16,1,39,6,Layer 1 Down
164,9.72,-58.5,164,9.89,1.46,5.44,0.0876,325,13.7,0.001043436907020873,95.6,2.95,-14.8,95.6,2.87,-9.5,-7.6,0.14,324,9.13,0.00031809629981024664,33.5,4.0,4.0,33.5,4.0,4.0,0,0,0,0,941.0,57.4,54.8,941.0,57.3,4.000000954,17.93090607210626,0.897,326.2006641366224,122.0,0.17424383301707777,16,1,39,6,Layer 1 Down
165,9.5,-21.0,165,9.46,-1.65,5.52,0.0893,326,11.8,0.0010434857685009489,95.4,1.83,35.3,95.4,1.51,-8.5,-4.32,0.0658,325,7.67,0.00030696717267552183,33.5,4.0,4.0,33.5,4.0,4.0,0,0,0,0,947.0,57.4,13.25,947.0,57.3,4.000000954,18.53960151802657,0.744,323.176660341556,119.0,0.14385920303605312,16,1,40,6,Layer 1 Down
165,9.0,29.0,165,8.78,-4.25,4.25,0.0852,325,11.9,0.0009320891840607211,95.1,0.25,-27.3,95.1,0.38,-7.0,-4.6,0.0849,324,9.08,0.0007000800284629981,33.5,4.0,4.0,33.5,4.0,4.0,0,0,0,0,952.0,57.3,-4.37,952.0,57.3,4.0,18.540469639468693,0.879,326.2312144212524,119.0,0.17020759013282735,16,1,40,6,Layer 1 Down
165,8.05,16.5,166,7.83,-6.5,4.99,0.0737,326,9.08,0.0006099390891840607,94.7,-0.47,-39.8,94.7,-0.61,-4.83,-7.56,0.131,324,12.8,0.001236089184060721,33.5,4.0,4.0,33.5,4.0,4.0,0,0,0,0,957.0,57.3,-0.94,957.0,57.3,4.0,25.5323339658444,0.948,327.25967741935483,120.0,0.18440018975332068,16,1,40,6,Layer 1 Down
166,6.6,-27.3,166,6.64,-8.3,5.13,0.0972,326,10.2,0.00058565,94.2,-1.4,-52.3,94.1,-1.39,-2.1,-4.78,0.102,324,13.6,0.0011854852941176471,33.5,4.0,4.0,33.5,4.0,4.0,0,0,0,0,963.0,57.4,1.94,963.0,57.3,4.0,18.542205882352942,0.77,323.2220588235294,120.0,0.14995882352941176,16,1,40,6,Layer 1 Down
166,5.4,-39.8,166,5.34,-9.4,7.59,0.107,326,5.92,0.000400246679316888,93.6,-1.85,60.3,93.6,-1.85,0.86,-4.95,0.0859,324,13.8,0.0011044781783681214,33.5,4.0,4.0,33.5,4.0,4.0,0,0,0,0,968.0,57.3,23.1,968.0,57.3,4.0,20.265654648956357,1.0,321.21062618595823,120.0,0.19556356736242883,16,1,2,6,Layer 1 Down
166,3.95,-89.7,166,4.00212,-4.24,5.25,0.0807,326,3.36,2.5434587286527515e-05,93.0,-2.2,10.25,93.0,2.33,915.0,-5.88,0.108,324,13.7,0.0014186622390891842,33.5,4.0,4.0,33.5,4.0,4.0,0,0,0,0,973.0,57.4,11.5,974.0,57.3,4.000000954,21.989264705882356,0.902,322.2389943074004,116.0,0.17631944971537003,16,1,40,6,Layer 1 Down
166,3.85,-77.2,166,4.0,4.0,3.59,0.0621,326,4.24,9.637221062618597e-06,92.5,-1.7,16.5,92.5,-2.0,4.0,-6.23,0.111,324,15.1,0.0013680597722960154,33.5,4.0,4.0,33.5,4.0,4.0,0,0,0,0,979.0,57.2,-72.6,979.0,57.3,3.999999046,21.584943074003796,0.912,323.2674573055029,118.0,0.1773410815939279,16,1,40,6,Layer 1 Down
166,4.175,85.2,166,4.0,4.0,1.94,0.0435,326,2.99,-6.20216129032258e-06,91.9,-1.93,72.7,91.9,-2.0,4.0,-4.64,0.076,324,13.3,0.0008847200664136622,33.5,4.0,4.0,33.5,4.0,4.0,0,0,0,0,984.0,57.2,-35.9,984.0,57.3,4.0,26.045023719165084,0.895,327.3362903225806,122.0,0.17228225806451614,16,1,41,6,Layer 1 Down
166,3.875,-58.5,166,4.0,4.0,4.16,0.0617,326,2.8,1.8546546489563568e-05,91.3,-2.03,60.3,91.3,-2.0,4.0,-4.56,0.0717,324,12.6,0.0008796941176470587,33.5,4.0,4.0,33.5,4.0,4.0,0,0,0,0,989.0,57.3,4.5,990.0,57.3,4.0,24.32333965844402,0.939,321.2707779886148,117.0,0.18242504743833016,16,1,41,6,Layer 1 Down
166,3.85,-77.2,166,4.0,4.0,3.31,0.0675,326,3.45,2.0067694497153698e-05,90.8,-2.38,-71.0,90.8,-2.0,4.0,-6.07,0.125,324,14.5,0.0017128486717267553,33.5,4.0,4.0,33.5,4.0,4.0,0,0,0,0,995.0,57.4,6.25,995.0,57.3,4.0,18.446062618595825,0.766,322.29933586337756,119.0,0.1500009487666034,16,1,41,6,Layer 1 Down
166,4.175,85.2,166,4.0,4.0,1.65,0.0391,326,3.29,0.0,90.3,-2.03,-8.5,90.2,-2.0,4.0,-8.81,0.155,324,16.0,0.0020068633776091083,33.5,4.0,4.0,33.5,4.0,4.0,0,0,0,0,1000.0,57.1,-91.0,1000.0,57.3,3.999999046,25.541897533206832,1.03,326.3686907020873,119.0,0.199672770398482,16,1,43,6,Layer 1 Down
166,3.875,-46.0,166,4.0,4.0,4.71,0.0676,326,0.985,1.0338870967741937e-05,89.7,-1.65,16.5,89.6,-2.0,4.0,-9.7,0.149,324,14.8,0.0018245066413662238,33.5,4.0,4.0,33.5,4.0,4.0,0,0,0,0,1004.0,57.2,-16.4,1004.0,57.3,4.0,23.819947817836812,1.05,321.3158918406072,120.0,0.2047501897533207,16,1,43,6,Layer 1 Down
166,3.9,-52.3,166,4.0,4.0,3.05,0.0564,326,3.86,1.7333624288425047e-05,89.0,-1.97,-52.3,89.0,-2.0,4.0,-7.66,0.142,324,16.5,0.0018651385199240987,33.5,4.0,4.0,33.5,4.0,4.0,0,0,0,0,1014.0,57.4,21.7,1014.0,57.3,4.0,14.495370018975333,0.803,322.34459203036056,117.0,0.15407666034155598,16,1,43,6,Layer 1 Down
166,3.9,-39.8,166,4.0,4.0,3.88,0.0614,326,2.2,3.5682580645161294e-05,88.5,-1.78,97.7,88.4,-2.0,4.0,-4.15,0.0682,324,13.6,0.0008150225806451613,33.5,4.0,4.0,33.5,4.0,4.0,0,0,0,0,1014.0,57.3,0.75,1014.0,57.3,4.000000954,20.679677419354835,0.797,322.35967741935485,118.0,0.15408387096774193,16,1,43,6,Layer 1 Down
166,3.9,-39.8,166,4.0,4.0,3.59,0.0663,326,2.86,6.123092979127134e-05,87.9,-2.18,-27.3,87.8,-2.0,4.0,-3.74,0.0628,324,11.4,0.0008008681214421252,33.5,4.0,4.0,33.5,4.0,4.0,0,0,0,0,1024.0,57.2,-65.6,1024.0,57.3,3.999999046,23.721916508538897,1.09,322.37476280834915,119.0,0.21187523719165083,16,1,2,6,Layer 1 Down
166,3.95,-21.0,166,4.0,4.0,4.43,0.0615,326,0.835,5.261645635673625e-05,87.3,-2.1,-27.3,87.2,-2.0,4.0,-4.03,0.0842,324,12.9,0.0011050469639468693,33.5,4.0,4.0,33.5,4.0,4.0,0,0,0,0,1024.0,57.5,63.8,1024.0,57.3,4.0,15.612590132827327,0.832,320.3622390891841,122.0,0.15815351043643266,16,1,43,6,Layer 1 Down
166,3.875,-46.0,166,4.0,4.0,3.32,0.0664,326,3.04,3.092248576850095e-05,86.7,-1.9,-2.25,86.6,-2.0,4.0,-6.13,0.108,324,13.4,0.0013687001897533207,33.5,4.0,4.0,33.5,4.0,4.0,0,0,0,0,1034.0,57.4,18.8,1034.0,57.3,4.0,21.595047438330173,0.815,321.39108159392794,118.0,0.15816091081593928,16,1,43,6,Layer 1 Down
166,4.125,66.5,166,4.0,4.0,1.94,0.0418,326,3.35,-1.1152893738140418e-05,86.1,-1.9,-8.5,86.0,-2.0,4.0,-5.97,0.109,324,14.9,0.0014194592030360531,33.5,4.0,4.0,33.5,4.0,4.0,0,0,0,0,1034.0,57.3,-1.13,1034.0,57.3,4.0,23.421076850094877,0.962,326.47561669829224,122.0,0.18757139468690703,16,1,43,6,Layer 1 Down
166,3.85,-52.3,166,4.0,4.0,4.71,0.0666,326,1.39,0.0,85.5,-2.13,41.5,85.4,-2.0,4.0,-4.39,0.0944,324,14.3,0.0011964573055028463,33.5,4.0,4.0,33.5,4.0,4.0,0,0,0,0,1044.0,57.4,23.2,1044.0,57.3,4.000000954,20.583121442125236,0.877,320.40721062618593,120.0,0.17135702087286528,16,1,43,6,Layer 1 Down
166,3.825,-77.2,166,4.0,4.0,4.15,0.0639,326,3.21,8.65951138519924e-06,84.8,-1.9,47.8,84.8,-2.0,4.0,-6.23,0.1,324,14.0,0.0013181925996204932,33.5,4.0,4.0,33.5,4.0,4.0,0,0,0,0,1044.0,57.3,17.3,1044.0,57.3,4.0,20.888282732447816,1.01,321.4361954459203,120.0,0.19874288425047437,16,1,43,6,Layer 1 Down
166,3.85,-64.7,166,4.0,4.0,2.76,0.0639,326,4.33,2.7074914611005694e-05,84.2,-2.2,16.5,84.2,-2.0,4.0,-4.68,0.0888,324,13.6,0.0011661480075901328,33.5,4.0,4.0,33.5,4.0,4.0,0,0,0,0,1054.0,57.3,12.56,1054.0,57.3,4.000000954,21.70049335863378,0.902,321.4512333965845,117.0,0.17644326375711575,16,1,43,6,Layer 1 Down
166,3.9,-52.3,166,4.0,4.0,1.93,0.0585,326,4.69,8.94426660341556e-06,83.6,-2.22,10.25,83.6,-2.0,4.0,-4.76,0.0933,324,13.6,0.0012067661290322581,33.5,4.0,4.0,33.5,4.0,4.0,0,0,0,0,1054.0,57.2,-72.0,1054.0,57.3,3.999999046,22.411370967741938,0.925,323.49444971537,117.0,0.17949378557874762,16,1,43,6,Layer 1 Down
166,3.9,-46.0,166,4.0,4.0,2.49,0.0602,326,4.08,1.8153045540796964e-05,83.0,-2.15,-33.5,83.0,-2.0,4.0,-6.91,0.136,324,14.6,0.0018051631878557874,33.5,4.0,4.0,33.5,4.0,4.0,0,0,0,0,1064.0,57.4,44.4,1064.0,57.3,4.0,17.8488045540797,0.994,320.46717267552185,119.0,0.19268595825426946,16,1,43,6,Layer 1 Down
166,3.85,-71.0,166,4.0,4.0,2.21,0.0632,326,4.69,0.0,82.4,-1.97,4.0,82.4,-2.0,4.0,-8.23,0.153,324,15.4,0.0020182262808349145,33.5,4.0,4.0,33.5,4.0,4.0,0,0,0,0,1074.0,57.3,5.69,1074.0,57.3,4.0,23.93474383301708,0.928,321.49634724857685,117.0,0.18052476280834914,16,1,43,6,Layer 1 Down
166,3.9,-39.8,166,4.0,4.0,4.71,0.0591,326,1.9,4.533614800759013e-05,81.8,-1.95,-8.5,81.8,-2.0,4.0,-8.16,0.137,324,15.9,0.0017546204933586336,33.5,4.0,4.0,33.5,4.0,4.0,0,0,0,0,1074.0,57.4,8.5,1074.0,57.3,4.0,18.053320683111956,0.772,322.5256166982922,119.0,0.15112049335863376,16,1,43,6,Layer 1 Down
166,3.875,-64.7,166,4.0,4.0,2.76,0.0576,326,4.43,1.754702561669829e-05,81.2,-1.85,-27.3,81.2,-2.0,4.0,-7.5,0.136,324,15.1,0.0017344169829222008,33.5,4.0,4.0,33.5,4.0,4.0,0,0,0,0,1084.0,57.4,59.6,1084.0,57.3,4.000000954,20.28557874762808,0.941,320.5121442125237,119.0,0.18459876660341554,16,1,2,6,Layer 1 Down
166,3.875,-58.5,166,4.0,4.0,3.34,0.0588,326,3.16,8.99707495256167e-06,80.7,-1.97,66.5,80.7,-2.0,4.0,-8.27,0.163,324,13.6,0.0022619478178368124,33.5,4.0,4.0,33.5,4.0,4.0,0,0,0,0,1084.0,57.3,-29.3,1084.0,57.3,3.999999046,22.213747628083492,1.04,321.5414611005693,115.0,0.2038796015180266,16,1,43,6,Layer 1 Down
166,3.875,-58.5,166,4.0,4.0,3.88,0.064,326,2.9,4.7269819734345356e-05,80.1,-2.1,-52.3,80.1,-2.0,4.0,-7.39,0.125,325,12.9,0.0016534293168880456,33.5,4.0,4.0,33.5,4.0,4.0,0,0,0,0,1094.0,57.4,22.1,1094.0,57.3,4.0,14.911295066413661,0.802,321.5564990512334,117.0,0.15418481973434536,16,1,43,6,Layer 1 Down
166,3.85,-64.7,166,4.0,4.0,4.71,0.0608,326,1.77,3.64177229601518e-05,79.5,-1.93,16.5,79.5,-2.0,4.0,-7.2,0.13,324,14.4,0.0016940834914611006,33.5,4.0,4.0,33.5,4.0,4.0,0,0,0,0,1094.0,57.3,0.81,1094.0,57.3,4.0,23.94034155597723,1.03,320.5571157495256,121.0,0.20085540796963947,16,1,43,6,Layer 1 Down
166,3.9,-52.3,166,4.0,4.0,5.27,0.0605,326,0.775,1.8463330170777985e-05,79.0,3.0,-452.0,79.0,4.0,4.0,-8.27,0.121,324,9.01,0.0003712955407969639,33.5,4.0,4.0,33.5,4.0,4.0,0,0,0,0,1104.0,57.3,-1.94,1104.0,57.3,4.0,23.12988614800759,0.933,321.58657495256165,117.0,0.1836188330170778,16,1,43,6,Layer 1 Down
166,2.87,47.8,166,2.7,-9.4,-4.48,0.066,326,4.09,0.00018667096774193547,78.5,-1.55,-14.8,78.4,-1.86,6.91,-7.87,0.126,324,13.2,0.0014304677419354837,33.5,4.0,4.0,33.5,4.0,4.0,0,0,0,0,1104.0,57.4,18.3,1104.0,57.3,4.000000954,17.956935483870964,0.729,322.616129032258,120.0,0.14101774193548386,16,1,44,6,Layer 1 Down
166,1.53,16.5,166,1.41,-8.4,-6.3,0.108,326,8.98,0.0006320731024667932,77.9,-1.57,41.5,77.8,-1.41,9.88,-1.8,0.0492,325,12.2,0.0005468497628083492,33.5,4.0,4.0,33.5,4.0,4.0,0,0,0,0,1114.0,57.2,-21.9,1114.0,57.3,3.999999046,24.55243833017078,1.06,321.61665085388995,119.0,0.20798553130929792,16,1,45,6,Layer 1 Down
166,0.47,-8.5,166,0.25,-6.8,-5.73,0.103,326,11.5,0.0007863235294117647,77.4,-0.8,85.2,77.3,-0.68,12.55,-4.15,0.0785,324,12.5,0.0007721189753320683,33.5,4.0,4.0,33.5,4.0,4.0,0,0,0,0,1114.0,57.5,57.3,1114.0,57.3,4.0,16.233776091081594,0.845,320.6170777988615,117.0,0.16132314990512334,16,1,45,6,Layer 1 Down
165,-0.5,4.0,165,-0.72,-4.54,-6.79,0.116,325,12.7,0.0011567106261859582,76.9,0.33,60.3,76.9,0.29,14.8,-3.72,0.0636,324,10.0,0.0004586256166982922,33.5,4.0,4.0,33.5,4.0,4.0,0,0,0,0,1124.0,57.4,8.69,1124.0,57.3,4.0,18.87264705882353,0.769,322.661385199241,120.0,0.15016944971537002,16,1,45,6,Layer 1 Down
165,-1.22,54.0,165,-1.44,-1.87,-6.25,0.101,326,12.6,0.0011060294117647058,76.6,1.67,54.0,76.6,1.46,16.4,-5.43,0.0869,325,9.19,0.00043835294117647056,33.5,4.0,4.0,33.5,4.0,4.0,0,0,0,0,1124.0,57.3,20.1,1124.0,57.3,4.0,20.902941176470588,0.995,321.6617647058823,119.0,0.1948235294117647,16,1,45,6,Layer 1 Down
164,-1.93,-64.7,164,-1.87,1.1,-5.18,0.103,326,13.5,0.0012988842504743834,76.4,2.67,22.8,76.4,2.76,17.4,-6.4,0.105,324,7.02,0.00028311617647058823,33.5,4.0,4.0,33.5,4.0,4.0,0,0,0,0,1134.0,57.4,14.3,1134.0,57.3,4.000000954,22.426048387096774,0.902,321.67680265654644,116.0,0.17758183111954456,16,1,2,6,Layer 1 Down
163,4.875,648.0,163,-1.5,-871.0,-2.07,0.156,326,4.69,0.00032473624288425053,76.4,3.925,-21.0,76.4,4.0,4.0,-4.15,0.0558,324,2.85,8.696842504743832e-06,33.5,4.0,4.0,33.5,4.0,4.0,0,0,0,0,1134.0,57.3,16.1,1144.0,57.3,4.000000954,25.167058823529416,0.908,327.78064516129035,119.0,0.17759013282732447,16,1,45,6,Layer 1 Down
163,-2.0,-33.5,163,-2.0,4.0,-7.38,0.115,326,12.0,0.0015425692599620494,76.4,4.0,-2.25,76.4,4.0,4.0,-1.89,0.0355,325,1.42,0.0,33.5,4.0,4.0,33.5,4.0,4.0,0,0,0,0,1144.0,57.4,45.4,1144.0,57.3,4.0,16.744995256166984,0.98,320.6920303605313,120.0,0.18876176470588235,16,1,45,6,Layer 1 Down
162,-1.85,22.8,162,-2.0,4.0,-5.69,0.0993,325,14.9,0.0013295132827324477,76.4,4.0,4.0,76.4,4.0,4.0,-1.26,0.0335,324,2.27,4.841052182163188e-06,33.5,4.0,4.0,33.5,4.0,4.0,0,0,0,0,1154.0,57.3,6.25,1154.0,57.3,4.0,24.560474383301706,0.924,320.70702087286526,117.0,0.18166631878557873,16,1,45,6,Layer 1 Down
162,-1.85,79.0,162,-2.0,4.0,-5.82,0.0841,326,12.4,0.001045391366223909,76.4,4.0,10.25,76.4,4.0,4.0,-1.33,0.0347,324,2.64,5.1863591081593925e-06,33.5,4.0,4.0,33.5,4.0,4.0,0,0,0,0,1154.0,57.4,8.25,1154.0,57.3,4.0,18.26897533206831,0.772,322.75189753320683,119.0,0.15021157495256166,16,1,45,6,Layer 1 Down
161,-2.13,-14.8,161,-2.0,4.0,-4.52,0.0849,326,12.3,0.0010860398481973433,76.4,4.0,4.0,76.4,4.0,4.0,-1.14,0.0382,324,2.86,1.0860398481973432e-05,33.5,4.0,4.0,33.5,4.0,4.0,0,0,0,0,1164.0,57.4,59.7,1164.0,57.3,4.000000954,20.299810246679314,0.923,319.7220113851992,118.0,0.17965332068311193,16,1,45,6,Layer 1 Down
161,-2.0,-21.0,160,-2.0,4.0,-5.43,0.1,325,12.9,0.0013093989563567362,76.4,4.0,4.0,76.4,4.0,4.0,-1.21,0.0379,324,2.75,1.0962409867172677e-05,33.5,4.0,4.0,33.5,4.0,4.0,0,0,0,0,1164.0,57.3,-32.3,1164.0,57.3,3.999999046,22.635346299810248,1.05,321.76703036053135,114.0,0.20503766603415563,16,1,45,6,Layer 1 Down
160,-1.85,47.8,160,-2.0,4.0,-2.94,0.105,325,18.8,0.0013196110056925997,76.4,3.975,-2.25,76.4,4.0,4.0,-2.09,0.0385,324,1.25,5.390103415559772e-06,33.5,4.0,4.0,33.5,4.0,4.0,0,0,0,0,1174.0,57.4,23.9,1174.0,57.3,4.0,14.515721062618598,0.797,321.7820683111955,118.0,0.15429297912713472,16,1,45,6,Layer 1 Down
159,-1.93,60.3,159,-2.0,4.0,-5.18,0.0905,326,14.0,0.001126797438330171,76.4,4.0,4.0,76.4,4.0,4.0,-1.57,0.039,325,1.78,0.0,33.5,4.0,4.0,33.5,4.0,4.0,0,0,0,0,1174.0,57.3,0.69,1174.0,57.3,4.0,24.972267552182164,1.01,320.78197343453513,119.0,0.19795090132827325,16,1,45,6,Layer 1 Down
159,-2.13,10.25,159,-2.0,4.0,-4.55,0.0741,326,12.4,0.0009451328273244781,76.4,4.0,10.25,76.4,4.0,4.0,-2.33,0.0364,325,1.53,2.1318785578747627e-05,33.5,4.0,4.0,33.5,4.0,4.0,0,0,0,0,1184.0,57.3,-6.8,1184.0,57.3,4.0,23.450664136622393,0.939,321.8121442125237,116.0,0.1847628083491461,16,1,45,6,Layer 1 Down
158,-2.15,-46.0,158,-2.0,4.0,-5.14,0.0986,326,13.5,0.0013197960151802655,76.4,4.0,4.0,76.4,4.0,4.0,-1.7,0.0375,325,1.99,5.6649705882352935e-06,33.5,4.0,4.0,33.5,4.0,4.0,0,0,0,0,1184.0,57.4,13.87,1184.0,57.3,4.000000954,18.47714421252372,0.725,322.84240986717265,119.0,0.14111665085388994,16,1,2,6,Layer 1 Down
158,-1.9,10.25,157,-2.0,4.0,-5.93,0.112,326,14.8,0.0014518434535104366,76.4,4.025,16.5,76.4,4.0,4.0,-1.57,0.0382,325,1.95,0.0,33.5,4.0,4.0,33.5,4.0,4.0,0,0,0,0,1194.0,57.3,-17.6,1194.0,57.3,3.999999046,24.56965844402277,1.04,320.82694497153705,118.0,0.2040703036053131,16,1,45,6,Layer 1 Down
157,-1.9,41.5,157,-2.0,4.0,-5.27,0.104,326,14.5,0.0013300725806451614,76.4,3.975,-2.25,76.4,4.0,4.0,-1.7,0.0423,325,2.05,1.7260483870967742e-05,33.5,4.0,4.0,33.5,4.0,4.0,0,0,0,0,1194.0,57.5,57.1,1194.0,57.3,4.0,17.05741935483871,0.842,320.841935483871,115.0,0.16143629032258067,16,1,45,6,Layer 1 Down
156,-2.03,22.8,156,-2.0,4.0,-4.69,0.0875,326,13.5,0.0011473681214421252,76.4,4.0,4.0,76.4,4.0,4.0,-1.89,0.0402,325,1.64,5.351e-06,33.5,4.0,4.0,33.5,4.0,4.0,0,0,0,0,1204.0,57.4,7.44,1204.0,57.3,4.0,18.885882352941177,0.765,322.8876660341556,120.0,0.1492593927893738,16,1,45,6,Layer 1 Down
156,-2.05,-27.3,156,-2.0,4.0,-5.19,0.108,326,13.7,0.0013809677419354838,76.4,3.975,-8.5,76.4,4.0,4.0,-0.868,0.0373,325,3.24,2.7010104364326375e-05,33.5,4.0,4.0,33.5,4.0,4.0,0,0,0,0,1204.0,57.3,20.8,1204.0,57.3,4.0,20.511432637571158,1.01,320.8719165085389,119.0,0.19800640417457305,16,1,45,6,Layer 1 Down
155,-1.85,10.25,155,-2.0,4.0,-6.71,0.125,326,14.5,0.0015841252371916507,76.4,4.0,4.0,76.4,4.0,4.0,-1.26,0.0367,325,2.44,1.0256195445920303e-05,33.5,4.0,4.0,33.5,4.0,4.0,0,0,0,0,1214.0,57.4,13.94,1214.0,57.3,4.000000954,21.93404174573055,0.895,320.88690702087285,117.0,0.1756754269449715,16,1,45,6,Layer 1 Down
155,-1.97,22.8,154,-2.0,4.0,-4.51,0.0953,326,14.0,0.0012287699240986717,76.4,4.0,10.25,76.4,4.0,4.0,-1.7,0.0392,325,2.14,1.096753320683112e-05,33.5,4.0,4.0,33.5,4.0,4.0,0,0,0,0,1214.0,57.2,-65.6,1214.0,57.3,3.999999046,22.239720113851995,0.912,322.9329222011386,118.0,0.1777146584440228,16,1,45,6,Layer 1 Down
154,-2.07,-2.25,154,-2.0,4.0,-4.76,0.0921,326,14.9,0.0011678937381404174,76.4,4.025,10.25,76.4,4.0,4.0,-1.77,0.0345,325,1.96,-1.523339658444023e-05,33.5,3.975,-2.25,33.5,4.0,4.0,0,0,0,0,1224.0,57.3,-25.8,1224.0,57.3,3.999999046,23.459430740037952,0.998,327.0102466793169,117.0,0.19600303605313094,16,1,45,6,Layer 1 Down
153,-1.97,41.5,153,-2.0,4.0,-5.87,0.11,326,15.5,0.001381225806451613,76.4,4.025,16.5,76.4,4.0,4.0,-3.09,0.0334,324,1.34,-9.455303130929792e-06,33.5,4.0,4.0,33.5,4.0,4.0,0,0,0,0,1234.0,57.5,40.6,1234.0,57.3,4.0,15.640351043643264,0.798,328.0411290322581,114.0,0.15335668880455408,16,1,45,6,Layer 1 Down
153,-1.9,-2.25,153,-2.0,4.0,-5.75,0.114,326,14.2,0.0015031688804554078,76.4,3.975,-8.5,76.4,4.0,4.0,-2.33,0.0361,325,1.55,9.801067362428844e-06,33.5,4.0,4.0,33.5,4.0,4.0,0,0,0,0,1234.0,57.4,10.63,1234.0,57.3,4.0,17.3676944971537,0.757,322.97817836812146,120.0,0.1472699240986717,16,1,45,6,Layer 1 Down
152,-1.93,-8.5,152,-2.0,4.0,-5.86,0.108,326,14.5,0.0013711978178368122,76.4,4.025,16.5,76.4,4.0,4.0,-1.57,0.0342,325,2.63,-9.892938330170777e-06,33.5,4.0,4.0,33.5,4.0,4.0,0,0,0,0,1244.0,57.3,-19.6,1244.0,57.3,4.0,23.462718216318784,0.936,327.0560721062618,119.0,0.18282637571157492,16,1,45,6,Layer 1 Down
152,-1.9,16.5,151,-2.0,4.0,-5.7,0.0976,326,14.2,0.0011985844402277043,76.4,4.025,10.25,76.4,4.0,4.0,-2.33,0.0343,324,1.87,-1.4829943074003798e-05,33.5,4.0,4.0,33.5,4.0,4.0,0,0,0,0,1244.0,57.4,37.4,1244.0,57.3,4.000000954,20.619715370018977,0.728,328.0870967741936,117.0,0.1401734345351044,16,1,2,6,Layer 1 Down
151,-2.15,-52.3,151,-2.0,4.0,-4.21,0.091,326,13.4,0.0011986404174573057,76.4,4.0,-2.25,76.4,4.0,4.0,-1.7,0.0373,325,2.19,1.6049592030360535e-05,33.5,4.0,4.0,33.5,4.0,4.0,0,0,0,0,1254.0,57.4,15.0,1254.0,57.3,4.0,14.322737191650855,0.808,322.0076375711575,117.0,0.15541693548387098,16,1,45,6,Layer 1 Down
150,-2.2,-83.5,150,-2.0,4.0,-5.27,0.103,326,13.4,0.0013409146110056926,76.4,4.0,10.25,76.4,4.0,4.0,-2.5,0.0332,325,2.76,0.0,33.5,4.0,4.0,33.5,4.0,4.0,0,0,0,0,1254.0,57.4,44.5,1254.0,57.3,4.0,16.355094876660342,0.843,327.10189753320685,118.0,0.1625351043643264,16,1,45,6,Layer 1 Down
150,-1.97,-27.3,150,-2.0,4.0,-6.03,0.105,326,13.9,0.0013917718216318784,76.4,4.025,16.5,76.4,4.0,4.0,-2.7,0.0345,325,2.2,-9.386840607210626e-06,33.5,4.0,4.0,33.5,4.0,4.0,0,0,0,0,1264.0,57.4,19.4,1264.0,57.3,4.0,20.419425996204936,0.741,328.133064516129,118.0,0.1432407495256167,16,1,45,6,Layer 1 Down
149,-1.93,-27.3,149,-2.0,4.0,-5.77,0.111,326,14.2,0.0014223149905123339,76.4,4.0,-2.25,76.4,4.0,4.0,-1.26,0.0432,325,2.41,1.2699240986717267e-05,33.5,4.0,4.0,33.5,4.0,4.0,0,0,0,0,1264.0,57.3,21.7,1264.0,57.3,4.0,25.398481973434535,0.961,320.0208728652751,117.0,0.18794876660341556,16,1,45,6,Layer 1 Down
148,-1.8,54.0,148,-2.0,4.0,-6.32,0.107,326,14.6,0.0014223814041745728,76.4,4.0,4.0,76.4,4.0,4.0,-1.45,0.0375,324,1.88,5.638726280834914e-06,33.5,4.0,4.0,33.5,4.0,4.0,0,0,0,0,1274.0,57.4,8.19,1274.0,57.3,4.0,18.795754269449713,0.842,322.067789373814,119.0,0.165605834914611,16,1,45,6,Layer 1 Down
148,-1.3,298.0,148,-1.99,4.787,-7.67,0.139,326,16.0,0.0016967770398481974,76.4,4.175,29.0,76.4,4.371,17.7,0.968,0.0247,325,2.82,8.240037001897534e-06,33.5,4.0,4.0,33.5,4.0,4.0,0,0,0,0,1274.0,57.3,-8.2,1274.0,57.3,4.0,21.539924098671726,1.03,327.1629981024668,121.0,0.20117476280834917,16,1,45,6,Layer 1 Down
147,-1.97,-52.3,147,-1.76,7.76,-3.19,0.0803,326,13.4,0.0010262424098671727,76.5,5.58,10.25,76.5,5.67,17.2,4.7,0.0909,324,8.51,0.00034038733396584445,33.5,4.0,4.0,33.5,4.0,4.0,0,0,0,0,1284.0,57.3,0.87,1284.0,57.3,3.999999046,26.21490512333966,1.03,321.0817836812144,116.0,0.20118415559772299,16,1,47,6,Layer 1 Down
147,-1.32,16.5,147,-1.23,10.67,-4.98,0.0929,326,12.4,0.0010364516129032259,76.7,6.92,29.0,76.7,6.93,16.0,7.73,0.155,324,11.6,0.0010262903225806452,33.5,4.0,4.0,33.5,4.0,4.0,0,0,0,0,1284.0,57.5,54.3,1284.0,57.3,4.0,12.904838709677419,0.827,321.09677419354836,115.0,0.15648387096774194,16,1,47,6,Layer 1 Down
146,-0.53,16.5,146,-0.39,13.31,-4.44,0.0772,326,10.5,0.0006879514705882353,77.0,8.15,-27.3,77.1,8.09,14.1,1.97,0.0643,324,12.3,0.000522314705882353,33.5,4.0,4.0,33.5,4.0,4.0,0,0,0,0,1294.0,57.3,16.8,1294.0,57.3,4.0,18.900882352941178,0.992,327.20882352941175,119.0,0.19510588235294116,16,1,47,6,Layer 1 Down
146,0.45,-2.25,146,0.6,15.3,-5.46,0.0956,326,9.55,0.0007642003795066412,77.5,9.03,-33.5,77.5,8.95,11.83,2.38,0.0472,324,10.1,0.0004420574003795066,33.5,4.0,4.0,33.5,4.0,4.0,0,0,0,0,1294.0,57.3,12.87,1304.0,57.3,4.0,24.08450664136622,0.971,321.12675521821626,116.0,0.1890176470588235,16,1,2,6,Layer 1 Down
146,1.72,16.5,146,1.82,16.8,-5.5,0.105,326,9.41,0.0005345587286527515,78.0,9.72,-21.0,78.0,9.59,9.06,5.86,0.0923,324,11.6,0.001097573055028463,33.5,4.0,4.0,33.5,4.0,4.0,0,0,0,0,1304.0,57.4,40.1,1304.0,57.3,4.000000954,18.08962998102467,0.809,321.1417457305503,118.0,0.15752205882352943,16,1,47,6,Layer 1 Down
146,3.0,-39.8,145,3.196,17.6,-1.18,0.044,326,7.66,8.100060721062618e-05,78.6,10.3,47.8,78.6,9.95,5.9,2.27,0.117,325,18.2,0.0015549677419354837,33.5,4.0,4.0,33.5,4.0,4.0,0,0,0,0,1314.0,57.4,52.2,1314.0,57.3,4.000000954,22.9688045540797,0.919,328.2709677419355,118.0,0.17988842504743832,16,1,47,6,Layer 1 Down
145,4.025,10.25,145,4.0,4.0,-4.23,0.0816,326,3.59,6.586053130929792e-05,79.1,9.32,-14.8,79.2,10.0,4.0,11.7,0.2,325,15.3,0.0025205882352941178,33.5,4.0,4.0,33.5,4.0,4.0,0,0,0,0,1314.0,57.4,69.4,1314.0,57.3,4.0,18.396228652751425,0.924,319.13899430740037,116.0,0.17786408918406071,16,1,47,6,Layer 1 Down
145,4.05,22.8,145,4.0,4.0,-4.53,0.0729,326,2.78,3.496462998102467e-05,79.7,9.8,-14.8,79.8,10.0,4.0,4.76,0.0872,324,14.0,0.0010570702087286526,33.5,4.0,4.0,33.5,4.0,4.0,0,0,0,0,1324.0,57.4,33.4,1324.0,57.3,4.0,17.482314990512332,0.806,322.20313092979126,119.0,0.15652770398481972,16,1,47,6,Layer 1 Down
145,3.925,-33.5,145,4.0,4.0,-3.73,0.0545,326,3.98,-1.5856793168880454e-05,80.3,9.85,-8.5,80.4,10.0,4.0,4.44,0.0798,325,13.8,0.0009249796015180265,33.5,4.0,4.0,33.5,4.0,4.0,0,0,0,0,1324.0,57.3,-3.87,1324.0,57.3,4.0,24.191774193548387,0.946,328.31693548387096,122.0,0.1849959203036053,16,1,47,6,Layer 1 Down
145,3.975,-8.5,145,4.0,4.0,-3.04,0.0504,326,5.61,-2.368464895635674e-05,80.8,4.925,4.0,80.8,6.0,504.0,-1.84,0.0753,325,3.11,5.123203036053131e-05,33.5,4.0,4.0,33.5,4.0,4.0,0,0,0,0,1334.0,57.3,-22.4,1334.0,57.3,4.0,24.904459203036055,0.947,327.31574952561675,118.0,0.18602106261859583,16,1,47,6,Layer 1 Down
145,4.075,35.3,145,4.0,4.0,-3.34,0.074,326,3.8,7.11589184060721e-05,81.4,10.18,60.3,81.4,10.0,4.0,7.25,0.124,324,13.7,0.0016874829222011385,33.5,4.0,4.0,33.5,4.0,4.0,0,0,0,0,1334.0,57.3,-30.8,1334.0,57.3,3.999999046,20.73774193548387,0.974,322.2482447817837,117.0,0.1911125237191651,16,1,48,6,Layer 1 Down
145,3.95,-14.8,145,4.0,4.0,-2.84,0.0512,326,5.24,-2.3280218216318788e-05,81.8,4.025,35.3,81.8,4.0,4.0,1.53,0.028,325,0.293,1.2910863377609108e-05,33.5,4.0,4.0,33.5,4.0,4.0,0,0,0,0,1344.0,57.2,-12.3,1344.0,57.3,3.999999046,25.821726755218215,1.07,327.3462998102467,120.0,0.21043690702087287,16,1,48,6,Layer 1 Down
145,4.025,16.5,145,4.0,4.0,-5.21,0.0696,325,2.49,6.435399905123338e-05,81.8,4.0,16.5,81.8,4.0,4.0,0.308,0.0205,324,0.929,-5.601746204933586e-06,36.2,53.9,-109.0,36.7,54.0,4.0,0,0,0,0,1344.0,57.3,28.0,1344.0,57.3,4.0,24.907945920303604,0.946,319.2283681214421,118.0,0.1850304554079696,16,1,51,50,Repositioning
145,4.0,-2.25,145,4.0,4.0,-3.09,0.0717,325,3.81,7.960747628083492e-05,81.8,4.025,16.5,81.8,4.0,4.0,0.237,0.0279,323,1.72,2.755252371916508e-06,41.3,54.0,-46.0,41.7,54.0,4.0,0,0,0,0,1354.0,57.4,7.69,1354.0,57.3,4.0,19.622277039848196,0.837,321.27666034155595,117.0,0.16368842504743833,16,1,2,50,Repositioning
145,4.025,10.25,145,4.0,4.0,-2.79,0.0536,325,6.06,-3.35526091081594e-05,81.8,4.05,16.5,81.8,4.0,4.0,-0.465,0.0215,324,1.92,1.667462998102467e-06,46.4,53.9,-8.5,46.9,54.0,4.0,0,0,0,0,1354.0,57.3,-9.3,1354.0,57.3,4.0,22.06338235294118,1.03,326.3753795066414,119.0,0.20131565464895637,16,1,52,50,Repositioning
145,4.0,4.0,145,4.0,4.0,-2.88,0.0715,325,3.88,3.467264705882353e-05,81.8,3.975,-2.25,81.8,4.0,4.0,1.84,0.026,323,0.247,1.2913273244781785e-05,51.3,54.0,-21.0,51.7,54.0,4.0,0,0,0,0,1364.0,57.3,-2.06,1364.0,57.3,3.999999046,27.046698292220118,1.03,319.27305502846303,116.0,0.20234184060721064,16,1,52,50,Repositioning
145,3.975,-8.5,145,4.0,4.0,-3.09,0.0702,325,3.51,3.284395161290323e-05,81.8,4.0,4.0,81.8,4.0,4.0,2.0,0.0263,323,1.17,-2.33873339658444e-06,56.2,54.0,-39.8,56.7,54.0,4.0,0,0,0,0,1364.0,57.5,58.4,1364.0,57.3,4.0,13.21892789373814,0.831,320.30479127134726,115.0,0.15659345351043644,16,1,52,50,Repositioning
146,23.9,941.0,146,30.8,898.0,17.5,0.269,325,37.3,0.011999278937381404,81.6,-6.1,-483.0,81.5,-9.4,-443.0,-10.1,0.172,324,21.4,0.0039353567362428845,58.5,3.875,-2.25,58.5,4.0,4.0,0,0,0,0,1374.0,57.4,21.2,1374.0,57.3,4.0,19.5242504743833,0.981,327.4379506641366,117.0,0.19219184060721062,16,1,52,50,Repositioning
150,48.6,-27.3,150,48.7,4.0000954,10.5,0.187,324,64.8,0.017796370967741934,79.5,-18.2,4.0,79.4,-18.4,4.0,-8.35,0.177,323,35.2,0.008552427419354839,58.5,3.975,-2.25,58.5,4.0,4.0,0,0,0,0,1384.0,57.3,1.31,1384.0,57.3,4.0,23.89798387096774,0.871,327.4532258064516,119.0,0.1698282258064516,16,1,52,50,Repositioning
154,44.5,-758.0,154,37.1,-890.0,-8.17,0.108,324,36.7,-0.004891687855787477,77.4,-16.0,504.0,77.3,-12.5,451.0,-0.0482,0.0512,323,25.3,0.0015966631878557877,58.5,4.0,4.0,58.5,4.0,4.0,0,0,0,0,1384.0,57.4,42.0,1384.0,57.3,4.000000954,19.322675521821633,0.8,320.34962049335866,117.0,0.1555983870967742,16,1,52,50,Repositioning
155,4.025,29.0,155,4.0,4.0,0.0391,0.0168,326,1.33,2.1764449715370017e-06,77.0,4.025,16.5,77.0,4.0,4.0,1.18,0.0198,325,0.673,-8.970207779886149e-07,57.5,-38.1,-1006.0,57.2,-45.5,-871.0,0,0,0,0,1394.0,57.4,50.1,1394.0,57.3,4.000000954,22.374667931688805,0.915,327.4837760910816,118.0,0.17899734345351043,16,1,52,50,Repositioning
155,3.975,-8.5,155,4.0,4.0,1.06,0.0215,326,0.749,-1.840910815939279e-06,77.0,4.0,4.0,77.0,4.0,4.0,-0.0996,0.0226,325,1.23,1.434079696394687e-06,52.8,-46.0,16.5,52.4,-46.0,4.0,0,0,0,0,1394.0,57.4,61.8,1394.0,57.3,4.0,18.71423149905123,0.93,320.3795066413662,116.0,0.1790056925996205,16,1,54,50,Repositioning
155,3.975,-8.5,155,4.0,4.0,0.748,0.0204,326,1.27,-1.7291129032258065e-06,77.0,4.0,4.0,77.0,4.0,4.0,0.22,0.0173,325,0.876,-5.645045066413661e-07,47.8,-46.1,-39.8,47.4,-46.0,4.0,0,0,0,0,1404.0,57.4,34.1,1404.0,57.3,4.0,19.325379506641365,0.809,321.41157495256164,118.0,0.15765441176470588,16,1,54,50,Repositioning
155,4.025,16.5,155,4.0,4.0,0.238,0.0187,327,0.792,-2.2886385199240986e-06,77.0,4.0,4.0,77.0,4.0,4.0,0.379,0.0155,325,0.859,4.923115749525617e-07,43.5,-4.02,991.0,43.5,3.5,879.0,0,0,0,0,1404.0,57.3,-8.3,1404.0,57.3,4.0,25.531034155597723,0.966,328.54677419354834,121.0,0.18715977229601516,16,1,2,50,Repositioning
155,3.975,-8.5,155,4.0,4.0,0.747,0.0227,326,0.58,-7.1408851992409875e-06,77.0,4.0,4.0,77.0,4.0,4.0,0.0599,0.0164,325,0.758,0.0,43.0,-1.75,142.0,43.0,-2.0,4.0,0,0,0,0,1414.0,57.4,65.4,1414.0,57.3,4.000000954,23.802950664136624,0.919,320.4243358633776,114.0,0.17903074003795066,16,1,54,6,Layer 2 Up
155,3.975,-8.5,155,4.0,4.0,0.664,0.0207,326,1.4,6.164641366223909e-06,77.0,4.0,4.0,77.0,4.0,4.0,0.54,0.0161,325,0.41,1.4750379506641368e-06,42.4,-2.15,22.8,42.4,-2.0,4.0,0,0,0,0,1414.0,57.3,-25.1,1414.0,57.3,3.999999046,22.07470588235294,0.979,322.47381404174575,115.0,0.19226356736242886,16,1,54,6,Layer 2 Up
155,4.025,16.5,155,4.0,4.0,0.223,0.0176,327,1.97,1.0376612903225806e-06,77.0,4.0,4.0,77.0,4.0,4.0,1.18,0.0193,325,0.401,0.0,41.8,-2.35,-14.8,41.8,-2.0,4.0,0,0,0,0,1424.0,57.2,-15.7,1424.0,57.3,3.999999046,26.043263757115753,1.09,327.5754269449715,119.0,0.21363614800759012,16,1,54,6,Layer 2 Up
155,3.975,-8.5,155,4.0,4.0,-0.159,0.0211,327,2.26,2.0245512333965843e-06,77.0,4.025,16.5,77.0,4.0,4.0,-0.0999,0.0176,325,0.907,3.275907020872865e-07,41.2,-1.8,-8.5,41.2,-2.0,4.0,0,0,0,0,1424.0,57.3,20.9,1424.0,57.3,4.0,26.24795066413662,0.959,321.4865275142315,117.0,0.18821204933586336,16,1,54,6,Layer 2 Up
155,3.975,-2.25,155,4.0,4.0,0.435,0.029,326,0.813,-3.9068538899430735e-06,77.0,4.0,4.0,77.0,4.0,4.0,-0.899,0.0198,325,2.58,-6.023066413662239e-07,40.6,-1.72,142.0,40.6,-2.0,4.0,0,0,0,0,1434.0,57.4,7.69,1434.0,57.3,4.0,19.636010436432638,0.837,322.5189278937381,118.0,0.16380298861480075,16,1,54,6,Layer 2 Up
155,4.025,16.5,155,4.0,4.0,-0.303,0.0289,327,2.77,1.6686299810246682e-06,77.0,4.0,4.0,77.0,4.0,4.0,0.0598,0.0181,325,1.4,1.6279316888045541e-06,40.0,-1.75,123.0,40.0,-2.0,4.0,0,0,0,0,1434.0,57.3,-10.1,1434.0,57.3,4.0,25.538178368121446,1.04,327.62125237191657,117.0,0.2034914611005693,16,1,54,6,Layer 2 Up
155,3.975,-8.5,155,4.0,4.0,1.19,0.0237,326,1.12,0.0,77.0,4.025,16.5,77.0,4.0,4.0,0.38,0.0178,325,0.406,0.0,39.4,-2.2,-102.0,39.4,-2.0,4.0,0,0,0,0,1444.0,57.3,-3.5,1444.0,57.3,3.999999046,28.38838235294118,1.05,321.5314990512334,114.0,0.20553595825426949,16,1,54,6,Layer 2 Up
155,3.975,-8.5,155,4.0,4.0,0.154,0.0247,326,2.1,4.477229601518027e-06,77.0,4.0,4.0,77.0,4.0,4.0,-0.1,0.0169,325,1.45,-1.261764705882353e-07,38.8,-1.8,-39.8,38.8,-2.0,4.0,0,0,0,0,1444.0,57.5,64.2,1444.0,57.3,4.0,15.1615275142315,0.84,321.5464895635674,112.0,0.15873814041745732,16,1,54,6,Layer 2 Up
155,4.025,16.5,155,4.0,4.0,1.06,0.0223,327,0.921,-8.659772770398481e-07,77.0,3.975,-8.5,77.0,4.0,4.0,0.0608,0.0215,325,2.22,-1.495871442125237e-07,38.2,-1.7,-2.25,38.2,-2.0,4.0,0,0,0,0,1454.0,57.3,18.4,1454.0,57.3,4.0,22.183671726755218,0.987,327.6670777988615,116.0,0.1943615275142315,16,1,54,6,Layer 2 Up
155,3.975,-2.25,155,4.0,4.0,0.748,0.022,326,1.11,0.0,77.0,4.0,4.0,77.0,4.0,4.0,-0.1,0.0131,325,1.82,-3.582117647058823e-07,37.6,-2.25,72.7,37.6,-2.0,4.0,0,0,0,0,1454.0,57.3,12.94,1464.0,57.3,4.0,21.370588235294115,0.968,321.5764705882353,118.0,0.1903,16,1,2,6,Layer 2 Up
155,3.975,-8.5,155,4.0,4.0,0.55,0.0236,326,0.615,-2.13715844402277e-06,77.0,4.0,4.0,77.0,4.0,4.0,0.539,0.0194,325,1.13,8.874296015180265e-07,37.0,-2.47,-152.0,37.0,-2.0,4.0,0,0,0,0,1464.0,57.4,40.5,1464.0,57.3,4.000000954,21.26981499051233,0.803,321.59146110056923,114.0,0.15672495256166982,16,1,54,6,Layer 2 Up
155,4.025,16.5,155,4.0,4.0,-0.189,0.019,326,1.5,-3.00233870967742e-06,77.0,3.975,-2.25,77.0,4.0,4.0,0.38,0.0166,325,1.76,0.0,36.4,-2.57,-171.0,36.4,-2.0,4.0,0,0,0,0,1474.0,57.4,41.4,1474.0,57.3,4.000000954,22.79741935483871,0.927,327.7129032258065,117.0,0.18014032258064516,16,1,54,6,Layer 2 Up
155,3.975,-8.5,155,4.0,4.0,1.08,0.024,326,0.13,-4.427383776091081e-06,77.0,4.0,4.0,77.0,4.0,4.0,1.34,0.0232,325,1.33,1.974511385199241e-07,35.8,-1.65,97.7,35.8,-2.0,4.0,0,0,0,0,1474.0,57.4,57.1,1474.0,57.3,4.0,15.979293168880455,0.948,320.60365275142317,119.0,0.1852376660341556,16,1,54,6,Layer 2 Up
155,3.975,-2.25,155,4.0,4.0,0.581,0.0231,326,2.18,2.208705882352941e-06,77.0,4.025,16.5,77.0,4.0,4.0,-0.579,0.0182,325,1.85,0.0,35.2,-2.1,97.7,35.2,-2.0,4.0,0,0,0,0,1484.0,57.4,33.8,1484.0,57.3,4.0,20.458519924098674,0.804,322.65426944971534,115.0,0.1557290322580645,16,1,54,6,Layer 2 Up
155,4.025,16.5,155,4.0,4.0,0.123,0.0209,326,1.39,-2.1579146110056924e-06,77.0,4.0,4.0,77.0,4.0,4.0,-0.26,0.0172,325,1.89,0.0,34.6,-2.07,123.0,34.6,-2.0,4.0,0,0,0,0,1484.0,57.3,-4.87,1484.0,57.3,4.0,24.4292220113852,0.941,327.7587286527514,120.0,0.183219165085389,16,1,54,6,Layer 2 Up
155,3.975,-2.25,155,4.0,4.0,0.664,0.0266,326,0.728,2.2801669829222013e-06,77.0,4.0,4.0,77.0,4.0,4.0,-0.579,0.0164,325,1.74,-1.2724146110056925e-07,34.0,-1.88,-77.2,34.0,-2.0,4.0,0,0,0,0,1494.0,57.4,73.7,1494.0,57.3,4.000000954,19.238908918406068,0.934,320.6484819734345,119.0,0.18322770398481972,16,1,54,6,Layer 2 Up
155,3.975,-8.5,155,4.0,4.0,0.993,0.0222,326,1.33,7.563584914611006e-06,77.0,4.0,4.0,77.0,4.0,4.0,0.0605,0.0279,325,0.534,9.457026091081595e-07,33.4,-1.57,47.8,33.4,-2.0,4.0,0,0,0,0,1494.0,57.3,-27.7,1494.0,57.3,3.999999046,24.02430740037951,0.977,322.6993833017078,114.0,0.19239805502846302,16,1,54,6,Layer 2 Up
155,4.025,16.5,155,4.0,4.0,0.208,0.0203,326,2.87,-7.146546489563568e-07,77.0,3.975,-8.5,77.0,4.0,4.0,0.22,0.0198,325,1.47,-4.10264705882353e-09,32.8,-1.43,117.0,32.8,-2.0,4.0,0,0,0,0,1504.0,57.2,-26.1,1504.0,57.3,3.999999046,27.99573055028463,1.11,327.8045540796964,119.0,0.21785768500948766,16,1,54,6,Layer 2 Up
155,-2.38,22.8,155,-2.0,4.0,-3.15,0.0725,326,13.6,0.0009580076375711575,77.0,4.0,-2.25,77.0,4.0,4.0,-0.739,0.0165,325,2.38,3.3596442125237193e-07,32.5,4.05,-2.25,32.5,4.0,4.0,0,0,0,0,1504.0,57.3,30.1,1504.0,57.3,4.0,22.70305028462998,0.958,320.6933111954459,120.0,0.18834369070208729,16,1,54,6,Layer 2 Up
154,-1.9,35.3,154,-2.0,4.0,-4.48,0.0869,326,13.7,0.0010486650853889943,77.0,4.025,16.5,77.0,4.0,4.0,-1.38,0.0228,324,2.69,0.0,32.5,4.025,16.5,32.5,4.0,4.0,0,0,0,0,1514.0,57.4,10.63,1514.0,57.3,4.0,21.176925996204933,0.842,322.7444971537002,115.0,0.16493567362428843,16,1,2,6,Layer 2 Up
154,-1.82,60.3,154,-2.0,4.0,-4.12,0.0887,326,16.6,0.0010996223908918406,77.0,3.975,-2.25,77.0,4.0,4.0,0.0602,0.0142,325,1.98,5.131571157495256e-07,32.5,3.975,-14.8,32.5,4.0,4.0,0,0,0,0,1514.0,57.3,-23.4,1514.0,57.3,4.0,24.945137571157492,1.05,326.83221062618594,117.0,0.2056701138519924,16,1,55,6,Layer 2 Up
153,-2.05,-27.3,153,-2.0,4.0,-4.89,0.0916,326,12.9,0.0012014952561669831,77.0,4.0,4.0,77.0,4.0,4.0,-0.739,0.0157,325,1.76,1.8633358633776094e-07,32.5,4.0,10.25,32.5,4.0,4.0,0,0,0,0,1524.0,57.3,-0.13,1524.0,57.3,3.999999046,25.964516129032262,1.06,321.75635673624294,118.0,0.20771612903225806,16,1,55,6,Layer 2 Up
152,-1.93,-2.25,152,-2.0,4.0,-6.2,0.103,326,12.7,0.0013441081593927894,77.0,4.025,16.5,77.0,4.0,4.0,0.22,0.0153,325,0.438,0.0,32.5,4.0,4.0,32.5,4.0,4.0,0,0,0,0,1524.0,57.5,57.8,1524.0,57.3,4.0,15.579435483870968,0.848,322.7896110056926,113.0,0.16190393738140418,16,1,55,6,Layer 2 Up
152,-1.9,4.0,152,-2.0,4.0,-5.51,0.102,326,14.7,0.0012830721062618597,77.0,4.0,4.0,77.0,4.0,4.0,-0.26,0.0182,325,2.37,6.496825426944971e-07,32.5,4.0,4.0,32.5,4.0,4.0,0,0,0,0,1534.0,57.3,15.4,1534.0,57.3,4.0,21.690028462998104,0.997,326.8778937381404,116.0,0.1955157495256167,16,1,55,6,Layer 2 Up
151,-1.85,72.7,151,-2.0,4.0,-5.13,0.0846,326,14.7,0.001028542220113852,77.0,4.0,-2.25,77.0,4.0,4.0,-0.579,0.0177,325,2.99,1.8941470588235293e-06,32.5,4.0,-2.25,32.5,4.0,4.0,0,0,0,0,1544.0,57.3,-5.87,1544.0,57.3,4.0,24.23693548387097,0.892,327.9114800759013,119.0,0.17515768500948764,16,1,55,6,Layer 2 Up
151,-2.2,-64.7,151,-2.0,4.0,-4.35,0.0971,326,13.3,0.0011915351043643263,77.0,4.0,4.0,77.0,4.0,4.0,1.34,0.0242,325,1.43,3.9310474383301703e-07,32.5,4.05,22.8,32.5,4.0,4.0,0,0,0,0,1544.0,57.4,44.2,1544.0,57.3,4.000000954,21.793889943074,0.813,322.834724857685,114.0,0.15887134724857685,16,1,55,6,Layer 2 Up
150,-1.65,66.5,150,-2.0,4.237,-7.88,0.171,326,16.7,0.0022507822580645166,77.0,4.05,-14.8,77.0,4.203,11.56,1.34,0.026,325,3.74,-2.5155801707779887e-06,32.5,3.975,-14.8,32.5,4.0,4.0,0,0,0,0,1554.0,57.4,46.5,1554.0,57.3,4.000000954,22.304131878557875,0.919,327.94203036053136,118.0,0.17924781783681215,16,1,55,6,Layer 2 Up
150,-1.93,16.5,149,-1.93,5.15,-5.86,0.0959,326,12.7,0.001191646110056926,77.1,4.85,22.8,77.1,4.925,11.47,5.5,0.0696,324,3.1,0.00012425711574952562,32.5,4.025,16.5,32.5,4.0,4.0,0,0,0,0,1554.0,57.4,58.6,1554.0,57.3,4.0,16.805265654648956,0.963,321.8462998102467,118.0,0.18740417457305503,16,1,57,6,Layer 2 Up
149,-1.95,-46.0,149,-1.77,6.08,-4.18,0.0961,326,13.2,0.0012018870967741937,77.2,5.58,35.3,77.2,5.66,11.27,3.99,0.0703,325,5.92,0.0002332475806451613,32.5,4.0,4.0,32.5,4.0,4.0,0,0,0,0,1564.0,57.4,38.9,1564.0,57.3,4.0,21.185806451612905,0.824,322.8798387096774,115.0,0.16093064516129033,16,1,57,6,Layer 2 Up
148,-1.38,29.0,148,-1.5,7.01,-6.26,0.112,326,14.4,0.0012732447817836812,77.4,6.22,4.0,77.4,6.4,10.94,8.54,0.109,325,6.32,0.000516428083491461,32.5,3.975,-8.5,32.5,4.0,4.0,0,0,0,0,1564.0,57.3,-6.3,1564.0,57.3,4.0,25.56675521821632,0.959,326.9692599620493,120.0,0.18742163187855787,16,1,57,6,Layer 2 Up
148,-1.07,16.5,148,-1.17,7.82,-5.37,0.0958,326,12.2,0.0009697483870967742,77.6,7.17,-2.25,77.7,7.05,10.52,3.68,0.0853,325,10.1,0.000580626660341556,32.5,4.025,10.25,32.5,4.0,4.0,0,0,0,0,1574.0,57.4,69.9,1574.0,57.3,4.000000954,19.354222011385197,0.948,321.89127134724856,119.0,0.18539307400379504,16,1,2,6,Layer 2 Up
147,-0.68,16.5,147,-0.74,8.61,-5.03,0.077,326,11.3,0.0007629993358633777,78.0,7.72,-21.0,78.0,7.67,9.99,7.21,0.0894,324,6.86,0.0006580741935483871,32.5,4.0,4.0,32.5,4.0,4.0,0,0,0,0,1574.0,57.3,-29.8,1574.0,57.3,3.999999046,25.569136622390896,1.0,323.94364326375717,113.0,0.19762599620493362,16,1,57,6,Layer 2 Up
147,-0.35,4.0,147,-0.22,9.36,-4.47,0.0854,326,12.0,0.0007528474857685009,78.4,8.47,10.25,78.4,8.26,9.34,3.15,0.0589,325,9.38,0.0005297438330170778,32.5,3.975,-8.5,32.5,4.0,4.0,0,0,0,0,1584.0,57.2,-25.4,1584.0,57.3,3.999999046,27.70967741935484,1.1,327.01494307400384,118.0,0.2149537476280835,16,1,57,6,Layer 2 Up
146,0.35,-14.8,146,0.32,9.96,-6.41,0.108,326,11.2,0.0008476296015180265,78.8,8.72,10.25,78.9,8.74,8.65,5.94,0.104,324,12.4,0.001059537001897533,32.5,4.05,22.8,32.5,4.0,4.0,0,0,0,0,1584.0,57.3,20.6,1584.0,57.3,4.0,22.617039848197344,0.983,322.9550284629981,120.0,0.19356925996204935,16,1,57,6,Layer 2 Up
146,0.7,-21.0,146,0.95,10.5,-3.85,0.078,326,8.72,0.0005359061669829222,79.3,9.2,66.5,79.3,9.16,7.86,6.08,0.119,324,12.9,0.0013448595825426945,32.5,4.0,4.0,32.5,4.0,4.0,0,0,0,0,1594.0,57.4,5.94,1594.0,57.3,4.0,22.006793168880456,0.857,323.98889943074005,115.0,0.16810744781783682,16,1,57,6,Layer 2 Up
146,1.55,-2.25,146,1.65,10.95,-5.99,0.099,326,9.69,0.0005196290322580646,79.9,9.8,-8.5,79.9,9.52,6.98,3.63,0.0913,325,14.9,0.001110579696394687,32.5,4.0,4.0,32.5,4.0,4.0,0,0,0,0,1594.0,57.3,-19.1,1594.0,57.3,4.0,24.65690702087286,1.05,326.04174573055025,117.0,0.20581385199240987,16,1,57,6,Layer 2 Up
146,2.23,-33.5,146,2.33,11.26,-5.26,0.103,326,7.24,0.00042693078747628086,80.4,9.55,22.8,80.4,9.76,6.12,9.04,0.155,324,15.4,0.001834070208728653,32.5,4.0,4.0,32.5,4.0,4.0,0,0,0,0,1604.0,57.3,2.69,1604.0,57.3,3.999999046,25.67698292220114,1.06,323.00014231499057,117.0,0.20786129032258066,16,1,57,6,Layer 2 Up
146,2.85,-52.3,146,3.067,11.46,-2.87,0.0664,326,4.1,0.00015896015180265655,81.0,9.7,16.5,81.0,9.93,5.19,6.35,0.107,324,14.3,0.0012635294117647059,32.5,4.025,16.5,32.5,4.0,4.0,0,0,0,0,1604.0,57.5,59.3,1604.0,57.3,4.0,15.692220113851993,0.854,324.034155597723,112.0,0.1630360531309298,16,1,57,6,Layer 2 Up
145,3.9,85.2,145,3.85,11.56,-3.01,0.0799,326,9.23,0.0,81.6,9.8,16.5,81.7,10.0,4.208,5.48,0.1,325,14.6,0.0012330175521821632,32.5,4.0,4.0,32.5,4.0,4.0,0,0,0,0,1614.0,57.3,19.4,1614.0,57.3,4.0,22.01089184060721,1.01,326.08728652751427,116.0,0.19870944022770398,16,1,57,6,Layer 2 Up
146,10.82,516.0,146,10.0,4.0,1.95,0.0525,326,13.2,0.00041374250474383303,81.9,3.825,-33.5,81.9,4.0,4.0,0.617,0.0178,325,1.32,-2.7005360531309297e-06,32.5,4.025,16.5,32.5,4.0,4.0,0,0,0,0,1614.0,57.3,9.06,1624.0,57.3,4.0,21.09475332068311,0.989,324.0643263757116,119.0,0.19464240986717268,16,1,57,6,Layer 2 Up
146,10.0,41.5,146,10.0,4.0,5.58,0.102,326,12.1,0.001304470588235294,81.9,3.95,-27.3,81.9,4.0,4.0,-0.555,0.024,325,0.763,3.648441176470588e-06,32.5,4.025,16.5,32.5,4.0,4.0,0,0,0,0,1624.0,57.4,40.3,1624.0,57.3,4.000000954,21.70720588235294,0.836,324.07941176470587,115.0,0.1640779411764706,16,1,2,6,Layer 2 Up
147,10.03,22.8,147,10.0,4.0,5.76,0.0978,326,14.0,0.0013045313092979126,81.9,4.025,16.5,81.9,4.0,4.0,-0.522,0.0195,325,1.16,-7.694696394686906e-07,32.5,4.0,-2.25,32.5,4.0,4.0,0,0,0,0,1634.0,57.4,48.2,1634.0,57.3,4.000000954,22.829297912713468,0.927,327.15199240986715,118.0,0.18243055028462996,16,1,59,6,Layer 2 Up
147,10.03,4.0,147,10.0,4.0,-1.13,0.0925,326,21.5,0.001141518026565465,81.9,3.95,-21.0,81.9,4.0,4.0,-0.457,0.0192,325,1.24,-2.058809297912714e-06,32.5,4.0,10.25,32.5,4.0,4.0,0,0,0,0,1634.0,57.4,61.5,1634.0,57.3,4.0,16.307400379506642,0.96,324.1095825426945,118.0,0.1865158918406072,16,1,59,6,Layer 2 Up
148,10.25,66.5,148,10.0,4.0,3.67,0.0843,326,12.8,0.001080415559772296,81.9,3.95,-21.0,81.9,4.0,4.0,-0.457,0.016,325,1.41,1.3760009487666034e-06,32.5,4.025,16.5,32.5,4.0,4.0,0,0,0,0,1644.0,57.4,34.6,1644.0,57.3,4.0,21.404459203036055,0.837,325.1439278937381,115.0,0.16410085388994308,16,1,59,6,Layer 2 Up
148,4.975,-33.5,148,5.09,12.92,3.35,0.0552,326,8.2,7.675384724857685e-05,81.7,-2.72,-196.0,81.7,-1.9,5.62,-3.27,0.103,324,13.8,0.0014474165085388993,32.5,4.0,4.0,32.5,4.0,4.0,0,0,0,0,1644.0,57.3,-2.5,1644.0,57.3,4.0,25.278823529411763,0.959,327.1976755218216,121.0,0.18857186907020873,16,1,59,6,Layer 2 Up
149,5.83,47.8,149,5.93,12.6,5.82,0.115,326,8.31,0.00042914838709677414,81.2,-1.68,-8.5,81.1,-1.68,6.9,-8.95,0.154,324,14.5,0.0018552258064516128,32.5,4.025,16.5,32.5,4.0,4.0,0,0,0,0,1654.0,57.4,65.4,1654.0,57.3,4.000000954,18.96,0.957,324.1548387096774,120.0,0.18756129032258062,16,1,59,6,Layer 2 Up
149,6.8,47.8,149,6.77,12.06,5.55,0.106,325,10.1,0.0006432428368121442,80.6,-1.22,-46.0,80.6,-1.32,8.16,-7.5,0.13,324,13.8,0.0014475512333965842,32.5,4.025,16.5,32.5,4.0,4.0,0,0,0,0,1654.0,57.3,-36.8,1654.0,57.3,3.999999046,25.4850569259962,1.02,325.1893263757115,114.0,0.19980284629981024,16,1,59,6,Layer 2 Up
149,7.6,47.8,149,7.57,11.31,5.89,0.102,326,11.0,0.0007686650853889944,80.1,-1.22,-71.0,80.1,-0.82,9.37,-1.64,0.0931,324,14.0,0.0009919245730550285,32.5,3.975,-2.25,32.5,4.0,4.0,0,0,0,0,1664.0,57.2,-15.8,1664.0,57.3,3.999999046,28.136812144212527,1.07,326.2239089184061,118.0,0.21204554079696394,16,1,59,6,Layer 2 Up
149,8.07,-27.3,149,8.23,10.46,4.28,0.0748,326,11.2,0.000650439184060721,79.7,-0.3,10.25,79.6,-0.26,10.37,-7.41,0.137,324,13.7,0.0012539814990512334,32.5,4.025,16.5,32.5,4.0,4.0,0,0,0,0,1664.0,57.3,30.5,1664.0,57.3,4.0,23.04063567362429,0.961,324.20009487666033,119.0,0.1886069734345351,16,1,59,6,Layer 2 Up
150,8.72,41.5,150,8.82,9.42,6.75,0.111,325,12.7,0.0011826717267552182,79.3,0.25,54.0,79.2,0.43,11.27,-4.46,0.0741,324,9.62,0.0005821599620493359,32.5,4.025,10.25,32.5,4.0,4.0,0,0,0,0,1674.0,57.4,5.56,1674.0,57.3,4.0,21.30848197343453,0.861,326.25426944971537,115.0,0.16924440227703985,16,1,59,6,Layer 2 Up
150,9.22,10.25,150,9.32,8.22,7.49,0.11,326,12.1,0.0012540981973434534,78.9,1.35,22.8,78.9,1.23,12.03,-5.02,0.099,324,11.6,0.0005301878557874763,32.5,3.975,-14.8,32.5,4.0,4.0,0,0,0,0,1674.0,57.3,-15.6,1674.0,57.3,4.0,25.285882352941176,1.05,326.26944971537,117.0,0.20697718216318786,16,1,2,6,Layer 2 Up
151,9.55,29.0,151,9.67,7.01,5.08,0.0997,326,13.9,0.0011827817836812143,78.7,1.85,-27.3,78.7,2.02,12.56,-6.99,0.129,324,10.0,0.0005516249525616699,32.5,4.025,10.25,32.5,4.0,4.0,0,0,0,0,1684.0,57.3,-0.5,1684.0,57.3,3.999999046,25.69491461100569,1.06,325.26499051233395,117.0,0.20800645161290318,16,1,59,6,Layer 2 Up
152,9.93,-14.8,152,9.9,5.69,4.14,0.0719,326,13.2,0.0009197575901328275,78.5,2.8,-14.8,78.5,2.9,12.91,-1.8,0.041,324,3.69,0.00010706712523719167,32.5,4.025,16.5,32.5,4.0,4.0,0,0,0,0,1684.0,57.5,52.1,1684.0,57.3,4.0,15.193334914611007,0.853,325.2801233396585,112.0,0.16314990512333968,16,1,59,6,Layer 2 Up
152,9.93,-58.5,152,10.0,4.273,4.12,0.067,326,14.0,0.0007841757115749526,78.5,3.825,41.5,78.5,3.837,13.07,-5.46,0.0846,325,6.9,4.140121442125237e-05,32.5,4.0,4.0,32.5,4.0,4.0,0,0,0,0,1694.0,57.3,21.6,1694.0,57.3,4.0,19.37495256166983,1.01,326.31499051233396,118.0,0.19884819734345352,16,1,59,6,Layer 2 Up
153,10.15,54.0,153,10.0,4.0,3.57,0.0817,325,13.3,0.0010299796015180267,78.5,3.875,-58.5,78.5,4.0,4.0,-3.21,0.0671,324,3.33,2.121146110056926e-05,32.5,4.0,4.0,32.5,4.0,4.0,0,0,0,0,1694.0,57.3,6.06,1704.0,57.3,4.0,20.905526565464896,0.993,326.3301707779886,119.0,0.19477832068311196,16,1,59,6,Layer 2 Up
153,9.9,-8.5,153,10.0,4.0,5.3,0.0967,326,14.0,0.001233993358633776,78.5,3.9,-52.3,78.5,4.0,4.0,-2.6,0.0678,324,3.72,2.0396584440227705e-05,32.5,4.025,10.25,32.5,4.0,4.0,0,0,0,0,1704.0,57.4,39.9,1704.0,57.3,4.000000954,19.98865275142315,0.828,326.34535104364323,116.0,0.16215284629981025,16,1,61,6,Layer 2 Up
154,9.85,-2.25,154,10.0,4.0,5.49,0.106,326,15.6,0.0013258396584440225,78.5,4.1,54.0,78.5,4.0,4.0,-4.66,0.0636,325,5.03,-2.8964497153700185e-05,32.5,3.975,-2.25,32.5,4.0,4.0,0,0,0,0,1714.0,57.4,44.0,1714.0,57.3,4.000000954,23.049212523719163,0.932,326.36053130929787,118.0,0.1825579222011385,16,1,61,6,Layer 2 Up
155,10.18,66.5,155,10.0,4.0,4.64,0.0854,326,13.6,0.0011219165085388995,78.5,3.9,-46.0,78.5,4.0,4.0,-2.88,0.0643,325,3.65,2.0194497153700193e-05,32.5,4.025,16.5,32.5,4.0,4.0,0,0,0,0,1724.0,57.4,31.2,1724.0,57.3,4.0,19.990512333965846,0.842,326.37571157495256,116.0,0.1631878557874763,16,1,61,6,Layer 2 Up
156,10.13,35.3,156,10.0,4.0,4.33,0.0804,326,14.2,0.0010403709677419355,78.5,4.125,66.5,78.5,4.0,4.0,-4.02,0.0618,325,6.06,-1.9481456356736243e-05,32.5,3.975,-14.8,32.5,4.0,4.0,0,0,0,0,1724.0,57.3,-5.94,1724.0,57.3,4.0,25.80527988614801,0.979,326.3908918406072,120.0,0.19277462049335864,16,1,2,6,Layer 2 Up
156,10.1,-21.0,156,10.0,4.0,3.21,0.0693,326,14.8,0.0008588559772296014,78.5,4.1,54.0,78.5,4.0,4.0,-4.33,0.0575,325,5.54,-3.5802666034155596e-05,32.5,3.975,-2.25,32.5,4.0,4.0,0,0,0,0,1734.0,57.3,-35.5,1734.0,57.3,4.0,23.664440227703984,0.924,327.42609108159394,115.0,0.18054335863377607,16,1,61,6,Layer 2 Up
157,10.05,10.25,157,10.0,4.0,5.3,0.0917,326,13.0,0.0011730763757115748,78.5,3.875,-58.5,78.5,4.0,4.0,-2.89,0.0624,324,3.35,-1.9177248576850092e-05,32.5,4.0,4.0,32.5,4.0,4.0,0,0,0,0,1734.0,57.3,1.06,1734.0,57.3,4.000000954,17.851162239089184,0.791,328.46138519924096,121.0,0.1540300284629981,16,1,61,6,Layer 2 Up
157,10.18,47.8,157,10.0,4.0,4.52,0.0814,326,12.8,0.0010609184060721062,78.5,3.85,-71.0,78.5,4.0,4.0,-3.07,0.0593,325,2.93,0.0,32.5,4.0,4.0,32.5,4.0,4.0,0,0,0,0,1744.0,57.2,-63.2,1744.0,57.3,3.999999046,24.58474383301708,1.1,328.47666034155594,119.0,0.21524402277039845,16,1,61,6,Layer 2 Up
158,10.15,66.5,158,10.0,4.0,5.94,0.0916,326,10.2,0.0011935887096774195,78.5,3.85,-64.7,78.5,4.0,4.0,-3.05,0.0586,325,3.37,-9.161048387096775e-06,32.5,4.0,4.0,32.5,4.0,4.0,0,0,0,0,1744.0,57.5,64.0,1744.0,57.3,4.0,18.362903225806452,0.838,328.491935483871,118.0,0.16118548387096776,16,1,61,6,Layer 2 Up
159,9.95,16.5,159,10.0,4.0,6.83,0.115,326,14.1,0.0015609193548387097,78.5,4.15,79.0,78.5,4.0,4.0,-4.51,0.069,325,5.32,0.0,32.5,4.0,4.0,32.5,4.0,4.0,0,0,0,0,1754.0,57.3,-5.06,1754.0,57.3,4.0,18.771840607210624,0.902,326.4667931688805,119.0,0.17751631878557875,16,1,61,6,Layer 2 Up
159,10.13,72.7,159,10.0,4.0,5.06,0.0973,326,12.6,0.0012957253320683114,78.5,3.85,-71.0,78.5,4.0,4.0,-3.2,0.0598,325,3.34,2.846514705882353e-05,32.5,4.025,16.5,32.5,4.0,4.0,0,0,0,0,1754.0,57.5,57.8,1754.0,57.3,4.0,13.36535578747628,0.849,328.5224857685009,119.0,0.16426124288425048,16,1,61,6,Layer 2 Up
160,10.13,97.7,160,9.96,2.94,4.4,0.0965,326,13.9,0.0012855825426944972,78.5,4.75,41.5,78.5,4.716,13.01,4.05,0.0761,325,5.51,0.00012447703984819734,32.5,4.025,16.5,32.5,4.0,4.0,0,0,0,0,1764.0,57.4,0.5,1764.0,57.3,4.0,19.487798861480076,0.774,328.5377609108159,118.0,0.15100493358633774,16,1,61,6,Layer 2 Up
160,9.53,-109.0,160,9.79,1.65,5.51,0.0843,326,13.6,0.0009764759487666032,78.6,5.48,-2.25,78.6,5.57,12.76,5.37,0.0851,325,7.94,0.0002897796963946869,32.5,4.0,4.0,32.5,4.0,4.0,0,0,0,0,1764.0,57.3,-4.87,1764.0,57.3,4.000000954,23.366038899430738,0.85,327.53268500948764,123.0,0.1652968690702087,16,1,61,6,Layer 2 Up
161,9.38,-14.8,161,9.5,0.41,6.9,0.0965,326,11.8,0.0011122343453510437,78.8,6.4,29.0,78.8,6.39,12.33,4.65,0.0863,325,9.07,0.0004489753320683113,32.5,4.0,4.0,32.5,4.0,4.0,0,0,0,0,1774.0,57.3,5.94,1774.0,57.3,4.0,18.57125237191651,1.04,329.5887096774194,120.0,0.20203889943074008,16,1,61,6,Layer 2 Up
161,9.1,41.5,161,9.08,-0.8,5.75,0.101,326,11.9,0.0010714682163187855,79.0,6.95,29.0,79.1,7.19,11.69,3.5,0.062,325,8.38,0.000354094734345351,32.5,4.0,4.0,32.5,4.0,4.0,0,0,0,0,1774.0,57.3,-19.9,1774.0,57.3,4.0,29.490887096774195,0.964,328.58358633776095,118.0,0.188782495256167,16,1,61,6,Layer 2 Up
162,8.65,4.0,162,8.54,-1.91,3.6,0.0858,326,13.7,0.0008276201138519924,79.4,7.88,72.7,79.4,7.92,10.88,5.31,0.0997,324,11.0,0.0008337430740037951,32.5,4.0,4.0,32.5,4.0,4.0,0,0,0,0,1784.0,57.4,18.3,1784.0,57.3,4.0,16.736091081593926,0.814,329.6193548387097,120.0,0.16021745730550285,16,1,61,6,Layer 2 Up
162,7.85,-2.25,162,7.9,-2.88,5.34,0.0864,326,10.5,0.0006500844876660341,79.8,8.85,72.7,79.9,8.56,9.91,5.41,0.134,324,14.4,0.001418551707779886,32.5,4.0,4.0,32.5,4.0,4.0,0,0,0,0,1784.0,57.3,23.0,1794.0,57.3,4.000000954,21.53341081593928,0.94,329.63467741935483,120.0,0.18471788425047436,16,1,61,6,Layer 2 Up
163,7.2,-2.25,163,7.11,-3.75,3.29,0.0603,326,7.91,0.000338835294117647,80.3,8.9,29.0,80.4,9.13,8.72,6.06,0.0988,324,12.6,0.0010512058823529413,32.5,4.025,16.5,32.5,4.0,4.0,0,0,0,0,1794.0,57.4,11.0,1794.0,57.3,4.0,18.47264705882353,0.77,328.6294117647059,118.0,0.1510470588235294,16,1,61,6,Layer 2 Up
163,6.5,66.5,163,6.36,-4.33,4.37,0.0963,326,9.81,0.0005052146584440229,80.8,9.38,-39.8,80.9,9.51,7.6,6.12,0.0881,325,12.4,0.0010022642314990514,32.5,4.0,4.0,32.5,4.0,4.0,0,0,0,0,1804.0,57.5,65.3,1804.0,57.3,4.0,12.962073055028464,0.763,329.6653225806452,118.0,0.14697153700189755,16,1,61,6,Layer 2 Up
163,5.73,72.7,163,5.51,-4.77,4.57,0.0878,326,7.26,0.0003011015180265655,81.4,10.05,54.0,81.4,9.81,6.3,4.63,0.102,324,14.4,0.0013166812144212523,32.5,4.0,4.0,32.5,4.0,4.0,0,0,0,0,1804.0,57.2,-20.4,1804.0,57.3,4.0,24.496394686907024,1.05,328.6599620493359,120.0,0.20515730550284633,16,1,2,6,Layer 2 Up
163,4.825,54.0,163,4.615,-5.02,5.76,0.0913,326,5.27,0.00010309378557874763,82.0,9.93,22.8,82.0,9.97,4.957,8.25,0.136,325,15.2,0.0018066930740037951,32.5,4.0,4.0,32.5,4.0,4.0,0,0,0,0,1814.0,57.3,-9.6,1814.0,57.3,4.0,23.78302182163188,0.952,328.67523719165087,118.0,0.1878144212523719,16,1,61,6,Layer 2 Up
163,4.15,79.0,163,4.0,4.0,2.22,0.054,326,3.26,-2.5315294117647057e-05,82.4,5.5,410.0,82.5,10.0,129.0,12.1,0.203,325,14.1,0.0016434525616698292,32.5,4.0,4.0,32.5,4.0,4.0,0,0,0,0,1814.0,57.4,3.375,1814.0,57.3,4.000000954,17.76153700189753,0.779,329.7112903225806,121.0,0.1520959203036053,16,1,61,6,Layer 2 Up
163,4.2,97.7,163,4.0,4.0,1.15,0.0395,326,3.51,5.818704933586337e-06,83.0,9.8,-58.5,83.1,10.0,4.0,6.52,0.116,324,14.7,0.0014597803605313092,32.5,4.0,4.0,32.5,4.0,4.0,0,0,0,0,1824.0,57.2,-61.9,1824.0,57.3,3.999999046,25.316470588235294,1.09,328.7057874762808,118.0,0.21233168880455405,16,1,63,6,Layer 2 Up
163,4.175,97.7,163,4.0,4.0,2.28,0.043,326,1.86,6.0946110056926e-06,83.6,10.05,-46.0,83.7,10.0,4.0,7.92,0.1,324,11.7,0.0012862998102466795,32.5,4.0,4.0,32.5,4.0,4.0,0,0,0,0,1824.0,57.4,56.7,1824.0,57.3,4.0,18.681973434535106,0.853,329.74193548387103,119.0,0.1633396584440228,16,1,63,6,Layer 2 Up
163,4.15,85.2,163,4.0,4.0,0.946,0.0476,326,4.1,0.0,84.2,10.43,29.0,84.3,10.0,4.0,5.57,0.0992,325,11.2,0.0012965687855787478,32.5,4.0,4.0,32.5,4.0,4.0,0,0,0,0,1834.0,57.4,13.19,1834.0,57.3,4.0,18.274473434535103,0.804,329.7572580645162,122.0,0.15722172675521823,16,1,63,6,Layer 2 Up
163,4.175,91.5,163,4.0,4.0,1.44,0.0425,326,3.22,-1.7560645161290325e-05,84.8,10.32,72.7,84.9,10.0,4.0,5.62,0.131,324,14.7,0.0017560645161290322,32.5,4.0,4.0,32.5,4.0,4.0,0,0,0,0,1834.0,57.3,-0.38,1834.0,57.3,4.0,21.950806451612905,1.01,329.7725806451613,119.0,0.19806774193548388,16,1,63,6,Layer 2 Up
163,4.225,110.0,163,4.0,4.0,0.656,0.0427,326,3.85,-4.4924667931688805e-06,85.4,10.05,66.5,85.5,10.0,4.0,8.34,0.157,325,16.5,0.0020828709677419358,32.5,4.0,4.0,32.5,4.0,4.0,0,0,0,0,1844.0,57.4,21.3,1844.0,57.3,4.000000954,22.97284155597723,0.875,329.7879032258065,119.0,0.17153055028463,16,1,63,6,Layer 2 Up
163,4.15,79.0,163,4.0,4.0,0.307,0.0387,326,4.7,-1.092537001897533e-05,86.0,9.9,47.8,86.1,10.0,4.0,8.65,0.147,325,15.3,0.001940018975332068,32.5,4.0,4.0,32.5,4.0,4.0,0,0,0,0,1844.0,57.3,-34.4,1844.0,57.3,3.999999046,23.178121442125235,0.963,329.8032258064516,113.0,0.18991764705882352,16,1,63,6,Layer 2 Up
163,3.825,-77.2,163,4.0,4.0,3.38,0.057,326,4.92,1.7358870967741934e-05,86.7,9.93,10.25,86.7,10.0,4.0,7.74,0.138,324,16.8,0.001827787001897533,32.5,4.0,4.0,32.5,4.0,4.0,0,0,0,0,1854.0,57.3,9.88,1854.0,57.3,3.999999046,17.767314990512332,1.02,324.71299810246677,121.0,0.20115868121442124,16,1,63,6,Layer 2 Up
163,4.15,72.7,163,4.0,4.0,-0.0124,0.0522,326,4.39,-1.6951214421252374e-05,87.2,9.82,10.25,87.3,10.0,4.0,6.31,0.104,325,14.2,0.0013172931688804554,32.5,4.0,4.0,32.5,4.0,4.0,0,0,0,0,1854.0,57.3,-23.4,1854.0,57.3,4.0,26.447979127134726,0.964,328.81271347248577,120.0,0.1889141366223909,16,1,2,6,Layer 2 Up
163,3.8,-89.7,163,4.0,4.0,4.54,0.0571,326,3.28,0.0,87.9,9.85,10.25,87.9,10.0,4.0,5.78,0.0979,325,14.3,0.001245870018975332,32.5,4.0,4.0,32.5,4.0,4.0,0,0,0,0,1864.0,57.2,-37.6,1864.0,57.3,4.0,25.63224383301708,0.917,326.7855787476281,123.0,0.1787108633776091,16,1,63,6,Layer 2 Up
163,3.85,-71.0,163,4.0,4.0,2.25,0.0573,326,5.65,1.7054914611005692e-05,88.5,9.75,-58.5,88.5,10.0,4.0,5.89,0.0821,325,13.3,0.0010018485768500949,32.5,4.0,4.0,32.5,4.0,4.0,0,0,0,0,1864.0,57.3,7.94,1874.0,57.3,4.0,18.791043643263755,0.99,324.7582542694497,121.0,0.19608045540796964,16,1,63,6,Layer 2 Up
163,4.15,72.7,163,4.0,4.0,0.831,0.0413,326,3.49,-1.8485526565464893e-05,89.0,10.2,4.0,89.1,10.0,4.0,3.12,0.053,325,11.6,0.0006669087760910816,32.5,4.0,4.0,32.5,4.0,4.0,0,0,0,0,1874.0,57.3,-20.3,1874.0,57.3,3.999999046,21.447296015180264,0.981,328.8585388994307,116.0,0.1930256641366224,16,1,63,6,Layer 2 Up
163,4.1,60.3,163,3.9017,-5.07,2.75,0.0414,326,1.73,-4.943320683111954e-06,89.6,9.3,554.0,89.6,10.0,3.879,26.8,0.336,324,22.8,0.004197737191650853,32.5,4.0,4.0,32.5,4.0,4.0,0,0,0,0,1884.0,57.5,61.4,1884.0,57.3,4.0,12.46043643263757,0.759,329.89516129032256,119.0,0.14605265654648955,16,1,63,6,Layer 2 Up
163,3.275,104.0,163,2.96,-4.94,-5.21,0.0795,326,6.18,0.0001910008064516129,90.2,9.9,-58.5,90.2,9.91,2.46,4.21,0.0796,325,14.2,0.0009897314516129033,32.5,4.0,4.0,32.5,4.0,4.0,0,0,0,0,1884.0,57.4,58.5,1884.0,57.3,4.0,14.810222960151805,0.89,323.78211574952564,119.0,0.17363709677419356,16,1,63,6,Layer 2 Up
163,2.15,-39.8,163,2.12,-4.62,-4.05,0.0876,326,9.35,0.0003033683111954459,90.8,9.93,47.8,90.8,9.7,1.18,6.93,0.128,324,13.9,0.0016445218216318788,32.5,4.0,4.0,32.5,4.0,4.0,0,0,0,0,1894.0,57.3,-2.31,1894.0,57.3,4.0,23.59531309297913,0.944,328.90436432637574,118.0,0.18590246679316888,16,1,63,6,Layer 2 Up
163,1.22,10.25,163,1.25,-4.08,-4.69,0.087,326,9.05,0.0005526258538899431,91.3,9.22,-14.8,91.4,9.33,-0.13,6.78,0.122,325,15.2,0.0013994407020872864,32.5,4.0,4.0,32.5,4.0,4.0,0,0,0,0,1894.0,57.3,-17.1,1894.0,57.3,4.0,21.859876660341556,0.919,325.85517077798863,121.0,0.18080365275142313,16,1,63,6,Layer 2 Up
163,0.4,-39.8,162,0.48,-3.36,-5.56,0.0975,326,9.92,0.0007641096774193548,91.8,9.07,-64.7,91.9,8.86,-1.3,1.56,0.0404,325,9.69,0.0003708179316888045,32.5,4.0,4.0,32.5,4.0,4.0,0,0,0,0,1904.0,57.4,60.4,1904.0,57.3,4.000000954,20.226432637571158,0.903,323.827229601518,119.0,0.17774743833017076,16,1,63,6,Layer 2 Up
162,-0.1,-33.5,162,-0.24,-2.44,-6.72,0.116,326,11.8,0.001007282258064516,92.3,8.65,91.5,92.4,8.25,-2.39,7.0,0.14,324,12.4,0.0014812974383301705,32.5,4.0,4.0,32.5,4.0,4.0,0,0,0,0,1904.0,57.4,12.5,1904.0,57.3,4.000000954,19.614421252371915,0.73,329.97177419354836,118.0,0.14302182163187857,16,1,63,6,Layer 2 Up
162,-0.7,-2.25,162,-0.81,-1.45,-6.28,0.11,326,10.7,0.001134011385199241,92.7,7.4,-8.5,92.7,7.59,-3.25,6.29,0.108,324,11.8,0.0008316083491461102,32.5,4.0,4.0,32.5,4.0,4.0,0,0,0,0,1914.0,57.3,-3.31,1914.0,57.3,4.0,17.77639468690702,0.901,324.8789373814042,119.0,0.17674231499051232,16,1,63,6,Layer 2 Up
161,-1.2,16.5,161,-1.28,-0.34,-4.01,0.0732,326,13.4,0.0007754546015180267,93.0,6.75,-2.25,93.0,6.86,-3.97,8.06,0.121,324,9.66,0.0007396958254269451,32.5,4.0,4.0,32.5,4.0,4.0,0,0,0,0,1914.0,57.3,-2.75,1914.0,57.3,4.0,22.068273244781786,1.01,328.9807400379507,120.0,0.19922746679316888,16,1,2,6,Layer 2 Up
161,-1.6,-14.8,161,-1.65,0.91,-6.03,0.106,326,14.3,0.0012362893738140416,93.3,6.22,-14.8,93.3,6.03,-4.53,3.9,0.0682,324,7.43,0.0002952790322580645,32.5,3.975,-8.5,32.5,4.0,4.0,0,0,0,0,1924.0,57.3,15.9,1924.0,57.3,4.000000954,22.784506641366224,0.886,328.99601518026566,119.0,0.17369354838709677,16,1,63,6,Layer 2 Up
160,-2.05,-8.5,160,-1.89,2.23,-4.99,0.0893,326,12.8,0.0011239516129032258,93.4,5.4,91.5,93.4,5.15,-4.9,1.81,0.0613,325,7.69,0.00016144032258064514,32.5,4.0,4.0,32.5,4.0,4.0,0,0,0,0,1924.0,57.3,-39.3,1924.0,57.3,3.999999046,18.391935483870967,0.95,329.01129032258063,118.0,0.18698467741935482,16,1,63,6,Layer 2 Up
159,-2.07,-2.25,159,-2.0,3.644,-5.41,0.0932,326,13.1,0.0011955313092979127,93.5,4.275,-33.5,93.5,4.218,-5.07,7.06,0.112,325,6.4,5.507618595825427e-05,32.5,4.0,4.0,32.5,4.0,4.0,0,0,0,0,1934.0,57.3,13.44,1934.0,57.3,3.999999046,18.90370018975332,1.02,322.89563567362427,120.0,0.2012988614800759,16,1,63,6,Layer 2 Up
159,-2.05,-14.8,159,-2.0,4.0,-4.51,0.0836,326,14.3,0.0010525251423149906,93.5,4.075,41.5,93.5,4.0,4.0,4.58,0.0815,325,5.61,-1.3284297912713474e-05,32.5,3.975,-8.5,32.5,4.0,4.0,0,0,0,0,1934.0,57.3,-21.6,1934.0,57.3,4.0,26.875156546489567,0.972,329.04184060721064,120.0,0.18904577798861483,16,1,63,6,Layer 2 Up
158,-2.18,-71.0,158,-2.0,4.0,-4.51,0.0913,326,13.5,0.0012058614800759015,93.5,4.1,54.0,93.5,4.0,4.0,4.0,0.0795,325,6.1,-1.2569573055028465e-05,32.5,4.0,4.0,32.5,4.0,4.0,0,0,0,0,1944.0,57.4,15.3,1944.0,57.3,4.0,16.96381404174573,0.808,330.07903225806456,120.0,0.1594189753320683,16,1,65,6,Layer 2 Up
158,-1.93,-27.3,158,-2.0,4.0,-5.26,0.1,326,14.8,0.0012774549335863377,93.5,4.1,54.0,93.5,4.0,4.0,3.73,0.0799,325,6.04,-2.5753491461100568e-05,32.5,4.0,4.0,32.5,4.0,4.0,0,0,0,0,1944.0,57.3,14.9,1954.0,57.3,4.000000954,22.381010436432636,0.934,330.0943548387097,120.0,0.18395351043643263,16,1,65,6,Layer 2 Up
157,-1.8,47.8,157,-2.0,4.0,-6.01,0.116,325,14.4,0.0014308159392789374,93.5,3.9,-39.8,93.5,4.0,4.0,5.38,0.0949,324,6.11,7.736626185958254e-05,32.5,4.0,4.0,32.5,4.0,4.0,0,0,0,0,1954.0,57.3,-27.1,1954.0,57.3,3.999999046,21.666641366223907,1.01,329.0876660341556,117.0,0.19827020872865275,16,1,65,6,Layer 2 Up
157,-2.1,4.0,157,-2.0,4.0,-1.86,0.0818,326,16.0,0.0010220588235294117,93.5,4.075,41.5,93.5,4.0,4.0,1.76,0.0766,324,9.12,-2.4631617647058822e-05,32.5,3.975,-8.5,32.5,4.0,4.0,0,0,0,0,1964.0,57.5,66.0,1964.0,57.3,4.0,13.08235294117647,0.766,330.125,117.0,0.14615441176470587,16,1,65,6,Layer 2 Up
156,-2.2,-77.2,156,-2.0,4.0,-4.0,0.0839,326,13.4,0.001124316888045541,93.5,4.1,47.8,93.5,4.0,4.0,1.76,0.0767,324,8.73,-3.689803605313094e-05,32.5,3.975,-8.5,32.5,4.0,4.0,0,0,0,0,1964.0,57.2,-27.2,1964.0,57.3,4.0,24.326129032258066,1.06,329.1182163187856,121.0,0.2074875711574953,16,1,65,6,Layer 2 Up
155,-2.13,4.0,155,-2.0,4.0,-3.37,0.0766,326,14.4,0.0009894447817836813,93.5,4.075,41.5,93.5,4.0,4.0,4.02,0.0795,324,5.61,-1.2879136622390892e-05,32.5,4.0,4.0,32.5,4.0,4.0,0,0,0,0,1974.0,57.4,19.4,1974.0,57.3,4.0,21.363012333965845,0.811,330.15564516129035,117.0,0.15741166982922203,16,1,2,6,Layer 2 Up
155,-1.82,47.8,155,-2.0,4.0,-5.45,0.094,326,14.1,0.0010937552182163188,93.5,4.1,47.8,93.5,4.0,4.0,3.17,0.0755,325,6.84,-3.6697020872865276e-05,32.5,4.0,4.0,32.5,4.0,4.0,0,0,0,0,1974.0,57.4,6.19,1974.0,57.3,4.000000954,18.399620493358633,0.791,330.1709677419355,120.0,0.15435237191650852,16,1,65,6,Layer 2 Up
154,-2.03,41.5,154,-2.0,4.0,-3.32,0.0637,326,13.2,0.000786109155597723,93.5,4.1,47.8,93.5,4.0,4.0,3.73,0.0751,325,6.24,-3.6596499051233396e-05,32.5,3.975,-8.5,32.5,4.0,4.0,0,0,0,0,1984.0,57.2,-71.3,1984.0,57.3,3.999999046,25.351764705882353,1.09,329.1640417457305,119.0,0.21262770398481973,16,1,65,6,Layer 2 Up
154,-2.18,-46.0,154,-2.0,4.0,-2.29,0.0789,326,15.5,0.0010222960151802657,93.5,4.075,35.3,93.5,4.0,4.0,4.02,0.0739,325,6.11,-3.588259013282732e-05,32.5,3.975,-8.5,32.5,4.0,4.0,0,0,0,0,1984.0,57.4,57.6,1984.0,57.3,4.0,17.379032258064516,0.843,329.1793168880455,120.0,0.16152277039848195,16,1,65,6,Layer 2 Up
153,-2.0,-27.3,153,-2.0,4.0,-4.49,0.0969,326,15.7,0.0012268121442125237,93.5,4.05,29.0,93.5,4.0,4.0,4.29,0.0755,325,6.04,-1.2268121442125238e-05,32.5,3.975,-8.5,32.5,4.0,4.0,0,0,0,0,1994.0,57.4,13.56,1994.0,57.3,4.0,18.913353889943075,0.805,330.216935483871,121.0,0.15744089184060722,16,1,65,6,Layer 2 Up
152,-1.9,29.0,152,-2.0,4.0,-5.18,0.0938,326,14.2,0.0011553017077798862,93.5,4.05,22.8,93.5,4.0,4.0,3.72,0.0762,325,6.47,-6.134345351043644e-05,32.5,4.0,4.0,32.5,4.0,4.0,0,0,0,0,1994.0,57.3,-5.19,1994.0,57.3,4.0,22.390360531309298,1.01,329.20986717267556,120.0,0.19936622390891842,16,1,65,6,Layer 2 Up
152,-2.03,-52.3,152,-2.0,4.0,-4.79,0.0959,326,14.3,0.0012473747628083491,93.5,4.075,41.5,93.5,4.0,4.0,3.46,0.0767,324,6.5,-3.7114511385199246e-05,32.5,4.0,4.0,32.5,4.0,4.0,0,0,0,0,2004.0,57.4,-5.19,2004.0,57.3,4.0,20.142035104364325,0.773,330.2475806451613,119.0,0.15132087286527512,16,1,65,6,Layer 2 Up
151,-1.95,60.3,151,-2.0,4.0,-4.94,0.0866,326,13.4,0.0010940597722960152,93.5,3.925,-33.5,93.5,4.0,4.0,5.97,0.0936,325,4.43,6.063340607210626e-05,32.5,4.0,4.0,32.5,4.0,4.0,0,0,0,0,2004.0,57.3,2.62,2004.0,57.3,4.000000954,23.31267552182163,0.837,325.1504743833017,122.0,0.16257523719165085,16,1,65,6,Layer 2 Up
151,-2.07,16.5,151,-2.0,4.0,-4.1,0.0907,326,13.9,0.001094110531309298,93.5,4.075,41.5,93.5,4.0,4.0,5.43,0.0765,324,4.72,-2.3722770398481975e-05,32.5,4.0,4.0,32.5,4.0,4.0,0,0,0,0,2014.0,57.3,6.44,2014.0,57.3,4.000000954,19.837144212523718,0.912,329.2556925996205,120.0,0.17996584440227703,16,1,65,6,Layer 2 Up
150,-2.25,-58.5,150,-2.0,4.0,-5.24,0.0957,326,13.5,0.0012782258064516128,93.5,4.075,41.5,93.5,4.0,4.0,3.16,0.0794,324,6.7,-3.7733225806451614e-05,32.5,4.0,4.0,32.5,4.0,4.0,0,0,0,0,2014.0,57.2,-79.4,2014.0,57.3,3.999999046,23.417096774193546,0.919,329.27096774193546,117.0,0.17997419354838706,16,1,65,6,Layer 2 Up
149,-2.03,-58.5,149,-2.0,4.0,-5.23,0.107,325,14.7,0.0014112267552182163,93.5,4.075,41.5,93.5,4.0,4.0,4.02,0.076,324,5.58,-6.176673624288425e-05,32.5,4.0,4.0,32.5,4.0,4.0,0,0,0,0,2024.0,57.4,40.3,2024.0,57.3,4.0,23.622708728652754,0.995,329.2862428842505,115.0,0.19429933586337764,16,1,2,6,Layer 2 Up
149,-1.93,47.8,149,-2.0,4.0,-5.52,0.101,326,14.3,0.0013294781783681213,93.5,3.95,-21.0,93.5,4.0,4.0,4.86,0.0749,324,5.15,-3.630498102466794e-05,32.5,4.0,4.0,32.5,4.0,4.0,0,0,0,0,2024.0,57.3,15.3,2034.0,57.3,4.0,20.453510436432637,0.979,323.1654648956357,119.0,0.19328567362428842,16,1,65,6,Layer 2 Up
148,-2.03,16.5,148,-2.0,4.0,-5.23,0.0962,326,13.4,0.001186358633776091,93.5,4.05,29.0,93.5,4.0,4.0,3.73,0.0776,325,6.51,-3.7227115749525614e-05,32.5,4.0,4.0,32.5,4.0,4.0,0,0,0,0,2034.0,57.4,5.19,2034.0,57.3,4.0,19.534008538899432,0.765,330.33951612903223,117.0,0.150340275142315,16,1,65,6,Layer 2 Up
148,-1.82,16.5,148,-1.9,6.41,-5.56,0.0918,326,13.6,0.0011352751423149906,93.5,5.05,35.3,93.6,5.08,17.5,7.55,0.141,325,9.15,0.0003272865275142315,32.5,4.0,4.0,32.5,4.0,4.0,0,0,0,0,2044.0,57.4,60.1,2044.0,57.3,4.000000954,21.887286527514227,0.92,330.3548387096774,119.0,0.18103036053130928,16,1,65,6,Layer 2 Up
147,-1.43,22.8,147,-1.52,9.31,-6.11,0.111,325,13.1,0.0013092068311195445,93.7,6.17,-27.3,93.7,6.39,16.7,2.64,0.0511,325,7.2,0.00022808837760910814,32.5,4.0,4.0,32.5,4.0,4.0,0,0,0,0,2044.0,57.5,64.1,2044.0,57.3,4.0,15.137703984819733,0.866,322.18761859582537,118.0,0.16876494307400378,16,1,65,6,Layer 2 Up
147,-1.07,-39.8,147,-0.82,12.15,-4.75,0.0924,326,12.0,0.0009666076850094877,94.0,7.75,54.0,94.0,7.58,15.1,2.15,0.0687,324,9.8,0.0005022268500948767,32.5,4.0,4.0,32.5,4.0,4.0,0,0,0,0,2054.0,57.4,9.63,2054.0,57.3,4.0,16.26355787476281,0.813,330.3854838709678,117.0,0.15854411764705884,16,1,65,6,Layer 2 Up
146,0.03,60.3,146,0.12,14.5,-3.88,0.0637,326,10.5,0.0005390750000000001,94.4,8.43,41.5,94.4,8.58,12.93,5.83,0.105,325,12.5,0.0010065461100569261,32.5,4.0,4.0,32.5,4.0,4.0,0,0,0,0,2054.0,57.3,-8.9,2054.0,57.3,4.0,21.890332068311196,0.906,325.2862428842505,121.0,0.17900972485768502,16,1,65,6,Layer 2 Up
146,1.2,-14.8,146,1.26,16.2,-5.61,0.0924,326,9.45,0.0005595592030360531,94.9,9.1,-21.0,94.9,9.34,10.32,6.58,0.118,324,13.6,0.0013093889943074004,32.5,4.0,4.0,32.5,4.0,4.0,0,0,0,0,2064.0,57.3,-9.8,2064.0,57.3,4.0,21.789051233396584,0.936,329.3931688804554,118.0,0.18515578747628084,16,1,65,6,Layer 2 Up
146,2.35,-8.5,146,2.55,17.3,-4.05,0.074,326,8.5,0.00023836076850094877,95.5,10.15,60.3,95.5,9.82,7.39,5.59,0.117,324,14.2,0.0015549715370018976,32.5,3.975,-8.5,32.5,4.0,4.0,0,0,0,0,2064.0,57.4,12.06,2064.0,57.3,4.000000954,19.334843453510434,0.724,330.43145161290323,119.0,0.14117504743833018,16,1,65,6,Layer 2 Up
145,3.75,4.0,145,3.9086,17.7,-3.93,0.0655,326,6.47,0.0,96.1,9.95,22.8,96.1,10.0,4.272,8.3,0.159,324,16.3,0.002056340607210626,32.5,4.0,4.0,32.5,4.0,4.0,0,0,0,0,2074.0,57.4,2.87,2074.0,57.3,4.0,18.312685009487662,0.891,324.30844402277035,120.0,0.17596546489563564,16,1,65,6,Layer 2 Up
145,3.975,-8.5,145,4.0,4.0,-3.34,0.0421,326,4.2,-6.4353145161290325e-06,96.5,10.22,4.0,96.6,10.0,4.0,1.64,0.0407,324,11.5,0.0004685809297912714,32.5,3.975,-8.5,32.5,4.0,4.0,0,0,0,0,2074.0,57.5,48.9,2074.0,57.3,4.0,16.983500948766608,0.845,329.4389943074004,117.0,0.16369639468690703,16,1,65,6,Layer 2 Up
145,3.925,-27.3,145,4.0,4.0,-2.49,0.0438,326,4.68,-1.9951423149905123e-05,97.1,10.13,41.5,97.2,10.0,4.0,2.63,0.0751,324,14.4,0.000963807210626186,32.5,4.0,-2.25,32.5,4.0,4.0,0,0,0,0,2084.0,57.4,-5.75,2084.0,57.3,4.0,20.7699430740038,0.775,330.47741935483873,119.0,0.15142618595825427,16,1,2,6,Layer 2 Up
145,4.075,29.0,145,4.0,4.0,-3.34,0.0687,326,3.2,3.171911764705882e-05,97.7,9.93,-14.8,97.8,10.0,4.0,4.98,0.0961,324,14.1,0.0012380687855787476,32.5,4.0,10.25,32.5,4.0,4.0,0,0,0,0,2084.0,57.3,4.625,2084.0,57.3,4.000000954,23.635858633776092,0.844,324.3535578747628,122.0,0.16473477229601519,16,1,66,6,Layer 2 Up
145,4.0,-2.25,145,4.0,4.0,-2.24,0.0638,326,4.1,3.059501897533206e-05,98.2,9.4,-184.0,98.3,10.0,4.0,10.2,0.152,324,16.2,0.0018213757115749525,32.5,4.0,10.25,32.5,4.0,4.0,0,0,0,0,2094.0,57.3,13.94,2094.0,57.3,3.999999046,19.646299810246678,0.999,321.2988614800759,119.0,0.19748624288425046,16,1,66,6,Layer 2 Up
145,3.925,-27.3,145,4.0,4.0,-0.804,0.0398,326,6.98,-1.7088980075901325e-05,98.8,9.95,47.8,98.9,10.0,4.0,7.16,0.13,325,16.5,0.0017293638519924098,32.5,4.0,4.0,32.5,4.0,4.0,0,0,0,0,2094.0,57.2,-83.1,2094.0,57.3,3.999999046,24.25202561669829,0.957,329.5000948766603,117.0,0.1872624762808349,16,1,67,6,Layer 2 Up
145,3.975,-14.8,145,4.0,4.0,-2.54,0.0651,326,3.35,5.2394990512333965e-05,99.4,9.85,16.5,99.5,10.0,4.0,5.43,0.0978,325,14.1,0.001248474383301708,32.5,4.025,22.8,32.5,4.0,4.0,0,0,0,0,2104.0,57.2,-36.5,2104.0,57.3,4.0,26.095161290322583,0.919,325.42201138519926,123.0,0.17908444022770398,16,1,67,6,Layer 2 Up
145,4.025,-2.25,145,4.0,4.0,-2.49,0.0667,326,3.77,6.467806451612905e-05,100.0,9.88,-33.5,100.1,10.0,4.0,4.5,0.0735,325,12.2,0.0009363991935483871,32.5,4.025,10.25,32.5,4.0,4.0,0,0,0,0,2104.0,57.3,18.0,2114.0,57.3,4.0,18.523306451612907,0.953,323.39032258064515,120.0,0.18830322580645162,16,1,67,6,Layer 2 Up
145,3.975,-2.25,145,4.0,4.0,-3.09,0.0439,326,4.69,-2.466477229601518e-05,100.6,9.78,-52.3,100.7,10.0,4.0,4.56,0.0778,324,13.9,0.0009425832068311196,32.5,3.975,-8.5,32.5,4.0,4.0,0,0,0,0,2114.0,57.4,1.81,2114.0,57.3,4.0,19.13822580645161,0.768,330.56935483870967,118.0,0.1514683111954459,16,1,67,6,Layer 2 Up
145,4.05,10.25,145,4.0,4.0,-2.29,0.0665,326,3.91,3.183028937381404e-05,101.2,10.32,72.7,101.3,10.0,4.0,2.69,0.0774,324,12.8,0.0010234819734345351,32.5,4.0,4.0,32.5,4.0,4.0,0,0,0,0,2124.0,57.2,-83.9,2124.0,57.3,3.999999046,26.61053130929791,1.05,324.4437855787476,120.0,0.20571987666034156,16,1,67,6,Layer 2 Up
145,4.0,-8.5,145,4.0,4.0,-3.93,0.0622,326,1.66,3.93035294117647e-05,101.8,10.13,72.7,101.9,10.0,4.0,5.48,0.101,324,13.1,0.001381764705882353,32.5,4.0,4.0,32.5,4.0,4.0,0,0,0,0,2124.0,57.5,62.8,2124.0,57.3,4.0,16.06941176470588,0.871,321.38823529411764,118.0,0.16888235294117646,16,1,67,6,Layer 2 Up
145,3.975,-2.25,145,4.0,4.0,-1.99,0.0407,326,5.59,-2.3337552182163187e-05,102.4,10.07,47.8,102.5,10.0,4.0,4.54,0.104,324,14.6,0.0013511214421252373,32.5,3.975,-2.25,32.5,4.0,4.0,0,0,0,0,2134.0,57.4,13.81,2134.0,57.3,4.0,16.684302656546492,0.813,329.5917457305503,116.0,0.1586544117647059,16,1,67,6,Layer 2 Up
145,4.0,-2.25,145,4.0,4.0,-2.04,0.0659,326,3.47,4.841742884250474e-05,103.0,10.07,-46.0,103.1,10.0,4.0,4.74,0.109,324,14.9,0.0013716565464895636,32.5,4.0,10.25,32.5,4.0,4.0,0,0,0,0,2134.0,57.3,-15.9,2134.0,57.3,4.0,23.23627134724858,0.92,324.48889943074005,120.0,0.1811814990512334,16,1,2,6,Layer 2 Up
145,3.975,-21.0,145,4.0,4.0,-3.09,0.0614,326,1.98,3.920662713472486e-05,103.6,10.28,-2.25,103.7,10.0,4.0,6.14,0.107,324,12.8,0.0014433771347248578,32.5,4.0,10.25,32.5,4.0,4.0,0,0,0,0,2144.0,57.4,61.6,2144.0,57.3,4.000000954,18.016622390891843,0.904,322.4565939278937,121.0,0.17811888045540797,16,1,67,6,Layer 2 Up
145,4.0,16.5,145,4.0,4.0,-1.99,0.0425,326,6.23,-2.9585483870967744e-05,104.0,10.32,10.25,104.0,10.0,4.0,3.66,0.0925,324,15.5,0.0011772770398481972,32.5,4.0,4.0,32.5,4.0,4.0,0,0,0,0,2144.0,57.4,4.0625,2144.0,57.3,4.000000954,19.860151802656546,0.731,330.6612903225806,119.0,0.14332068311195448,16,1,67,6,Layer 2 Up
145,4.0,-8.5,145,4.0,4.0,-1.7,0.0621,326,3.84,3.839124762808348e-05,105.0,10.1,54.0,105.0,7.33,-649.0,8.77,0.162,324,14.6,0.00223181119544592,32.5,4.0,4.0,32.5,4.0,4.0,0,0,0,0,-2146.0,57.4,3.75,-2146.0,57.3,4.0,19.042058823529413,0.897,324.5340132827324,118.0,0.17608785578747627,16,1,67,6,Layer 2 Up
145,3.95,-27.3,145,4.0,4.0,-3.34,0.0416,326,4.74,-1.2183387096774194e-05,105.0,9.63,-83.5,105.0,10.0,4.0,5.74,0.0878,324,14.1,0.0010340521821631881,32.5,4.0,4.0,32.5,4.0,4.0,0,0,0,0,-2136.0,57.3,3.875,-2136.0,57.3,4.0,25.185825426944977,0.956,322.5014231499052,120.0,0.18838178368121444,16,1,67,6,Layer 2 Up
145,4.0,16.5,145,4.0,4.0,-2.84,0.0493,326,4.61,-3.8906736242884255e-05,106.0,9.93,-71.0,106.0,10.0,4.0,3.37,0.0587,324,13.6,0.0006921303605313092,32.5,4.0,-2.25,32.5,4.0,4.0,0,0,0,0,-2136.0,57.4,-7.0,-2136.0,57.3,4.0,19.965298861480075,0.779,330.70725806451617,120.0,0.1535792220113852,16,1,68,6,Layer 2 Up
145,4.025,22.8,145,4.0,4.0,-1.79,0.0458,326,6.87,-2.6621631878557875e-05,107.0,10.25,29.0,107.0,10.0,4.0,2.08,0.0516,324,12.6,0.0006491582542694497,32.5,4.0,4.0,32.5,4.0,4.0,0,0,0,0,-2126.0,57.3,4.438,-2126.0,57.3,4.0,23.652296015180266,1.03,328.67476280834916,118.0,0.2027339658444023,16,1,68,6,Layer 2 Up
145,4.675,4.0,145,4.754,17.6,1.94,0.0445,326,7.77,4.034388045540797e-05,107.0,10.18,54.0,107.0,9.95,2.33,4.37,0.122,324,17.0,0.0016485697343453511,32.5,3.975,-8.5,32.5,4.0,4.0,0,0,0,0,-2126.0,57.3,7.5,-2126.0,57.3,4.000000954,21.70787476280835,0.917,329.7139468690702,119.0,0.18124027514231497,16,1,68,6,Layer 2 Up
146,5.98,10.25,146,6.09,16.9,5.56,0.0967,326,10.4,0.0004300815939278937,108.0,9.63,41.5,108.0,9.63,-0.72,7.16,0.129,324,15.1,0.0015667258064516127,32.5,4.0,4.0,32.5,4.0,4.0,0,0,0,0,-2116.0,57.2,-78.2,-2116.0,57.3,3.999999046,23.756888045540794,0.936,329.72922201138516,118.0,0.18432068311195443,16,1,70,6,Layer 2 Up
146,7.28,4.0,146,7.31,15.5,2.64,0.0572,326,9.49,0.0003399850094876661,108.0,8.93,-71.0,108.0,9.0,-3.53,4.19,0.0668,324,11.5,0.0006584649430740039,32.5,4.0,-2.25,32.5,4.0,4.0,0,0,0,0,-2116.0,57.4,39.8,-2106.0,57.3,4.0,19.14975806451613,0.988,328.72044592030363,118.0,0.1925216318785579,16,1,70,6,Layer 2 Up
146,8.13,16.5,146,8.32,13.58,5.37,0.0971,326,11.4,0.0008694597722960153,109.0,8.53,54.0,109.0,8.16,-5.86,6.61,0.135,324,11.5,0.0009616286527514232,32.5,4.0,-2.25,32.5,4.0,4.0,0,0,0,0,-2106.0,57.3,9.94,-2106.0,57.3,4.0,22.120531309297917,0.983,323.61518026565466,118.0,0.19560284629981026,16,1,2,6,Layer 2 Up
147,9.03,-46.0,147,9.18,10.98,3.88,0.0805,326,13.8,0.0008387756641366224,109.0,6.97,22.8,109.0,7.02,-7.8,6.22,0.0965,324,10.4,0.0006411154648956357,32.5,3.975,-2.25,32.5,4.0,4.0,0,0,0,0,-2096.0,57.4,2.69,-2096.0,57.3,4.0,19.049117647058825,0.775,329.7750474383302,118.0,0.15259777039848196,16,1,70,6,Layer 2 Up
147,9.78,16.5,147,9.72,8.23,4.67,0.0887,326,13.6,0.0011163709677419354,109.0,6.15,10.25,109.0,5.82,-9.1,5.23,0.104,324,7.56,0.0004465483870967742,32.5,3.975,-8.5,32.5,4.0,4.0,0,0,0,0,-2096.0,57.2,-75.9,-2096.0,57.3,3.999999046,26.424193548387098,1.05,325.69354838709677,120.0,0.20483870967741935,16,1,70,6,Layer 2 Up
148,9.97,47.8,148,9.98,5.15,5.42,0.105,326,13.3,0.0013212708728652749,109.0,4.55,-8.5,109.0,4.421,-9.7,2.29,0.0378,325,3.8,2.744965844402277e-05,32.5,4.0,4.0,32.5,4.0,4.0,0,0,0,0,-2086.0,57.5,67.6,-2086.0,57.3,4.0,14.953918406072106,0.861,323.6601518026565,119.0,0.16695128083491462,16,1,70,6,Layer 2 Up
148,9.97,-46.0,148,10.0,4.0,4.41,0.0777,326,14.5,0.0009577096774193549,109.0,3.975,-8.5,109.0,4.0,4.0,2.32,0.022,325,2.93,-4.680998102466794e-06,32.5,3.975,-8.5,32.5,4.0,4.0,0,0,0,0,-2086.0,57.4,8.69,-2086.0,57.3,4.0,15.876470588235296,0.816,329.8208728652752,118.0,0.15876470588235295,16,1,70,6,Layer 2 Up
149,10.13,16.5,149,10.0,4.0,4.77,0.0803,326,13.4,0.0010550659392789376,109.0,4.0,4.0,109.0,4.0,4.0,1.18,0.0203,325,2.94,0.0,32.5,3.975,-8.5,32.5,4.0,4.0,0,0,0,0,-2076.0,57.3,-1.5,-2076.0,57.3,4.0,26.427865275142317,1.02,328.8118121442125,119.0,0.20179416508538903,16,1,70,6,Layer 2 Up
150,10.0,29.0,150,10.0,4.0,5.32,0.0989,326,13.6,0.0013112106261859585,109.0,4.0,4.0,109.0,4.0,4.0,1.26,0.0208,325,0.826,0.0,32.5,4.025,10.25,32.5,4.0,4.0,0,0,0,0,-2076.0,57.4,61.8,-2076.0,57.3,4.000000954,20.794981024667933,0.905,324.72950664136624,118.0,0.1782426944971537,16,1,70,6,Layer 2 Up
150,9.9,-39.8,150,10.0,4.0,6.16,0.0911,326,13.9,0.0011678510436432636,109.0,4.0,-2.25,109.0,4.0,4.0,0.548,0.0221,324,2.35,-1.557134724857685e-06,32.5,4.0,4.0,32.5,4.0,4.0,0,0,0,0,-2066.0,57.4,6.06,-2066.0,57.3,4.000000954,19.66907020872865,0.725,330.89112903225805,119.0,0.14239587286527516,16,1,70,6,Layer 2 Up
151,10.15,35.3,151,10.0,4.0,3.99,0.0828,326,13.6,0.001106436432637571,109.0,4.0,4.0,109.0,4.0,4.0,0.667,0.0187,325,0.596,0.0,32.5,4.025,10.25,32.5,4.0,4.0,0,0,0,0,-2066.0,57.4,5.25,-2066.0,57.3,4.0,19.362637571157492,0.905,326.80853889943074,118.0,0.1782592030360531,16,1,70,6,Layer 2 Up
151,10.07,66.5,151,10.0,4.0,4.41,0.0992,326,13.9,0.0012704117647058823,109.0,4.025,10.25,109.0,4.0,4.0,0.459,0.0191,325,1.14,1.7929198292220112e-06,32.5,4.025,16.5,32.5,4.0,4.0,0,0,0,0,-2056.0,57.3,-2.31,-2056.0,57.3,4.0,25.81804554079696,0.973,324.7746204933586,121.0,0.19158629032258062,16,1,70,6,Layer 2 Up
152,10.07,47.8,152,10.0,4.0,5.74,0.103,326,13.5,0.001331944971537002,109.0,4.0,4.0,109.0,4.0,4.0,0.251,0.0185,325,2.13,-1.721282732447818e-06,32.5,4.0,4.0,32.5,4.0,4.0,0,0,0,0,-2056.0,57.4,-6.8,-2056.0,57.3,4.0,20.18408918406072,0.773,329.9125237191651,119.0,0.152661385199241,16,1,2,6,Layer 2 Up
153,9.82,-52.3,153,10.0,4.0,5.6,0.0943,326,13.5,0.0011373287476280835,109.0,4.0,4.0,109.0,4.0,4.0,0.163,0.0168,325,1.21,-3.7091261859582545e-06,32.5,4.0,4.0,32.5,4.0,4.0,0,0,0,0,-2046.0,57.3,6.94,-2046.0,57.3,4.000000954,24.590891840607213,0.845,326.8539373814042,120.0,0.16291465844402278,16,1,70,6,Layer 2 Up
153,9.97,-8.5,153,10.0,4.0,5.98,0.0826,326,12.1,0.000970360531309298,109.0,4.0,4.0,109.0,4.0,4.0,0.163,0.0208,325,1.74,0.0,32.5,4.0,-2.25,32.5,4.0,4.0,0,0,0,0,-2046.0,57.3,3.75,-2046.0,57.3,4.000000954,22.645161290322584,0.926,328.9184060721063,118.0,0.183415559772296,16,1,70,6,Layer 2 Up
154,10.13,-8.5,154,10.0,4.0,4.6,0.0759,326,13.6,0.0009673313092979126,109.0,4.0,4.0,109.0,4.0,4.0,1.1,0.0179,324,2.01,1.526825901328273e-06,32.5,4.0,4.0,32.5,4.0,4.0,0,0,0,0,-2036.0,57.2,-80.6,-2036.0,57.3,3.999999046,23.773396584440224,0.937,329.95834914611004,118.0,0.18444876660341555,16,1,70,6,Layer 2 Up
154,9.97,41.5,154,10.0,4.0,5.57,0.109,326,14.6,0.0014141726755218214,109.0,4.0,4.0,109.0,4.0,4.0,1.05,0.0182,324,1.24,2.8078500948766603e-06,32.5,4.0,4.0,32.5,4.0,4.0,0,0,0,0,-2036.0,57.2,-37.1,-2026.0,57.3,4.0,27.566119544592027,0.94,326.8993358633776,121.0,0.18240777988614798,16,1,70,6,Layer 2 Up
155,9.95,-27.3,155,10.0,4.0,4.89,0.0985,326,14.5,0.0012502685009487668,109.0,4.0,4.0,109.0,4.0,4.0,0.207,0.0197,324,1.54,-3.3511295066413667e-06,32.5,4.0,4.0,32.5,4.0,4.0,0,0,0,0,-2026.0,57.3,11.19,-2026.0,57.3,4.0,20.086280834914614,0.984,325.8896584440228,119.0,0.19471394686907023,16,1,70,6,Layer 2 Up
156,9.9,-46.0,156,10.0,4.0,5.16,0.0876,326,15.3,0.0010965977229601518,109.0,3.975,-8.5,109.0,4.0,4.0,0.844,0.0189,325,2.18,-1.1068462998102468e-06,32.5,3.975,-8.5,32.5,4.0,4.0,0,0,0,0,-2016.0,57.4,-2.19,-2016.0,57.3,4.0,19.369810246679315,0.781,330.004174573055,118.0,0.15372865275142314,16,1,70,6,Layer 2 Up
156,10.1,-2.25,156,10.0,4.0,4.5,0.0756,326,13.4,0.000867069734345351,109.0,3.975,-2.25,109.0,4.0,4.0,1.02,0.0201,325,4.11,0.0,32.5,3.975,-2.25,32.5,4.0,4.0,0,0,0,0,-2016.0,57.4,56.0,-2016.0,57.3,4.000000954,22.855384250474383,0.93,328.99454459203037,119.0,0.18448292220113852,16,1,70,6,Layer 2 Up
157,10.13,54.0,157,10.0,4.0,5.05,0.0952,326,14.0,0.0012606916508538899,109.0,4.0,4.0,109.0,4.0,4.0,0.296,0.0205,324,2.36,1.0454516129032258e-06,32.5,4.0,4.0,32.5,4.0,4.0,0,0,0,0,-2006.0,57.3,-42.0,-2006.0,57.3,3.999999046,22.54895635673624,1.07,327.98481973434536,116.0,0.21011527514231496,16,1,70,6,Layer 2 Up
157,9.9,-14.8,157,10.0,4.0,4.98,0.0978,326,14.3,0.0012094999999999999,109.0,3.975,-8.5,109.0,4.0,4.0,0.889,0.0224,324,2.62,1.558e-06,32.5,3.975,-8.5,32.5,4.0,4.0,0,0,0,0,-2006.0,57.4,11.81,-2006.0,57.3,4.0,15.4775,0.811,329.025,117.0,0.15785,16,1,70,6,Layer 2 Up
158,9.8,-64.7,158,10.0,4.0,4.67,0.0981,326,15.7,0.0010865502846299812,109.0,4.0,4.0,109.0,4.0,4.0,0.888,0.022,325,2.69,2.952136622390892e-06,32.5,3.975,-2.25,32.5,4.0,4.0,0,0,0,0,-1996.0,57.3,-5.87,-1996.0,57.3,4.0,26.856242884250477,1.02,328.0151802656547,119.0,0.20295939278937383,16,1,2,6,Layer 2 Up
159,10.07,-2.25,159,10.0,4.0,4.99,0.089,326,13.9,0.0011481062618595825,109.0,3.975,-8.5,109.0,4.0,4.0,0.34,0.0234,325,2.91,9.348865275142316e-07,32.5,4.0,4.0,32.5,4.0,4.0,0,0,0,0,-1996.0,57.3,-8.3,-1996.0,57.3,4.0,20.604407020872866,0.936,329.05545540796965,119.0,0.1855421726755218,16,1,70,6,Layer 2 Up
159,10.1,22.8,159,10.0,4.0,5.0,0.0938,326,14.1,0.001250673624288425,109.0,4.0,4.0,109.0,4.0,4.0,1.02,0.0214,325,4.17,1.7222390891840607e-06,32.5,3.975,-2.25,32.5,4.0,4.0,0,0,0,0,-1986.0,57.4,12.0,-1986.0,57.3,4.000000954,19.580218216318787,0.725,330.095825426945,118.0,0.1414696394686907,16,1,70,6,Layer 2 Up
160,9.9,10.25,160,10.0,4.0,6.07,0.107,326,14.8,0.0013635023719165086,109.0,4.0,4.0,109.0,4.0,4.0,0.977,0.0191,325,3.35,-1.0159630455407968e-06,32.5,3.975,-2.25,32.5,4.0,4.0,0,0,0,0,-1986.0,57.2,-26.6,-1986.0,57.3,3.999999046,25.629743833017077,1.06,329.08591081593926,119.0,0.21016389943074001,16,1,70,6,Layer 2 Up
160,9.8,-39.8,160,10.0,4.0,2.44,0.0979,326,19.8,0.0011585180265654648,109.0,4.0,-2.25,109.0,4.0,4.0,2.15,0.0215,325,2.52,1.3840702087286526e-06,32.5,3.975,-8.5,32.5,4.0,4.0,0,0,0,0,-1976.0,57.5,49.9,-1976.0,57.3,4.0,15.378557874762807,0.837,328.07590132827323,118.0,0.16301271347248575,16,1,70,6,Layer 2 Up
161,10.0,-33.5,161,10.0,4.0,4.67,0.0899,326,15.4,0.0011483187855787476,109.0,3.975,-2.25,109.0,4.0,4.0,1.19,0.0181,325,3.03,-2.49144165085389e-06,32.5,4.0,4.0,32.5,4.0,4.0,0,0,0,0,-1976.0,57.4,-3.31,-1976.0,57.3,4.0,20.40316413662239,0.775,330.14165085389,118.0,0.1527674098671727,16,1,70,6,Layer 2 Up
162,10.1,41.5,162,10.0,4.0,5.04,0.1,326,15.2,0.0012816650853889945,109.0,4.0,4.0,109.0,4.0,4.0,0.503,0.0208,325,1.73,-1.548251423149905e-06,32.5,3.975,-2.25,32.5,4.0,4.0,0,0,0,0,-1966.0,57.3,15.1,-1966.0,57.3,4.0,24.300370018975332,1.02,328.10626185958256,117.0,0.2030157495256167,16,1,70,6,Layer 2 Up
162,9.93,35.3,162,10.0,4.0,5.55,0.103,326,14.9,0.0013022319734345353,109.0,4.0,-2.25,109.0,4.0,4.0,0.548,0.0186,325,2.53,1.2407092030360532e-06,32.5,4.0,4.0,32.5,4.0,4.0,0,0,0,0,-1966.0,57.3,7.38,-1966.0,57.3,4.000000954,20.815203984819735,0.929,329.14682163187854,119.0,0.18354293168880456,16,1,70,6,Layer 2 Up
163,9.8,-64.7,163,10.0,4.0,5.54,0.0867,326,14.7,0.001086952561669829,109.0,4.0,4.0,109.0,4.0,4.0,-0.0008,0.0191,325,2.31,-6.449935483870968e-07,32.5,3.975,-2.25,32.5,4.0,4.0,0,0,0,0,-1956.0,57.2,-77.7,-1956.0,57.3,3.999999046,24.200075901328272,0.935,330.1874762808349,116.0,0.1835514231499051,16,1,70,6,Layer 2 Up
163,9.93,-52.3,163,10.0,4.0,4.92,0.0802,326,14.4,0.0009567675996204933,109.0,4.0,4.0,109.0,4.0,4.0,0.548,0.0185,325,2.1,-1.609994781783681e-06,32.5,3.975,-8.5,32.5,4.0,4.0,0,0,0,0,-1956.0,57.4,46.8,-1946.0,57.3,4.0,21.32986717267552,1.0,327.1263282732448,116.0,0.19586560721062618,16,1,70,6,Layer 2 Up
164,10.1,10.25,164,9.91,1.71,4.54,0.0813,326,13.2,0.0010255218216318786,109.0,2.98,10.25,109.0,2.97,-9.6,-6.11,0.0924,324,6.81,0.00020818092979127138,32.5,4.0,4.0,32.5,4.0,4.0,0,0,0,0,-1946.0,57.3,-2.63,-1946.0,57.3,4.0,23.48444971537002,0.945,328.16698292220116,119.0,0.1866449715370019,16,1,70,6,Layer 2 Up
164,9.4,-27.3,165,9.52,-1.31,3.8,0.0934,326,16.2,0.0010871034155597722,109.0,1.92,16.5,109.0,1.66,-8.7,-2.89,0.0588,324,10.0,0.000249213330170778,32.5,4.0,-2.25,32.5,4.0,4.0,0,0,0,0,-1936.0,57.4,4.375,-1936.0,57.3,4.0,19.07558823529412,0.78,329.2077324478179,117.0,0.1538353889943074,16,1,2,6,Layer 2 Up
165,8.8,-27.3,165,8.85,-4.05,5.89,0.101,326,13.0,0.0010563851992409867,109.0,0.42,29.0,109.0,0.47,-7.1,-2.5,0.0626,325,9.41,0.0004328102466793169,32.5,4.0,-2.25,32.5,4.0,4.0,0,0,0,0,-1936.0,57.4,56.6,-1936.0,57.3,4.000000954,22.56356736242884,0.934,328.1973434535104,118.0,0.1846110056925996,16,1,72,6,Layer 2 Up
165,8.03,-21.0,165,7.92,-6.4,4.81,0.0989,326,12.7,0.0008615578747628084,108.0,-0.38,-39.8,108.0,-0.54,-5.03,-6.99,0.121,324,13.0,0.001138487191650854,32.5,3.975,-2.25,32.5,4.0,4.0,0,0,0,0,-1926.0,57.3,-37.6,-1926.0,57.3,3.999999046,20.923548387096773,1.07,328.21252371916506,117.0,0.2112868121442125,16,1,72,6,Layer 2 Up
166,6.7,-89.7,166,6.78,-8.1,4.17,0.061,326,9.78,0.0003282277039848197,108.0,-1.0,54.0,108.0,-1.31,-2.43,-6.71,0.0939,324,13.1,0.0010185315939278937,32.5,4.0,4.0,32.5,4.0,4.0,0,0,0,0,-1926.0,57.4,14.3,-1926.0,57.3,4.0,16.00110056925996,0.808,328.2277039848197,117.0,0.1579595825426945,16,1,72,6,Layer 2 Up
166,5.4,-83.5,166,5.5,-9.3,5.8,0.0891,326,8.9,0.0002872125237191651,107.0,-2.03,-46.0,107.0,-1.81,0.49,-6.82,0.123,324,13.5,0.0016309568311195447,32.5,4.0,4.0,32.5,4.0,4.0,0,0,0,0,-1916.0,57.3,-1.5,-1916.0,57.3,4.0,26.77231024667932,1.04,327.2171252371917,119.0,0.20720332068311198,16,1,72,6,Layer 2 Up
166,4.1,-83.5,166,4.146,-9.7,4.15,0.0723,326,7.09,-1.1283870967741936e-05,107.0,-1.95,16.5,107.0,-2.0,3.602,-11.0,0.154,324,13.9,0.0020413548387096777,32.5,4.0,4.0,32.5,4.0,4.0,0,0,0,0,-1916.0,57.3,-11.9,-1916.0,57.3,4.0,20.823870967741936,0.967,328.258064516129,119.0,0.1918258064516129,16,1,72,6,Layer 2 Up
166,3.825,-83.5,166,4.0,4.0,2.21,0.0489,326,6.34,-2.0722248576850095e-05,106.0,-1.7,29.0,106.0,-2.0,4.0,-6.5,0.102,324,14.4,0.0012207661290322583,32.5,4.0,-2.25,32.5,4.0,4.0,0,0,0,0,-1906.0,57.4,8.69,-1906.0,57.3,4.000000954,19.901565464895636,0.731,330.3249525616698,118.0,0.14361954459203038,16,1,72,6,Layer 2 Up
166,3.85,-77.2,166,4.0,4.0,4.71,0.0491,326,2.91,-2.6878614800759014e-05,106.0,-1.8,97.7,106.0,-2.0,4.0,-4.82,0.0813,324,14.3,0.0009787098671726756,32.5,4.0,4.0,32.5,4.0,4.0,0,0,0,0,-1906.0,57.3,-19.6,-1906.0,57.3,3.999999046,26.57084440227704,1.06,328.2884250474383,117.0,0.21030977229601516,16,1,72,6,Layer 2 Up
166,3.875,-52.3,166,4.0,4.0,3.34,0.0457,326,4.74,-1.3439928842504743e-05,105.0,-2.18,16.5,105.0,-2.0,4.0,-3.74,0.0708,324,13.0,0.000898731119544592,32.5,4.0,-2.25,32.5,4.0,4.0,0,0,0,0,-1896.0,57.5,52.4,-1896.0,57.3,4.0,15.081446869070207,0.828,327.27765654648954,118.0,0.16107395635673624,16,1,72,6,Layer 2 Up
166,3.8,-89.7,166,4.0,4.0,4.16,0.0528,326,4.25,-3.1498083491461095e-05,105.0,-2.25,-121.0,105.0,-2.0,4.0,-8.45,0.153,324,15.0,0.002123812144212523,32.5,4.0,4.0,32.5,4.0,4.0,0,0,0,0,-1896.0,57.4,-4.81,-1896.0,57.3,4.0,19.083529411764705,0.778,329.3447817836812,120.0,0.15389943074003792,16,1,72,6,Layer 2 Up
166,3.825,-89.7,166,4.0,4.0,3.59,0.0519,326,4.93,0.0,104.0,-2.03,-8.5,104.0,-2.0,4.0,-8.91,0.15,324,16.5,0.001970003795066414,32.5,3.975,-2.25,32.5,4.0,4.0,0,0,0,0,-1886.0,57.3,8.19,-1886.0,57.3,4.0,21.34170777988615,1.01,327.3079222011385,120.0,0.2011045540796964,16,1,2,6,Layer 2 Up
166,-1.95,47.8,166,-2.0,4.0,-4.43,0.0893,326,15.4,0.001149222011385199,103.8,3.925,-21.0,103.8,4.0,4.0,1.85,0.0272,325,3.24,3.6118406072106265e-06,32.5,3.975,-2.25,32.5,4.0,4.0,0,0,0,0,-1886.0,57.3,12.37,-1886.0,57.3,4.000000954,20.21399430740038,0.927,328.34914611005695,119.0,0.18367030360531308,16,1,73,6,Layer 2 Up
165,-2.0,-21.0,165,-2.0,4.0,-6.29,0.115,326,14.0,0.001487900853889943,103.8,3.95,-27.3,103.8,4.0,4.0,0.836,0.0304,325,3.56,-2.401164136622391e-06,32.5,3.975,-2.25,32.5,4.0,4.0,0,0,0,0,-1876.0,57.2,-78.5,-1876.0,57.3,3.999999046,22.8828889943074,0.928,329.39046489563566,119.0,0.18265265654648954,16,1,75,6,Layer 2 Up
165,-1.75,60.3,165,-2.0,4.0,-6.5,0.11,326,15.5,0.0013853510436432639,103.8,3.95,-27.3,103.8,4.0,4.0,1.24,0.0226,325,2.69,0.0,32.5,4.0,4.0,32.5,4.0,4.0,0,0,0,0,-1876.0,57.4,45.0,-1866.0,57.3,4.0,18.881821631878555,0.997,326.3271347248577,118.0,0.1949753320683112,16,1,75,6,Layer 2 Up
164,-1.88,41.5,164,-2.0,4.0,-5.25,0.0995,326,15.9,0.001231480075901328,103.8,3.95,-27.3,103.8,4.0,4.0,0.939,0.022,325,3.01,-2.1243031309297913e-06,32.5,4.0,4.0,32.5,4.0,4.0,0,0,0,0,-1866.0,57.3,-2.81,-1866.0,57.3,4.0,24.424354838709675,0.939,328.39468690702085,118.0,0.18574824478178364,16,1,75,6,Layer 2 Up
163,-2.1,16.5,163,-2.0,4.0,-5.45,0.0926,326,14.1,0.0012315370018975331,103.8,3.95,-27.3,103.8,4.0,4.0,1.55,0.0227,325,2.14,-4.628526565464896e-06,32.5,4.0,4.0,32.5,4.0,4.0,0,0,0,0,-1856.0,57.4,1.0,-1856.0,57.3,4.0,17.754658444022773,0.776,328.40986717267555,119.0,0.15394212523719167,16,1,75,6,Layer 2 Up
163,2.8,22.8,163,2.66,-4.85,-5.72,0.115,326,10.1,0.0003222670777988615,104.0,9.75,16.5,104.0,9.85,2.0,6.29,0.0993,324,13.8,0.001231593927893738,32.5,4.0,4.0,32.5,4.0,4.0,0,0,0,0,-1856.0,57.4,63.2,-1856.0,57.3,4.000000954,18.987073055028464,0.927,327.3987191650854,121.0,0.18371276091081593,16,1,75,6,Layer 2 Up
163,2.05,54.0,163,1.79,-4.45,-4.97,0.0821,326,9.09,0.00037052163187855784,105.0,9.43,-77.2,105.0,9.58,0.69,4.23,0.0633,325,13.0,0.0007287267552182164,32.5,3.975,-2.25,32.5,4.0,4.0,0,0,0,0,-1846.0,57.5,66.7,-1846.0,57.3,4.0,16.319373814041747,0.875,330.49297912713473,115.0,0.16935199240986717,16,1,75,6,Layer 2 Up
163,0.97,-8.5,163,0.98,-3.85,-5.66,0.111,326,11.3,0.0007338925521821632,105.0,9.07,16.5,105.0,9.18,-0.54,7.07,0.108,325,13.1,0.0012111793168880455,32.5,4.0,4.0,32.5,4.0,4.0,0,0,0,0,-1846.0,57.4,9.44,-1846.0,57.3,4.0,14.677851043643264,0.822,328.45540796963945,118.0,0.16114843453510436,16,1,75,6,Layer 2 Up
162,0.22,22.8,162,0.23,-3.08,-4.79,0.0764,326,10.1,0.0005779029411764706,106.0,8.63,-14.8,106.0,8.67,-1.67,9.34,0.134,324,11.8,0.0013036176470588236,32.5,4.0,4.0,32.5,4.0,4.0,0,0,0,0,-1836.0,57.3,-1.25,-1836.0,57.3,4.0,23.60882352941176,1.04,327.4441176470588,121.0,0.20529411764705882,16,1,75,6,Layer 2 Up
162,-0.38,-21.0,162,-0.43,-2.14,-6.5,0.112,326,11.8,0.0010778439278937382,106.0,8.05,16.5,106.0,8.05,-2.68,6.19,0.117,325,12.7,0.0010675787476280836,32.5,4.0,4.0,32.5,4.0,4.0,0,0,0,0,-1836.0,57.3,-10.2,-1836.0,57.3,4.0,23.609914611005696,0.936,327.45925047438334,116.0,0.18682628083491462,16,1,2,6,Layer 2 Up
162,-0.85,54.0,161,-0.99,-1.07,-5.01,0.0831,326,12.9,0.00089619165085389,107.0,7.17,-71.0,107.0,7.34,-3.52,3.48,0.0499,324,9.16,0.0002946242884250474,32.5,4.0,4.0,32.5,4.0,4.0,0,0,0,0,-1826.0,57.4,15.0,-1826.0,57.3,4.000000954,18.170208728652753,0.732,329.5275142314991,120.0,0.143719165085389,16,1,75,6,Layer 2 Up
161,-1.32,72.7,161,-1.43,0.13,-3.95,0.0715,326,13.0,0.0007679064516129032,107.0,6.53,-58.5,107.0,6.55,-4.2,2.93,0.0414,325,7.21,0.00019095,32.5,4.0,4.0,32.5,4.0,4.0,0,0,0,0,-1826.0,57.2,-23.4,-1826.0,57.3,3.999999046,24.741370967741936,1.05,327.48951612903227,120.0,0.2073758064516129,16,1,75,6,Layer 2 Up
160,-1.7,-2.25,160,-1.75,1.4,-5.92,0.114,326,14.3,0.0013346584440227702,107.0,5.67,-8.5,107.0,5.7,-4.69,4.95,0.0792,325,8.25,0.00029773149905123336,32.5,4.0,4.0,32.5,4.0,4.0,0,0,0,0,-1816.0,57.5,50.8,-1816.0,57.3,4.0,16.837229601518025,0.838,326.4779886148007,116.0,0.16323899430740038,16,1,75,6,Layer 2 Up
160,-1.88,54.0,160,-1.94,2.74,-4.43,0.0827,325,13.6,0.0010369748576850094,107.0,4.85,-39.8,107.0,4.813,-4.98,4.53,0.0727,324,7.63,0.00017043349146110055,32.5,3.975,-2.25,32.5,4.0,4.0,0,0,0,0,-1816.0,57.4,1.87,-1816.0,57.3,4.0,18.070056925996205,0.761,328.5464895635673,120.0,0.15092604364326373,16,1,75,6,Layer 2 Up
159,2.87,1034.0,159,4.0,4.0,17.5,0.245,326,13.0,0.000682792220113852,107.0,3.95,-33.5,107.0,4.0,4.0,4.27,0.0815,324,7.02,-1.3245142314990514e-05,32.5,4.0,4.0,32.5,4.0,4.0,0,0,0,0,-1806.0,57.3,5.88,-1806.0,57.3,4.0,18.789620493358637,1.03,326.5081593927894,121.0,0.20432428842504746,16,1,75,6,Layer 2 Up
159,-2.15,-33.5,159,-2.0,4.0,-4.98,0.0956,326,13.7,0.0012526992409867173,107.0,3.875,-58.5,107.0,4.0,4.0,4.26,0.0627,325,4.59,-9.785429316888047e-06,32.5,4.0,4.0,32.5,4.0,4.0,0,0,0,0,-1806.0,57.3,11.25,-1806.0,57.3,4.000000954,22.897699240986718,0.922,327.5500474383302,118.0,0.18379767552182164,16,1,75,6,Layer 2 Up
158,-1.9,16.5,158,-2.0,4.0,-6.38,0.111,325,14.4,0.0015094696394686907,107.0,3.875,-58.5,107.0,4.0,4.0,3.65,0.0627,324,5.57,0.0,32.5,4.0,4.0,32.5,4.0,4.0,0,0,0,0,-1796.0,57.2,-77.9,-1796.0,57.3,3.999999046,22.693387096774195,0.925,328.59203036053134,119.0,0.18175246679316887,16,1,77,6,Layer 2 Down
158,-1.95,35.3,158,-2.0,4.0,-6.11,0.0905,326,12.4,0.0011398562618595827,107.0,4.1,54.0,107.0,4.0,4.0,2.5,0.0531,325,3.4,-1.684111954459203e-05,32.5,4.0,4.0,32.5,4.0,4.0,0,0,0,0,-1796.0,57.2,-39.7,-1786.0,57.3,4.0,26.18588709677419,0.897,331.68790322580645,123.0,0.17559947817836813,16,1,77,6,Layer 2 Down
157,-2.15,-39.8,157,-2.0,4.0,-5.11,0.094,326,12.8,0.001232333965844402,107.0,4.125,60.3,107.0,4.0,4.0,2.27,0.054,325,3.83,8.338793168880455e-06,32.5,4.0,4.0,32.5,4.0,4.0,0,0,0,0,-1786.0,57.3,6.31,-1786.0,57.3,4.0,21.873927893738138,0.967,330.67628083491456,118.0,0.19203870967741934,16,1,77,6,Layer 2 Down
156,-2.05,-14.8,156,-2.0,4.0,-5.62,0.101,326,13.4,0.0013145502846299813,107.0,3.85,-64.7,107.0,4.0,4.0,3.78,0.0625,324,5.06,9.900206831119545e-06,32.5,4.0,4.0,32.5,4.0,4.0,0,0,0,0,-1776.0,57.4,-1.88,-1776.0,57.3,4.0,17.76696869070209,0.789,327.6105787476281,120.0,0.15712983870967742,16,1,77,6,Layer 2 Down
156,-1.95,-2.25,156,-2.0,4.0,-4.83,0.0959,326,15.0,0.0012324478178368122,107.0,4.125,66.5,107.0,4.0,4.0,2.89,0.0513,325,2.86,-1.6329933586337763e-05,32.5,4.0,4.0,32.5,4.0,4.0,0,0,0,0,-1776.0,57.1,-90.4,-1776.0,57.3,3.999999046,25.778700189753323,1.04,330.70683111954463,121.0,0.20335388994307402,16,1,2,6,Layer 2 Down
155,-2.13,22.8,155,-2.0,4.0,-4.98,0.0878,326,13.6,0.0011606086337760911,107.0,4.1,54.0,107.0,4.0,4.0,2.23,0.0537,324,4.8,0.0,32.5,4.0,4.0,32.5,4.0,4.0,0,0,0,0,-1766.0,57.4,57.1,-1766.0,57.3,4.0,16.946940227703983,0.862,330.7221062618596,117.0,0.16741522770398481,16,1,77,6,Layer 2 Down
155,-1.95,79.0,155,-2.0,4.0,-5.55,0.0887,326,14.3,0.0011401195445920305,107.0,3.875,-52.3,107.0,4.0,4.0,4.22,0.0615,324,4.02,-9.798865275142315e-06,32.5,4.0,4.0,32.5,4.0,4.0,0,0,0,0,-1766.0,57.4,13.94,-1766.0,57.3,4.0,14.688026565464895,0.818,327.6559772296015,118.0,0.16023301707779886,16,1,77,6,Layer 2 Down
154,-2.07,-52.3,154,-2.0,4.0,-5.77,0.106,326,14.1,0.001345608633776091,107.0,4.1,54.0,107.0,4.0,4.0,2.01,0.0531,325,4.08,-1.6332196394686906e-05,32.5,4.0,4.0,32.5,4.0,4.0,0,0,0,0,-1756.0,57.3,-13.6,-1756.0,57.3,4.0,22.28985294117647,0.895,331.7798387096774,120.0,0.17667533206831118,16,1,77,6,Layer 2 Down
153,-1.88,35.3,153,-2.0,4.0,-7.03,0.112,326,13.7,0.0014073045540796965,107.0,4.075,41.5,107.0,4.0,4.0,2.45,0.0528,324,3.61,-1.6846565464895636e-05,32.5,4.0,4.0,32.5,4.0,4.0,0,0,0,0,-1756.0,57.4,54.8,-1756.0,57.3,4.000000954,21.05820683111955,0.921,331.7951612903226,119.0,0.1818196394686907,16,1,77,6,Layer 2 Down
153,-1.82,54.0,153,-2.0,4.0,-6.09,0.109,325,14.6,0.0013354601518026565,107.0,3.875,-52.3,107.0,4.0,4.0,3.65,0.0633,324,4.88,1.0005678368121443e-05,32.5,4.0,4.0,32.5,4.0,4.0,0,0,0,0,-1746.0,57.4,21.3,-1746.0,57.3,4.000000954,17.463709677419356,0.723,327.701375711575,120.0,0.14176423149905126,16,1,77,6,Layer 2 Down
152,-0.22,516.0,152,-2.0,4.233,-4.42,0.153,325,11.8,0.001715631878557875,107.0,3.825,-52.3,107.0,3.828,-5.07,3.54,0.0544,324,3.9,2.4963984819734346e-05,32.5,4.0,4.0,32.5,4.0,4.0,0,0,0,0,-1746.0,57.2,-17.9,-1746.0,57.3,3.999999046,24.450322580645164,1.03,326.68918406072106,119.0,0.20443757115749528,16,1,77,6,Layer 2 Down
152,-2.1,-39.8,152,-1.91,5.54,-4.56,0.0805,326,12.9,0.0010068244781783681,107.0,2.95,-52.3,107.0,2.96,-4.94,-4.9,0.105,324,9.6,0.00022396707779886147,32.5,4.0,4.0,32.5,4.0,4.0,0,0,0,0,-1736.0,57.3,0.62,-1736.0,57.3,4.0,26.40345825426945,0.946,331.84112903225804,120.0,0.18698168880455407,16,1,77,6,Layer 2 Down
151,-1.88,-46.0,151,-1.67,6.92,-5.72,0.0932,325,11.7,0.0012123548387096774,107.0,2.23,29.0,107.0,2.05,-4.59,-6.52,0.109,324,8.31,0.0003565145161290322,32.5,4.0,4.0,32.5,4.0,4.0,0,0,0,0,-1736.0,57.4,0.37,-1736.0,57.3,4.0,18.18532258064516,0.774,327.7467741935484,120.0,0.15308548387096774,16,1,77,6,Layer 2 Down
150,-1.28,72.7,150,-1.32,8.18,-4.15,0.0818,326,12.7,0.0009247201138519923,107.0,1.12,-14.8,107.0,1.22,-4.05,-7.71,0.123,324,8.49,0.0008507425047438329,32.5,4.0,4.0,32.5,4.0,4.0,0,0,0,0,-1726.0,57.3,12.12,-1726.0,57.3,4.0,21.165815939278936,1.02,325.7069734345351,119.0,0.20138349146110054,16,1,77,6,Layer 2 Down
150,-0.9,29.0,150,-0.84,9.35,-3.68,0.082,326,12.6,0.0008456442125237192,106.0,0.25,-39.8,106.0,0.45,-3.33,-7.0,0.136,324,11.3,0.001181641366223909,32.5,4.0,4.0,32.5,4.0,4.0,0,0,0,0,-1726.0,57.3,11.81,-1726.0,57.3,4.000000954,21.680550284629984,0.918,326.7495256166983,118.0,0.18289753320683114,16,1,2,6,Layer 2 Down
150,-0.1,35.3,149,-0.25,10.39,-6.15,0.108,326,12.7,0.0009761835863377609,106.0,0.05,35.3,106.0,-0.24,-2.44,-6.65,0.0969,324,11.2,0.0008539037476280835,32.5,4.0,4.0,32.5,4.0,4.0,0,0,0,0,-1716.0,57.2,-76.6,-1716.0,57.3,3.999999046,22.40084440227704,0.919,328.81973434535104,119.0,0.18085085388994307,16,1,77,6,Layer 2 Down
149,0.58,79.0,149,0.44,11.29,-5.03,0.0801,326,10.1,0.0005960132827324479,106.0,-0.53,-14.8,106.0,-0.83,-1.4,-7.34,0.13,324,13.2,0.001274235294117647,32.5,4.0,4.0,32.5,4.0,4.0,0,0,0,0,-1716.0,57.4,46.5,-1706.0,57.3,4.0,17.983159392789375,0.986,324.7244781783681,118.0,0.19216290322580645,16,1,77,6,Layer 2 Down
149,1.33,29.0,149,1.21,12.02,-6.02,0.105,326,10.5,0.0006340640891840607,105.0,-1.03,29.0,105.0,-1.31,-0.24,-7.5,0.132,324,14.1,0.0015312082542694497,32.5,4.0,4.0,32.5,4.0,4.0,0,0,0,0,-1706.0,57.3,7.19,-1706.0,57.3,4.0,24.149928842504742,0.927,326.7947817836812,117.0,0.18395052182163185,16,1,77,6,Layer 2 Down
149,1.9,16.5,149,2.04,12.57,-4.18,0.0854,326,8.49,0.0004079984819734345,105.0,-1.93,-46.0,105.0,-1.67,1.01,-7.16,0.132,324,13.7,0.0017573738140417455,32.5,4.025,16.5,32.5,4.0,4.0,0,0,0,0,-1696.0,57.4,5.25,-1696.0,57.3,4.0,17.265426944971537,0.773,327.83757115749523,120.0,0.1531278937381404,16,1,77,6,Layer 2 Down
148,3.05,97.7,148,2.92,12.92,-5.57,0.0972,326,7.23,0.0002702986242884251,104.0,-1.88,-2.25,104.0,-1.9,2.34,-8.27,0.151,324,16.3,0.001963005218216319,32.5,4.0,4.0,32.5,4.0,4.0,0,0,0,0,-1696.0,57.4,63.3,-1696.0,57.3,4.000000954,19.835602466793173,0.924,324.76944971537006,120.0,0.18293975332068313,16,1,77,6,Layer 2 Down
148,3.925,91.5,148,3.82,13.07,-4.72,0.0877,326,4.84,5.5809478178368125e-05,103.4,-1.95,-52.3,103.4,-2.0,3.701,-7.71,0.143,324,15.7,0.0018500379506641367,32.5,4.0,4.0,32.5,4.0,4.0,0,0,0,0,-1686.0,57.3,-35.4,-1686.0,57.3,3.999999046,24.256053130929793,1.07,326.84003795066417,115.0,0.21172656546489563,16,1,77,6,Layer 2 Down
148,4.15,66.5,148,4.0,4.0,-3.68,0.0713,326,3.51,0.0,103.0,-2.0,41.5,102.9,-2.0,4.0,-5.67,0.0886,324,13.0,0.0011717447817836811,32.5,4.0,10.25,32.5,4.0,4.0,0,0,0,0,-1686.0,57.4,13.69,-1686.0,57.3,4.0,14.492632827324478,0.805,326.85512333965846,118.0,0.15726048387096775,16,1,77,6,Layer 2 Down
148,4.15,72.7,148,4.0,4.0,-7.15,0.0676,326,2.28,1.0484516129032259e-05,102.4,-2.18,29.0,102.3,-2.0,4.0,-4.42,0.0876,324,14.2,0.001130683111954459,32.5,4.0,4.0,32.5,4.0,4.0,0,0,0,0,-1676.0,57.3,-2.5,-1676.0,57.3,4.0,24.8750284629981,1.01,325.8423149905123,120.0,0.19941138519924098,16,1,79,6,Layer 2 Down
148,4.15,66.5,148,4.0,4.0,-3.67,0.0639,326,3.61,3.0015882352941176e-05,101.8,-2.32,-46.0,101.7,-2.0,4.0,-4.51,0.112,324,15.0,0.0015110735294117646,32.5,4.0,4.0,32.5,4.0,4.0,0,0,0,0,-1676.0,57.3,-3.5,-1676.0,57.3,4.0,21.89514705882353,0.93,325.85735294117643,117.0,0.18400147058823527,16,1,79,6,Layer 2 Down
148,4.175,91.5,148,4.0,4.0,-4.73,0.0637,326,2.04,0.0,101.2,-2.1,-14.8,101.1,-2.0,4.0,-7.56,0.135,324,15.0,0.0018503795066413663,32.5,4.0,4.0,32.5,4.0,4.0,0,0,0,0,-1666.0,57.4,17.1,-1666.0,57.3,4.000000954,17.784203036053132,0.728,327.92836812144213,120.0,0.14289041745730552,16,1,2,6,Layer 2 Down
148,4.1,47.8,148,4.0,4.0,-4.52,0.0603,326,2.32,3.8448548387096775e-05,100.6,-2.0,-14.8,100.5,-2.0,4.0,-8.73,0.143,324,15.1,0.0018813059772296017,32.5,4.0,4.0,32.5,4.0,4.0,0,0,0,0,-1666.0,57.2,-18.3,-1666.0,57.3,3.999999046,24.15884724857685,1.05,325.88742884250473,119.0,0.20766328273244783,16,1,79,6,Layer 2 Down
148,4.1,47.8,148,4.0,4.0,-4.62,0.0667,326,1.72,3.115092979127135e-05,100.0,-1.85,10.25,99.9,-2.0,4.0,-8.4,0.144,324,15.6,0.0018402694497153698,32.5,4.0,4.0,32.5,4.0,4.0,0,0,0,0,-1656.0,57.5,58.3,-1656.0,57.3,4.0,16.96337760910816,0.841,325.90246679316886,115.0,0.1614091081593928,16,1,79,6,Layer 2 Down
148,4.225,60.3,148,4.243,13.07,-2.32,0.0351,326,1.35,5.120092030360531e-06,99.5,-1.93,91.5,99.4,-2.0,4.341,-7.65,0.133,324,16.1,0.001747822580645161,32.5,4.0,4.0,32.5,4.0,4.0,0,0,0,0,-1656.0,57.4,0.75,-1656.0,57.3,4.0,18.403543643263756,0.772,326.9456356736243,120.0,0.15216337760910814,16,1,79,6,Layer 2 Down
148,4.95,-33.5,148,5.14,12.91,3.93,0.0737,326,5.88,0.00017787485768500948,98.9,-1.97,-58.5,98.8,-1.89,5.7,-4.73,0.117,324,15.0,0.0015525493358633775,32.5,4.0,4.0,32.5,4.0,4.0,0,0,0,0,-1646.0,57.3,14.3,-1646.0,57.3,4.0,21.07765654648956,1.01,325.9325426944971,120.0,0.19946660341555977,16,1,79,6,Layer 2 Down
149,6.0,41.5,149,5.98,12.57,6.04,0.104,326,8.6,0.00039175403225806456,98.3,-1.75,60.3,98.3,-1.66,6.97,-5.3,0.0901,324,13.9,0.0011413306451612906,32.5,4.0,4.0,32.5,4.0,4.0,0,0,0,0,-1646.0,57.3,-5.62,-1646.0,57.3,3.999999046,21.284274193548388,1.03,331.0887096774194,118.0,0.20564516129032262,16,1,79,6,Layer 2 Down
149,6.8,-27.3,149,6.85,12.0,4.33,0.0794,326,8.36,0.0004966559772296015,97.7,-1.47,-21.0,97.7,-1.28,8.28,-6.99,0.133,324,13.5,0.0015526925996204935,32.5,4.025,10.25,32.5,4.0,4.0,0,0,0,0,-1636.0,57.2,-75.9,-1636.0,57.3,3.999999046,21.902220113851993,0.913,328.01916508538903,119.0,0.17994781783681213,16,1,79,6,Layer 2 Down
149,7.7,10.25,149,7.61,11.26,3.81,0.0807,326,9.85,0.000677663330170778,97.2,-0.53,10.25,97.2,-0.79,9.44,-5.71,0.0931,324,12.1,0.0008925823529411764,32.5,4.0,4.0,32.5,4.0,4.0,0,0,0,0,-1636.0,57.4,-42.1,-1626.0,57.3,4.0,19.435260910815938,0.993,323.92101518026567,118.0,0.19538092979127136,16,1,79,6,Layer 2 Down
149,8.07,22.8,150,8.26,10.4,5.16,0.0988,326,12.5,0.0008628008538899431,96.8,-0.55,-33.5,96.7,-0.22,10.43,-4.99,0.111,324,12.1,0.0010797865275142314,32.5,4.0,4.0,32.5,4.0,4.0,0,0,0,0,-1626.0,57.3,0.5,-1626.0,57.3,4.0,22.315588235294115,0.972,331.1345351043643,118.0,0.19333320683111954,16,1,79,6,Layer 2 Down
150,8.85,-14.8,150,8.87,9.32,5.1,0.0927,326,12.0,0.001028415559772296,96.4,0.4,-2.25,96.3,0.5,11.35,-5.21,0.116,324,11.6,0.000861812239089184,32.5,4.0,4.0,32.5,4.0,4.0,0,0,0,0,-1616.0,57.4,5.88,-1616.0,57.3,4.0,17.894430740037947,0.771,327.0361480075901,118.0,0.1522055028462998,16,1,79,6,Layer 2 Down
150,9.35,54.0,150,9.33,8.2,6.57,0.108,326,11.6,0.0012855787476280837,96.1,1.08,-27.3,96.0,1.24,12.04,-5.0,0.0985,325,9.66,0.0006345616698292221,32.5,4.0,-2.25,32.5,4.0,4.0,0,0,0,0,-1616.0,57.1,-88.4,-1616.0,57.3,3.999999046,26.328652751423153,1.04,331.1650853889943,120.0,0.20363567362428844,16,1,79,6,Layer 2 Down
151,9.7,4.0,151,9.69,6.88,5.23,0.0923,326,12.7,0.0010799359582542695,95.8,2.12,16.5,95.8,2.11,12.6,-4.84,0.0935,324,8.01,0.0004124326850094877,32.5,4.0,4.0,32.5,4.0,4.0,0,0,0,0,-1606.0,57.3,-32.8,-1606.0,57.3,3.999999046,23.861442125237193,1.05,326.03780834914613,115.0,0.20878761859582545,16,1,2,6,Layer 2 Down
152,9.97,60.3,152,9.91,5.56,5.53,0.104,326,13.0,0.0012959829222011386,95.7,2.95,10.25,95.7,2.99,12.94,-5.06,0.0942,324,7.05,0.00020159734345351042,32.5,4.0,4.0,32.5,4.0,4.0,0,0,0,0,-1606.0,57.4,16.9,-1606.0,57.3,4.0,14.605521821631879,0.804,326.05284629981026,117.0,0.15634079696394687,16,1,79,6,Layer 2 Down
152,9.75,-27.3,152,10.0,4.192,5.81,0.105,326,14.7,0.0013680450664136621,95.6,3.825,16.5,95.6,3.891,13.07,-6.6,0.117,325,6.56,5.791047912713472e-05,32.5,4.025,10.25,32.5,4.0,4.0,0,0,0,0,-1596.0,57.3,8.38,-1596.0,57.3,4.0,24.377945920303603,1.0,325.03927893738137,121.0,0.19954943074003795,16,1,79,6,Layer 2 Down
153,10.15,-2.25,153,10.0,4.0,4.73,0.0701,326,11.4,0.0009360740037950663,95.6,4.0,4.0,95.6,4.0,4.0,-4.99,0.0924,325,5.3,1.5121195445920302e-05,32.5,4.025,10.25,32.5,4.0,4.0,0,0,0,0,-1596.0,57.3,-6.6,-1596.0,57.3,4.0,24.37907020872865,0.943,326.0829222011385,116.0,0.18824345351043642,16,1,79,6,Layer 2 Down
153,10.15,60.3,153,10.0,4.0,5.04,0.0897,326,11.9,0.001183005218216319,95.6,4.025,4.0,95.6,4.0,4.0,-5.03,0.094,325,4.75,1.5430502846299813e-05,32.5,4.025,22.8,32.5,4.0,4.0,0,0,0,0,-1586.0,57.4,22.3,-1586.0,57.3,4.000000954,17.693643263757117,0.718,326.0979601518027,119.0,0.14093192599620497,16,1,81,6,Layer 2 Down
154,9.88,4.0,154,10.0,4.0,5.61,0.107,326,13.9,0.0013888092979127136,95.6,4.0,-2.25,95.6,4.0,4.0,-4.89,0.0909,324,4.56,1.4813965844402276e-05,32.5,4.0,10.25,32.5,4.0,4.0,0,0,0,0,-1586.0,57.3,-15.4,-1586.0,57.3,3.999999046,25.41006641366224,1.05,325.08425047438334,118.0,0.2088357685009488,16,1,81,6,Layer 2 Down
154,9.85,-64.7,155,10.0,4.0,5.29,0.0946,326,14.5,0.0012345540796963946,95.6,4.0,-2.25,95.6,4.0,4.0,-5.24,0.0918,324,4.13,1.5020407969639469e-05,32.5,4.0,4.0,32.5,4.0,4.0,0,0,0,0,-1576.0,57.5,56.0,-1576.0,57.3,4.0,15.637685009487665,0.846,324.0704459203036,117.0,0.16460721062618597,16,1,81,6,Layer 2 Down
155,10.05,-8.5,155,10.0,4.0,5.56,0.0871,326,12.2,0.001090573055028463,95.6,4.0,-2.25,95.6,4.0,4.0,-5.18,0.0903,324,4.3,1.4712447817836813e-05,32.5,4.0,4.0,32.5,4.0,4.0,0,0,0,0,-1576.0,57.4,3.188,-1576.0,57.3,4.0,18.41628083491461,0.76,326.14307400379505,120.0,0.1502110056925996,16,1,81,6,Layer 2 Down
156,10.13,35.3,156,10.0,4.0,3.28,0.0791,326,13.7,0.0010288899430740037,95.6,4.0,-2.25,95.6,4.0,4.0,-4.74,0.0905,324,4.64,1.4816015180265653e-05,32.5,4.025,16.5,32.5,4.0,4.0,0,0,0,0,-1566.0,57.3,17.5,-1566.0,57.3,4.0,20.989354838709673,0.991,325.1292220113852,119.0,0.1975468690702087,16,1,81,6,Layer 2 Down
156,9.97,41.5,156,10.0,4.0,5.57,0.104,326,14.0,0.0013684867172675523,95.6,3.975,-14.8,95.6,4.0,4.0,-4.98,0.0893,324,4.28,1.4713804554079698e-05,32.5,4.025,10.25,32.5,4.0,4.0,0,0,0,0,-1566.0,57.4,14.6,-1566.0,57.3,4.000000954,24.385815939278938,0.906,324.115275142315,115.0,0.18006404174573057,16,1,81,6,Layer 2 Down
157,9.88,-27.3,157,10.0,4.0,6.37,0.111,325,14.2,0.0014405787476280837,95.6,4.0,-2.25,95.6,4.0,4.0,-4.59,0.0899,324,4.91,2.9634762808349148e-05,32.5,4.0,4.0,32.5,4.0,4.0,0,0,0,0,-1556.0,57.2,-63.4,-1556.0,57.3,3.999999046,22.740564516129034,0.904,327.21717267552185,118.0,0.17801437381404175,16,1,2,6,Layer 2 Down
157,10.03,-21.0,158,10.0,4.0,5.04,0.0809,326,12.9,0.0010259451612903226,95.6,3.95,-21.0,95.6,4.0,4.0,-4.59,0.0895,325,4.74,2.9018709677419355e-05,32.5,4.025,10.25,32.5,4.0,4.0,0,0,0,0,-1556.0,57.4,49.8,-1546.0,57.3,4.0,18.934193548387096,0.992,324.14516129032256,118.0,0.19448709677419354,16,1,81,6,Layer 2 Down
158,10.13,47.8,158,10.0,4.0,4.33,0.0896,326,12.5,0.0011628600569259962,95.6,3.95,-21.0,95.6,4.0,4.0,-4.35,0.0893,325,4.83,1.4612931688804553e-05,32.5,4.0,4.0,32.5,4.0,4.0,0,0,0,0,-1546.0,57.3,3.75,-1546.0,57.3,4.0,24.697912713472483,0.93,325.18918406072106,118.0,0.18420526565464895,16,1,81,6,Layer 2 Down
159,9.95,10.25,159,10.0,4.0,6.9,0.107,326,12.2,0.0014304867172675521,95.6,4.0,-2.25,95.6,4.0,4.0,-4.5,0.088,324,5.3,1.4510692599620493e-05,32.5,4.0,10.25,32.5,4.0,4.0,0,0,0,0,-1536.0,57.4,9.0,-1536.0,57.3,4.0,18.318462998102465,0.769,327.26242884250473,118.0,0.15231081593927892,16,1,81,6,Layer 2 Down
159,9.95,-8.5,159,10.0,4.0,4.77,0.0996,326,13.9,0.0012555929791271349,95.6,3.975,-14.8,95.6,4.0,4.0,-4.99,0.0887,324,4.39,0.0,32.5,4.025,16.5,32.5,4.0,4.0,0,0,0,0,-1536.0,57.4,66.1,-1536.0,57.3,4.000000954,19.245564516129033,0.938,324.189990512334,120.0,0.18628059772296016,16,1,81,6,Layer 2 Down
160,10.07,-2.25,160,10.0,4.0,4.98,0.0819,325,12.3,0.0010600986717267554,95.6,3.95,-21.0,95.6,4.0,4.0,-4.94,0.0883,324,4.15,1.420326375711575e-05,32.5,4.025,10.25,32.5,4.0,4.0,0,0,0,0,-1526.0,57.3,-33.6,-1526.0,57.3,3.999999046,24.186717267552183,1.05,325.234155597723,114.0,0.20790284629981026,16,1,81,6,Layer 2 Down
160,10.2,54.0,161,10.0,4.0,4.91,0.1,325,12.8,0.001338050284629981,95.6,3.975,-14.8,95.6,4.0,4.0,-5.24,0.0882,324,4.11,4.343517077798862e-05,32.5,4.0,4.0,32.5,4.0,4.0,0,0,0,0,-1526.0,57.4,18.5,-1526.0,57.3,4.0,15.850749525616699,0.811,326.2784155597723,116.0,0.15850749525616697,16,1,81,6,Layer 2 Down
161,9.9,-21.0,161,10.0,4.0,7.39,0.1,326,13.0,0.0013175256166982922,95.6,4.05,29.0,95.6,4.0,4.0,-5.03,0.0741,325,6.79,-1.1940075901328274e-05,32.5,3.975,-2.25,32.5,4.0,4.0,0,0,0,0,-1516.0,57.3,-19.9,-1516.0,57.3,4.0,23.056698292220112,0.915,331.44003795066413,120.0,0.1821890891840607,16,1,81,6,Layer 2 Down
162,9.82,-33.5,162,10.0,4.0,6.39,0.118,326,14.8,0.0015440464895635673,95.6,3.95,-27.3,95.6,4.0,4.0,-3.84,0.0871,324,4.96,2.851339184060721e-05,32.5,4.0,4.0,32.5,4.0,4.0,0,0,0,0,-1516.0,57.3,-5.37,-1516.0,57.3,4.0,24.80768026565465,0.945,326.3084914611006,115.0,0.1883736717267552,16,1,81,6,Layer 2 Down
162,9.97,-33.5,162,10.0,4.0,4.69,0.088,326,13.7,0.0011426470588235295,95.6,3.95,-21.0,95.6,4.0,4.0,-4.59,0.0866,325,4.41,2.8514705882352937e-05,32.5,4.025,10.25,32.5,4.0,4.0,0,0,0,0,-1506.0,57.4,27.8,-1506.0,57.3,4.000000954,19.044117647058822,0.714,326.3235294117647,118.0,0.13999999999999999,16,1,81,6,Layer 2 Down
163,10.05,60.3,163,10.0,4.0,4.14,0.0923,326,14.8,0.0011941726755218217,95.6,4.05,35.3,95.6,4.0,4.0,-5.48,0.0765,325,6.26,-4.9722879506641374e-05,32.5,3.975,-8.5,32.5,4.0,4.0,0,0,0,0,-1506.0,57.3,-10.3,-1506.0,57.3,4.0,19.559724857685012,0.897,330.4564041745731,119.0,0.1780964421252372,16,1,81,6,Layer 2 Down
163,3.2,-596.0,164,9.5,879.0,3.53,0.16,326,3.97,0.000266642220113852,95.6,4.05,29.0,95.6,3.9601,-5.21,-4.45,0.0747,324,7.2,-4.8283861480075906e-05,32.5,4.0,-2.25,32.5,4.0,4.0,0,0,0,0,-1496.0,57.3,-15.0,-1496.0,57.3,4.0,24.296356736242885,1.04,330.4716318785579,118.0,0.2059013282732448,16,1,2,6,Layer 2 Down
164,10.03,54.0,164,9.87,1.22,4.05,0.0791,326,12.5,0.001015140322580645,95.6,2.87,10.25,95.6,2.76,-9.5,-7.28,0.135,324,9.17,0.0003109253320683112,32.5,4.025,10.25,32.5,4.0,4.0,0,0,0,0,-1496.0,57.4,1.62,-1496.0,57.3,4.0,20.591081593927893,0.777,326.3686432637571,118.0,0.1534035578747628,16,1,81,6,Layer 2 Down
165,9.43,-21.0,165,9.43,-1.77,4.58,0.0768,326,12.5,0.00088133889943074,95.4,1.65,-33.5,95.4,1.46,-8.5,-3.77,0.0777,324,8.33,0.0003613901328273245,32.5,4.025,16.5,32.5,4.0,4.0,0,0,0,0,-1486.0,57.3,17.8,-1486.0,57.3,4.0,23.577874762808346,1.02,326.38368121442124,117.0,0.2028314990512334,16,1,81,6,Layer 2 Down
165,8.78,-27.3,165,8.72,-4.45,5.38,0.0835,326,11.2,0.0008474010910815938,95.1,0.47,41.5,95.0,0.29,-6.8,-3.47,0.0697,324,10.7,0.0005158541271347249,32.5,4.0,4.0,32.5,4.0,4.0,0,0,0,0,-1486.0,57.4,16.4,-1486.0,57.3,4.000000954,23.990820683111952,0.913,325.3690702087286,115.0,0.18121821631878554,16,1,81,6,Layer 2 Down
166,7.7,4.0,166,7.71,-6.8,7.9,0.102,326,10.3,0.0008186086337760911,94.6,-0.6,4.0,94.6,-0.72,-4.54,-9.06,0.155,324,15.0,0.0015239506641366225,32.5,4.0,-2.25,32.5,4.0,4.0,0,0,0,0,-1476.0,57.3,21.1,-1476.0,57.3,4.000000954,23.785986717267555,0.919,331.56223908918406,120.0,0.18225626185958255,16,1,81,6,Layer 2 Down
166,6.72,22.8,166,6.59,-8.4,5.21,0.0948,326,9.26,0.000516931404174573,94.2,-1.63,-52.3,94.1,-1.41,-1.99,-2.78,0.0659,324,11.1,0.0007486237666034156,32.5,4.025,16.5,32.5,4.0,4.0,0,0,0,0,-1476.0,57.4,51.6,-1466.0,57.3,4.0,15.652106261859583,1.0,326.42879506641367,121.0,0.19668107210626187,16,1,81,6,Layer 2 Down
166,5.48,22.8,166,5.29,-9.4,5.0,0.105,326,6.88,0.0003285034155597723,93.6,-1.78,29.0,93.5,-1.86,0.98,-5.15,0.0945,324,13.1,0.0011842599620493358,32.5,4.025,10.25,32.5,4.0,4.0,0,0,0,0,-1466.0,57.3,5.63,-1466.0,57.3,4.0,32.12948766603415,0.958,326.4438330170778,110.0,0.18948159392789374,16,1,81,6,Layer 2 Down
166,4.125,41.5,166,4.0,3.469,2.21,0.0736,326,3.31,3.522048387096774e-05,93.0,-1.68,160.0,93.0,4.0,421.0,0.864,0.0368,324,5.78,8.856612903225807e-05,32.5,4.0,4.0,32.5,4.0,4.0,0,0,0,0,-1456.0,57.4,9.81,-1456.0,57.3,4.0,19.463951612903223,0.781,328.51854838709676,118.0,0.15447580645161288,16,1,81,6,Layer 2 Down
166,3.95,-27.3,166,4.0,4.0,1.66,0.0415,326,6.32,-3.614900379506641e-05,92.5,-1.82,-14.8,92.4,-2.0,4.0,-7.92,0.128,325,15.8,0.0016375189753320683,32.5,4.0,4.0,32.5,4.0,4.0,0,0,0,0,-1456.0,57.3,-21.1,-1456.0,57.3,4.0,25.85014231499051,0.948,330.5934535104364,117.0,0.18743927893738138,16,1,81,6,Layer 2 Down
166,4.0,-8.5,166,4.0,4.0,1.38,0.0386,326,6.5,-2.7808206831119545e-05,91.9,-1.82,-27.3,91.8,-2.0,4.0,-6.81,0.121,325,15.1,0.0014934037001897533,32.5,3.975,-8.5,32.5,4.0,4.0,0,0,0,0,-1446.0,57.4,42.4,-1446.0,57.3,4.000000954,19.36275142314991,0.717,332.6685483870968,118.0,0.1400709677419355,16,1,82,6,Layer 2 Down
166,4.0,-8.5,166,4.0,4.0,3.04,0.0433,326,3.53,-2.2247590132827325e-05,91.3,-1.65,91.5,91.2,-2.0,4.0,-6.15,0.0996,325,14.9,0.0012565768500948766,32.5,3.975,-2.25,32.5,4.0,4.0,0,0,0,0,-1446.0,57.1,-68.7,-1446.0,57.3,3.999999046,29.45745730550285,1.1,330.6239089184061,117.0,0.21629601518026564,16,1,2,6,Layer 2 Down
166,3.95,-21.0,166,4.0,4.0,3.05,0.0378,326,4.55,-1.0918301707779887e-05,90.8,-2.35,4.0,90.8,-2.0,4.0,-4.53,0.0952,325,14.5,0.0013081361480075902,32.5,3.975,-8.5,32.5,4.0,4.0,0,0,0,0,-1436.0,57.4,37.1,-1436.0,57.3,4.0,18.437509487666034,0.865,330.6391366223909,116.0,0.1699546963946869,16,1,82,6,Layer 2 Down
166,4.0,-8.5,166,4.0,4.0,1.94,0.0351,326,5.31,-1.5554146110056925e-05,90.2,-2.28,-14.8,90.2,-2.0,4.0,-8.0,0.121,325,12.1,0.00165842220113852,32.5,3.95,-14.8,32.5,4.0,4.0,0,0,0,0,-1436.0,57.4,18.9,-1436.0,57.3,4.0,20.29249525616698,0.752,331.684440227704,119.0,0.14833092979127133,16,1,84,6,Layer 2 Down
166,3.95,-27.3,166,4.0,4.0,1.37,0.0438,326,6.26,-2.956453984819734e-05,89.6,-2.1,-21.0,89.6,-2.0,4.0,-9.2,0.164,325,15.1,0.0021529577798861475,32.5,3.975,-2.25,32.5,4.0,4.0,0,0,0,0,-1426.0,57.2,-36.4,-1426.0,57.3,4.0,24.928984819734342,1.04,330.6695920303605,118.0,0.20499454459203034,16,1,84,6,Layer 2 Down
166,3.9,-58.5,166,4.0,4.0,2.77,0.0524,326,5.52,-2.142755218216319e-05,89.0,-2.0,-2.25,89.0,-2.0,4.0,-7.81,0.143,325,17.2,0.0018337039848197343,32.5,3.975,-2.25,32.5,4.0,4.0,0,0,0,0,-1426.0,57.4,31.6,-1426.0,57.3,4.000000954,22.76677419354839,0.87,331.714990512334,118.0,0.1730686907020873,16,1,84,6,Layer 2 Down
166,3.95,-27.3,166,4.0,4.0,-2.21,0.0498,326,11.0,-1.6998600569259965e-05,88.4,-1.82,-14.8,88.4,-2.0,4.0,-7.84,0.143,325,16.2,0.0018852993358633777,32.5,3.975,-8.5,32.5,4.0,4.0,0,0,0,0,-1416.0,57.3,-44.4,-1416.0,57.3,3.999999046,22.04666982922201,0.945,331.730265654649,116.0,0.18749971537001897,16,1,84,6,Layer 2 Down
166,3.95,-33.5,166,4.0,4.0,0.827,0.0411,326,6.89,-2.9877703984819734e-05,87.8,-1.68,22.8,87.8,-2.0,4.0,-8.13,0.133,324,15.3,0.0016690303605313092,32.5,4.0,4.0,32.5,4.0,4.0,0,0,0,0,-1416.0,57.3,-18.4,-1416.0,57.3,4.0,21.223472485768504,1.02,330.71527514231497,116.0,0.2009018026565465,16,1,84,6,Layer 2 Down
166,3.925,-33.5,166,4.0,4.0,2.22,0.0419,326,5.54,-1.8854729601518025e-05,87.2,-1.65,66.5,87.2,-2.0,4.0,-5.41,0.0971,325,15.2,0.0012054663187855788,32.5,3.975,-2.25,32.5,4.0,4.0,0,0,0,0,-1406.0,57.3,-2.0,-1406.0,57.3,4.0,25.551764705882352,0.886,330.73050284629977,120.0,0.17515322580645162,16,1,84,6,Layer 2 Down
166,3.925,-58.5,166,4.0,4.0,1.38,0.0419,326,6.16,-2.3904364326375712e-05,86.6,-1.82,110.0,86.6,-2.0,4.0,-3.98,0.0632,325,14.4,0.0007325863377609108,32.5,4.0,4.0,32.5,4.0,4.0,0,0,0,0,-1406.0,57.4,9.88,-1406.0,57.3,4.0,20.19506641366224,0.814,331.7760910815939,118.0,0.16176660341555976,16,1,84,6,Layer 2 Down
166,3.925,-39.8,166,4.0,4.0,3.88,0.0389,326,4.01,-1.1025365275142316e-05,86.0,-2.18,16.5,86.0,-2.0,4.0,-2.06,0.0548,324,13.5,0.0006563698766603416,32.5,4.0,4.0,32.5,4.0,4.0,0,0,0,0,-1396.0,57.3,18.2,-1396.0,57.3,4.000000954,25.038913662239093,0.904,330.7609582542695,118.0,0.17929098671726756,16,1,84,6,Layer 2 Down
166,3.875,-58.5,166,4.0,4.0,3.61,0.0401,326,4.79,-1.5559876660341557e-05,85.4,-2.13,-27.3,85.4,-2.0,4.0,-3.74,0.0833,324,14.1,0.0011128918406072108,32.5,3.975,-2.25,32.5,4.0,4.0,0,0,0,0,-1386.0,57.3,-22.4,-1386.0,57.3,3.999999046,24.0096110056926,1.01,329.74573055028463,117.0,0.20196925996204934,16,1,84,6,Layer 2 Down
166,3.925,-39.8,166,4.0,4.0,2.22,0.0453,326,5.51,-2.4113766603415558e-05,84.8,-1.82,47.8,84.8,-2.0,4.0,-5.52,0.103,324,15.2,0.001298433586337761,32.5,3.975,-2.25,32.5,4.0,4.0,0,0,0,0,-1386.0,57.5,43.7,-1386.0,57.3,4.0,15.869743833017079,0.803,330.7914136622391,115.0,0.15869743833017078,16,1,2,6,Layer 2 Down
166,4.125,72.7,166,4.0,4.0,0.84,0.0507,326,3.04,1.473686907020873e-05,84.2,-1.93,-21.0,84.1,-2.0,4.0,-6.61,0.101,324,13.6,0.0012366603415559772,32.5,4.025,16.5,32.5,4.0,4.0,0,0,0,0,-1376.0,57.4,59.4,-1376.0,57.3,4.0,20.301840607210625,0.961,327.71499051233394,114.0,0.1896212523719165,16,1,84,6,Layer 2 Down
166,3.9,-58.5,166,4.0,4.0,2.21,0.0395,326,6.01,-2.3600687855787477e-05,83.6,-2.1,41.5,83.6,-2.0,4.0,-4.39,0.0775,325,14.7,0.0009821596299810246,32.5,4.0,4.0,32.5,4.0,4.0,0,0,0,0,-1376.0,57.3,-16.4,-1376.0,57.3,4.0,23.394568311195442,0.935,330.8218690702087,119.0,0.18653818785578746,16,1,84,6,Layer 2 Down
166,4.15,85.2,166,4.0,4.0,1.94,0.0509,326,1.82,3.792774193548387e-05,83.0,-2.2,-39.8,83.0,-2.0,4.0,-7.08,0.131,324,14.3,0.0017417903225806454,32.5,4.0,4.0,32.5,4.0,4.0,0,0,0,0,-1366.0,57.3,-33.3,-1366.0,57.3,3.999999046,23.601774193548387,1.07,329.8064516129033,114.0,0.21128225806451614,16,1,84,6,Layer 2 Down
166,4.175,91.5,166,4.0,4.0,0.278,0.0449,326,2.86,1.3192865275142315e-05,82.4,-2.0,-8.5,82.4,-2.0,4.0,-8.71,0.144,324,15.2,0.0018964743833017079,32.5,4.0,4.0,32.5,4.0,4.0,0,0,0,0,-1366.0,57.4,15.1,-1366.0,57.3,4.0,15.4603889943074,0.829,330.8523244781784,117.0,0.16284943074003796,16,1,84,6,Layer 2 Down
166,4.15,85.2,166,4.0,4.0,0.824,0.0477,326,2.56,6.885343453510437e-06,81.8,-1.95,-14.8,81.8,-2.0,4.0,-7.57,0.138,324,16.1,0.0017419506641366226,32.5,4.025,16.5,32.5,4.0,4.0,0,0,0,0,-1356.0,57.3,5.94,-1356.0,57.3,4.0,24.531612903225806,1.03,329.83681214421256,120.0,0.2040865275142315,16,1,84,6,Layer 2 Down
166,4.2,97.7,166,4.0,4.0,1.39,0.0519,326,1.98,3.319135673624288e-05,81.2,-1.9,-39.8,81.2,-2.0,4.0,-7.59,0.135,324,14.8,0.0017111072106261859,32.5,4.0,4.0,32.5,4.0,4.0,0,0,0,0,-1356.0,57.3,-2.88,-1356.0,57.3,4.0,22.677324478178367,0.953,329.8519924098672,117.0,0.18966489563567362,16,1,84,6,Layer 2 Down
166,4.1,60.3,166,4.0,4.0,4.44,0.0411,326,3.12,-1.81426944971537e-05,80.7,-2.45,-109.0,80.6,-2.0,4.0,-6.2,0.113,325,13.9,0.0015874857685009487,32.5,3.975,-2.25,32.5,4.0,4.0,0,0,0,0,-1346.0,57.4,10.81,-1346.0,57.3,4.000000954,19.070445920303605,0.74,330.8980075901328,119.0,0.14534772296015178,16,1,84,6,Layer 2 Down
166,4.1,54.0,166,4.0,4.0,1.1,0.0493,326,2.83,2.1957794117647054e-05,80.1,-2.03,-64.7,80.1,-2.0,4.0,-6.2,0.135,324,14.6,0.0018349705882352938,32.5,4.0,4.0,32.5,4.0,4.0,0,0,0,0,-1346.0,57.3,-12.7,-1346.0,57.3,3.999999046,24.844264705882352,1.06,329.88235294117646,118.0,0.2123617647058823,16,1,84,6,Layer 2 Down
166,3.875,-71.0,166,4.0,4.0,3.34,0.0404,326,5.33,-1.1649506641366225e-05,79.5,-2.0,-8.5,79.4,-2.0,4.0,-7.3,0.122,324,14.0,0.0016185597722960152,32.5,3.975,-2.25,32.5,4.0,4.0,0,0,0,0,-1336.0,57.5,55.8,-1336.0,57.3,4.0,16.185597722960154,0.964,330.9284629981025,116.0,0.1917529411764706,16,1,84,6,Layer 2 Down
166,3.9,-64.7,166,3.99695,3.236,3.34,0.045,326,4.33,-1.824829696394687e-05,79.0,3.125,41.5,79.0,2.0,-496.0,0.167,0.0538,325,3.62,2.8351873814041747e-06,32.5,4.0,4.0,32.5,4.0,4.0,0,0,0,0,-1336.0,57.3,-14.9,-1336.0,57.3,4.0,22.37220588235294,1.01,329.9127134724858,115.0,0.20000958254269452,16,1,84,6,Layer 2 Down
166,2.92,72.7,166,2.65,-9.4,-3.57,0.0583,326,7.73,0.0001567157495256167,78.4,-1.82,-64.7,78.4,-1.85,7.03,-6.87,0.131,324,15.8,0.0016908804554079697,32.5,3.975,-8.5,32.5,4.0,4.0,0,0,0,0,-1326.0,57.3,-3.5,-1326.0,57.3,4.0,25.775616698292218,0.89,329.9278937381404,119.0,0.1763052182163188,16,1,2,6,Layer 2 Down
166,1.47,29.0,166,1.36,-8.4,-6.12,0.0986,326,9.91,0.000521722485768501,77.9,-1.1,129.0,77.8,-1.39,10.0,-4.38,0.0682,325,13.8,0.0007176261859582542,32.5,3.975,-8.5,32.5,4.0,4.0,0,0,0,0,-1326.0,57.4,15.7,-1326.0,57.3,4.0,20.10590607210626,0.81,330.9741461100569,117.0,0.16187832068311195,16,1,86,6,Layer 2 Down
166,0.2,-52.3,166,0.2,-6.7,-4.8,0.0888,326,11.6,0.0007362193548387096,77.4,-0.47,110.0,77.3,-0.65,12.65,-5.23,0.0904,324,14.4,0.0009011984819734344,32.5,3.975,-2.25,32.5,4.0,4.0,0,0,0,0,-1316.0,57.3,18.0,-1316.0,57.3,4.000000954,26.499772296015177,0.917,329.9582542694497,117.0,0.18147703984819732,16,1,86,6,Layer 2 Down
165,-0.72,-33.5,165,-0.75,-4.44,-5.09,0.11,326,14.4,0.0011239720113851994,76.9,0.47,35.3,76.9,0.34,14.8,-5.16,0.0837,325,11.2,0.0006238560246679316,32.5,3.975,-8.5,32.5,4.0,4.0,0,0,0,0,-1306.0,57.3,-20.6,-1306.0,57.3,3.999999046,22.376323529411767,1.0,329.9734345351044,119.0,0.20004639468690705,16,1,86,6,Layer 2 Down
165,-1.2,16.5,165,-1.46,-1.76,-7.33,0.118,326,13.8,0.0013199544592030362,76.6,1.58,4.0,76.6,1.51,16.5,-5.36,0.095,325,10.4,0.00048157713472485775,32.5,4.0,4.0,32.5,4.0,4.0,0,0,0,0,-1306.0,57.5,35.3,-1306.0,57.3,4.0,16.60255218216319,0.802,329.988614800759,114.0,0.15880702087286527,16,1,86,6,Layer 2 Down
164,-1.88,29.0,164,-1.88,1.23,-5.22,0.0854,326,14.1,0.0010828249525616698,76.4,2.77,29.0,76.4,2.82,17.5,-8.64,0.109,325,6.45,0.00025059663187855784,32.5,4.0,4.0,32.5,4.0,4.0,0,0,0,0,-1296.0,57.2,-40.8,-1296.0,57.3,4.0,27.53469165085389,1.0,330.00379506641366,119.0,0.1980022770398482,16,1,86,6,Layer 2 Down
163,0.67,-1086.0,163,-2.0,-121.0,-17.0,0.22,326,18.8,0.001990426944971537,76.4,3.95,-21.0,76.4,4.0,4.0,-2.53,0.0542,325,2.59,-8.580493358633776e-06,32.5,4.0,4.0,32.5,4.0,4.0,0,0,0,0,-1296.0,57.4,33.6,-1296.0,57.3,4.0,18.357305502846298,0.819,331.050284629981,119.0,0.16191555977229602,16,1,86,6,Layer 2 Down
163,-2.2,-27.3,163,-2.0,4.0,-4.64,0.0834,326,12.9,0.0010932381404174572,76.4,4.025,22.8,76.4,4.0,4.0,-1.26,0.0442,325,3.2,-7.0957343453510436e-06,32.5,4.0,-2.25,32.5,4.0,4.0,0,0,0,0,-1286.0,57.4,40.0,-1286.0,57.3,4.000000954,19.905185009487663,0.728,331.0655123339658,118.0,0.14232722960151803,16,1,86,6,Layer 2 Down
162,-1.95,-14.8,162,-2.0,4.0,-6.09,0.104,326,14.1,0.0013511394686907023,76.4,4.05,29.0,76.4,4.0,4.0,-1.45,0.0297,325,3.14,0.0,32.5,3.975,-2.25,32.5,4.0,4.0,0,0,0,0,-1286.0,57.2,-64.6,-1286.0,57.3,3.999999046,29.80758064516129,1.11,330.0493358633776,116.0,0.21865768500948768,16,1,86,6,Layer 2 Down
162,-1.68,66.5,162,-2.0,4.0,-6.77,0.102,326,15.2,0.0012377419354838708,76.4,4.05,29.0,76.4,4.0,4.0,-0.429,0.0303,325,4.54,-4.105177419354839e-06,32.5,3.975,-2.25,32.5,4.0,4.0,0,0,0,0,-1276.0,57.4,47.7,-1276.0,57.3,4.0,16.090645161290322,0.851,329.03306451612906,117.0,0.1670951612903226,16,1,86,6,Layer 2 Down
161,-1.88,97.7,161,-2.0,4.0,-4.43,0.0676,326,13.5,0.0008726481973434535,76.4,4.05,35.3,76.4,4.0,4.0,-1.89,0.0303,325,2.64,4.1156812144212524e-06,32.5,4.0,4.0,32.5,4.0,4.0,0,0,0,0,-1276.0,57.4,15.8,-1276.0,57.3,4.0,20.52683111954459,0.759,331.1111954459203,118.0,0.1495673624288425,16,1,86,6,Layer 2 Down
161,-2.05,10.25,160,-2.0,4.0,-5.67,0.0835,326,12.7,0.0010624928842504744,76.4,4.025,22.8,76.4,4.0,4.0,-2.58,0.0311,325,2.15,-4.21902514231499e-06,32.5,3.975,-2.25,32.5,4.0,4.0,0,0,0,0,-1266.0,57.2,-36.0,-1266.0,57.3,4.0,25.066579696394687,1.06,329.063330170778,118.0,0.20837239089184062,16,1,2,6,Layer 2 Down
160,-1.95,-8.5,160,-2.0,4.0,-6.23,0.101,326,12.8,0.0013410721062618593,76.4,4.0,10.25,76.4,4.0,4.0,-2.45,0.0298,325,2.23,7.943273244781783e-06,32.5,4.0,4.0,32.5,4.0,4.0,0,0,0,0,-1266.0,57.4,38.3,-1266.0,57.3,4.000000954,20.83819734345351,0.846,329.07846299810245,119.0,0.16711821631878557,16,1,86,6,Layer 2 Down
159,-1.85,60.3,159,-2.0,4.0,-5.7,0.0895,326,14.1,0.0011141726755218217,76.4,4.05,29.0,76.4,4.0,4.0,-1.82,0.0321,325,2.6,-4.446374288425048e-06,32.5,3.975,-2.25,32.5,4.0,4.0,0,0,0,0,-1256.0,57.3,-46.3,-1256.0,57.3,3.999999046,23.315094876660346,0.95,330.12523719165085,115.0,0.18879037001897533,16,1,86,6,Layer 2 Down
159,-1.9,79.0,159,-2.0,4.0,-5.23,0.0733,326,13.7,0.0009016960151802657,76.4,4.0,10.25,76.4,4.0,4.0,-1.21,0.034,325,3.1,0.0,32.5,4.0,4.0,32.5,4.0,4.0,0,0,0,0,-1256.0,57.3,-11.9,-1256.0,57.3,4.0,21.45912713472486,1.0,329.10872865275144,116.0,0.1991159392789374,16,1,86,6,Layer 2 Down
158,-2.2,-83.5,158,-2.0,4.0,-4.78,0.092,326,13.3,0.0012174487666034156,76.4,3.95,-14.8,76.4,4.0,4.0,-0.941,0.0351,324,2.46,9.976889468690703e-06,32.5,4.0,4.0,32.5,4.0,4.0,0,0,0,0,-1246.0,57.3,9.5,-1246.0,57.3,4.0,21.87280834914611,1.02,332.2190702087287,118.0,0.20325203984819734,16,1,86,6,Layer 2 Down
158,-1.97,-52.3,157,-2.0,4.0,-5.4,0.105,326,15.3,0.0014238614800759011,76.4,3.975,-14.8,76.4,4.0,4.0,-2.33,0.0347,325,1.07,-9.77099146110057e-06,32.5,3.975,-2.25,32.5,4.0,4.0,0,0,0,0,-1246.0,57.4,15.1,-1246.0,57.3,4.000000954,22.38970588235294,0.897,332.23434535104366,116.0,0.17849857685009485,16,1,86,6,Layer 2 Down
157,-1.9,35.3,157,-2.0,4.0,-5.71,0.107,326,15.4,0.0013310621442125235,76.4,4.025,16.5,76.4,4.0,4.0,-1.77,0.0362,325,2.91,4.251144212523719e-06,32.5,4.0,4.0,32.5,4.0,4.0,0,0,0,0,-1236.0,57.3,22.8,-1236.0,57.3,4.000000954,23.732115749525615,0.905,329.15412713472483,119.0,0.18057044592030358,16,1,86,6,Layer 2 Down
156,-1.9,79.0,156,-2.0,4.0,-5.51,0.0923,326,14.2,0.0011557039848197343,76.4,4.025,16.5,76.4,4.0,4.0,-3.04,0.032,325,0.969,4.488671726755219e-06,32.5,4.0,-2.25,32.5,4.0,4.0,0,0,0,0,-1226.0,57.3,-18.4,-1226.0,57.3,3.999999046,22.28857685009488,1.01,329.16925996204935,118.0,0.200184440227704,16,1,86,6,Layer 2 Down
156,-2.18,-27.3,156,-2.0,4.0,-4.14,0.0809,326,14.3,0.0010628837760910817,76.4,4.0,10.25,76.4,4.0,4.0,-1.77,0.0313,325,2.74,3.7562106261859584e-06,32.5,4.0,4.0,32.5,4.0,4.0,0,0,0,0,-1226.0,57.5,37.6,-1226.0,57.3,4.0,16.510815939278938,0.812,329.1843927893738,113.0,0.1599485294117647,16,1,86,6,Layer 2 Down
155,-2.05,-27.3,155,-2.0,4.0,-5.64,0.107,326,14.1,0.001434443074003795,76.4,4.05,29.0,76.4,4.0,4.0,-3.21,0.0323,325,1.9,0.0,32.5,4.025,16.5,32.5,4.0,4.0,0,0,0,0,-1216.0,57.2,-42.3,-1216.0,57.3,4.0,28.172874762808352,1.0,329.1995256166983,119.0,0.19917087286527516,16,1,86,6,Layer 2 Down
155,-1.88,60.3,154,-2.0,4.0,-6.16,0.109,326,15.0,0.0014138685958254267,76.4,4.05,29.0,76.4,4.0,4.0,-1.89,0.0399,325,3.11,1.5789919354838708e-05,32.5,4.0,4.0,32.5,4.0,4.0,0,0,0,0,-1216.0,57.3,-18.1,-1216.0,57.3,4.0,22.80766129032258,0.949,329.21465844402275,119.0,0.18885981973434535,16,1,2,6,Layer 2 Down
154,-2.03,29.0,154,-2.0,4.0,-6.16,0.0986,325,14.1,0.0012488026565464893,76.4,4.0,10.25,76.4,4.0,4.0,-2.58,0.0344,325,1.95,0.0,32.5,4.0,4.0,32.5,4.0,4.0,0,0,0,0,-1206.0,57.4,40.3,-1206.0,57.3,4.000000954,20.744573055028464,0.728,330.2618595825427,116.0,0.14242542694497154,16,1,86,6,Layer 2 Down
153,-1.97,72.7,153,-2.0,4.0,-7.48,0.088,326,11.9,0.00110436385199241,76.4,4.025,16.5,76.4,4.0,4.0,-2.79,0.0322,325,1.6,4.1594264705882365e-06,32.5,4.0,4.0,32.5,4.0,4.0,0,0,0,0,-1206.0,57.2,-58.0,-1206.0,57.3,3.999999046,29.828145161290323,1.09,329.24492409867173,117.0,0.2146800759013283,16,1,86,6,Layer 2 Down
153,-2.13,-8.5,153,-2.0,4.0,-4.35,0.0858,326,14.2,0.0011250578747628085,76.4,3.95,-14.8,76.4,4.0,4.0,-1.01,0.0295,324,2.6,4.32476375711575e-06,32.5,4.0,4.0,32.5,4.0,4.0,0,0,0,0,-1196.0,57.3,-31.9,-1196.0,57.3,3.999999046,21.881859582542695,0.993,332.3565464895636,117.0,0.1981753320683112,16,1,86,6,Layer 2 Down
152,-1.85,16.5,152,-2.0,4.0,-6.12,0.114,326,15.2,0.00148638330170778,76.4,4.025,16.5,76.4,4.0,4.0,-2.01,0.0324,325,2.28,8.990554554079697e-06,32.5,4.0,4.0,32.5,4.0,4.0,0,0,0,0,-1196.0,57.4,21.6,-1196.0,57.3,4.0,20.540991461100568,0.75,329.27518975332066,117.0,0.148638330170778,16,1,86,6,Layer 2 Down
152,-1.85,29.0,151,-2.0,4.0,-6.59,0.105,326,14.3,0.0013212903225806453,76.4,4.025,22.8,76.4,4.0,4.0,-2.84,0.0312,325,1.82,8.701935483870969e-06,32.5,4.0,4.0,32.5,4.0,4.0,0,0,0,0,-1186.0,57.2,-31.3,-1186.0,57.3,4.0,26.01290322580645,1.05,328.258064516129,117.0,0.2095483870967742,16,1,86,6,Layer 2 Down
151,-1.95,60.3,151,-2.0,4.0,-4.88,0.0896,326,14.3,0.0011355360531309297,76.4,4.025,22.8,76.4,4.0,4.0,-3.09,0.0334,325,1.81,0.0,32.5,4.0,4.0,32.5,4.0,4.0,0,0,0,0,-1186.0,57.4,35.4,-1186.0,57.3,4.000000954,21.678415559772294,0.86,328.2731499051233,119.0,0.17033040796963947,16,1,86,6,Layer 2 Down
150,-2.07,-52.3,150,-2.0,4.0,-5.38,0.105,325,14.1,0.0014040000000000003,76.4,4.025,16.5,76.4,4.0,4.0,-2.4,0.0373,324,1.66,4.841735294117648e-06,32.5,4.0,4.0,32.5,4.0,4.0,0,0,0,0,-1176.0,57.3,-37.5,-1176.0,57.3,3.999999046,23.021470588235296,0.943,329.32058823529417,114.0,0.18788823529411766,16,1,86,6,Layer 2 Down
150,-1.88,22.8,150,-2.0,4.0,-6.14,0.11,326,14.4,0.0014866565464895637,76.4,4.05,29.0,76.4,4.0,4.0,-0.502,0.0359,325,4.34,9.942015654648956e-06,32.5,4.0,4.0,32.5,4.0,4.0,0,0,0,0,-1176.0,57.3,-3.62,-1176.0,57.3,4.0,20.957727703984823,0.993,328.30332068311196,116.0,0.19822087286527515,16,1,86,6,Layer 2 Down
149,-1.72,79.0,149,-2.0,4.0,-7.04,0.103,325,14.3,0.0013215332068311197,76.4,4.025,10.25,76.4,4.0,4.0,-3.65,0.0349,324,2.2,4.7286110056926e-06,32.5,4.0,4.0,32.5,4.0,4.0,0,0,0,0,-1166.0,57.3,-0.69,-1166.0,57.3,4.0,25.191726755218216,0.903,328.31840607210626,120.0,0.1786134724857685,16,1,86,6,Layer 2 Down
148,-1.93,-2.25,148,-2.0,4.0,-6.46,0.114,325,14.8,0.0015074430740037949,76.4,4.05,22.8,76.4,4.0,4.0,-1.96,0.0405,324,2.22,0.0,32.5,4.0,4.0,32.5,4.0,4.0,0,0,0,0,-1166.0,57.4,23.4,-1156.0,57.3,4.0,18.68816413662239,1.0,328.33349146110055,119.0,0.2003040796963947,16,1,2,6,Layer 2 Down
148,-2.47,-390.0,148,-1.99,4.661,-2.78,0.0472,326,13.0,0.00036448757115749525,76.4,4.1,10.25,76.4,4.316,17.7,-0.362,0.0157,324,3.58,7.640815939278937e-07,32.5,4.0,4.0,32.5,4.0,4.0,0,0,0,0,-1156.0,57.3,4.812,-1156.0,57.3,4.0,23.12895635673624,0.973,332.47874762808345,117.0,0.1941180265654649,16,1,86,6,Layer 2 Down
147,-2.03,-77.2,147,-1.76,7.76,-3.15,0.0752,326,12.6,0.0009696021347248578,76.5,5.65,60.3,76.5,5.67,17.2,5.46,0.094,324,7.2,0.0003232007115749526,32.5,4.0,4.0,32.5,4.0,4.0,0,0,0,0,-1146.0,57.4,35.7,-1146.0,57.3,4.000000954,19.30943548387097,0.809,332.49402277039854,118.0,0.16005147058823532,16,1,88,6,Layer 2 Down
147,-1.15,66.5,147,-1.21,10.78,-5.47,0.0928,326,13.6,0.0010429639468690704,76.7,7.15,60.3,76.7,6.98,16.0,6.64,0.128,324,11.2,0.0009076884250474384,32.5,4.0,4.0,32.5,4.0,4.0,0,0,0,0,-1146.0,57.4,58.7,-1146.0,57.3,4.000000954,19.310322580645163,0.918,327.346110056926,121.0,0.18277685009487665,16,1,88,6,Layer 2 Down
146,-0.65,-21.0,146,-0.43,13.22,-4.37,0.0941,326,11.0,0.0008922398481973435,77.0,8.25,29.0,77.1,8.05,14.2,4.72,0.0834,324,10.8,0.0007507620018975332,32.5,4.0,4.0,32.5,4.0,4.0,0,0,0,0,-1136.0,57.4,56.4,-1136.0,57.3,4.0,17.865450664136624,0.937,332.5245730550285,116.0,0.1827852466793169,16,1,88,6,Layer 2 Down
146,0.47,29.0,146,0.65,15.4,-4.86,0.0832,325,9.39,0.0006279013282732448,77.5,8.75,-64.7,77.5,8.98,11.73,4.17,0.0621,324,11.1,0.0005876247628083491,32.5,4.0,4.0,32.5,4.0,4.0,0,0,0,0,-1136.0,57.4,-6.2,-1136.0,57.3,4.0,18.69245730550285,0.872,329.44165085388994,114.0,0.17246631878557875,16,1,88,6,Layer 2 Down
146,1.78,35.3,146,1.87,16.8,-5.73,0.0965,325,9.29,0.0004977999051233396,78.0,9.45,-64.7,78.1,9.61,8.95,7.06,0.102,324,12.3,0.0012083524667931688,32.5,4.0,4.0,32.5,4.0,4.0,0,0,0,0,-1126.0,57.3,1.31,-1126.0,57.3,4.0,23.547381404174573,0.949,328.42400379506637,123.0,0.18899871916508537,16,1,88,6,Layer 2 Down
146,2.87,-77.2,146,3.142,17.6,-2.53,0.0473,326,4.11,9.047567362428842e-05,78.6,10.13,72.7,78.6,9.94,6.03,9.7,0.145,324,12.7,0.0019313870967741932,32.5,4.0,4.0,32.5,4.0,4.0,0,0,0,0,-1126.0,57.4,54.7,-1126.0,57.3,4.000000954,22.309070208728652,0.937,332.5703984819734,116.0,0.18590891840607207,16,1,88,6,Layer 2 Down
145,3.85,-71.0,145,4.0,4.0,-3.39,0.0549,326,3.08,-8.820750474383301e-06,79.1,9.28,-8.5,79.2,10.0,4.0,12.3,0.21,324,15.6,0.0027164606261859585,32.5,4.0,4.0,32.5,4.0,4.0,0,0,0,0,-1116.0,57.3,-31.9,-1116.0,57.3,3.999999046,21.690370018975333,0.979,332.58567362428846,118.0,0.195213330170778,16,1,88,6,Layer 2 Down
145,4.15,85.2,145,4.0,4.0,-3.38,0.0645,326,6.16,1.9728814041745732e-05,79.7,9.8,-2.25,79.8,10.0,4.0,7.04,0.107,324,12.9,0.0013634573055028463,32.5,4.0,4.0,32.5,4.0,4.0,0,0,0,0,-1116.0,57.2,-7.1,-1116.0,57.3,3.999999046,24.89342504743833,1.07,328.46925996204936,120.0,0.21381489563567363,16,1,88,6,Layer 2 Down
145,3.8,-89.7,145,4.0,4.0,-1.65,0.046,326,4.29,-1.43582779886148e-05,80.3,10.0,-33.5,80.4,10.0,4.0,4.04,0.0643,325,13.3,0.0007953866223908918,32.5,4.0,4.0,32.5,4.0,4.0,0,0,0,0,-1106.0,57.2,-30.4,-1106.0,57.3,4.0,26.030834914611006,1.03,328.48434535104366,119.0,0.20556095825426945,16,1,2,6,Layer 2 Down
145,4.225,117.0,145,4.0,4.0,-5.32,0.07,326,4.1,3.1713624288425045e-05,80.8,5.0,4.0,80.8,6.0,504.0,-4.61,0.0781,324,2.37,2.3965996204933587e-05,32.5,4.0,4.0,32.5,4.0,4.0,0,0,0,0,-1106.0,57.4,10.94,-1106.0,57.3,4.0,17.974497153700188,0.727,330.56546489563567,118.0,0.14358937381404174,16,1,88,6,Layer 2 Down
145,4.2,97.7,145,4.0,4.0,-1.49,0.0649,326,8.88,2.055798387096774e-05,81.4,10.32,47.8,81.4,10.0,4.0,5.47,0.103,324,12.8,0.0014359596774193547,32.5,4.0,4.0,32.5,4.0,4.0,0,0,0,0,-1096.0,57.3,-9.6,-1096.0,57.3,4.0,21.90096774193548,1.05,328.51451612903224,120.0,0.20971209677419353,16,1,89,6,Layer 2 Down
145,4.225,104.0,145,4.0,4.0,-4.18,0.0691,326,4.16,3.347282732447818e-05,81.8,3.95,29.0,81.8,4.0,4.0,2.38,0.0319,325,0.764,-8.874431688804556e-06,32.7,21.5,1114.0,32.9,30.0,1004.0,0,0,0,0,-1096.0,57.3,-5.25,-1096.0,57.3,4.0,21.488728652751426,0.995,328.5296015180266,116.0,0.1973243833017078,16,1,89,50,Repositioning
145,3.8,-96.0,145,4.0,4.0,-2.24,0.0462,325,3.19,-1.3637703984819736e-05,81.8,4.025,29.0,81.8,4.0,4.0,2.0,0.0273,323,1.28,-6.312603889943074e-06,37.3,54.1,22.8,37.7,54.0,4.0,0,0,0,0,-1086.0,57.5,47.9,-1086.0,57.3,4.0,13.43107210626186,0.837,332.6773244781784,116.0,0.16117286527514232,16,1,91,50,Repositioning
145,4.225,117.0,145,4.0,4.0,-3.04,0.0647,325,6.63,0.0,81.8,3.975,-8.5,81.8,4.0,4.0,1.46,0.0255,323,0.414,2.6966698292220112e-06,42.5,54.0,-8.5,42.9,54.0,4.0,0,0,0,0,-1086.0,57.4,21.6,-1076.0,57.3,4.0,18.494402277039846,1.0,326.4933586337761,119.0,0.20044212523719165,16,1,91,50,Repositioning
145,3.8,-96.0,145,4.0,4.0,-1.7,0.0423,325,3.81,-6.416509013282732e-06,81.8,4.0,4.0,81.8,4.0,4.0,1.15,0.03,323,0.473,0.0,47.3,54.1,16.5,47.7,54.0,4.0,0,0,0,0,-1076.0,57.3,4.0,-1076.0,57.3,4.0,23.454871916508537,0.963,331.67462049335865,117.0,0.19115203984819734,16,1,91,50,Repositioning
145,4.2,91.5,145,4.0,4.0,-2.75,0.0443,325,7.09,-6.261808349146109e-06,81.8,4.025,10.25,81.8,4.0,4.0,1.08,0.0231,323,0.693,-7.625766603415559e-06,52.3,54.0,-2.25,52.7,54.0,4.0,0,0,0,0,-1066.0,57.3,-22.6,-1066.0,57.3,3.999999046,21.699335863377605,0.993,326.523339658444,118.0,0.19839392789373814,16,1,91,50,Repositioning
145,4.125,60.3,145,4.0,4.0,-4.48,0.0713,326,3.59,4.3917338709677425e-05,81.8,3.95,-21.0,81.8,4.0,4.0,1.46,0.0229,324,1.26,-2.707374762808349e-06,57.2,32.0,-1166.0,57.3,24.0,-996.0,0,0,0,0,-1066.0,57.5,49.0,-1066.0,57.3,4.0,16.223581593927893,0.794,327.5716793168881,113.0,0.15706907020872865,16,1,91,50,Repositioning
146,12.55,779.0,146,20.1,898.0,19.0,0.319,325,23.8,0.006748079696394687,81.7,-0.38,-477.0,81.7,-4.05,-443.0,-9.94,0.189,324,17.1,0.0020667931688804556,57.5,4.0,10.25,57.5,4.0,4.0,0,0,0,0,-1056.0,57.4,55.6,-1056.0,57.3,4.0,19.531195445920304,0.939,333.78709677419357,115.0,0.18394459203036054,16,1,91,50,Repositioning
149,48.9,60.3,150,48.7,3.9999046,8.87,0.173,324,64.2,0.016948481973434536,79.8,-18.5,-8.5,79.6,-18.4,4.0,-9.3,0.15,323,36.8,0.007306449240986717,57.5,4.025,16.5,57.5,4.0,4.0,0,0,0,0,-1056.0,57.4,29.2,-1056.0,57.3,4.0,18.291959203036054,0.801,332.7689753320683,119.0,0.15811693548387096,16,1,2,50,Repositioning
154,48.7,-77.2,154,47.7,-251.0,10.2,0.157,323,62.7,0.015192324478178367,77.7,-18.4,-46.0,77.5,-17.8,131.0,-5.57,0.166,323,37.7,0.008112907969639468,57.5,4.0,4.0,57.5,4.0,4.0,0,0,0,0,-1046.0,57.4,47.2,-1046.0,57.3,4.000000954,20.566480075901325,0.722,327.61679316888046,117.0,0.14055483870967742,16,1,94,50,Repositioning
155,3.95,10.25,155,4.0,4.0,0.766,0.0163,326,0.983,-1.581314516129032e-06,77.0,4.15,54.0,77.0,4.0,4.0,-1.21,0.0152,324,2.36,6.24257495256167e-08,56.5,-38.0,-983.0,56.2,-45.5,-871.0,0,0,0,0,-1046.0,57.4,55.5,-1046.0,57.3,4.000000954,22.841209677419354,0.92,332.79952561669825,116.0,0.18293638519924096,16,1,94,50,Repositioning
155,4.075,35.3,155,4.0,4.0,0.779,0.0214,326,1.02,2.8526982922201138e-06,77.0,4.0,4.0,77.0,4.0,4.0,-1.06,0.0172,325,2.29,1.891462998102467e-06,51.8,-46.0,-8.5,51.4,-46.0,4.0,0,0,0,0,-1036.0,57.3,-35.2,-1036.0,57.3,3.999999046,22.428823529411765,0.975,332.81480075901334,117.0,0.19431423149905125,16,1,94,50,Repositioning
155,3.925,-33.5,155,4.0,4.0,0.993,0.0245,326,2.37,0.0,77.0,3.975,-8.5,77.0,4.0,4.0,0.539,0.022,324,0.472,5.209514231499051e-07,46.5,-46.0,-2.25,46.2,-46.0,4.0,0,0,0,0,-1036.0,57.3,-4.25,-1036.0,57.3,3.999999046,24.600483870967743,1.05,327.6619070208729,121.0,0.21189492409867172,16,1,94,50,Repositioning
155,3.925,-33.5,155,4.0,4.0,0.96,0.0316,326,2.1,4.723923149905124e-06,77.0,4.0,-2.25,77.0,4.0,4.0,-0.738,0.0231,325,2.77,-3.6488946869070207e-07,42.5,-4.05,1004.0,42.5,3.5,879.0,0,0,0,0,-1026.0,57.4,30.3,-1026.0,57.3,4.0,20.15678368121442,0.913,327.676944971537,113.0,0.18089421252371915,16,1,94,50,Repositioning
155,4.075,41.5,155,4.0,4.0,0.665,0.0197,326,1.18,3.0081503795066413e-06,77.0,4.025,22.8,77.0,4.0,4.0,-0.58,0.0175,325,1.79,1.88138614800759e-06,42.1,-1.57,110.0,42.0,-2.0,4.0,0,0,0,0,-1026.0,57.4,0.12,-1026.0,57.3,4.0,19.64084440227704,0.84,333.89435483870966,119.0,0.16643031309297912,16,1,94,6,Layer 3 Up
155,3.925,-27.3,155,4.0,4.0,1.64,0.0229,326,2.58,5.55137760910816e-06,77.0,3.975,-8.5,77.0,4.0,4.0,-0.42,0.0214,325,1.64,8.011764705882352e-07,41.5,-1.68,129.0,41.4,-2.0,4.0,0,0,0,0,-1016.0,57.3,-8.4,-1016.0,57.3,4.0,21.60592030360531,1.04,327.70702087286526,120.0,0.2077889943074004,16,1,95,6,Layer 3 Up
155,3.95,-27.3,155,4.0,4.0,1.09,0.0223,326,2.03,2.6362500000000004e-06,77.0,4.0,-2.25,77.0,4.0,4.0,-0.899,0.0158,325,2.41,-7.69164705882353e-07,40.9,-2.03,104.0,40.8,-2.0,4.0,0,0,0,0,-1016.0,57.4,39.2,-1016.0,57.3,4.000000954,24.501617647058826,0.849,327.72205882352944,115.0,0.16851323529411766,16,1,95,6,Layer 3 Up
155,4.05,-8.5,155,4.0,4.0,0.977,0.0207,326,0.809,1.4164032258064517e-06,77.0,4.0,4.0,77.0,4.0,4.0,-1.54,0.0238,325,2.88,1.1165806451612903e-06,40.3,-2.03,-127.0,40.2,-2.0,4.0,0,0,0,0,-1006.0,57.3,-1.56,-1006.0,57.3,4.0,24.295967741935485,0.88,326.70322580645166,121.0,0.17369032258064518,16,1,95,6,Layer 3 Up
155,3.95,-14.8,155,4.0,4.0,1.49,0.0224,326,0.624,0.0,77.0,3.975,-8.5,77.0,4.0,4.0,0.22,0.0182,325,0.765,0.0,39.7,-1.93,-109.0,39.6,-2.0,4.0,0,0,0,0,-1006.0,57.4,27.5,-996.0,57.3,4.0,18.713923149905124,0.992,327.7521347248577,118.0,0.1974784155597723,16,1,2,6,Layer 3 Up
155,4.075,35.3,155,4.0,4.0,0.338,0.0191,326,1.14,-1.2407590132827323e-06,77.0,4.025,16.5,77.0,4.0,4.0,-1.38,0.0165,325,2.17,-1.3544952561669829e-06,39.1,-1.7,154.0,39.0,-2.0,4.0,0,0,0,0,-996.0,57.3,4.438,-996.0,57.3,4.0,23.677817836812142,0.971,332.9370018975332,117.0,0.19438557874762807,16,1,95,6,Layer 3 Up
155,4.075,41.5,155,4.0,4.0,1.29,0.0231,326,0.47,0.0,77.0,4.025,16.5,77.0,4.0,4.0,-1.06,0.0255,325,2.4,-1.8198633776091081e-06,38.5,-2.3,-33.5,38.4,-2.0,4.0,0,0,0,0,-991.0,57.4,33.4,-990.0,57.3,4.000000954,19.646252371916507,0.797,333.9862903225806,118.0,0.1582040322580645,16,1,95,6,Layer 3 Up
155,3.95,-21.0,155,4.0,4.0,0.549,0.0227,326,1.9,5.4908624288425054e-06,77.0,4.0,-2.25,77.0,4.0,4.0,-0.579,0.0251,325,2.27,6.359473434535106e-07,37.9,-2.38,-46.0,37.8,-2.0,4.0,0,0,0,0,-985.0,57.4,55.1,-985.0,57.3,4.000000954,20.060777988614802,0.908,326.7631878557875,121.0,0.17992656546489563,16,1,95,6,Layer 3 Up
155,4.05,35.3,155,4.0,4.0,0.238,0.0191,326,1.36,-1.5201389943074004e-06,77.0,4.05,29.0,77.0,4.0,4.0,-0.739,0.0194,324,1.35,-1.8200303605313094e-06,37.3,-1.6,72.7,37.2,-2.0,4.0,0,0,0,0,-980.0,57.4,51.3,-980.0,57.3,4.0,18.51053605313093,0.934,332.9828273244782,117.0,0.18200303605313092,16,1,95,6,Layer 3 Up
155,4.025,22.8,155,4.0,4.0,1.08,0.0286,326,0.334,-1.6960151802656547e-06,77.0,4.025,16.5,77.0,4.0,4.0,-0.259,0.0203,325,0.292,1.3133776091081593e-06,36.7,-1.75,179.0,36.6,-2.0,4.0,0,0,0,0,-975.0,57.4,30.8,-974.0,57.3,4.0,18.304554079696395,0.797,334.03225806451616,119.0,0.15719165085388995,16,1,95,6,Layer 3 Up
155,3.925,-27.3,155,4.0,4.0,1.19,0.0222,326,1.31,2.8957685009487662e-06,77.0,3.975,-8.5,77.0,4.0,4.0,0.858,0.0189,325,0.163,0.0,36.1,-1.95,85.2,36.0,-2.0,4.0,0,0,0,0,-969.0,57.3,5.25,-969.0,57.3,4.0,22.235365275142314,0.945,327.8423624288425,123.0,0.18719074952561668,16,1,95,6,Layer 3 Up
155,4.05,29.0,155,4.0,4.0,0.366,0.0211,326,1.86,-1.1169905123339658e-06,77.0,4.025,16.5,77.0,4.0,4.0,1.5,0.0177,325,1.92,8.16023624288425e-07,35.5,-2.1,-89.7,35.4,-2.0,4.0,0,0,0,0,-964.0,57.4,53.8,-964.0,57.3,4.000000954,22.029535104364324,0.933,334.06290322580645,118.0,0.185130834914611,16,1,95,6,Layer 3 Up
155,4.025,16.5,155,4.0,4.0,0.665,0.0221,326,1.02,-2.989120967741935e-06,77.0,4.025,16.5,77.0,4.0,4.0,0.38,0.0209,325,0.557,-2.182368595825427e-06,34.9,-1.7,4.0,34.8,-2.0,4.0,0,0,0,0,-959.0,57.3,-40.4,-958.0,57.3,3.999999046,23.16827324478178,0.978,333.0439278937381,117.0,0.1954823055028463,16,1,95,6,Layer 3 Up
155,3.925,-27.3,155,4.0,4.0,1.17,0.0228,326,1.43,8.398884250474385e-06,77.0,4.0,4.0,77.0,4.0,4.0,-0.1,0.0214,325,0.723,-1.6549525616698293e-07,34.3,-1.7,-8.5,34.2,-2.0,4.0,0,0,0,0,-953.0,57.3,-5.06,-953.0,57.3,3.999999046,15.204876660341556,1.04,326.8531309297913,129.0,0.20790341555977232,16,1,95,6,Layer 3 Up
155,4.025,16.5,155,4.0,4.0,0.58,0.0198,326,2.49,-4.489264705882353e-06,77.0,4.025,16.5,77.0,4.0,4.0,-0.739,0.0192,325,0.78,3.2997129981024667e-06,33.7,-2.28,10.25,33.6,-2.0,4.0,0,0,0,0,-948.0,57.3,22.0,-948.0,57.3,4.0,25.342623339658445,0.951,334.10887096774195,118.0,0.18929388045540796,16,1,2,6,Layer 3 Up
155,3.925,-33.5,155,4.0,4.0,0.0391,0.0271,326,0.856,-1.3447722960151802e-06,77.0,4.025,16.5,77.0,4.0,4.0,-0.259,0.0198,325,0.246,0.0,33.1,-2.45,-165.0,33.0,-2.0,4.0,0,0,0,0,-943.0,57.4,50.4,-942.0,57.3,4.000000954,22.24046489563567,0.838,326.8831119544592,118.0,0.16654487666034157,16,1,95,6,Layer 3 Up
155,3.975,-2.25,155,4.0,4.0,0.763,0.0251,326,1.14,2.979324478178368e-06,77.0,4.0,-2.25,77.0,4.0,4.0,-0.26,0.0195,325,0.885,6.248305502846299e-07,32.5,-2.22,-83.5,32.4,-2.0,4.0,0,0,0,0,-938.0,57.3,-44.4,-937.0,57.3,3.999999046,21.827689753320684,0.935,327.93259013282733,117.0,0.18724226755218215,16,1,95,6,Layer 3 Up
155,4.025,16.5,155,4.0,4.0,0.267,0.0174,326,3.15,2.586337760910816e-06,77.0,4.025,16.5,77.0,4.0,4.0,2.78,0.019,325,3.92,4.924387096774193e-07,31.9,-1.57,173.0,31.8,-2.0,4.0,0,0,0,0,-932.0,57.3,-7.9,-932.0,57.3,3.999999046,30.932599620493352,1.08,333.12030360531304,114.0,0.21518330170777986,16,1,95,6,Layer 3 Up
155,-2.22,-396.0,155,-2.0,4.0,-5.05,0.0796,326,15.4,0.000903190559772296,77.0,4.025,16.5,77.0,4.0,4.0,-0.739,0.0175,324,2.64,-2.9692518975332072e-06,31.5,4.15,16.5,31.5,4.0,4.0,0,0,0,0,-927.0,57.5,51.1,-926.0,57.3,4.0,13.966864326375713,0.836,333.13557874762813,115.0,0.16139487666034158,16,1,95,6,Layer 3 Up
154,-2.15,-64.7,154,-2.0,4.0,-3.34,0.0842,326,13.2,0.001138092979127135,77.0,3.975,-8.5,77.0,4.0,4.0,0.0595,0.0176,324,0.566,0.0,31.5,3.975,-2.25,31.5,4.0,4.0,0,0,0,0,-921.0,57.4,35.4,-921.0,57.3,4.0,18.519876660341556,0.987,325.9084440227704,118.0,0.19657969639468692,16,1,97,6,Layer 3 Up
154,-1.97,10.25,154,-2.0,4.0,-5.89,0.0908,326,13.1,0.0011277983870967743,77.0,4.025,16.5,77.0,4.0,4.0,0.699,0.021,324,0.932,-4.190443548387097e-07,31.5,4.0,4.0,31.5,4.0,4.0,0,0,0,0,-916.0,57.3,3.562,-916.0,57.3,4.0,21.93516129032258,0.987,333.1661290322581,119.0,0.19762338709677418,16,1,97,6,Layer 3 Up
153,-2.03,47.8,153,-2.0,4.0,-4.86,0.0852,326,14.2,0.0011071555977229602,77.0,4.0,-2.25,77.0,4.0,4.0,0.0598,0.0182,325,0.295,1.955629981024668e-06,31.5,4.0,4.0,31.5,4.0,4.0,0,0,0,0,-911.0,57.4,36.7,-910.0,57.3,4.000000954,19.763244781783683,0.807,334.21612903225804,117.0,0.15934762808349145,16,1,97,6,Layer 3 Up
152,-2.0,47.8,152,-2.0,4.0,-5.15,0.0866,326,12.8,0.0011175540796963947,77.0,4.0,4.0,77.0,4.0,4.0,0.38,0.0145,324,0.871,-1.14859724857685e-07,31.5,4.0,10.25,31.5,4.0,4.0,0,0,0,0,-905.0,57.4,52.0,-905.0,57.3,4.000000954,23.696285578747624,0.914,326.9880455407969,116.0,0.17901560721062615,16,1,97,6,Layer 3 Up
152,-2.03,-27.3,152,-2.0,4.0,-4.87,0.11,326,15.5,0.0014487476280834915,77.0,4.025,16.5,77.0,4.0,4.0,-0.739,0.0224,324,1.84,1.3452656546489566e-06,31.5,4.0,-2.25,31.5,4.0,4.0,0,0,0,0,-900.0,57.4,55.9,-900.0,57.3,4.0,16.24666982922201,0.96,333.21195445920307,119.0,0.18937201138519924,16,1,97,6,Layer 3 Up
151,-1.93,10.25,151,-2.0,4.0,-5.95,0.0962,326,13.8,0.001241840607210626,77.0,4.025,16.5,77.0,4.0,4.0,0.38,0.0183,324,0.687,7.430346299810247e-07,31.5,4.0,4.0,31.5,4.0,4.0,0,0,0,0,-895.0,57.4,28.4,-894.0,57.3,4.0,18.938069259962052,0.812,334.26209677419354,118.0,0.16040441176470588,16,1,97,6,Layer 3 Up
151,-1.88,22.8,151,-2.0,4.0,-6.18,0.112,325,14.7,0.0015213244781783681,77.0,4.0,-8.5,77.0,4.0,4.0,-0.1,0.0153,324,1.01,0.0,31.5,4.0,4.0,31.5,4.0,4.0,0,0,0,0,-889.0,57.3,2.06,-889.0,57.3,4.0,25.976356736242884,0.953,327.0330170777989,119.0,0.18835445920303603,16,1,2,6,Layer 3 Up
150,-0.15,654.0,150,-2.0,4.16,-1.93,0.13,326,12.7,0.0011177590132827324,77.0,4.05,16.5,77.0,4.142,11.56,-0.421,0.0154,324,3.06,0.0,31.5,4.0,4.0,31.5,4.0,4.0,0,0,0,0,-884.0,57.4,60.4,-884.0,57.3,4.000000954,19.664278937381404,0.928,333.257779886148,120.0,0.18525820683111952,16,1,97,6,Layer 3 Up
150,-2.1,10.25,150,-1.93,5.11,-4.91,0.0848,326,12.7,0.0010971100569259961,77.0,4.825,22.8,77.1,4.895,11.48,3.84,0.0606,324,6.11,8.600928842504743e-05,31.5,4.0,4.0,31.5,4.0,4.0,0,0,0,0,-879.0,57.3,-44.9,-878.0,57.3,3.999999046,25.56473434535104,1.0,333.273055028463,115.0,0.1997568311195446,16,1,97,6,Layer 3 Up
149,-1.88,-8.5,149,-1.77,6.08,-4.57,0.105,325,14.3,0.0013559245730550284,77.2,5.48,-21.0,77.2,5.66,11.27,4.11,0.0714,324,6.54,0.00023909814990512337,31.5,3.975,-2.25,31.5,4.0,4.0,0,0,0,0,-873.0,57.2,-5.94,-873.0,57.3,3.999999046,28.46406546489564,1.07,326.0429316888046,117.0,0.21322172675521822,16,1,97,6,Layer 3 Up
148,-1.5,35.3,148,-1.52,6.94,-5.04,0.0921,326,14.2,0.0010868595825426946,77.4,6.13,-8.5,77.4,6.35,10.97,4.19,0.0857,324,10.2,0.00039437476280834916,31.5,3.975,-8.5,31.5,4.0,4.0,0,0,0,0,-868.0,57.3,19.1,-868.0,57.3,4.0,24.014421252371918,0.959,333.303605313093,120.0,0.1914943074003795,16,1,97,6,Layer 3 Up
148,-1.18,22.8,148,-1.18,7.79,-3.92,0.0729,326,13.4,0.0007629068785578748,77.6,7.2,41.5,77.7,7.02,10.54,4.67,0.109,324,10.7,0.0007649771821631879,31.5,3.975,-8.5,31.5,4.0,4.0,0,0,0,0,-863.0,57.4,-5.62,-862.0,57.3,4.0,20.91006641366224,0.851,333.31888045540796,117.0,0.16976489563567362,16,1,97,6,Layer 3 Up
147,-0.68,29.0,147,-0.74,8.61,-2.32,0.0851,326,14.2,0.0008136666034155598,78.0,7.72,-27.3,78.0,7.67,9.99,4.03,0.085,324,10.2,0.0006583867172675522,31.5,4.0,4.0,31.5,4.0,4.0,0,0,0,0,-857.0,57.3,-13.4,-857.0,57.3,4.0,25.465901328273244,1.05,327.12296015180266,116.0,0.20807504743833016,16,1,97,6,Layer 3 Up
147,-0.2,-2.25,147,-0.27,9.3,-6.25,0.111,326,12.5,0.0009959073055028462,78.3,8.15,72.7,78.4,8.22,9.39,5.98,0.112,324,12.1,0.0010207532258064513,31.5,4.0,-2.25,31.5,4.0,4.0,0,0,0,0,-852.0,57.3,-11.7,-852.0,57.3,3.999999046,28.36575901328273,1.07,333.3494307400379,116.0,0.2132608159392789,16,1,97,6,Layer 3 Up
147,0.42,29.0,146,0.3,9.94,-5.65,0.1,325,11.6,0.0007692235294117647,78.8,8.68,54.0,78.8,8.72,8.68,6.14,0.109,324,12.6,0.001159529411764706,31.5,4.0,4.0,31.5,4.0,4.0,0,0,0,0,-847.0,57.5,46.9,-846.0,57.3,4.0,15.011764705882355,0.848,332.3294117647059,114.0,0.16461176470588237,16,1,97,6,Layer 3 Up
146,0.67,-27.3,146,0.95,10.5,-2.42,0.0717,326,10.2,0.0005083527039848198,79.3,9.22,72.7,79.3,9.16,7.86,5.84,0.113,324,12.1,0.0013045303605313094,31.5,4.0,4.0,31.5,4.0,4.0,0,0,0,0,-841.0,57.3,22.9,-841.0,57.3,4.0,22.881048387096776,1.01,326.1325901328273,114.0,0.20189160341555978,16,1,97,6,Layer 3 Up
146,1.58,-8.5,146,1.59,10.92,-4.8,0.0878,326,9.88,0.00040587248576850094,79.8,9.6,60.3,79.9,9.5,7.05,6.16,0.157,324,17.9,0.002060424098671727,31.5,3.975,-8.5,31.5,4.0,4.0,0,0,0,0,-836.0,57.3,-0.5,-836.0,57.3,4.0,22.36440227703985,0.99,333.3952561669829,118.0,0.19879468690702087,16,1,2,6,Layer 3 Up
146,2.3,16.5,146,2.3,11.25,-5.78,0.0875,326,8.39,0.00028267414611005695,80.4,9.5,4.0,80.4,9.75,6.16,7.21,0.138,324,16.3,0.0017498875711574953,31.5,4.0,4.0,31.5,4.0,4.0,0,0,0,0,-831.0,57.4,37.8,-830.0,57.3,4.000000954,19.362661290322578,0.795,333.4105313092979,118.0,0.1584217741935484,16,1,97,6,Layer 3 Up
146,2.98,-2.25,146,3.067,11.46,-4.15,0.0776,326,4.54,0.0001905290322580645,81.0,9.7,-2.25,81.0,9.93,5.19,5.68,0.102,324,14.3,0.0012425806451612901,31.5,4.0,4.0,31.5,4.0,4.0,0,0,0,0,-825.0,57.4,55.1,-825.0,57.3,4.000000954,23.71258064516129,0.926,327.21290322580643,116.0,0.1832806451612903,16,1,97,6,Layer 3 Up
145,3.825,60.3,145,3.789,11.55,-3.57,0.0717,326,8.69,0.0,81.6,9.97,-64.7,81.6,10.0,4.284,2.71,0.0552,324,12.5,0.0005778264705882354,31.5,4.0,4.0,31.5,4.0,4.0,0,0,0,0,-820.0,57.4,52.8,-820.0,57.3,4.0,17.914691650853893,0.964,332.40555028463,117.0,0.19157329222011388,16,1,97,6,Layer 3 Up
146,10.25,185.0,146,10.0,4.0,-3.77,0.131,326,0.897,0.00014394544592030362,81.9,3.825,-83.5,81.9,4.0,4.0,0.525,0.0246,324,2.23,0.0,31.5,4.0,4.0,31.5,4.0,4.0,0,0,0,0,-815.0,57.4,28.6,-814.0,57.3,4.0,19.158206831119546,0.813,333.4563567362429,118.0,0.16155028462998103,16,1,97,6,Layer 3 Up
146,9.95,16.5,146,10.0,4.0,5.87,0.101,326,12.4,0.0012945327324478178,81.9,4.05,16.5,81.9,4.0,4.0,-1.08,0.0243,325,5.37,-2.1851712523719167e-06,31.5,4.0,4.0,31.5,4.0,4.0,0,0,0,0,-809.0,57.3,6.0,-809.0,57.3,4.0,27.029843453510438,0.941,327.25787476280834,118.0,0.18641271347248575,16,1,99,6,Layer 3 Up
147,10.03,-27.3,147,10.0,4.0,5.4,0.0861,326,13.0,0.0010667438330170778,81.9,4.0,4.0,81.9,4.0,4.0,-0.313,0.0205,325,1.88,-1.284235294117647e-06,31.5,4.0,4.0,31.5,4.0,4.0,0,0,0,0,-804.0,57.4,57.1,-804.0,57.3,4.000000954,22.266982922201137,0.95,333.4869070208729,117.0,0.18952827324478178,16,1,99,6,Layer 3 Up
147,10.05,16.5,147,10.0,4.0,4.93,0.0947,326,14.0,0.001211793643263757,81.9,4.0,4.0,81.9,4.0,4.0,-0.633,0.0184,325,1.63,0.0,31.5,4.0,4.0,31.5,4.0,4.0,0,0,0,0,-799.0,57.3,-40.3,-798.0,57.3,3.999999046,26.100170777988613,0.991,333.50218216318785,114.0,0.1988584440227704,16,1,99,6,Layer 3 Up
148,10.05,41.5,148,10.0,4.0,5.38,0.108,326,13.4,0.0014604335863377608,81.9,4.0,4.0,81.9,4.0,4.0,-0.346,0.0183,324,1.0,3.7805550284629977e-06,31.5,4.0,4.0,31.5,4.0,4.0,0,0,0,0,-793.0,57.2,-5.31,-793.0,57.3,3.999999046,28.690787476280832,1.07,326.26707779886146,117.0,0.2133683111954459,16,1,99,6,Layer 3 Up
148,4.5,-58.5,148,4.949,12.96,1.84,0.0286,326,4.62,7.333576850094877e-06,81.8,-2.65,-371.0,81.8,-1.92,5.41,2.21,0.159,324,3.77,0.00018955431688804554,31.5,4.0,4.0,31.5,4.0,4.0,0,0,0,0,-788.0,57.3,17.1,-788.0,57.3,4.0,23.51302182163188,0.954,333.53273244781786,120.0,0.19059013282732448,16,1,99,6,Layer 3 Up
149,5.63,-14.8,149,5.83,12.65,5.23,0.0765,326,8.84,0.0002403203036053131,81.3,-1.53,-21.0,81.2,-1.71,6.74,-6.82,0.129,324,15.4,0.0015537950664136623,31.5,4.025,16.5,31.5,4.0,4.0,0,0,0,0,-783.0,57.4,-3.69,-782.0,57.3,4.0,20.717267552182165,0.851,333.54800759013284,118.0,0.17091745730550287,16,1,2,6,Layer 3 Up
149,6.55,22.8,149,6.7,12.11,6.56,0.12,326,10.2,0.0006899166034155598,80.7,-1.15,72.7,80.6,-1.36,8.06,-5.67,0.0836,324,12.8,0.0009219606261859582,31.5,4.0,4.0,31.5,4.0,4.0,0,0,0,0,-777.0,57.3,-11.9,-777.0,57.3,4.0,25.69058823529412,1.04,327.3478178368121,116.0,0.20821807400379508,16,1,100,6,Layer 3 Up
149,7.25,-39.8,149,7.45,11.44,4.67,0.0803,326,11.4,0.0005687410815939279,80.2,-0.9,104.0,80.1,-0.91,9.19,-5.3,0.0914,324,12.9,0.0008940319734345351,31.5,4.0,4.0,31.5,4.0,4.0,0,0,0,0,-772.0,57.3,-5.69,-772.0,57.3,3.999999046,25.795360531309296,1.04,332.5425996204933,118.0,0.2082276091081594,16,1,100,6,Layer 3 Up
149,8.22,41.5,149,8.15,10.57,4.87,0.0966,325,12.2,0.0008930369070208728,79.7,-0.15,-14.8,79.7,-0.33,10.25,-7.23,0.12,324,12.7,0.001077445920303605,31.5,4.0,4.0,31.5,4.0,4.0,0,0,0,0,-767.0,57.5,49.3,-766.0,57.3,4.0,14.400479127134723,0.845,332.5578273244781,115.0,0.16368889943074003,16,1,100,6,Layer 3 Up
150,8.72,-33.5,150,8.78,9.51,5.55,0.0886,326,11.4,0.0009448804554079697,79.3,0.08,-21.0,79.3,0.37,11.2,-5.79,0.121,324,11.7,0.0010464136622390892,31.5,4.0,4.0,31.5,4.0,4.0,0,0,0,0,-761.0,57.4,28.8,-761.0,57.3,4.0,21.54990512333966,0.989,327.3927893738141,115.0,0.19788614800759016,16,1,100,6,Layer 3 Up
150,9.28,47.8,150,9.25,8.41,6.09,0.1,326,12.8,0.001170793643263757,79.0,0.83,10.25,78.9,1.1,11.93,-4.08,0.107,324,11.9,0.0007345953036053131,31.5,3.975,-8.5,31.5,4.0,4.0,0,0,0,0,-756.0,57.3,-3.19,-756.0,57.3,4.0,23.001432637571156,0.989,332.58828273244785,118.0,0.19789520872865277,16,1,100,6,Layer 3 Up
151,9.7,22.8,151,9.63,7.17,3.65,0.0789,326,14.0,0.0008869426944971536,78.7,1.9,22.8,78.7,1.92,12.5,-6.74,0.114,324,9.9,0.0005201462998102466,31.5,4.0,4.0,31.5,4.0,4.0,0,0,0,0,-751.0,57.4,36.3,-750.0,57.3,4.000000954,19.375967741935483,0.807,333.63965844402276,118.0,0.1606029411764706,16,1,100,6,Layer 3 Up
151,9.95,66.5,152,9.88,5.8,5.33,0.102,326,12.8,0.0013677779886148006,78.5,2.73,16.5,78.5,2.83,12.89,-1.35,0.0395,324,4.93,0.00010051095825426944,31.5,4.0,4.0,31.5,4.0,4.0,0,0,0,0,-745.0,57.4,60.9,-745.0,57.3,4.000000954,23.72887571157495,0.91,327.43776091081594,117.0,0.1813342030360531,16,1,100,6,Layer 3 Up
152,9.93,-58.5,152,9.99,4.493,4.46,0.0748,326,14.4,0.0009688870967741935,78.5,3.625,16.5,78.5,3.692,13.06,-5.69,0.0855,324,6.25,4.25895825426945e-05,31.5,3.975,-8.5,31.5,4.0,4.0,0,0,0,0,-740.0,57.4,54.8,-740.0,57.3,4.0,17.616129032258062,0.952,332.63396584440227,117.0,0.1885962049335863,16,1,100,6,Layer 3 Up
153,9.9,-52.3,153,10.0,4.0,4.99,0.0855,326,15.0,0.0011295564516129034,78.5,4.05,35.3,78.5,4.0,4.0,-3.54,0.0569,324,6.55,-9.222983870967742e-06,31.5,4.0,4.0,31.5,4.0,4.0,0,0,0,0,-735.0,57.4,24.3,-734.0,57.3,4.0,19.89677419354839,0.817,333.68548387096774,118.0,0.1626975806451613,16,1,100,6,Layer 3 Up
153,10.05,47.8,153,10.0,4.0,5.33,0.101,326,13.8,0.0013576024667931689,78.5,3.95,-21.0,78.5,4.0,4.0,-3.06,0.0692,324,3.38,0.0,31.5,4.0,4.0,31.5,4.0,4.0,0,0,0,0,-729.0,57.3,8.31,-729.0,57.3,4.0,26.53024667931689,0.94,327.48273244781785,119.0,0.18757713472485768,16,1,2,6,Layer 3 Up
154,9.9,-52.3,154,10.0,4.0,5.57,0.0901,326,14.7,0.0011503875711574953,78.5,4.05,29.0,78.5,4.0,4.0,-4.03,0.0549,325,5.76,-8.747091081593928e-06,31.5,3.975,-2.25,31.5,4.0,4.0,0,0,0,0,-724.0,57.4,61.4,-724.0,57.3,4.000000954,20.93498102466793,0.928,332.67964895635674,118.0,0.18447656546489563,16,1,102,6,Layer 3 Up
154,10.1,22.8,154,10.0,4.0,5.39,0.0851,326,12.8,0.0010778899430740037,78.5,4.05,35.3,78.5,4.0,4.0,-3.71,0.0562,324,5.46,-2.559988614800759e-05,31.5,4.0,-2.25,31.5,4.0,4.0,0,0,0,0,-719.0,57.3,-46.1,-718.0,57.3,3.999999046,24.66709677419355,0.998,332.69487666034155,116.0,0.20003149905123338,16,1,102,6,Layer 3 Up
155,10.13,41.5,155,10.0,4.0,5.17,0.0971,326,13.3,0.0013059648956356737,78.5,3.95,-21.0,78.5,4.0,4.0,-3.54,0.0683,324,2.66,2.2595265654648957e-05,31.5,4.0,4.0,31.5,4.0,4.0,0,0,0,0,-713.0,57.2,-5.37,-713.0,57.3,3.999999046,29.746978178368117,1.09,327.5277039848197,116.0,0.2176608159392789,16,1,102,6,Layer 3 Up
156,9.82,-46.0,156,10.0,4.0,6.95,0.0975,326,12.7,0.0012438330170777988,78.5,4.075,47.8,78.5,4.0,4.0,-3.39,0.0552,324,6.3,-1.7413662239089183e-05,31.5,4.0,4.0,31.5,4.0,4.0,0,0,0,0,-708.0,57.3,18.4,-708.0,57.3,4.0,25.60222960151803,0.967,333.76185958254274,118.0,0.19279411764705884,16,1,102,6,Layer 3 Up
156,9.93,-64.7,156,10.0,4.0,6.88,0.0786,326,11.8,0.000982673055028463,78.5,4.05,35.3,78.5,4.0,4.0,-3.54,0.0534,324,6.03,-2.581071631878558e-05,31.5,4.0,4.0,31.5,4.0,4.0,0,0,0,0,-703.0,57.4,-4.56,-702.0,57.3,4.0,20.420526565464897,0.856,332.740559772296,118.0,0.17103486717267555,16,1,102,6,Layer 3 Up
157,10.03,10.25,157,10.0,4.0,4.19,0.0971,325,15.0,0.001275045540796964,78.5,3.95,-21.0,78.5,4.0,4.0,-3.06,0.0691,324,3.35,1.1091859582542694e-05,31.5,4.025,22.8,31.5,4.0,4.0,0,0,0,0,-697.0,57.3,-8.1,-697.0,57.3,4.0,26.74485768500949,1.05,328.6092979127135,115.0,0.20939772296015183,16,1,102,6,Layer 3 Up
157,10.03,16.5,157,10.0,4.0,8.9,0.091,326,8.72,0.0011403368121442126,78.5,4.075,47.8,78.5,4.0,4.0,-3.55,0.0565,324,6.26,-2.6020412713472486e-05,31.5,4.0,4.0,31.5,4.0,4.0,0,0,0,0,-692.0,57.3,-6.9,-692.0,57.3,3.999999046,26.331413662239086,1.05,332.77101518026564,118.0,0.2094073055028463,16,1,102,6,Layer 3 Up
158,9.93,-8.5,158,10.0,4.0,6.26,0.0957,326,13.5,0.0012336935483870967,78.5,4.05,35.3,78.5,4.0,4.0,-3.57,0.0554,324,5.94,-2.6332618595825427e-05,31.5,4.0,-2.25,31.5,4.0,4.0,0,0,0,0,-687.0,57.5,50.2,-686.0,57.3,4.0,14.721385199240984,0.852,331.7495256166983,114.0,0.16587476280834915,16,1,102,6,Layer 3 Up
159,9.82,-33.5,159,10.0,4.0,7.3,0.121,326,13.7,0.0015758823529411767,78.5,3.925,-39.8,78.5,4.0,4.0,-3.38,0.0684,324,2.93,3.276176470588236e-05,31.5,4.025,10.25,31.5,4.0,4.0,0,0,0,0,-681.0,57.4,33.0,-681.0,57.3,4.0,23.43088235294118,1.01,328.6544117647059,114.0,0.20009558823529414,16,1,102,6,Layer 3 Up
159,10.05,-14.8,159,10.0,4.0,3.83,0.0869,326,15.5,0.0011197571157495257,78.5,4.075,47.8,78.5,4.0,4.0,-3.07,0.0562,324,7.08,-8.698853889943074e-06,31.5,4.0,4.0,31.5,4.0,4.0,0,0,0,0,-676.0,57.3,1.31,-676.0,57.3,4.0,23.12091081593928,0.983,332.8166982922201,118.0,0.19699430740037951,16,1,2,6,Layer 3 Up
160,9.95,-58.5,160,9.97,3.108,3.84,0.0628,326,13.4,0.0007693498102466793,78.5,4.55,10.25,78.5,4.608,13.03,3.09,0.0555,324,7.18,3.4631110056925996e-05,31.5,3.975,-8.5,31.5,4.0,4.0,0,0,0,0,-671.0,57.4,36.3,-670.0,57.3,4.000000954,20.42613377609108,0.81,333.86878557874763,117.0,0.16175009487666034,16,1,102,6,Layer 3 Up
160,9.82,-33.5,160,9.8,1.71,3.45,0.0761,326,13.0,0.0009145519924098671,78.6,5.4,-8.5,78.6,5.54,12.78,5.72,0.0991,324,6.72,0.00029551850094876656,31.5,4.025,16.5,31.5,4.0,4.0,0,0,0,0,-665.0,57.4,60.8,-665.0,57.3,4.000000954,23.745170777988612,0.928,328.6995256166983,116.0,0.18353254269449715,16,1,102,6,Layer 3 Up
161,9.5,-46.0,161,9.52,0.46,3.91,0.0663,326,13.9,0.0007393485294117647,78.8,6.33,35.3,78.8,6.36,12.35,4.72,0.0889,324,9.57,0.00044485346299810247,31.5,4.0,-2.25,31.5,4.0,4.0,0,0,0,0,-660.0,57.4,58.4,-660.0,57.3,4.0,16.280185009487663,0.957,331.8254269449715,119.0,0.1897626660341556,16,1,102,6,Layer 3 Up
161,8.97,-46.0,161,9.1,-0.76,5.71,0.0918,325,13.4,0.0009934478178368121,79.0,6.9,-46.0,79.1,7.16,11.72,3.91,0.0437,324,8.08,0.0002665094876660342,31.5,4.0,4.0,31.5,4.0,4.0,0,0,0,0,-655.0,57.4,25.6,-654.0,57.3,4.0,20.117836812144212,0.831,332.87760910815945,118.0,0.1648833017077799,16,1,102,6,Layer 3 Up
162,8.6,-21.0,162,8.54,-1.91,4.81,0.0884,326,11.8,0.0008825289848197344,79.4,7.85,54.0,79.4,7.92,10.88,5.12,0.101,324,11.5,0.0008431211100569261,31.5,4.0,10.25,31.5,4.0,4.0,0,0,0,0,-649.0,57.3,10.31,-649.0,57.3,4.0,27.58551233396585,0.963,328.7446394686907,118.0,0.19185412713472486,16,1,102,6,Layer 3 Up
162,7.92,-46.0,162,7.93,-2.84,4.12,0.0757,326,11.2,0.0006025532258064517,79.8,8.5,54.0,79.8,8.54,9.96,8.81,0.168,324,14.4,0.0017215806451612904,31.5,4.0,4.0,31.5,4.0,4.0,0,0,0,0,-644.0,57.4,59.9,-644.0,57.3,4.000000954,26.653387096774193,0.949,332.90806451612906,113.0,0.18978870967741934,16,1,102,6,Layer 3 Up
163,7.33,16.5,163,7.2,-3.66,4.81,0.0885,326,10.9,0.000646140844402277,80.3,9.25,-8.5,80.3,9.08,8.86,2.04,0.051,324,11.7,0.0005289435483870968,31.5,4.0,4.0,31.5,4.0,4.0,0,0,0,0,-639.0,57.3,-39.4,-638.0,57.3,3.999999046,24.476603415559772,1.0,332.92329222011386,116.0,0.2012059772296015,16,1,102,6,Layer 3 Up
163,6.45,41.5,163,6.36,-4.33,5.94,0.109,326,8.46,0.0005714925996204933,80.8,9.38,-39.8,80.9,9.51,7.6,5.46,0.0853,324,13.0,0.0009874064516129032,31.5,4.025,16.5,31.5,4.0,4.0,0,0,0,0,-633.0,57.2,-6.4,-633.0,57.3,3.999999046,29.45624288425047,1.08,328.7897533206831,116.0,0.21573586337760908,16,1,102,6,Layer 3 Up
163,5.5,-52.3,163,5.54,-4.76,5.55,0.087,326,9.2,0.000289389705882353,81.4,9.85,35.3,81.4,9.8,6.36,7.29,0.129,324,14.0,0.001721816888045541,31.5,4.0,-2.25,31.5,4.0,4.0,0,0,0,0,-628.0,57.3,16.9,-628.0,57.3,4.0,24.37511859582543,0.97,332.95374762808353,121.0,0.19396370967741938,16,1,102,6,Layer 3 Up
163,4.625,-64.7,163,4.651,-5.01,3.39,0.0889,326,10.2,8.495376660341557e-05,82.0,9.82,10.25,82.0,9.96,5.01,8.19,0.13,324,14.4,0.001587048387096774,31.5,3.975,-2.25,31.5,4.0,4.0,0,0,0,0,-623.0,57.4,-1.5,-622.0,57.3,4.0,20.74573055028463,0.86,332.96897533206834,117.0,0.17218956356736245,16,1,102,6,Layer 3 Up
163,4.05,41.5,163,4.0,4.0,3.67,0.0589,326,1.77,4.6783761859582544e-05,82.4,5.42,404.0,82.5,10.0,129.0,12.8,0.206,324,13.7,0.0016701076850094878,31.5,4.0,-2.25,31.5,4.0,4.0,0,0,0,0,-617.0,57.3,-15.1,-617.0,57.3,4.0,25.414682163187855,1.06,330.90953510436435,116.0,0.21161612903225804,16,1,102,6,Layer 3 Up
163,3.875,-58.5,163,4.0,4.0,2.92,0.0395,326,5.63,-2.3133605313092978e-05,83.0,9.95,-89.7,83.1,10.0,4.0,5.21,0.0925,324,14.9,0.001151493358633776,31.5,4.0,4.0,31.5,4.0,4.0,0,0,0,0,-612.0,57.2,-13.8,-612.0,57.3,3.999999046,27.594345351043643,1.07,332.99943074003795,118.0,0.21473795066413662,16,1,104,6,Layer 3 Up
163,3.925,-33.5,163,4.0,4.0,2.11,0.0337,326,6.67,0.0,83.6,10.22,-33.5,83.7,10.0,4.0,5.53,0.102,324,14.4,0.0013486574952561669,31.5,3.975,-14.8,31.5,4.0,4.0,0,0,0,0,-607.0,57.5,50.9,-606.0,57.3,4.0,15.146461100569258,0.854,331.977229601518,114.0,0.165988614800759,16,1,104,6,Layer 3 Up
163,4.075,47.8,163,4.0,4.0,1.93,0.0485,326,2.08,1.5147153700189756e-05,84.2,10.38,10.25,84.3,10.0,4.0,5.04,0.0971,324,13.3,0.0013383444022770398,31.5,4.0,4.0,31.5,4.0,4.0,0,0,0,0,-601.0,57.4,34.0,-601.0,57.3,4.0,23.23946869070209,1.02,329.91745730550286,114.0,0.20230787476280837,16,1,2,6,Layer 3 Up
163,3.95,-39.8,163,4.0,4.0,2.6,0.0342,326,5.89,-9.545218216318786e-06,84.8,10.07,47.8,84.9,10.0,4.0,8.43,0.155,324,15.9,0.0020750474383301708,31.5,3.975,-2.25,31.5,4.0,4.0,0,0,0,0,-596.0,57.3,1.75,-596.0,57.3,4.0,19.401693548387097,0.987,332.0075901328273,123.0,0.19816703036053132,16,1,104,6,Layer 3 Up
163,3.95,-33.5,163,4.0,4.0,1.47,0.0357,326,6.88,-4.876584440227704e-06,85.4,9.78,-8.5,85.5,10.0,4.0,9.63,0.151,324,15.7,0.0019298823529411767,31.5,3.975,-2.25,31.5,4.0,4.0,0,0,0,0,-591.0,57.4,38.8,-590.0,57.3,4.000000954,20.12888045540797,0.811,333.06034155597723,117.0,0.16186110056925995,16,1,104,6,Layer 3 Up
163,4.05,35.3,163,4.0,4.0,2.25,0.0496,326,1.78,7.564239563567362e-06,86.0,9.9,35.3,86.1,10.0,4.0,7.87,0.146,325,16.2,0.0019818515180265654,31.5,4.0,4.0,31.5,4.0,4.0,0,0,0,0,-585.0,57.4,62.8,-585.0,57.3,4.000000954,23.45018026565465,0.922,331.0003320683112,117.0,0.18365849146110055,16,1,104,6,Layer 3 Up
163,3.95,-33.5,163,4.0,4.0,1.15,0.0326,326,7.46,-1.9404354838709677e-05,86.6,9.72,10.25,86.7,10.0,4.0,6.48,0.113,324,15.2,0.0014319791271347247,31.5,4.0,-2.25,31.5,4.0,4.0,0,0,0,0,-580.0,57.4,62.3,-580.0,57.3,4.0,17.225256166982923,0.951,332.0531309297912,118.0,0.18885521821631876,16,1,104,6,Layer 3 Up
163,3.95,-33.5,163,4.0,4.0,1.76,0.0349,326,6.76,-9.702620967741934e-06,87.2,9.7,-46.0,87.3,10.0,4.0,5.73,0.0976,324,14.7,0.0012556333017077798,31.5,4.0,4.0,31.5,4.0,4.0,0,0,0,0,-575.0,57.4,29.5,-574.0,57.3,4.0,19.61278462998102,0.822,333.10602466793165,118.0,0.1639587286527514,16,1,104,6,Layer 3 Up
163,4.125,66.5,163,4.0,4.0,0.192,0.049,326,3.91,7.347347248576851e-06,87.8,9.8,-21.0,87.9,10.0,4.0,5.42,0.0918,325,13.5,0.0012141802656546491,31.5,4.0,4.0,31.5,4.0,4.0,0,0,0,0,-569.0,57.3,9.25,-569.0,57.3,4.0,26.981783681214424,0.969,331.04573055028465,118.0,0.1930235294117647,16,1,104,6,Layer 3 Up
163,3.9,-58.5,163,4.0,4.0,2.25,0.0349,326,6.13,-2.6048989563567365e-05,88.4,10.22,35.3,88.5,10.0,4.0,3.11,0.0596,324,12.2,0.0007524110531309298,31.5,3.975,-8.5,31.5,4.0,4.0,0,0,0,0,-564.0,57.4,63.6,-564.0,57.3,4.000000954,20.963728652751424,0.938,332.09867172675524,120.0,0.18888111954459202,16,1,104,6,Layer 3 Up
163,3.9,-58.5,163,4.0,4.0,2.6,0.0395,326,5.78,-1.1208842504743833e-05,89.0,10.2,85.2,89.1,10.0,4.0,3.84,0.0855,324,13.5,0.0011312628083491461,31.5,3.975,-2.25,31.5,4.0,4.0,0,0,0,0,-559.0,57.3,-40.9,-558.0,57.3,3.999999046,25.116110056925994,1.01,333.1517077798861,116.0,0.20238187855787476,16,1,104,6,Layer 3 Up
163,4.075,47.8,163,3.9017,-5.07,2.14,0.0438,326,1.03,1.328516129032258e-05,89.6,9.22,523.0,89.6,10.0,3.879,27.9,0.345,324,22.0,0.00439033064516129,31.5,4.0,4.0,31.5,4.0,4.0,0,0,0,0,-553.0,57.2,-5.12,-553.0,57.3,3.999999046,29.16508064516129,1.09,331.09112903225804,116.0,0.21795967741935482,16,1,104,6,Layer 3 Up
163,2.92,-96.0,163,3.0,-4.95,-3.54,0.073,326,3.94,0.00017748956356736242,90.2,10.13,-71.0,90.2,9.92,2.51,3.87,0.0724,324,12.9,0.0009518007590132826,31.5,4.0,4.0,31.5,4.0,4.0,0,0,0,0,-548.0,57.4,33.7,-547.0,57.3,4.0,18.267931688804556,0.937,330.0683111954459,115.0,0.186831119544592,16,1,2,6,Layer 3 Up
163,2.08,-64.7,163,2.12,-4.62,-4.05,0.0865,326,7.77,0.00036745132827324477,90.8,10.05,104.0,90.8,9.7,1.18,5.49,0.124,324,15.2,0.0016607969639468693,31.5,4.025,16.5,31.5,4.0,4.0,0,0,0,0,-542.0,57.4,8.31,-542.0,57.3,4.0,17.853567362428844,0.748,332.15939278937384,119.0,0.14843372865275142,16,1,104,6,Layer 3 Up
163,1.25,-39.8,163,1.28,-4.1,-4.55,0.0922,326,9.07,0.0005532782732447819,91.3,9.28,16.5,91.4,9.35,-0.08,6.81,0.108,324,12.5,0.0012767960151802656,31.5,4.025,16.5,31.5,4.0,4.0,0,0,0,0,-537.0,57.3,-10.6,-537.0,57.3,4.0,25.32831119544592,1.07,332.1745730550285,116.0,0.2127993358633776,16,1,104,6,Layer 3 Up
163,0.58,-33.5,163,0.51,-3.39,-7.2,0.114,326,10.3,0.000863693358633776,91.8,9.3,85.2,91.9,8.88,-1.26,2.58,0.0688,324,10.7,0.0007567697817836812,31.5,4.025,10.25,31.5,4.0,4.0,0,0,0,0,-532.0,57.4,38.1,-531.0,57.3,4.000000954,22.526617647058824,0.871,331.15166034155595,118.0,0.17232343453510438,16,1,104,6,Layer 3 Up
162,-0.1,4.0,162,-0.19,-2.52,-4.74,0.0823,326,11.3,0.0006976303605313092,92.3,8.22,4.0,92.3,8.3,-2.31,9.49,0.158,324,13.6,0.0014845407969639468,31.5,4.0,4.0,31.5,4.0,4.0,0,0,0,0,-526.0,57.2,-66.7,-526.0,57.3,3.999999046,24.396299810246678,0.93,332.20493358633775,119.0,0.18375085388994306,16,1,104,6,Layer 3 Up
162,-0.65,-14.8,162,-0.79,-1.49,-4.93,0.0962,326,12.5,0.0009842020872865274,92.7,7.5,-58.5,92.7,7.62,-3.22,6.04,0.0814,324,10.0,0.0006187599620493358,31.5,4.0,4.0,31.5,4.0,4.0,0,0,0,0,-521.0,57.4,36.1,-521.0,57.3,4.0,20.763757115749524,1.01,331.1819259962049,116.0,0.2014084440227704,16,1,104,6,Layer 3 Up
161,-1.15,35.3,161,-1.28,-0.34,-4.18,0.0812,326,13.4,0.000888729411764706,93.0,6.78,22.8,93.0,6.86,-3.97,6.68,0.123,325,12.0,0.0006997705882352942,31.5,4.025,10.25,31.5,4.0,4.0,0,0,0,0,-516.0,57.3,10.38,-515.0,57.3,4.0,23.048823529411766,0.9,332.2352941176471,119.0,0.17857647058823528,16,1,104,6,Layer 3 Up
161,-1.55,-8.5,161,-1.65,0.91,-5.93,0.109,326,14.0,0.001329001897533207,93.3,6.28,-2.25,93.3,6.03,-4.53,2.86,0.0711,324,8.38,0.0003208293643263757,31.5,4.025,16.5,31.5,4.0,4.0,0,0,0,0,-510.0,57.4,-9.6,-510.0,57.3,4.0,20.038856736242884,0.827,332.2504743833017,118.0,0.16612523719165087,16,1,104,6,Layer 3 Up
160,-2.07,-14.8,160,-1.89,2.23,-4.15,0.0844,326,12.9,0.0010590967741935485,93.4,5.25,16.5,93.4,5.15,-4.9,3.58,0.0682,324,5.58,0.0002253176470588235,31.5,4.0,4.0,31.5,4.0,4.0,0,0,0,0,-505.0,57.4,54.0,-505.0,57.3,4.000000954,23.98542694497154,0.937,332.26565464895634,117.0,0.18689943074003795,16,1,104,6,Layer 3 Up
159,-2.13,-64.7,159,-1.99,3.589,-4.48,0.106,325,13.9,0.0014121935483870968,93.5,4.35,10.25,93.5,4.254,-5.06,6.24,0.119,324,6.23,7.94358870967742e-05,31.5,4.0,10.25,31.5,4.0,4.0,0,0,0,0,-500.0,57.3,-32.1,-499.0,57.3,3.999999046,25.02490037950664,1.07,331.24245730550285,115.0,0.2139057874762808,16,1,104,6,Layer 3 Up
159,-2.07,-14.8,159,-2.0,4.0,-4.73,0.0838,325,13.1,0.0010799620493358632,93.5,4.125,66.5,93.5,4.0,4.0,4.56,0.0895,324,4.11,0.0,31.5,4.0,4.0,31.5,4.0,4.0,0,0,0,0,-494.0,57.4,0.0,-494.0,57.3,4.0,16.51095825426945,0.88,332.2960151802656,116.0,0.17653225806451614,16,1,2,6,Layer 3 Up
158,-2.18,-77.2,158,-2.0,4.0,-4.6,0.0947,326,13.1,0.0012253975332068314,93.5,4.125,72.7,93.5,4.0,4.0,4.3,0.0895,325,4.28,1.4642462049335865e-05,31.5,4.025,16.5,31.5,4.0,4.0,0,0,0,0,-489.0,57.3,3.812,-489.0,57.3,4.0,25.650270398481975,0.971,332.31119544592036,120.0,0.1931558823529412,16,1,106,6,Layer 3 Up
158,-1.9,-14.8,158,-2.0,4.0,-5.44,0.102,326,14.0,0.001287764705882353,93.5,4.125,72.7,93.5,4.0,4.0,4.29,0.0859,324,4.22,1.4227722960151803e-05,31.5,4.025,16.5,31.5,4.0,4.0,0,0,0,0,-484.0,57.3,-16.5,-483.0,57.3,4.0,23.366698292220114,0.97,332.326375711575,118.0,0.19316470588235296,16,1,106,6,Layer 3 Up
157,-1.95,22.8,157,-2.0,4.0,-5.6,0.0857,326,13.5,0.0010904957305502845,93.5,4.15,72.7,93.5,4.0,4.0,3.17,0.0878,325,5.45,4.3412115749525616e-05,31.5,4.0,4.0,31.5,4.0,4.0,0,0,0,0,-478.0,57.4,45.8,-478.0,57.3,4.000000954,16.305507590132827,0.707,333.38012333965844,120.0,0.13812945920303607,16,1,106,6,Layer 3 Up
157,-2.18,-8.5,157,-2.0,4.0,-4.23,0.0758,326,11.6,0.0009773365275142314,93.5,4.15,79.0,93.5,4.0,4.0,4.3,0.0843,324,4.13,5.5877476280834915e-05,31.5,4.0,10.25,31.5,4.0,4.0,0,0,0,0,-473.0,57.2,-9.1,-473.0,57.3,3.999999046,29.185075901328275,1.1,332.35673624288427,116.0,0.2201863377609108,16,1,106,6,Layer 3 Up
156,-2.28,-109.0,156,-2.0,4.0,-3.48,0.0844,326,13.5,0.0011217552182163188,93.5,4.15,79.0,93.5,4.0,4.0,4.01,0.0834,324,4.43,4.1234890891840604e-05,31.5,4.0,4.0,31.5,4.0,4.0,0,0,0,0,-468.0,57.4,37.6,-467.0,57.3,4.0,16.82632827324478,0.936,332.3719165085389,116.0,0.18592054079696393,16,1,106,6,Layer 3 Up
155,-2.0,-46.0,155,-2.0,4.0,-5.94,0.0984,326,13.7,0.0013087741935483873,93.5,4.1,60.3,93.5,4.0,4.0,4.58,0.0854,325,4.11,0.0,31.5,4.0,4.0,31.5,4.0,4.0,0,0,0,0,-462.0,57.4,4.438,-462.0,57.3,4.0,17.865806451612904,0.75,333.4258064516129,119.0,0.1495741935483871,16,1,106,6,Layer 3 Up
155,-1.85,16.5,155,-2.0,4.0,-5.22,0.0908,326,13.9,0.0011530203984819736,93.5,4.125,66.5,93.5,4.0,4.0,4.0,0.0836,325,4.62,1.3919345351043644e-05,31.5,4.0,4.0,31.5,4.0,4.0,0,0,0,0,-457.0,57.3,-12.1,-457.0,57.3,4.0,23.995289373814046,1.05,333.4410341555977,118.0,0.21086769449715373,16,1,106,6,Layer 3 Up
154,-2.0,35.3,154,-2.0,4.0,-4.98,0.0673,326,11.7,0.0008435092979127135,93.5,4.15,79.0,93.5,4.0,4.0,4.59,0.084,325,4.13,1.3712220113851993e-05,31.5,4.0,4.0,31.5,4.0,4.0,0,0,0,0,-452.0,57.4,42.2,-451.0,57.3,4.000000954,22.853700189753322,0.858,333.4562618595825,117.0,0.17036394686907022,16,1,106,6,Layer 3 Up
154,-2.2,-64.7,154,-2.0,4.0,-4.82,0.0811,326,12.0,0.001049240512333966,93.5,4.175,91.5,93.5,4.0,4.0,3.74,0.0831,325,4.84,2.752957779886148e-05,31.5,4.025,16.5,31.5,4.0,4.0,0,0,0,0,-446.0,57.3,-52.2,-446.0,57.3,3.999999046,22.75085863377609,0.914,333.47148956356733,119.0,0.18179909867172675,16,1,106,6,Layer 3 Up
153,-2.03,-39.8,153,-2.0,4.0,-3.51,0.0966,326,15.3,0.0012466793168880454,93.5,4.125,72.7,93.5,4.0,4.0,4.29,0.0859,325,4.28,4.197153700189753e-05,31.5,4.025,16.5,31.5,4.0,4.0,0,0,0,0,-441.0,57.4,30.0,-441.0,57.3,4.0,20.985768500948765,1.01,333.48671726755214,116.0,0.2025853889943074,16,1,2,6,Layer 3 Up
152,-1.95,-8.5,152,-2.0,4.0,-5.03,0.0994,326,14.5,0.0012675151802656547,93.5,4.15,85.2,93.5,4.0,4.0,3.73,0.0831,324,4.76,4.135008538899431e-05,31.5,4.025,10.25,31.5,4.0,4.0,0,0,0,0,-436.0,57.3,13.69,-435.0,57.3,4.0,21.713989563567363,0.876,333.50194497153706,120.0,0.1745430740037951,16,1,106,6,Layer 3 Up
152,-2.03,22.8,152,-2.0,4.0,-3.85,0.0815,326,14.4,0.0009974345351043644,93.5,4.125,72.7,93.5,4.0,4.0,4.85,0.0886,324,2.85,1.4338121442125239e-05,31.5,4.025,16.5,31.5,4.0,4.0,0,0,0,0,-430.0,57.4,-8.1,-430.0,57.3,4.0,19.533092979127137,0.821,334.5561669829222,118.0,0.16416110056925998,16,1,106,6,Layer 3 Up
151,-2.22,-39.8,151,-2.0,4.0,-3.96,0.0784,326,13.5,0.0010182609108159392,93.5,4.15,79.0,93.5,4.0,4.0,3.74,0.0832,324,4.91,4.1042148956356734e-05,31.5,4.025,10.25,31.5,4.0,4.0,0,0,0,0,-425.0,57.4,52.4,-425.0,57.3,4.000000954,25.8721394686907,0.933,333.53240037950667,115.0,0.1859884724857685,16,1,106,6,Layer 3 Up
151,-2.07,-46.0,151,-2.0,4.0,-5.06,0.104,326,14.3,0.0014027703984819736,93.5,4.15,79.0,93.5,4.0,4.0,4.58,0.0848,325,3.55,0.0,31.5,4.0,4.0,31.5,4.0,4.0,0,0,0,0,-420.0,57.3,-31.8,-419.0,57.3,3.999999046,24.2107779886148,1.07,333.5476280834915,116.0,0.21405237191650853,16,1,106,6,Layer 3 Up
150,-1.95,-8.5,150,-2.0,4.0,-6.38,0.109,326,13.9,0.001413225806451613,93.5,4.15,79.0,93.5,4.0,4.0,3.45,0.0835,324,5.0,2.764103415559772e-05,31.5,4.0,4.0,31.5,4.0,4.0,0,0,0,0,-414.0,57.4,-0.81,-414.0,57.3,4.0,17.041840607210624,0.877,333.5628557874763,116.0,0.1756140891840607,16,1,106,6,Layer 3 Up
149,-2.03,22.8,149,-2.0,4.0,-5.49,0.0881,326,13.2,0.0011327106261859582,93.5,4.15,79.0,93.5,4.0,4.0,4.29,0.083,325,3.94,2.722662239089184e-05,31.5,4.05,16.5,31.5,4.0,4.0,0,0,0,0,-409.0,57.3,6.38,-409.0,57.3,4.0,25.875683111954455,0.955,334.6172675521821,120.0,0.19017068311195442,16,1,106,6,Layer 3 Up
149,-2.13,-46.0,149,-2.0,4.0,-5.11,0.0968,326,13.9,0.001278254743833017,93.5,4.15,79.0,93.5,4.0,4.0,1.76,0.0809,325,7.37,0.0,31.5,4.0,4.0,31.5,4.0,4.0,0,0,0,0,-404.0,57.3,-15.9,-403.0,57.3,4.0,23.902324478178368,0.963,333.59331119544595,118.0,0.1922578273244782,16,1,106,6,Layer 3 Up
148,-2.07,-46.0,148,-2.0,4.0,-5.79,0.114,326,14.0,0.0015277400379506642,93.5,4.175,91.5,93.5,4.0,4.0,3.17,0.0837,325,5.1,1.3822409867172675e-05,31.5,4.0,4.0,31.5,4.0,4.0,0,0,0,0,-398.0,57.4,43.9,-398.0,57.3,4.000000954,17.87559772296015,0.7,334.6478178368122,119.0,0.13822409867172678,16,1,106,6,Layer 3 Up
148,-2.18,-77.2,148,-1.92,6.16,-4.4,0.0893,326,12.3,0.0011432590132827325,93.5,4.925,41.5,93.5,4.972,17.6,8.4,0.15,325,8.65,0.0003523316413662239,31.5,4.025,16.5,31.5,4.0,4.0,0,0,0,0,-393.0,57.2,-17.5,-393.0,57.3,3.999999046,29.93259962049336,1.11,334.66309297912716,116.0,0.22241584440227702,16,1,106,6,Layer 3 Up
147,-1.53,4.0,147,-1.55,9.19,-5.71,0.0966,326,12.9,0.0011017362428842503,93.7,6.3,41.5,93.7,6.29,16.7,3.37,0.0639,325,5.6,0.00031181214421252367,31.5,4.0,4.0,31.5,4.0,4.0,0,0,0,0,-388.0,57.4,36.6,-387.0,57.3,4.0,17.149667931688803,0.929,334.67836812144213,116.0,0.18500853889943072,16,1,2,6,Layer 3 Up
147,-0.8,10.25,147,-0.88,11.94,-4.96,0.106,326,15.0,0.0011433633776091084,94.0,7.45,54.0,94.0,7.49,15.2,5.96,0.107,324,10.5,0.0007899601518026566,31.5,4.0,4.0,31.5,4.0,4.0,0,0,0,0,-382.0,57.4,6.81,-382.0,57.3,4.0,17.878045540796965,0.744,334.69364326375717,119.0,0.14759781783681214,16,1,106,6,Layer 3 Up
146,-0.22,-52.3,146,0.04,14.3,-2.0,0.0731,326,12.7,0.0006486284629981025,94.4,8.22,4.0,94.4,8.51,13.12,4.94,0.0824,324,11.5,0.0007546542694497154,31.5,4.0,4.0,31.5,4.0,4.0,0,0,0,0,-377.0,57.3,-15.1,-377.0,57.3,4.0,25.882770398481973,1.06,334.70891840607214,116.0,0.2120516129032258,16,1,106,6,Layer 3 Up
146,1.05,-39.8,146,1.17,16.1,-2.78,0.0804,326,10.9,0.000483375,94.9,9.45,-21.0,94.9,9.29,10.55,3.9,0.0904,325,13.9,0.0010499112903225808,31.5,4.0,4.0,31.5,4.0,4.0,0,0,0,0,-372.0,57.4,41.8,-371.0,57.3,4.000000954,21.41403225806452,0.849,334.7241935483871,119.0,0.16944112903225808,16,1,106,6,Layer 3 Up
146,2.2,-64.7,146,2.44,17.3,-3.78,0.0759,326,7.39,0.0002630095825426945,95.4,9.75,60.3,95.5,9.79,7.63,11.7,0.158,324,11.6,0.0019335882352941177,31.5,4.025,16.5,31.5,4.0,4.0,0,0,0,0,-366.0,57.2,-57.8,-366.0,57.3,3.999999046,22.454573055028465,0.908,334.7394686907021,119.0,0.1808840607210626,16,1,106,6,Layer 3 Up
145,3.475,-83.5,145,3.799,17.7,-4.48,0.0681,326,3.01,3.3475474383301705e-05,96.0,9.82,29.0,96.1,10.0,4.524,7.05,0.126,324,15.3,0.0016010009487666033,31.5,4.0,4.0,31.5,4.0,4.0,0,0,0,0,-361.0,57.4,27.1,-361.0,57.3,4.0,20.688259013282728,1.0,334.7547438330171,116.0,0.19960531309297913,16,1,106,6,Layer 3 Up
145,3.825,-83.5,145,4.0,4.0,-1.95,0.0476,326,2.28,7.42316129032258e-06,96.5,10.07,91.5,96.5,10.0,4.0,4.68,0.096,325,14.4,0.001257986717267552,31.5,4.0,4.0,31.5,4.0,4.0,0,0,0,0,-356.0,57.3,10.44,-355.0,57.3,4.0,23.0804174573055,0.883,334.77001897533205,119.0,0.1757022770398482,16,1,106,6,Layer 3 Up
145,3.825,-77.2,145,4.0,4.0,-1.45,0.0527,326,3.0,7.070000000000001e-06,97.1,9.93,4.0,97.1,10.0,4.0,5.99,0.0917,325,12.1,0.001185264705882353,31.5,4.025,16.5,31.5,4.0,4.0,0,0,0,0,-350.0,57.4,-5.06,-350.0,57.3,4.0,17.882941176470588,0.81,334.7852941176471,119.0,0.16219411764705885,16,1,107,6,Layer 3 Up
145,3.75,-115.0,145,4.0,4.0,-0.649,0.043,326,4.09,6.21772485768501e-06,97.7,9.95,-89.7,97.7,10.0,4.0,4.76,0.0841,324,14.1,0.0010709459203036055,31.5,4.0,4.0,31.5,4.0,4.0,0,0,0,0,-345.0,57.4,53.6,-345.0,57.3,4.000000954,24.538178368121443,0.933,334.80056925996206,116.0,0.18507609108159392,16,1,107,6,Layer 3 Up
145,3.85,-71.0,145,4.0,4.0,-1.15,0.0485,326,3.7,7.1226351992409865e-06,98.2,10.13,-83.5,98.2,10.0,4.0,5.14,0.0729,324,12.7,0.0008515968216318785,31.5,4.0,-2.25,31.5,4.0,4.0,0,0,0,0,-340.0,57.3,-38.1,-339.0,57.3,3.999999046,24.955218216318784,1.07,333.77604364326373,117.0,0.21315915559772294,16,1,107,6,Layer 3 Up
145,3.8,-102.0,145,4.0,4.0,-1.95,0.0423,326,2.16,-6.124705882352942e-06,98.8,9.82,35.3,98.8,10.0,4.0,5.83,0.104,324,14.5,0.0013206072106261859,31.5,4.0,4.0,31.5,4.0,4.0,0,0,0,0,-334.0,57.4,-4.69,-334.0,57.3,4.0,17.053510436432635,0.869,334.831119544592,116.0,0.17365464895635674,16,1,108,6,Layer 3 Up
145,3.825,-83.5,145,4.0,4.0,-1.49,0.0434,326,3.03,0.0,99.4,9.82,-27.3,99.4,10.0,4.0,4.33,0.0831,325,14.4,0.0010502945920303605,31.5,4.0,4.0,31.5,4.0,4.0,0,0,0,0,-329.0,57.3,-0.13,-329.0,57.3,4.0,25.893401328273242,0.956,334.846394686907,120.0,0.1892610056925996,16,1,2,6,Layer 3 Up
145,3.75,-109.0,145,4.0,4.0,-1.24,0.0386,326,3.99,1.1647362428842506e-05,100.0,10.03,-27.3,100.0,10.0,4.0,3.56,0.0634,324,12.6,0.0007861969639468692,31.5,4.0,4.0,31.5,4.0,4.0,0,0,0,0,-324.0,57.3,-17.4,-323.0,57.3,4.0,23.086736242884253,0.95,334.861669829222,119.0,0.1903095825426945,16,1,108,6,Layer 3 Up
145,3.8,-89.7,145,4.0,4.0,-1.65,0.0505,326,2.5,-6.1671437381404176e-06,100.6,10.35,79.0,100.6,10.0,4.0,1.47,0.0721,325,13.2,0.0008871119070208729,31.5,4.025,16.5,31.5,4.0,4.0,0,0,0,0,-318.0,57.4,46.8,-318.0,57.3,4.000000954,17.67983870967742,0.696,335.916935483871,119.0,0.1372787476280835,16,1,108,6,Layer 3 Up
145,3.75,-109.0,145,4.0,4.0,-1.95,0.0446,326,2.13,0.0,101.2,10.03,35.3,101.2,10.0,4.0,6.1,0.106,324,13.4,0.0013728500948766602,31.5,4.025,16.5,31.5,4.0,4.0,0,0,0,0,-313.0,57.2,-12.9,-313.0,57.3,3.999999046,28.601043643263758,1.08,334.892220113852,116.0,0.2163278937381404,16,1,108,6,Layer 3 Up
145,3.7,-134.0,145,4.0,4.0,-0.00597,0.046,326,4.65,0.0,101.8,9.85,-14.8,101.8,10.0,4.0,5.86,0.114,324,15.0,0.0014665203984819733,31.5,4.0,4.0,31.5,4.0,4.0,0,0,0,0,-308.0,57.4,34.8,-307.0,57.3,4.0,17.681451612903224,0.923,334.90749525616695,116.0,0.1830550284629981,16,1,108,6,Layer 3 Up
145,3.725,-134.0,145,4.0,4.0,-2.2,0.0422,326,1.52,0.0,102.4,10.05,-2.25,102.4,10.0,4.0,5.45,0.111,325,14.5,0.0014353833017077798,31.5,4.0,4.0,31.5,4.0,4.0,0,0,0,0,-302.0,57.4,4.313,-302.0,57.3,4.0,17.89028462998102,0.736,335.96290322580643,119.0,0.1466587286527514,16,1,108,6,Layer 3 Up
145,3.825,-83.5,145,4.0,4.0,-2.59,0.0477,326,1.9,1.4874577798861482e-05,103.1,10.28,54.0,103.1,10.0,4.0,3.76,0.0759,324,12.2,0.001001693595825427,31.5,4.0,4.0,31.5,4.0,4.0,0,0,0,0,-296.0,57.4,28.6,-296.0,57.3,3.999999046,18.931280834914613,0.883,334.938045540797,121.0,0.17683064516129035,16,1,108,6,Layer 3 Up
145,3.825,-77.2,145,4.0,4.0,-1.26,0.0452,326,3.52,-1.1546527514231501e-05,103.6,10.28,54.0,103.6,10.0,4.0,6.46,0.126,324,15.2,0.0017371802656546492,31.5,4.0,4.0,31.5,4.0,4.0,0,0,0,0,-292.0,57.4,39.3,-291.0,57.3,4.000000954,21.428690702087287,0.854,334.953320683112,119.0,0.1685168880455408,16,1,108,6,Layer 3 Up
145,3.75,-109.0,145,4.0,4.0,-2.2,0.0409,326,2.56,2.340619070208729e-05,104.0,10.13,85.2,104.0,10.0,4.0,7.32,0.157,324,15.9,0.0021325640417457306,31.5,4.025,16.5,31.5,4.0,4.0,0,0,0,0,-286.0,57.2,-63.9,-286.0,57.3,3.999999046,23.302163187855786,0.911,334.968595825427,119.0,0.18100787476280833,16,1,108,6,Layer 3 Up
145,3.825,-77.2,145,4.0,4.0,-1.2,0.0506,326,4.13,6.730887096774193e-06,105.0,9.88,35.3,105.0,9.94,-9.9,9.19,0.162,324,16.6,0.0021534677419354836,31.5,4.025,10.25,31.5,4.0,4.0,0,0,0,0,-281.0,57.4,24.1,-281.0,57.3,4.0,21.534677419354836,1.0,334.98387096774195,116.0,0.20078225806451613,16,1,108,6,Layer 3 Up
145,3.825,-83.5,145,4.0,4.0,-2.54,0.0447,326,2.2,6.450294117647058e-06,105.0,10.28,47.8,105.0,10.0,4.0,2.54,0.0574,325,12.1,0.0007199360531309298,31.5,4.0,4.0,31.5,4.0,4.0,0,0,0,0,-276.0,57.3,3.375,-275.0,57.3,4.0,23.40832542694497,0.889,334.9991461100569,119.0,0.17790327324478178,16,1,2,6,Layer 3 Up
145,3.8,-83.5,145,4.0,4.0,-6.37,0.049,326,3.31,0.0,106.0,10.15,66.5,106.0,10.0,4.0,4.74,0.0889,325,12.9,0.0011964800759013284,31.5,4.0,4.0,31.5,4.0,4.0,0,0,0,0,-270.0,57.4,-10.1,-270.0,57.3,4.0,19.247722960151805,0.823,336.0548387096774,118.0,0.16438595825426947,16,1,109,6,Layer 3 Up
145,3.8,-89.7,145,4.0,4.0,-3.39,0.0409,326,0.877,-6.128338235294118e-06,106.0,9.93,41.5,107.0,10.0,4.0,6.29,0.109,324,14.1,0.0014462462049335864,31.5,4.0,4.0,31.5,4.0,4.0,0,0,0,0,-265.0,57.4,45.4,-265.0,57.3,4.000000954,22.05785578747628,0.927,336.0701612903226,119.0,0.18416228652751424,16,1,109,6,Layer 3 Up
145,4.775,104.0,145,4.645,17.7,1.37,0.0502,326,4.35,6.243074003795066e-05,107.0,9.95,148.0,107.0,9.97,2.59,7.92,0.133,325,15.0,0.0017792760910815939,31.5,4.0,4.0,31.5,4.0,4.0,0,0,0,0,-260.0,57.3,-34.1,-259.0,57.3,3.999999046,25.28444971537002,1.06,335.0449715370019,116.0,0.2133050284629981,16,1,109,6,Layer 3 Up
146,5.92,85.2,146,5.98,17.0,4.86,0.0933,326,7.65,0.00033714136622390895,108.0,9.5,16.5,108.0,9.66,-0.48,6.34,0.105,324,14.1,0.0012590773244781782,31.5,4.0,4.0,31.5,4.0,4.0,0,0,0,0,-254.0,57.4,-1.69,-254.0,57.3,4.0,16.024620493358633,0.871,336.10080645161287,117.0,0.17377348197343453,16,1,111,6,Layer 3 Up
146,7.25,35.3,146,7.22,15.6,4.4,0.077,326,9.08,0.0005567248576850095,108.0,9.32,16.5,108.0,9.06,-3.32,2.86,0.0777,325,12.6,0.0008668258064516128,31.5,4.0,4.0,31.5,4.0,4.0,0,0,0,0,-249.0,57.3,1.75,-249.0,57.3,4.0,26.743605313092978,0.947,336.116129032258,119.0,0.18939051233396584,16,1,111,6,Layer 3 Up
146,8.07,-27.3,146,8.28,13.67,5.1,0.0813,326,11.3,0.0007253362903225808,109.0,8.35,41.5,109.0,8.2,-5.77,8.62,0.151,324,13.1,0.0014777296015180267,31.5,4.0,4.0,31.5,4.0,4.0,0,0,0,0,-244.0,57.3,-18.2,-243.0,57.3,4.0,23.6228605313093,0.953,335.0907969639469,118.0,0.19148045540796965,16,1,111,6,Layer 3 Up
147,9.28,85.2,147,9.13,11.2,4.37,0.0873,326,11.4,0.00099803330170778,109.0,7.17,-21.0,109.0,7.12,-7.7,3.83,0.0677,325,9.02,0.0004454204933586338,31.5,3.975,-2.25,31.5,4.0,4.0,0,0,0,0,-238.0,57.4,40.4,-238.0,57.3,4.000000954,17.37972485768501,0.695,336.1467741935484,119.0,0.13633197343453513,16,1,111,6,Layer 3 Up
147,9.8,41.5,147,9.7,8.35,4.73,0.0858,326,12.5,0.0010116085388994307,109.0,6.1,-21.0,109.0,5.87,-9.0,4.74,0.116,325,11.2,0.0005609639943074003,31.5,4.0,4.0,31.5,4.0,4.0,0,0,0,0,-233.0,57.2,-12.3,-233.0,57.3,3.999999046,28.620611954459203,1.08,335.12134724857685,117.0,0.21751665085388994,16,1,111,6,Layer 3 Up
148,9.82,35.3,148,9.98,5.28,5.61,0.0999,326,14.3,0.0012697722960151802,109.0,4.7,47.8,109.0,4.531,-9.7,1.84,0.0546,324,3.86,5.6307115749525614e-05,31.5,4.0,4.0,31.5,4.0,4.0,0,0,0,0,-228.0,57.4,31.7,-227.0,57.3,4.0,17.693548387096772,0.915,335.13662239089183,116.0,0.18213946869070208,16,1,111,6,Layer 3 Up
148,10.05,16.5,148,10.0,4.0,6.5,0.0917,326,11.8,0.0012073795066413662,109.0,3.975,-8.5,109.0,4.0,4.0,1.3,0.0218,325,1.51,2.2169985768500946e-06,31.5,4.0,4.0,31.5,4.0,4.0,0,0,0,0,-222.0,57.4,-0.69,-222.0,57.3,4.0,18.735199240986717,1.08,336.19274193548387,121.0,0.21441394686907017,16,1,2,6,Layer 3 Up
149,9.9,22.8,149,10.0,4.0,5.21,0.102,326,14.3,0.0013011148007590135,109.0,4.0,4.0,109.0,4.0,4.0,1.05,0.0207,325,1.31,0.0,31.5,4.0,4.0,31.5,4.0,4.0,0,0,0,0,-217.0,57.3,-5.5,-217.0,57.3,4.0,24.773225806451617,1.05,336.20806451612907,117.0,0.2113010436432638,16,1,111,6,Layer 3 Up
150,10.25,4.0,150,10.0,4.0,4.47,0.0846,326,13.5,0.001124214421252372,109.0,4.0,4.0,109.0,4.0,4.0,-0.177,0.0179,325,1.65,-1.519771347248577e-06,31.5,4.0,4.0,31.5,4.0,4.0,0,0,0,0,-212.0,57.4,35.3,-211.0,57.3,4.000000954,21.963818785578752,0.862,336.2233870967742,119.0,0.17175498102466796,16,1,111,6,Layer 3 Up
150,10.18,47.8,150,10.0,4.0,4.38,0.0879,326,13.8,0.0011867248576850095,109.0,4.0,4.0,109.0,4.0,4.0,0.163,0.0172,325,1.27,0.0,31.5,4.0,4.0,31.5,4.0,4.0,0,0,0,0,-206.0,57.2,-58.9,-206.0,57.3,3.999999046,22.90170777988615,0.892,336.23870967741937,119.0,0.17800872865275144,16,1,111,6,Layer 3 Up
151,10.15,85.2,151,10.0,4.0,5.1,0.0937,326,12.4,0.0012075996204933587,109.0,4.0,4.0,109.0,4.0,4.0,0.119,0.0237,325,1.25,0.0,31.5,4.0,4.0,31.5,4.0,4.0,0,0,0,0,-201.0,57.4,28.0,-201.0,57.3,4.0,21.549407020872863,1.0,336.2540322580645,116.0,0.1998785578747628,16,1,111,6,Layer 3 Up
151,9.9,4.0,151,10.0,4.0,7.07,0.105,326,12.8,0.001332584440227704,109.0,4.0,4.0,109.0,4.0,4.0,0.163,0.0207,325,1.11,-3.6854288425047437e-06,31.5,4.0,4.0,31.5,4.0,4.0,0,0,0,0,-196.0,57.3,7.31,-195.0,57.3,4.0,23.11201138519924,0.882,336.26935483870966,119.0,0.17594278937381405,16,1,111,6,Layer 3 Up
152,9.82,-33.5,152,10.0,4.0,5.94,0.103,326,14.5,0.0012909999999999998,109.0,4.0,4.0,109.0,4.0,4.0,-0.429,0.0159,325,1.5,0.0,31.5,4.025,10.25,31.5,4.0,4.0,0,0,0,0,-190.0,57.3,-16.9,-190.0,57.3,4.0,20.093790322580645,0.822,336.2846774193548,118.0,0.1634572580645161,16,1,111,6,Layer 3 Up
153,10.13,10.25,153,10.0,4.0,4.22,0.0687,326,12.6,0.0008964529411764707,109.0,4.025,16.5,109.0,4.0,4.0,-0.133,0.017,325,1.36,0.0,31.5,4.0,4.0,31.5,4.0,4.0,0,0,0,0,-185.0,57.4,50.4,-185.0,57.3,4.000000954,22.905882352941177,0.928,336.3,119.0,0.18532941176470588,16,1,111,6,Layer 3 Up
153,10.18,72.7,153,10.0,4.0,4.75,0.0877,326,12.8,0.0011765830170777987,109.0,4.0,4.0,109.0,4.0,4.0,0.547,0.0185,325,1.72,9.464725332068311e-07,31.5,4.0,4.0,31.5,4.0,4.0,0,0,0,0,-180.0,57.2,-42.1,-179.0,57.3,3.999999046,24.677006641366223,1.08,335.2740986717268,117.0,0.21553334914611005,16,1,111,6,Layer 3 Up
154,10.0,35.3,154,10.0,4.0,6.09,0.104,326,14.1,0.001395303605313093,109.0,4.0,4.0,109.0,4.0,4.0,0.459,0.0211,325,1.13,3.113401328273245e-06,31.5,3.975,-8.5,31.5,4.0,4.0,0,0,0,0,-174.0,57.4,-3.38,-174.0,57.3,4.0,16.55621442125237,0.856,336.3306451612903,116.0,0.1707685009487666,16,1,111,6,Layer 3 Up
154,9.97,4.0,154,10.0,4.0,4.87,0.094,326,14.7,0.0012079297912713472,109.0,4.0,4.0,109.0,4.0,4.0,1.35,0.0173,325,1.56,-9.975833965844401e-07,31.5,4.0,4.0,31.5,4.0,4.0,0,0,0,0,-169.0,57.3,1.75,-169.0,57.3,4.0,26.970156546489562,0.952,336.34596774193545,120.0,0.1905613377609108,16,1,2,6,Layer 3 Up
155,10.15,16.5,155,10.0,4.0,5.66,0.0853,326,12.6,0.0011246755218216318,109.0,4.0,4.0,109.0,4.0,4.0,-0.562,0.0211,325,2.1,1.4370853889943071e-06,31.5,4.0,-2.25,31.5,4.0,4.0,0,0,0,0,-164.0,57.3,-20.0,-163.0,57.3,4.0,23.84728652751423,0.971,335.3199240986717,119.0,0.19473548387096773,16,1,111,6,Layer 3 Up
156,10.13,72.7,156,10.0,4.0,5.05,0.0992,326,13.0,0.0012705246679316888,109.0,4.0,4.0,109.0,4.0,4.0,0.415,0.0167,325,0.775,1.3017670777988616e-06,31.5,4.025,16.5,31.5,4.0,4.0,0,0,0,0,-158.0,57.4,40.7,-158.0,57.3,4.000000954,16.975042694497155,0.703,336.3766129032258,120.0,0.1385080170777989,16,1,111,6,Layer 3 Up
156,10.03,79.0,156,10.0,4.0,6.32,0.107,326,13.3,0.001426801707779886,109.0,4.0,-2.25,109.0,4.0,4.0,0.163,0.0234,325,1.5,1.2914117647058825e-06,31.5,4.025,10.25,31.5,4.0,4.0,0,0,0,0,-153.0,57.2,-7.7,-153.0,57.3,3.999999046,28.015303605313093,1.08,335.35047438330173,118.0,0.21766537001897532,16,1,111,6,Layer 3 Up
157,9.9,-21.0,157,10.0,4.0,5.39,0.0968,326,13.8,0.001260225332068311,109.0,4.0,4.0,109.0,4.0,4.0,0.207,0.0285,325,1.38,2.0934321631878554e-06,31.5,4.0,4.0,31.5,4.0,4.0,0,0,0,0,-148.0,57.4,28.8,-147.0,57.3,4.0,17.39319259962049,0.917,335.3657495256167,117.0,0.1833055028462998,16,1,111,6,Layer 3 Up
157,10.03,-14.8,157,10.0,4.0,5.0,0.0846,326,12.8,0.0010415559772296015,109.0,4.0,4.0,109.0,4.0,4.0,0.207,0.017,324,1.17,-1.6977362428842505e-06,31.5,4.0,4.0,31.5,4.0,4.0,0,0,0,0,-142.0,57.4,3.125,-142.0,57.3,4.0,17.185673624288423,0.732,336.42258064516125,119.0,0.14581783681214422,16,1,111,6,Layer 3 Up
158,10.22,79.0,158,10.0,4.0,3.76,0.0821,325,12.5,0.0010624354838709676,109.0,4.0,4.0,109.0,4.0,4.0,0.163,0.0181,324,1.2,1.385332542694497e-06,31.5,4.0,4.0,31.5,4.0,4.0,0,0,0,0,-137.0,57.3,-10.8,-137.0,57.3,4.0,24.581840607210626,1.04,335.39629981024666,118.0,0.20936228652751424,16,1,111,6,Layer 3 Up
159,10.0,35.3,159,10.0,4.0,6.53,0.106,326,13.0,0.001416645161290323,109.0,4.0,4.0,109.0,4.0,4.0,0.756,0.0192,324,1.0,-9.989431688804556e-07,31.5,4.0,4.0,31.5,4.0,4.0,0,0,0,0,-132.0,57.4,33.4,-131.0,57.3,4.000000954,21.978833017077804,0.862,335.4115749525617,119.0,0.17187239089184064,16,1,111,6,Layer 3 Up
159,9.9,-14.8,159,10.0,4.0,6.1,0.0993,326,14.2,0.0012604549335863378,109.0,4.0,4.0,109.0,4.0,4.0,-0.133,0.0179,325,1.45,1.489628557874763e-06,31.5,4.0,4.0,31.5,4.0,4.0,0,0,0,0,-126.0,57.2,-63.9,-126.0,57.3,3.999999046,23.646551233396586,0.903,335.42685009487667,119.0,0.1791721062618596,16,1,111,6,Layer 3 Up
160,10.1,10.25,160,10.0,4.0,3.54,0.0834,326,14.8,0.0011146679316888046,109.0,3.975,-2.25,109.0,4.0,4.0,1.69,0.0226,325,2.25,-2.823130929791271e-06,31.5,4.0,4.0,31.5,4.0,4.0,0,0,0,0,-121.0,57.4,28.0,-121.0,57.3,4.0,21.04326375711575,0.998,335.44212523719165,118.0,0.20001518026565465,16,1,111,6,Layer 3 Up
160,10.15,29.0,160,10.0,4.0,4.26,0.0766,326,13.2,0.001002205028462998,109.0,4.0,4.0,109.0,4.0,4.0,-0.133,0.017,325,1.46,1.3751669829222013e-06,31.5,3.975,-2.25,31.5,4.0,4.0,0,0,0,0,-116.0,57.3,4.687,-115.0,57.3,4.0,22.81527039848197,0.89,336.4991935483871,120.0,0.1781466318785579,16,1,2,6,Layer 3 Up
161,9.97,60.3,161,10.0,4.0,6.18,0.105,326,13.7,0.0013752296015180265,109.0,4.0,4.0,109.0,4.0,4.0,0.207,0.0153,325,1.42,0.0,31.5,4.0,4.0,31.5,4.0,4.0,0,0,0,0,-110.0,57.4,-10.4,-110.0,57.3,4.0,19.89915559772296,0.819,336.51451612903224,118.0,0.1635689753320683,16,1,111,6,Layer 3 Up
162,9.9,-2.25,162,10.0,4.0,6.01,0.104,326,14.8,0.001344035578747628,109.0,4.0,4.0,109.0,4.0,4.0,1.1,0.0181,324,1.79,1.4586432637571158e-06,31.5,4.0,4.0,31.5,4.0,4.0,0,0,0,0,-105.0,57.4,51.6,-105.0,57.3,4.000000954,22.608970588235294,0.924,336.52983870967745,120.0,0.18545607210626186,16,1,111,6,Layer 3 Up
162,9.9,-39.8,162,10.0,4.0,4.18,0.0713,326,13.8,0.0008668903225806452,109.0,4.0,4.0,109.0,4.0,4.0,-0.000961,0.0181,325,2.04,1.0731935483870969e-06,31.5,4.0,4.0,31.5,4.0,4.0,0,0,0,0,-100.0,57.3,-39.2,-99.0,57.3,3.999999046,24.90225806451613,1.07,335.5032258064516,117.0,0.21463870967741935,16,1,111,6,Layer 3 Up
163,10.18,47.8,163,10.0,4.0,3.59,0.0727,326,12.6,0.0009273648007590132,109.0,4.0,4.0,109.0,4.0,4.0,0.459,0.0192,325,1.02,0.0,31.5,4.0,4.0,31.5,4.0,4.0,0,0,0,0,-94.5,57.4,-2.75,-94.1,57.3,4.0,16.880123339658443,0.859,336.56048387096774,117.0,0.17192718216318786,16,1,111,6,Layer 3 Up
163,10.0,54.0,163,10.0,4.0,4.66,0.097,326,14.7,0.0012400161290322582,109.0,4.0,4.0,109.0,4.0,4.0,0.711,0.0171,325,0.739,0.0,31.5,4.0,4.0,31.5,4.0,4.0,0,0,0,0,-89.2,57.3,-3.69,-88.7,57.3,4.0,27.196992409867175,0.968,336.5758064516129,120.0,0.19485967741935484,16,1,111,6,Layer 3 Up
164,9.8,-8.5,164,9.93,1.96,5.67,0.106,326,14.0,0.0013338595825426946,109.0,3.05,-39.8,109.0,3.083,-9.6,-3.85,0.108,324,10.4,0.00019695270398481973,31.5,4.0,4.0,31.5,4.0,4.0,0,0,0,0,-83.8,57.3,-21.6,-83.4,57.3,4.0,23.86358159392789,0.961,335.54905123339654,119.0,0.1927843927893738,16,1,111,6,Layer 3 Up
164,9.43,-14.8,165,9.52,-1.31,6.19,0.0968,326,12.3,0.001125495256166983,109.0,1.8,-64.7,109.0,1.66,-8.7,-3.74,0.0609,325,6.72,0.0002792895635673625,31.5,4.0,4.0,31.5,4.0,4.0,0,0,0,0,-78.1,57.3,34.9,-77.6,57.3,4.0,21.88462998102467,0.931,336.60645161290324,121.0,0.18549829222011385,16,1,113,6,Layer 3 Up
165,9.18,35.3,165,8.91,-3.84,4.74,0.0995,326,12.9,0.0010942813092979127,109.0,0.5,-58.5,109.0,0.55,-7.3,-5.68,0.114,325,10.7,0.0008702141840607211,31.5,4.025,10.25,31.5,4.0,4.0,0,0,0,0,-73.2,57.2,-14.6,-72.7,57.3,3.999999046,28.034444971537003,1.09,335.5796015180266,119.0,0.21989843453510438,16,1,113,6,Layer 3 Up
165,8.0,10.25,165,8.0,-6.2,6.67,0.119,326,12.0,0.0010245023719165085,108.0,-0.05,41.5,108.0,-0.47,-5.21,-5.08,0.0825,325,11.8,0.0007441451612903226,31.5,4.0,4.0,31.5,4.0,4.0,0,0,0,0,-67.8,57.4,23.6,-67.4,57.3,4.0,17.61351992409867,0.933,335.5948766603416,117.0,0.18759962049335863,16,1,113,6,Layer 3 Up
166,7.17,4.0,166,6.88,-8.0,2.28,0.0666,326,10.3,0.00042628742884250477,108.0,-1.4,29.0,108.0,-1.26,-2.66,-3.28,0.0658,325,12.7,0.0007066574003795066,31.5,4.0,4.0,31.5,4.0,4.0,0,0,0,0,-62.5,57.4,2.06,-62.1,57.3,4.0,18.031228652751423,0.737,336.6524193548387,120.0,0.146959724857685,16,1,2,6,Layer 3 Up
166,5.77,54.0,166,5.61,-9.2,2.18,0.0652,326,8.75,0.00021158994307400377,107.0,-1.7,4.0,107.0,-1.78,0.25,-7.69,0.141,324,15.8,0.0017302428842504744,31.5,4.0,4.0,31.5,4.0,4.0,0,0,0,0,-57.2,57.3,-9.4,-56.7,57.3,4.0,26.16210626185958,1.06,335.62542694497154,117.0,0.2126322580645161,16,1,113,6,Layer 3 Up
166,4.4,16.5,166,4.256,-9.7,2.49,0.0673,326,7.28,3.252170777988615e-05,107.0,-1.85,-21.0,107.0,-1.99,3.35,-7.91,0.133,324,15.2,0.001699050759013283,31.5,4.025,16.5,31.5,4.0,4.0,0,0,0,0,-51.8,57.4,33.1,-51.4,57.3,4.000000954,21.8896110056926,0.863,335.64070208728657,119.0,0.1719898007590133,16,1,113,6,Layer 3 Up
166,4.15,72.7,166,4.0,4.0,1.94,0.0435,326,3.61,-6.483789373814042e-06,106.0,-2.25,10.25,106.0,-2.0,4.0,-2.09,0.0622,325,13.2,0.000739068595825427,31.5,4.0,4.0,31.5,4.0,4.0,0,0,0,0,-46.5,57.2,-58.8,-46.1,57.3,3.999999046,23.141499051233396,0.9,336.69838709677424,119.0,0.1792944971537002,16,1,113,6,Layer 3 Up
166,4.2,97.7,166,4.0,4.0,2.22,0.0425,326,2.39,-5.9628557874762815e-06,106.0,-2.18,-52.3,106.0,-2.0,4.0,-4.96,0.0951,325,12.9,0.0013239207779886149,31.5,4.0,4.0,31.5,4.0,4.0,0,0,0,0,-41.2,57.3,24.0,-40.7,57.3,4.0,21.266129032258064,1.01,335.6712523719165,117.0,0.20223671726755219,16,1,113,6,Layer 3 Up
166,4.15,66.5,166,4.0,4.0,1.65,0.0422,326,4.0,0.0,105.0,-1.95,-27.3,105.0,-2.0,4.0,-7.45,0.126,325,13.7,0.0016992827324478178,31.5,4.0,4.0,31.5,4.0,4.0,0,0,0,0,-35.8,57.3,0.31,-35.4,57.3,4.0,23.039354838709677,0.897,336.72903225806454,120.0,0.17931081593927892,16,1,113,6,Layer 3 Up
166,4.175,79.0,166,4.0,4.0,2.77,0.0407,326,1.9,0.0,105.0,-1.82,198.0,105.0,-2.0,4.0,-8.48,0.124,324,15.7,0.0015117006641366222,31.5,3.975,-2.25,31.5,4.0,4.0,0,0,0,0,-30.5,57.3,-15.2,-30.1,57.3,4.0,20.32976755218216,0.82,336.7443548387097,118.0,0.16472324478178368,16,1,113,6,Layer 3 Up
166,4.125,72.7,166,4.0,4.0,0.549,0.0445,326,4.95,-1.991365275142315e-05,104.0,-1.8,-33.5,104.0,-2.0,4.0,-8.52,0.149,325,15.5,0.001991365275142315,31.5,4.0,4.0,31.5,4.0,4.0,0,0,0,0,-25.2,57.4,50.1,-24.7,57.3,4.000000954,22.937191650853887,0.926,336.75967741935483,119.0,0.18454013282732445,16,1,115,6,Layer 3 Up
166,-2.15,-77.2,166,-2.0,4.0,-4.52,0.0904,326,13.4,0.001167764705882353,103.8,4.025,10.25,103.8,4.0,4.0,0.668,0.0193,325,2.89,-1.835058823529412e-06,31.5,3.975,-8.5,31.5,4.0,4.0,0,0,0,0,-19.8,57.3,-38.6,-19.4,57.3,3.999999046,23.876617647058822,1.04,335.7323529411765,117.0,0.20957205882352944,16,1,115,6,Layer 3 Up
165,-1.95,4.0,165,-2.0,4.0,-6.61,0.112,326,14.5,0.0014493453510436433,103.8,4.0,10.25,103.8,4.0,4.0,0.731,0.0298,325,3.25,-2.6275901328273244e-06,31.5,4.0,4.0,31.5,4.0,4.0,0,0,0,0,-14.5,57.4,-4.69,-14.1,57.3,4.0,17.412998102466794,0.86,336.7903225806452,116.0,0.17308728652751423,16,1,115,6,Layer 3 Up
165,-1.8,41.5,165,-2.0,4.0,-7.14,0.113,326,13.7,0.0014911209677419355,103.8,3.95,-14.8,103.8,4.0,4.0,2.02,0.0287,325,0.851,3.889427419354838e-06,31.5,4.0,4.0,31.5,4.0,4.0,0,0,0,0,-8.9,57.4,45.0,-8.5,57.3,4.0,16.683870967741935,0.949,329.5064516129032,117.0,0.18769354838709676,16,1,2,6,Layer 3 Up
164,-2.05,4.0,164,-2.0,4.0,-4.05,0.0858,326,14.8,0.001126212523719165,103.8,4.05,29.0,103.8,4.0,4.0,0.0562,0.0218,325,3.36,0.0,31.5,4.0,4.0,31.5,4.0,4.0,0,0,0,0,-3.83,57.3,-24.8,-3.39,57.3,4.0,23.25420303605313,0.962,335.7781783681214,119.0,0.19395882352941174,16,1,115,6,Layer 3 Up
163,-2.07,16.5,163,-2.0,4.0,-5.2,0.0957,326,13.4,0.001230547438330171,103.8,3.95,-14.8,103.8,4.0,4.0,0.702,0.0313,325,2.54,0.0,31.5,4.0,4.0,31.5,4.0,4.0,0,0,0,0,1.72,57.2,-50.0,2.16,57.3,4.0,22.42099146110057,1.04,331.62210626185964,121.0,0.20752452561669832,16,1,115,6,Layer 3 Up
163,2.8,-39.8,163,2.77,-4.88,-4.0,0.0988,326,10.4,0.0002461206831119545,104.0,10.13,66.5,104.0,9.87,2.16,2.27,0.0485,325,12.1,0.0005934011385199241,31.5,4.0,4.0,31.5,4.0,4.0,0,0,0,0,6.84,57.2,-10.6,7.28,57.3,3.999999046,27.53214421252372,1.07,335.8087286527514,119.0,0.21691992409867172,16,1,115,6,Layer 3 Up
163,1.95,-14.8,163,1.9,-4.5,-4.51,0.0572,326,6.06,0.00023987428842504746,105.0,9.7,60.3,105.0,9.62,0.84,5.0,0.0947,324,13.1,0.0011889421252371916,31.5,3.975,-8.5,31.5,4.0,4.0,0,0,0,0,12.17,57.4,28.0,12.61,57.3,4.0,17.72983870967742,0.915,335.8240037950664,116.0,0.18251304554079695,16,1,117,6,Layer 3 Down
163,1.2,4.0,163,1.04,-3.91,-5.71,0.112,326,11.1,0.0006977530360531309,105.0,9.25,-64.7,105.0,9.22,-0.45,4.13,0.0777,324,13.3,0.0008667156546489564,31.5,4.0,4.0,31.5,4.0,4.0,0,0,0,0,17.7,57.2,-36.7,18.2,57.3,4.0,20.54668880455408,1.08,330.6243833017078,121.0,0.21589667931688802,16,1,117,6,Layer 3 Down
162,0.53,4.0,162,0.32,-3.18,-6.66,0.0989,326,10.3,0.0007749687381404174,106.0,8.68,22.8,106.0,8.74,-1.55,5.09,0.103,324,13.5,0.0010534568311195446,31.5,3.975,-2.25,31.5,4.0,4.0,0,0,0,0,22.8,57.3,-11.3,23.3,57.3,4.0,24.511124288425044,1.04,335.85455407969636,118.0,0.20964833965844404,16,1,117,6,Layer 3 Down
162,-0.22,10.25,162,-0.38,-2.22,-5.83,0.103,326,11.9,0.0010034371916508539,106.0,7.92,-52.3,106.0,8.1,-2.6,7.62,0.11,325,10.4,0.0009700588235294118,31.5,4.0,4.0,31.5,4.0,4.0,0,0,0,0,28.4,57.4,5.38,28.8,57.3,4.0,17.732258064516127,0.81,331.6975332068311,119.0,0.16271954459203034,16,1,117,6,Layer 3 Down
162,-1.03,10.25,162,-0.97,-1.11,-4.26,0.0756,326,11.6,0.0008063328747628084,107.0,7.5,-27.3,107.0,7.37,-3.49,1.77,0.0325,324,6.99,0.00020549492409867174,31.5,4.0,10.25,31.5,4.0,4.0,0,0,0,0,33.9,57.3,-10.1,34.4,57.3,4.0,25.556475332068313,0.995,335.8851043643264,117.0,0.20027931688804557,16,1,117,6,Layer 3 Down
161,-1.43,-39.8,161,-1.4,0.03,-5.17,0.0913,326,11.8,0.0010848956356736242,107.0,6.7,-39.8,107.0,6.61,-4.15,3.53,0.0605,325,6.6,0.0003671954459203036,31.5,4.0,4.0,31.5,4.0,4.0,0,0,0,0,39.1,57.3,-11.4,39.5,57.3,4.0,25.661954459203038,1.02,330.68453510436433,119.0,0.20446110056925998,16,1,117,6,Layer 3 Down
160,-1.57,66.5,160,-1.73,1.3,-4.44,0.0959,326,15.5,0.0012414274193548389,107.0,5.73,-14.8,107.0,5.77,-4.66,4.11,0.0726,325,7.63,0.00026289051233396583,31.5,4.0,4.0,31.5,4.0,4.0,0,0,0,0,44.4,57.5,35.7,44.8,57.3,4.0,14.917993358633776,0.863,330.69957305502845,115.0,0.1721306925996205,16,1,2,6,Layer 3 Down
160,-2.07,-14.8,160,-1.94,2.69,-3.74,0.0715,326,13.4,0.0009118125237191651,107.0,4.975,22.8,107.0,4.849,-4.98,2.37,0.0653,325,7.57,0.00013458102466793167,31.5,4.0,4.0,31.5,4.0,4.0,0,0,0,0,49.9,57.4,41.9,50.4,57.3,4.0,21.28258064516129,1.01,336.97419354838706,116.0,0.20239316888045542,16,1,117,6,Layer 3 Down
159,-1.1,198.0,159,4.0,276.0,1.14,0.0559,326,1.12,-0.00012519734345351044,107.0,4.1,22.8,107.0,4.0,3.857,3.82,0.0736,325,5.11,0.0,31.5,4.0,4.0,31.5,4.0,4.0,0,0,0,0,55.3,57.4,26.9,55.7,57.3,4.0,17.63195920303605,0.803,336.9895161290322,118.0,0.1596266129032258,16,1,117,6,Layer 3 Down
159,-1.97,-2.25,159,-2.0,4.0,-5.64,0.104,326,13.9,0.0014189677419354841,107.0,3.925,-33.5,107.0,4.0,4.0,3.42,0.0705,325,4.05,1.1163937381404175e-05,31.5,4.0,10.25,31.5,4.0,4.0,0,0,0,0,60.4,57.5,60.9,60.8,57.3,4.000000954,17.111081593927892,0.735,330.7446869070209,119.0,0.14502685009487667,16,1,117,6,Layer 3 Down
158,-2.0,-27.3,158,-2.0,4.0,-6.19,0.103,326,13.2,0.0013772960151802658,107.0,4.1,47.8,107.0,4.0,4.0,2.8,0.0529,325,3.81,-1.648581593927894e-05,31.5,4.0,4.0,31.5,4.0,4.0,0,0,0,0,65.7,57.2,-38.7,66.2,57.3,4.0,30.989160341555976,1.0,331.8031309297913,118.0,0.19929055977229604,16,1,117,6,Layer 3 Down
158,-1.85,35.3,158,-2.0,4.0,-5.52,0.098,326,14.7,0.0012625787476280835,107.0,4.1,47.8,107.0,4.0,4.0,0.728,0.0517,324,7.17,-7.79459772296015e-06,31.5,4.0,4.0,31.5,4.0,4.0,0,0,0,0,71.3,57.3,-39.2,71.7,57.3,4.0,23.686394686907022,0.981,335.9920303605313,118.0,0.19721271347248576,16,1,117,6,Layer 3 Down
157,-2.13,-21.0,157,-2.0,4.0,-3.64,0.0912,326,14.9,0.001220896110056926,107.0,3.975,-14.8,107.0,4.0,4.0,3.56,0.0644,325,3.59,3.151372865275142e-05,31.5,4.025,10.25,31.5,4.0,4.0,0,0,0,0,76.4,57.4,36.9,76.8,57.3,4.0,17.426465844402276,0.783,330.78980075901325,118.0,0.1565251423149905,16,1,117,6,Layer 3 Down
156,-2.1,-14.8,156,-2.0,4.0,-5.31,0.0871,326,12.8,0.001127032258064516,107.0,4.075,41.5,107.0,4.0,4.0,3.02,0.0486,325,3.42,-2.337548387096774e-05,31.5,4.0,4.0,31.5,4.0,4.0,0,0,0,0,81.9,57.3,26.6,82.4,57.3,4.0,23.584193548387095,0.94,337.06612903225806,118.0,0.18783870967741934,16,1,117,6,Layer 3 Down
156,-2.07,-2.25,156,-2.0,4.0,-4.98,0.09,326,13.7,0.0012001351992409867,107.0,4.05,29.0,107.0,4.0,4.0,3.2,0.0556,325,3.73,-2.3898344402277043e-05,31.5,4.0,4.0,31.5,4.0,4.0,0,0,0,0,86.8,57.2,-17.8,87.3,57.3,3.999999046,29.951200189753322,1.08,336.0378557874763,116.0,0.21706793168880456,16,1,117,6,Layer 3 Down
155,-1.93,35.3,155,-2.0,4.0,-8.07,0.0989,326,10.9,0.0012419354838709678,107.0,4.075,41.5,107.0,4.0,4.0,2.58,0.0506,325,4.0,-2.2960151802656546e-05,31.5,3.975,-8.5,31.5,4.0,4.0,0,0,0,0,92.6,57.4,31.6,93.0,57.3,3.999999046,19.20303605313093,0.746,337.0967741935484,121.0,0.14715370018975332,16,1,117,6,Layer 3 Down
155,-1.97,35.3,155,-2.0,4.0,-5.81,0.0963,326,13.1,0.001231555028462998,107.0,4.075,35.3,107.0,4.0,4.0,2.58,0.0504,325,3.89,-1.628157495256167e-05,31.5,3.975,-2.25,31.5,4.0,4.0,0,0,0,0,97.9,57.3,16.6,98.4,57.3,4.0,27.97091081593928,1.06,336.06840607210626,117.0,0.21291290322580644,16,1,117,6,Layer 3 Down
154,-1.95,-8.5,154,-2.0,4.0,-4.82,0.109,326,16.0,0.001492545540796964,107.0,3.95,-14.8,107.0,4.0,4.0,3.25,0.0657,325,4.17,5.323064516129032e-05,31.5,4.0,4.0,31.5,4.0,4.0,0,0,0,0,103.1,57.3,26.8,103.5,57.3,4.0,21.292258064516126,0.893,329.8212523719165,121.0,0.17952296015180264,16,1,2,6,Layer 3 Down
153,-2.0,-39.8,153,-2.0,4.0,-6.89,0.119,326,13.7,0.0016178676470588235,107.0,4.075,35.3,107.0,4.0,4.0,2.67,0.0491,324,3.96,-1.5969919354838706e-05,31.5,4.025,10.25,31.5,4.0,4.0,0,0,0,0,109.0,57.3,-16.9,109.0,57.3,4.0,19.623168880455406,0.779,337.14274193548385,122.0,0.1565678368121442,16,1,117,6,Layer 3 Down
153,-1.9,16.5,153,-2.0,4.0,-6.1,0.102,325,14.5,0.0013256679316888049,107.0,4.075,35.3,107.0,4.0,4.0,1.61,0.0491,324,5.04,-2.3068709677419356e-05,31.5,4.0,4.0,31.5,4.0,4.0,0,0,0,0,114.0,57.3,-10.4,114.0,57.3,4.0,25.991442125237192,1.01,336.11423149905124,116.0,0.202503605313093,16,1,117,6,Layer 3 Down
152,-1.97,-14.8,152,-2.0,4.178,3.17,0.132,325,1.96,0.000172240275142315,107.0,4.0,22.8,107.0,3.864,-5.07,1.52,0.047,324,4.73,-6.858294592030361e-06,31.5,3.975,-2.25,31.5,4.0,4.0,0,0,0,0,119.0,57.4,43.2,120.0,57.3,3.999999046,18.476684060721063,0.786,337.1733870967742,119.0,0.15658206831119545,16,1,117,6,Layer 3 Down
152,-1.95,-39.8,152,-1.92,5.49,-4.53,0.1,325,14.5,0.0013257884250474385,107.0,3.15,22.8,107.0,3.0,-4.95,-5.86,0.107,324,7.66,0.00023383984819734345,31.5,4.0,4.0,31.5,4.0,4.0,0,0,0,0,124.0,57.5,40.3,125.0,57.3,4.0,14.40620493358634,0.87,329.88121442125237,116.0,0.1732920303605313,16,1,119,6,Layer 3 Down
151,-1.5,54.0,151,-1.7,6.82,-5.15,0.0981,325,12.9,0.0012214511385199242,107.0,2.12,-33.5,107.0,2.08,-4.61,-5.78,0.106,324,9.67,0.0004979762333965844,31.5,4.0,4.0,31.5,4.0,4.0,0,0,0,0,130.0,57.2,-22.6,130.0,57.3,4.0,26.621370967741935,0.99,330.94018026565465,119.0,0.19939928842504745,16,1,119,6,Layer 3 Down
151,-1.47,-27.3,150,-1.33,8.14,-3.3,0.0756,326,13.6,0.0008581867172675521,107.0,1.2,-33.5,107.0,1.25,-4.08,-8.26,0.134,324,9.76,0.0008341741935483871,31.5,4.0,4.0,31.5,4.0,4.0,0,0,0,0,135.0,57.4,27.6,136.0,57.3,4.0,17.643984819734342,0.805,337.21935483870965,118.0,0.15973548387096773,16,1,119,6,Layer 3 Down
150,-1.05,-27.3,150,-0.86,9.3,-4.46,0.0888,326,12.5,0.0009657649430740039,106.0,0.45,-27.3,106.0,0.48,-3.36,-7.78,0.148,324,12.9,0.0012006807400379508,31.5,4.0,4.0,31.5,4.0,4.0,0,0,0,0,141.0,57.3,-37.6,141.0,57.3,4.0,21.194625237191655,0.87,336.19060721062624,120.0,0.17540379506641368,16,1,119,6,Layer 3 Down
150,-0.2,66.5,150,-0.27,10.35,-4.98,0.0895,325,12.1,0.0008102352941176471,106.0,-0.07,35.3,106.0,-0.21,-2.48,-4.67,0.0801,324,11.1,0.0007037352941176472,31.5,4.0,4.0,31.5,4.0,4.0,0,0,0,0,146.0,57.4,56.4,146.0,57.3,3.999999046,22.03088235294118,0.929,336.2058823529412,118.0,0.18480882352941178,16,1,119,6,Layer 3 Down
149,0.28,16.5,149,0.41,11.26,-3.71,0.0595,326,8.23,0.00045107931688804554,106.0,-0.43,35.3,106.0,-0.81,-1.45,-6.24,0.101,324,13.2,0.0009762943548387097,31.5,4.0,4.0,31.5,4.0,4.0,0,0,0,0,151.0,57.2,-42.9,152.0,57.3,4.0,24.32904648956357,0.986,336.2211574952562,118.0,0.19839136622390893,16,1,119,6,Layer 3 Down
149,1.2,4.0,149,1.18,11.99,-4.91,0.0849,326,9.19,0.0004980893738140417,105.0,-1.1,97.7,105.0,-1.29,-0.29,-7.31,0.113,324,13.1,0.0012321707779886148,31.5,4.0,4.0,31.5,4.0,4.0,0,0,0,0,157.0,57.3,-37.7,157.0,57.3,4.0,13.15707779886148,0.919,336.23643263757117,128.0,0.1848256166982922,16,1,2,6,Layer 3 Down
149,1.85,-14.8,149,2.01,12.55,-5.66,0.0889,326,7.74,0.0003978630455407969,105.0,-1.7,-27.3,105.0,-1.66,0.96,-9.07,0.159,324,14.9,0.0020676347248576848,31.5,3.975,-8.5,31.5,4.0,4.0,0,0,0,0,162.0,57.3,32.4,162.0,57.3,4.0,23.60027514231499,0.934,336.25170777988615,119.0,0.1869225332068311,16,1,119,6,Layer 3 Down
148,2.75,-27.3,148,2.88,12.91,-3.92,0.0713,326,7.71,0.0001670891840607211,104.0,-1.88,-58.5,104.0,-1.9,2.28,-7.44,0.143,324,15.5,0.001869310246679317,31.5,3.975,-2.25,31.5,4.0,4.0,0,0,0,0,167.0,57.3,-14.4,168.0,57.3,4.0,19.841840607210628,0.896,336.2669829222012,118.0,0.18066518026565465,16,1,119,6,Layer 3 Down
148,3.65,4.0,148,3.784,13.07,-3.05,0.066,326,6.23,0.0,103.4,-1.72,-33.5,103.4,-2.0,3.646,-8.37,0.131,324,13.9,0.00158741935483871,31.5,3.975,-8.5,31.5,4.0,4.0,0,0,0,0,173.0,57.4,40.1,173.0,57.3,3.999999046,16.1875,0.73,337.32661290322585,122.0,0.1441209677419355,16,1,119,6,Layer 3 Down
148,3.9,-52.3,148,4.0,4.0,-1.36,0.0562,326,4.29,-3.676296015180266e-05,102.9,-2.07,-21.0,102.9,-2.0,4.0,-3.01,0.0781,324,13.2,0.0009942709677419356,31.5,3.975,-8.5,31.5,4.0,4.0,0,0,0,0,178.0,57.3,18.9,178.0,57.3,4.0,27.363339658444023,1.06,336.29753320683113,117.0,0.21410246679316888,16,1,119,6,Layer 3 Down
148,3.875,-52.3,148,4.0,4.0,-1.26,0.0413,325,4.88,-1.211561669829222e-05,102.3,-1.95,4.0,102.3,-2.0,4.0,-4.87,0.0949,324,14.8,0.001274228652751423,31.5,4.0,4.0,31.5,4.0,4.0,0,0,0,0,183.0,57.4,24.1,184.0,57.3,4.0,16.293415559772296,0.925,336.3128083491461,116.0,0.18486759962049334,16,1,119,6,Layer 3 Down
148,3.875,-52.3,148,4.0,4.0,-0.734,0.0401,326,5.32,-1.1593918406072106e-05,101.7,-1.93,91.5,101.7,-2.0,4.0,-5.66,0.0811,324,13.6,0.0009901833017077798,31.5,3.975,-8.5,31.5,4.0,4.0,0,0,0,0,189.0,57.3,-19.6,189.0,57.3,4.0,20.994392789373816,0.792,337.3725806451613,121.0,0.15771907020872863,16,1,119,6,Layer 3 Down
148,3.925,-33.5,148,4.0,4.0,-3.06,0.0459,326,2.11,-2.8098249525616696e-05,101.1,-2.22,10.25,101.1,-2.0,4.0,-4.42,0.0831,324,13.6,0.0010967718216318783,31.5,4.0,4.0,31.5,4.0,4.0,0,0,0,0,194.0,57.3,-11.8,194.0,57.3,4.0,26.322523719165083,1.02,336.34335863377606,117.0,0.20473074003795066,16,1,119,6,Layer 3 Down
148,3.925,-33.5,148,4.0,4.0,-2.65,0.0445,325,3.42,-1.3057400379506644e-05,100.5,-2.28,-39.8,100.5,-2.0,4.0,-4.52,0.12,324,15.3,0.0016400094876660343,31.5,4.0,-2.25,31.5,4.0,4.0,0,0,0,0,199.0,57.4,42.4,200.0,57.3,3.999999046,18.175901328273245,0.794,336.3586337760911,120.0,0.15773339658444024,16,1,119,6,Layer 3 Down
148,3.95,-21.0,148,4.0,4.0,-3.06,0.0445,326,3.39,-6.549889468690702e-06,99.9,-2.13,-52.3,99.9,-2.0,4.0,-7.34,0.148,324,17.0,0.0020683861480075903,31.5,3.975,-2.25,31.5,4.0,4.0,0,0,0,0,205.0,57.2,-62.4,205.0,57.3,4.0,26.951698292220115,0.925,337.4185483870968,122.0,0.18281190702087285,16,1,119,6,Layer 3 Down
148,4.05,-14.8,148,4.243,13.07,-0.75,0.0254,325,1.24,-5.735331119544592e-06,99.5,-1.9,135.0,99.4,-2.0,4.341,-4.51,0.13,324,15.9,0.0017550740037950664,31.5,3.95,-14.8,31.5,4.0,4.0,0,0,0,0,210.0,57.4,45.1,210.0,57.3,4.0,20.05798861480076,0.997,335.34449715370016,116.0,0.2005798861480076,16,1,2,6,Layer 3 Down
148,5.1,41.5,148,5.14,12.91,2.27,0.0487,325,7.65,7.699692125237192e-05,98.9,-1.95,-27.3,98.8,-1.89,5.7,-5.37,0.109,324,13.2,0.0014208387096774195,31.5,3.975,-2.25,31.5,4.0,4.0,0,0,0,0,215.0,57.4,22.3,216.0,57.3,4.0,17.447063567362427,0.819,336.404459203036,118.0,0.1629785578747628,16,1,120,6,Layer 3 Down
149,6.0,16.5,149,6.02,12.55,5.31,0.0956,325,8.77,0.0003688079696394687,98.3,-1.53,66.5,98.2,-1.65,7.03,-6.75,0.103,324,12.3,0.001180603415559772,31.5,4.0,4.0,31.5,4.0,4.0,0,0,0,0,221.0,57.3,-40.4,221.0,57.3,4.0,22.358330170777986,0.872,336.419734345351,119.0,0.17552333965844402,16,1,120,6,Layer 3 Down
149,6.92,16.5,149,6.85,12.0,3.49,0.0684,325,9.09,0.0004513662239089184,97.7,-1.55,-46.0,97.7,-1.28,8.28,-6.19,0.13,324,14.1,0.0015776921252371918,31.5,3.975,-2.25,31.5,4.0,4.0,0,0,0,0,226.0,57.4,51.9,226.0,57.3,3.999999046,22.150379506641368,0.93,336.43500948766604,118.0,0.18702443074003797,16,1,120,6,Layer 3 Down
149,7.75,22.8,149,7.61,11.26,3.56,0.076,325,10.1,0.0006112528462998102,97.2,-0.5,16.5,97.2,-0.79,9.44,-5.47,0.092,324,12.9,0.0009184465844402277,31.5,3.975,-8.5,31.5,4.0,4.0,0,0,0,0,231.0,57.2,-40.8,232.0,57.3,4.0,25.077039848197344,0.997,336.450284629981,118.0,0.1995714421252372,16,1,120,6,Layer 3 Down
150,8.22,47.8,150,8.29,10.36,4.18,0.107,325,13.8,0.0009696895635673624,96.8,-0.53,22.8,96.7,-0.19,10.47,-3.77,0.0857,324,11.9,0.0008348943548387097,31.5,4.0,4.0,31.5,4.0,4.0,0,0,0,0,237.0,57.3,-36.8,237.0,57.3,4.0,23.197314990512332,0.929,336.465559772296,118.0,0.1870414136622391,16,1,120,6,Layer 3 Down
150,8.95,16.5,150,8.87,9.32,4.55,0.0872,326,12.3,0.0009665986717267552,96.4,0.35,-14.8,96.3,0.5,11.35,-4.89,0.114,324,12.3,0.0009352495256166983,31.5,4.0,4.0,31.5,4.0,4.0,0,0,0,0,242.0,57.3,33.8,242.0,57.3,4.0,22.571385199240986,0.923,337.5258064516129,120.0,0.18600493358633774,16,1,120,6,Layer 3 Down
150,9.45,22.8,151,9.34,8.15,4.99,0.0862,325,11.9,0.0010345687855787475,96.1,1.08,-2.25,96.0,1.27,12.07,-4.06,0.0814,324,9.2,0.0005277345825426945,31.5,4.0,4.0,31.5,4.0,4.0,0,0,0,0,247.0,57.3,-17.0,248.0,57.3,4.0,20.168866223908918,0.905,336.49611005692594,118.0,0.18287832068311194,16,1,120,6,Layer 3 Down
151,9.65,-33.5,151,9.69,6.88,4.97,0.0859,325,13.6,0.001045066413662239,95.8,2.17,47.8,95.8,2.11,12.6,-4.13,0.0877,324,9.77,0.00035009724857685014,31.5,4.0,4.0,31.5,4.0,4.0,0,0,0,0,253.0,57.4,36.9,253.0,57.3,3.999999046,19.54274193548387,0.736,337.55645161290323,119.0,0.14526423149905127,16,1,120,6,Layer 3 Down
152,9.97,66.5,152,9.91,5.56,4.97,0.102,326,14.5,0.0013586480075901328,95.7,2.92,10.25,95.7,2.99,12.94,-5.14,0.0821,324,7.15,0.0001891656072106262,31.5,4.0,4.0,31.5,4.0,4.0,0,0,0,0,258.0,57.3,15.8,258.0,57.3,4.0,27.904539848197345,1.07,336.526660341556,117.0,0.21633856736242885,16,1,120,6,Layer 3 Down
152,9.82,4.0,152,10.0,4.192,5.93,0.0994,325,14.1,0.0012123870967741936,95.6,3.8,4.0,95.6,3.891,13.07,-5.49,0.102,324,7.86,-1.7140645161290323e-05,31.5,3.975,-8.5,31.5,4.0,4.0,0,0,0,0,263.0,57.4,26.6,264.0,57.3,4.0,14.945806451612905,0.928,335.4967741935484,116.0,0.18499354838709678,16,1,2,6,Layer 3 Down
153,10.15,4.0,153,10.0,4.0,4.44,0.0658,326,12.5,0.0008581163662239089,95.6,4.025,16.5,95.6,4.0,4.0,-5.19,0.0789,324,6.19,-2.6130218216318786e-05,31.5,4.0,4.0,31.5,4.0,4.0,0,0,0,0,269.0,57.3,-19.6,269.0,57.3,4.0,20.48609108159393,0.785,336.55721062618596,121.0,0.1567813092979127,16,1,120,6,Layer 3 Down
153,10.13,66.5,153,10.0,4.0,2.86,0.0889,326,15.7,0.0012124971537001896,95.6,4.0,10.25,95.6,4.0,4.0,-4.44,0.0745,325,6.65,-6.16701138519924e-05,31.5,3.975,-8.5,31.5,4.0,4.0,0,0,0,0,274.0,57.3,-10.4,274.0,57.3,4.0,25.60877609108159,1.02,336.57248576850094,118.0,0.20591546489563567,16,1,121,6,Layer 3 Down
154,9.8,-2.25,154,10.0,4.0,5.67,0.101,325,14.4,0.0012961764705882355,95.6,4.025,22.8,95.6,4.0,4.0,-4.63,0.076,324,6.3,-7.578451138519925e-05,31.5,4.0,4.0,31.5,4.0,4.0,0,0,0,0,279.0,57.4,43.1,280.0,57.3,3.999999046,18.188282732447817,0.792,336.587760910816,119.0,0.15784084440227705,16,1,121,6,Layer 3 Down
154,9.9,-33.5,155,10.0,4.0,4.2,0.0888,326,15.2,0.0010871650853889942,95.6,4.0,10.25,95.6,4.0,4.0,-4.35,0.0724,324,7.32,-2.3938538899430743e-05,31.5,4.0,4.0,31.5,4.0,4.0,0,0,0,0,285.0,57.2,-65.1,285.0,57.3,4.0,28.956223908918407,0.926,336.60303605313095,119.0,0.1818910815939279,16,1,121,6,Layer 3 Down
155,10.1,4.0,155,10.0,4.0,3.35,0.0746,326,15.0,0.0009680389943074004,95.6,4.0,10.25,95.6,4.0,4.0,-3.64,0.0737,324,7.81,-3.67980265654649e-05,31.5,4.0,4.0,31.5,4.0,4.0,0,0,0,0,290.0,57.4,47.4,290.0,57.3,4.0,20.176190702087286,0.993,335.5729127134725,116.0,0.20071650853889944,16,1,121,6,Layer 3 Down
156,10.2,60.3,156,10.0,4.0,3.49,0.0775,325,14.3,0.0010349914611005693,95.6,4.0,10.25,95.6,4.0,4.0,-4.05,0.0728,324,7.63,-3.627697343453511e-05,31.5,4.0,4.0,31.5,4.0,4.0,0,0,0,0,295.0,57.4,23.9,296.0,57.3,4.0,17.249857685009488,0.812,336.6335863377609,119.0,0.1620441176470588,16,1,121,6,Layer 3 Down
156,10.0,47.8,156,10.0,4.0,4.86,0.1,326,14.9,0.0013068666982922201,95.6,4.025,22.8,95.6,4.0,4.0,-4.5,0.0757,325,7.12,-3.669681688804554e-05,31.5,4.0,4.0,31.5,4.0,4.0,0,0,0,0,301.0,57.3,-46.4,301.0,57.3,4.0,23.523600569259962,0.89,336.6488614800759,118.0,0.17773387096774193,16,1,121,6,Layer 3 Down
157,9.88,-33.5,157,10.0,4.0,5.48,0.0973,326,14.9,0.0012651043643263757,95.6,4.025,22.8,95.6,4.0,4.0,-4.24,0.0734,324,7.15,-4.830398481973435e-05,31.5,4.0,4.0,31.5,4.0,4.0,0,0,0,0,306.0,57.4,54.6,306.0,57.3,3.999999046,21.85180265654649,0.932,336.6641366223909,119.0,0.1871518026565465,16,1,121,6,Layer 3 Down
157,10.03,-33.5,158,10.0,4.0,4.2,0.0687,326,13.5,0.0008741117647058825,95.6,4.025,22.8,95.6,4.0,4.0,-4.44,0.0723,324,7.32,-2.4048529411764706e-05,31.5,4.0,4.0,31.5,4.0,4.0,0,0,0,0,311.0,57.2,-46.0,312.0,57.3,4.0,24.362205882352942,1.01,335.63382352941176,118.0,0.2017985294117647,16,1,121,6,Layer 3 Down
158,10.1,16.5,158,10.0,4.0,4.91,0.0834,326,12.7,0.0010979174573055028,95.6,4.025,22.8,95.6,4.0,4.0,-3.23,0.0753,324,10.5,-1.2024810246679318e-05,31.5,3.975,-2.25,31.5,4.0,4.0,0,0,0,0,317.0,57.3,-35.5,317.0,57.3,4.0,22.69029411764706,0.931,336.69468690702087,117.0,0.1871687855787476,16,1,121,6,Layer 3 Down
159,9.93,4.0,159,10.0,4.0,6.77,0.104,325,12.9,0.0013593880455407968,95.6,4.025,16.5,95.6,4.0,4.0,-4.14,0.0723,324,7.49,-4.799685483870967e-05,31.5,4.0,4.0,31.5,4.0,4.0,0,0,0,0,322.0,57.3,35.6,322.0,57.3,4.0,23.423301707779885,0.933,336.70996204933584,119.0,0.18717727703984818,16,1,2,6,Layer 3 Down
159,9.95,-27.3,159,10.0,4.0,5.01,0.0912,325,14.3,0.0012025901328273244,95.6,4.025,22.8,95.6,4.0,4.0,-4.44,0.0721,324,6.85,-5.9711214421252365e-05,31.5,3.975,-14.8,31.5,4.0,4.0,0,0,0,0,327.0,57.3,-20.1,328.0,57.3,4.0,20.9146110056926,0.907,336.7252371916508,118.0,0.18300284629981023,16,1,121,6,Layer 3 Down
160,9.95,-58.5,160,10.0,4.0,4.15,0.0865,326,15.7,0.001098066888045541,95.6,4.025,22.8,95.6,4.0,4.0,-4.35,0.0728,324,7.1,-4.800120967741936e-05,31.5,3.975,-8.5,31.5,4.0,4.0,0,0,0,0,333.0,57.4,38.1,333.0,57.3,3.999999046,18.301114800759017,0.734,337.78629032258067,120.0,0.14536314041745732,16,1,121,6,Layer 3 Down
160,10.22,54.0,161,10.0,4.0,3.22,0.078,326,13.5,0.0010113131878557876,95.6,4.025,22.8,95.6,4.0,4.0,-3.84,0.0736,324,7.57,-3.587181214421253e-05,31.5,4.0,4.0,31.5,4.0,4.0,0,0,0,0,338.0,57.3,16.4,338.0,57.3,4.0,26.563965844402276,1.07,335.7099620493359,117.0,0.21544003795066413,16,1,121,6,Layer 3 Down
161,10.0,16.5,161,10.0,4.0,5.41,0.107,326,13.7,0.0014014696394686907,95.6,4.025,22.8,95.6,4.0,4.0,-4.68,0.0715,324,7.1,-1.1922950664136622e-05,31.5,4.0,-2.25,31.5,4.0,4.0,0,0,0,0,343.0,57.4,24.2,344.0,57.3,4.0,15.688092979127134,0.92,335.7251897533207,116.0,0.18407362428842505,16,1,121,6,Layer 3 Down
162,9.82,-39.8,162,10.0,4.0,6.48,0.106,326,14.9,0.0013492371916508537,95.6,4.025,22.8,95.6,4.0,4.0,-4.63,0.0728,324,6.64,-4.779855787476281e-05,31.5,4.0,4.0,31.5,4.0,4.0,0,0,0,0,349.0,57.3,-16.3,349.0,57.3,4.0,25.52045540796964,0.791,336.7863377609108,117.0,0.15793396584440228,16,1,121,6,Layer 3 Down
162,9.97,-46.0,162,10.0,4.0,4.96,0.0819,326,14.2,0.0010564274193548386,95.6,4.05,29.0,95.6,4.0,4.0,-4.4,0.0748,324,7.35,-3.5981290322580646e-05,31.5,3.975,-8.5,31.5,4.0,4.0,0,0,0,0,354.0,57.3,-8.0,354.0,57.3,4.0,25.10322580645161,1.01,336.80161290322576,118.0,0.20396370967741934,16,1,121,6,Layer 3 Down
163,10.1,22.8,163,10.0,4.0,3.71,0.0759,325,14.0,0.0010135887096774192,95.6,4.05,29.0,95.6,4.0,4.0,-4.98,0.073,324,6.68,-1.2029174573055027e-05,31.5,3.975,-8.5,31.5,4.0,4.0,0,0,0,0,359.0,57.4,41.0,360.0,57.3,3.999999046,18.723671726755214,0.8,336.81688804554074,119.0,0.16004032258064516,16,1,121,6,Layer 3 Down
163,10.0,54.0,163,5.53,-918.0,5.59,0.103,326,14.4,0.0014121845351043646,95.6,4.05,35.3,95.6,4.0,4.0,-4.84,0.0729,324,6.7,-2.4268652751423154e-05,31.5,4.0,4.0,31.5,4.0,4.0,0,0,0,0,365.0,57.2,-60.7,365.0,57.3,4.0,28.66211574952562,0.903,336.8321631878558,120.0,0.17887670777988618,16,1,121,6,Layer 3 Down
164,9.9,10.25,164,9.88,1.34,4.3,0.0928,325,14.7,0.0011297988614800759,95.6,2.87,-2.25,95.6,2.81,-9.5,-7.48,0.129,324,8.76,0.00032429411764705885,31.5,4.0,4.0,31.5,4.0,4.0,0,0,0,0,370.0,57.4,40.7,370.0,57.3,4.0,21.549867172675523,1.02,335.8013282732448,115.0,0.20608368121442128,16,1,121,6,Layer 3 Down
165,9.55,-33.5,165,9.46,-1.65,3.59,0.0648,326,13.4,0.0007574180265654649,95.4,1.75,10.25,95.4,1.51,-8.5,-2.88,0.057,324,9.07,0.00026153937381404176,31.5,4.0,4.0,31.5,4.0,4.0,0,0,0,0,375.0,57.4,18.4,376.0,57.3,4.0,17.99390891840607,0.81,336.8627134724858,118.0,0.16215441176470588,16,1,2,6,Layer 3 Down
165,8.9,-8.5,165,8.75,-4.35,3.92,0.0781,326,12.7,0.000799300569259962,95.1,0.33,22.8,95.1,0.33,-6.9,-2.07,0.065,324,10.9,0.00046451499051233396,31.5,4.0,-2.25,31.5,4.0,4.0,0,0,0,0,381.0,57.3,-45.3,381.0,57.3,4.0,23.5396110056926,0.885,336.87798861480076,118.0,0.17785483870967742,16,1,122,6,Layer 3 Down
166,7.78,-64.7,166,7.79,-6.6,6.35,0.0921,326,10.0,0.0007062203510436432,94.7,-0.57,-27.3,94.6,-0.65,-4.74,-7.35,0.134,324,14.0,0.0013601280834914609,31.5,3.975,-2.25,31.5,4.0,4.0,0,0,0,0,386.0,57.4,54.2,386.0,57.3,3.999999046,21.971299810246677,0.924,336.89326375711573,118.0,0.185186669829222,16,1,122,6,Layer 3 Down
166,6.67,4.0,166,6.64,-8.3,4.37,0.0873,326,11.8,0.0005231499051233397,94.2,-1.45,-58.5,94.1,-1.39,-2.1,-3.32,0.0954,324,13.7,0.0011090777988614802,31.5,4.0,4.0,31.5,4.0,4.0,0,0,0,0,391.0,57.2,-41.4,392.0,57.3,4.0,24.37878557874763,0.995,336.90853889943077,118.0,0.19984326375711578,16,1,122,6,Layer 3 Down
166,5.38,-39.8,166,5.34,-9.4,5.34,0.0941,326,9.47,0.0002689112428842505,93.6,-1.9,47.8,93.6,-1.85,0.86,-8.0,0.0838,324,9.77,0.0010568107210626187,31.5,4.0,4.0,31.5,4.0,4.0,0,0,0,0,397.0,57.3,-37.9,397.0,57.3,4.0,32.85530360531309,0.964,336.92381404174574,109.0,0.19462058823529413,16,1,122,6,Layer 3 Down
166,4.075,-33.5,166,4.00212,-4.24,4.43,0.0637,326,5.67,-2.0300056925996207e-05,93.0,-2.28,-14.8,93.0,2.33,915.0,-5.46,0.103,324,14.3,0.0014126328273244783,31.5,4.0,4.0,31.5,4.0,4.0,0,0,0,0,402.0,57.3,34.4,402.0,57.3,4.0,23.020683111954458,0.931,336.9390891840607,119.0,0.1862582542694497,16,1,122,6,Layer 3 Down
166,3.925,-21.0,166,4.0,4.0,2.21,0.0453,326,6.09,-2.8253937381404173e-05,92.5,-1.7,22.8,92.5,-2.0,4.0,-6.3,0.107,324,15.2,0.001360374762808349,31.5,4.0,4.0,31.5,4.0,4.0,0,0,0,0,407.0,57.3,-16.2,408.0,57.3,4.0,19.673111954459202,0.892,335.9079222011385,117.0,0.17998804554079695,16,1,122,6,Layer 3 Down
166,3.975,-8.5,166,4.0,4.0,4.44,0.0525,326,3.15,-1.44415559772296e-05,91.9,-1.68,72.7,91.9,-2.0,4.0,-6.18,0.106,324,14.8,0.0013395066413662239,31.5,3.975,-8.5,31.5,4.0,4.0,0,0,0,0,413.0,57.4,39.1,413.0,57.3,3.999999046,18.836812144212523,0.733,338.01612903225805,121.0,0.14546204933586337,16,1,123,6,Layer 3 Down
166,4.0,4.0,166,4.0,4.0,1.66,0.0424,326,6.06,-3.1814724857685015e-05,91.3,-2.0,60.3,91.3,-2.0,4.0,-3.72,0.0701,324,13.7,0.0008885099146110059,31.5,3.975,-8.5,31.5,4.0,4.0,0,0,0,0,418.0,57.3,16.5,418.0,57.3,4.0,26.37273244781784,1.06,335.93837760910816,119.0,0.2145400853889943,16,1,123,6,Layer 3 Down
166,3.975,-14.8,166,4.0,4.0,5.0,0.0442,326,2.91,-2.312951612903226e-05,90.8,-2.3,-52.3,90.8,-2.0,4.0,-3.58,0.139,324,17.7,0.0019361812144212526,31.5,3.975,-2.25,31.5,4.0,4.0,0,0,0,0,423.0,57.4,22.7,424.0,57.3,4.0,15.070815939278939,0.928,335.95360531309296,115.0,0.1852454459203036,16,1,123,6,Layer 3 Down
166,4.0,-2.25,166,4.0,4.0,2.21,0.044,326,5.5,-2.0409321631878558e-05,90.2,-2.1,10.25,90.2,-2.0,4.0,-8.01,0.147,324,15.8,0.0020199995256166984,31.5,4.0,4.0,31.5,4.0,4.0,0,0,0,0,429.0,57.3,-21.8,429.0,57.3,4.0,20.827974383301708,0.793,337.01546489563566,122.0,0.15908804554079695,16,1,2,6,Layer 3 Down
166,3.925,-27.3,166,4.0,4.0,3.62,0.0453,326,4.29,-2.7004326375711573e-05,89.6,-2.0,-27.3,89.6,-2.0,4.0,-8.56,0.156,324,16.7,0.0020305578747628083,31.5,4.0,-2.25,31.5,4.0,4.0,0,0,0,0,434.0,57.3,-4.69,434.0,57.3,4.0,24.073624288425048,1.0,337.03074003795064,119.0,0.20305578747628084,16,1,125,6,Layer 3 Down
166,4.0,-14.8,166,4.0,4.0,1.93,0.0447,326,5.95,-6.479238614800758e-06,89.0,-1.95,-46.0,89.0,-2.0,4.0,-7.4,0.141,324,16.1,0.0018631736242884249,31.5,4.0,4.0,31.5,4.0,4.0,0,0,0,0,439.0,57.4,45.8,440.0,57.3,3.999999046,18.631736242884248,0.783,337.0460151802656,119.0,0.1559622865275142,16,1,125,6,Layer 3 Down
166,3.975,10.25,166,4.0,4.0,1.92,0.0622,326,3.6,3.9463387096774195e-05,88.4,-1.85,-21.0,88.4,-2.0,4.0,-7.8,0.15,324,15.8,0.0019993387096774195,31.5,4.0,4.0,31.5,4.0,4.0,0,0,0,0,445.0,57.4,45.2,445.0,57.3,3.999999046,19.888709677419357,0.977,330.78064516129035,119.0,0.19679354838709678,16,1,125,6,Layer 3 Down
166,3.95,-21.0,166,4.0,4.0,3.05,0.0452,326,4.17,-4.197754743833017e-05,87.8,-1.75,4.0,87.8,-2.0,4.0,-6.45,0.102,324,13.8,0.001224781309297913,31.5,4.0,4.0,31.5,4.0,4.0,0,0,0,0,450.0,57.4,42.9,450.0,57.3,4.0,18.738107210626186,1.0,336.0297438330171,118.0,0.20308339658444025,16,1,125,6,Layer 3 Down
166,3.925,-21.0,166,4.0,4.0,1.66,0.0497,326,6.54,-2.669516129032258e-05,87.2,-1.78,123.0,87.2,-2.0,4.0,-4.32,0.0619,324,13.9,0.0007453707779886148,31.5,3.975,-2.25,31.5,4.0,4.0,0,0,0,0,455.0,57.4,23.1,456.0,57.3,4.0,17.796774193548387,0.812,337.09184060721066,118.0,0.16226470588235295,16,1,125,6,Layer 3 Down
166,3.975,-8.5,166,4.0,4.0,-1.1,0.0479,326,9.7,-2.5754146110056926e-05,86.6,-2.25,-14.8,86.6,-2.0,4.0,-3.19,0.0586,325,11.8,0.0007527329696394686,31.5,4.0,4.0,31.5,4.0,4.0,0,0,0,0,461.0,57.3,-39.8,461.0,57.3,4.0,22.613396584440228,0.875,337.10711574952563,120.0,0.176928889943074,16,1,125,6,Layer 3 Down
166,3.975,-2.25,166,4.0,4.0,2.22,0.0429,326,5.61,-1.2772960151802656e-05,86.0,-2.28,-109.0,86.0,-2.0,4.0,-3.78,0.081,324,12.9,0.0010574335863377609,31.5,3.975,-2.25,31.5,4.0,4.0,0,0,0,0,466.0,57.4,54.8,466.0,57.3,3.999999046,21.986242884250473,0.931,336.0754269449715,119.0,0.18740654648956354,16,1,125,6,Layer 3 Down
166,3.95,-2.25,166,4.0,4.0,3.32,0.0654,326,2.09,4.030993833017078e-05,85.4,-2.18,-58.5,85.4,-2.0,4.0,-3.99,0.0871,324,13.7,0.0011412424098671727,31.5,4.0,4.0,31.5,4.0,4.0,0,0,0,0,471.0,57.5,64.1,472.0,57.3,3.999999046,17.694492409867173,0.719,331.9026091081594,116.0,0.14344055977229603,16,1,125,6,Layer 3 Down
166,3.925,-39.8,166,4.0,4.0,3.34,0.042,326,4.5,-1.8218823529411766e-05,84.8,-1.9,60.3,84.8,-2.0,4.0,-6.0,0.0958,325,14.2,0.001235529411764706,31.5,3.975,-2.25,31.5,4.0,4.0,0,0,0,0,477.0,57.3,-35.8,477.0,57.3,4.0,21.674117647058825,0.944,337.1529411764706,119.0,0.19056470588235294,16,1,125,6,Layer 3 Down
166,4.0,4.0,166,4.0,4.0,1.94,0.0429,326,5.47,-2.3664601518026567e-05,84.2,-2.15,22.8,84.2,-2.0,4.0,-1.62,0.0825,324,18.9,0.0010889905123339658,31.5,4.0,4.0,31.5,4.0,4.0,0,0,0,0,482.0,57.3,35.2,482.0,57.3,4.0,23.35046963946869,0.923,337.1682163187856,119.0,0.1853378083491461,16,1,2,6,Layer 3 Down
166,4.025,10.25,166,4.0,4.0,3.32,0.0561,326,1.51,2.5864696394686907e-05,83.6,-2.13,35.3,83.6,-2.0,4.0,-3.01,0.0802,324,14.8,0.0010345878557874763,31.5,4.0,4.0,31.5,4.0,4.0,0,0,0,0,487.0,57.4,25.2,488.0,57.3,4.0,18.84876660341556,0.772,331.9477229601518,117.0,0.15602590132827324,16,1,125,6,Layer 3 Down
166,4.0,-2.25,166,4.0,4.0,0.837,0.0665,326,4.56,3.968892314990512e-05,83.0,-1.9,66.5,82.9,-2.0,4.0,-6.0,0.104,324,12.9,0.001340417457305503,31.5,4.0,4.0,31.5,4.0,4.0,0,0,0,0,493.0,57.4,0.5,494.0,57.3,4.0,18.74490037950664,0.993,330.915559772296,115.0,0.2000154174573055,16,1,125,6,Layer 3 Down
166,4.0,-2.25,166,4.0,4.0,2.5,0.0426,326,4.36,-1.8431574952561672e-05,82.4,-1.97,-8.5,82.4,-2.0,4.0,-8.45,0.149,324,16.1,0.002052607210626186,31.5,3.975,-2.25,31.5,4.0,4.0,0,0,0,0,498.0,57.3,15.8,498.0,57.3,4.0,26.495388994307405,1.07,336.1667931688805,118.0,0.21573320683111954,16,1,125,6,Layer 3 Down
166,3.95,-27.3,166,4.0,4.0,2.22,0.0405,326,5.63,-2.4087808349146112e-05,81.8,-1.95,-2.25,81.8,-2.0,4.0,-7.87,0.134,324,17.0,0.0017908761859582543,31.5,4.0,4.0,31.5,4.0,4.0,0,0,0,0,503.0,57.4,22.8,504.0,57.3,4.0,15.709440227703986,0.945,336.1820208728653,115.0,0.18956057874762808,16,1,125,6,Layer 3 Down
166,3.975,-21.0,166,4.0,4.0,1.93,0.04,326,5.82,-2.209894686907021e-05,81.2,-1.88,-21.0,81.2,-2.0,4.0,-7.36,0.131,324,16.0,0.0017071698292220113,31.5,3.975,-8.5,31.5,4.0,4.0,0,0,0,0,509.0,57.3,-18.6,509.0,57.3,4.0,21.784743833017078,0.798,337.24459203036054,121.0,0.16024354838709678,16,1,125,6,Layer 3 Down
166,3.925,-33.5,166,4.0,4.0,4.16,0.0407,326,3.62,-1.1940256166982921e-05,80.7,-2.03,4.0,80.7,-2.0,4.0,-7.03,0.156,324,14.8,0.0022414165085388993,31.5,3.975,-2.25,31.5,4.0,4.0,0,0,0,0,514.0,57.3,-7.4,514.0,57.3,4.0,23.671034155597724,1.01,336.2124762808349,119.0,0.2042412239089184,16,1,125,6,Layer 3 Down
166,4.025,29.0,166,4.0,4.0,3.34,0.0599,326,1.54,3.791726755218216e-05,80.1,-2.25,-52.3,80.0,-2.0,4.0,-4.72,0.091,324,11.6,0.001235977229601518,31.5,4.0,4.0,31.5,4.0,4.0,0,0,0,0,519.0,57.4,-7.0,520.0,57.3,4.000000954,18.95863377609108,0.798,333.0853889943074,116.0,0.160258064516129,16,1,125,6,Layer 3 Down
166,4.025,10.25,166,4.0,4.0,2.22,0.0413,326,5.21,-1.7178766603415558e-05,79.5,-1.88,41.5,79.5,-2.0,4.0,-6.35,0.125,324,16.5,0.0016026532258064513,31.5,4.0,-2.25,31.5,4.0,4.0,0,0,0,0,525.0,57.2,-64.2,525.0,57.3,4.0,26.92038425047438,0.939,337.29041745730547,121.0,0.1854049810246679,16,1,125,6,Layer 3 Down
166,3.975,-8.5,166,3.9601,-5.21,3.33,0.0364,326,3.54,-2.765487666034156e-05,79.0,4.7,373.0,79.0,-1.5,-871.0,-3.16,0.0485,325,4.52,-4.55676944971537e-05,31.5,4.0,-2.25,31.5,4.0,4.0,0,0,0,0,530.0,57.5,75.1,531.0,57.3,3.999999046,15.398738140417457,0.719,337.3056925996205,117.0,0.14036944971537005,16,1,125,6,Layer 3 Down
166,2.67,-33.5,166,2.65,-9.4,-2.75,0.0632,326,4.65,0.00019799274193548389,78.4,-1.85,-83.5,78.4,-1.85,7.03,-6.64,0.132,324,15.6,0.0016970806451612902,31.5,4.0,4.0,31.5,4.0,4.0,0,0,0,0,535.0,57.4,-6.9,536.0,57.3,4.0,19.485000000000003,0.906,332.083064516129,115.0,0.1833266129032258,16,1,2,6,Layer 3 Down
166,1.3,-58.5,166,1.36,-8.4,-5.67,0.103,326,8.46,0.0006683867172675522,77.9,-1.13,123.0,77.8,-1.39,10.0,-4.54,0.0724,324,13.1,0.0007668637571157495,31.5,4.0,10.25,31.5,4.0,4.0,0,0,0,0,541.0,57.3,8.19,541.0,57.3,4.0,23.257343453510437,0.985,332.09810246679314,120.0,0.19800170777988615,16,1,126,6,Layer 3 Down
166,0.47,-14.8,166,0.25,-6.8,-7.59,0.1,326,10.4,0.0008329020398481973,77.4,-0.93,47.8,77.3,-0.68,12.55,-2.98,0.0725,324,13.0,0.0007239437855787476,31.5,3.975,-2.25,31.5,4.0,4.0,0,0,0,0,546.0,57.4,51.5,546.0,57.3,3.999999046,22.525023719165084,0.945,336.30384250474384,118.0,0.19067694497153698,16,1,126,6,Layer 3 Down
165,-0.55,-2.25,165,-0.72,-4.54,-6.47,0.11,326,12.9,0.0011105863377609108,76.9,0.37,79.0,76.9,0.29,14.8,-3.51,0.0724,325,12.0,0.0005605317836812145,31.5,4.0,4.0,31.5,4.0,4.0,0,0,0,0,551.0,57.2,-37.3,552.0,57.3,4.0,24.411944971537004,1.0,336.3190702087287,118.0,0.20116280834914613,16,1,126,6,Layer 3 Down
165,-1.28,47.8,165,-1.44,-1.87,-5.34,0.0938,326,14.1,0.0010792035104364329,76.6,1.58,16.5,76.6,1.46,16.4,-4.4,0.0746,324,10.6,0.00043168140417457304,31.5,3.975,-8.5,31.5,4.0,4.0,0,0,0,0,557.0,57.3,-34.2,557.0,57.3,4.0,22.10795540796964,0.928,336.3342979127135,119.0,0.18755090132827326,16,1,126,6,Layer 3 Down
164,-1.93,-33.5,164,-1.87,1.1,-4.61,0.0924,326,13.6,0.0011945123339658443,76.4,2.67,4.0,76.4,2.76,17.4,-6.68,0.098,324,7.65,0.0002766239089184061,31.5,3.975,-2.25,31.5,4.0,4.0,0,0,0,0,562.0,57.3,30.3,562.0,57.3,4.0,22.63286527514232,0.921,337.3973434535105,120.0,0.18546375711574953,16,1,126,6,Layer 3 Down
163,2.4,948.0,163,4.0,4.0,14.7,0.219,326,13.2,0.0007397928842504745,76.4,4.0,22.8,76.4,4.0,4.0,-2.33,0.0517,325,5.88,-8.267657020872867e-06,31.5,3.975,-2.25,31.5,4.0,4.0,0,0,0,0,567.0,57.3,-13.1,568.0,57.3,4.0,20.014226755218218,0.906,336.3647533206831,118.0,0.1833764231499051,16,1,126,6,Layer 3 Down
163,-1.85,16.5,163,-2.0,4.0,-6.62,0.0947,326,14.0,0.0011946204933586336,76.4,4.05,22.8,76.4,4.0,4.0,-2.01,0.0319,325,2.59,-4.44314990512334e-06,31.5,3.95,-14.8,31.5,4.0,4.0,0,0,0,0,573.0,57.4,33.7,573.0,57.3,3.999999046,19.595967741935482,0.75,337.4278937381404,120.0,0.14985151802656543,16,1,127,6,Layer 3 Down
162,-1.82,91.5,162,-2.0,4.0,-5.26,0.0856,326,14.8,0.0010898785578747625,76.4,4.05,29.0,76.4,4.0,4.0,-2.01,0.0324,325,2.62,-4.590065464895636e-06,31.5,4.0,4.0,31.5,4.0,4.0,0,0,0,0,578.0,57.3,13.69,578.0,57.3,4.0,27.037371916508537,1.06,336.39520872865273,119.0,0.21483183111954457,16,1,128,6,Layer 3 Down
162,-2.1,16.5,162,-2.0,4.0,-4.22,0.0704,326,12.9,0.0009264387096774195,76.4,4.075,41.5,76.4,4.0,4.0,-2.53,0.0342,325,2.2,-4.684593927893739e-06,31.5,4.0,4.0,31.5,4.0,4.0,0,0,0,0,583.0,57.4,25.0,584.0,57.3,4.0,15.196110056925997,0.926,336.4104364326376,115.0,0.18549734345351043,16,1,128,6,Layer 3 Down
161,-2.0,-27.3,161,-2.0,4.0,-4.48,0.0843,326,13.5,0.001110938330170778,76.4,4.025,16.5,76.4,4.0,4.0,-2.89,0.0329,325,2.06,-4.2027006641366225e-06,31.5,4.0,4.0,31.5,4.0,4.0,0,0,0,0,589.0,57.3,-26.0,589.0,57.3,4.0,22.53318311195446,0.818,337.4737191650854,120.0,0.16349658444022772,16,1,2,6,Layer 3 Down
161,-1.9,41.5,161,-2.0,4.0,-3.37,0.0936,326,18.3,0.0011843557874762808,76.4,4.05,29.0,76.4,4.0,4.0,-2.4,0.0339,325,1.66,-9.537732447817836e-06,31.5,4.0,4.0,31.5,4.0,4.0,0,0,0,0,594.0,57.3,-11.0,594.0,57.3,4.0,25.259269449715372,1.02,336.4408918406072,118.0,0.20752428842504744,16,1,128,6,Layer 3 Down
160,-1.9,22.8,160,-2.0,4.0,-5.5,0.101,326,14.3,0.0012892243833017077,76.4,3.95,-14.8,76.4,4.0,4.0,-2.26,0.0357,324,1.55,9.831646110056925e-06,31.5,4.025,16.5,31.5,4.0,4.0,0,0,0,0,599.0,57.4,-10.4,600.0,57.3,4.000000954,19.390773244781784,0.801,334.3598197343453,116.0,0.1614150853889943,16,1,128,6,Layer 3 Down
159,-2.03,10.25,159,-2.0,4.0,-4.49,0.0821,326,13.5,0.0010901252371916506,76.4,3.975,-14.8,76.4,4.0,4.0,-2.09,0.0375,325,0.824,0.0,31.5,4.0,4.0,31.5,4.0,4.0,0,0,0,0,605.0,57.4,57.5,605.0,57.3,3.999999046,19.391650853889942,0.969,332.2785578747628,119.0,0.19496470588235293,16,1,128,6,Layer 3 Down
159,-2.13,-46.0,159,-2.0,4.0,-4.33,0.096,326,15.2,0.0013207884250474385,76.4,4.025,22.8,76.4,4.0,4.0,-1.77,0.0361,325,3.25,4.025259962049336e-06,31.5,4.0,4.0,31.5,4.0,4.0,0,0,0,0,610.0,57.4,35.5,610.0,57.3,4.0,20.545597722960157,1.0,336.4865749525617,116.0,0.20335948766603418,16,1,128,6,Layer 3 Down
158,-2.18,-64.7,158,-2.0,4.0,-4.28,0.0898,326,13.7,0.0012369848197343455,76.4,3.95,-21.0,76.4,4.0,4.0,-0.819,0.038,324,2.99,1.0304712523719166e-05,31.5,4.0,10.25,31.5,4.0,4.0,0,0,0,0,615.0,57.3,-13.1,616.0,57.3,4.0,21.17550284629981,0.924,333.35692599620495,114.0,0.18659601518026564,16,1,128,6,Layer 3 Down
158,-1.95,-27.3,157,-2.0,4.0,-5.61,0.109,326,14.5,0.0013942917457305502,76.4,4.0,-2.25,76.4,4.0,4.0,-0.941,0.0363,325,2.86,1.0378562618595826e-05,31.5,3.975,4.0,31.5,4.0,4.0,0,0,0,0,621.0,57.3,9.56,621.0,57.3,4.0,22.11996679316888,0.981,333.37201138519924,121.0,0.19813619544592032,16,1,128,6,Layer 3 Down
157,-1.95,60.3,157,-2.0,4.0,-4.94,0.0885,326,14.2,0.001121774193548387,76.4,4.05,29.0,76.4,4.0,4.0,-1.13,0.0338,325,4.21,-4.60241935483871e-06,31.5,4.0,4.0,31.5,4.0,4.0,0,0,0,0,626.0,57.4,49.2,626.0,57.3,3.999999046,22.120967741935484,0.938,336.5322580645161,118.0,0.18870967741935482,16,1,128,6,Layer 3 Down
156,-2.0,-21.0,156,-2.0,4.0,-4.29,0.0995,326,14.6,0.0012476370967741935,76.4,4.05,29.0,76.4,4.0,4.0,-0.624,0.0319,325,4.6,-4.319550284629981e-06,31.5,4.0,4.0,31.5,4.0,4.0,0,0,0,0,631.0,57.3,-38.8,632.0,57.3,4.0,23.275246679316886,1.0,336.5474857685009,118.0,0.20129943074003795,16,1,128,6,Layer 3 Down
156,-2.13,-52.3,156,-2.0,4.0,-5.76,0.0982,326,11.5,0.0013420569259962052,76.4,3.95,-21.0,76.4,4.0,4.0,-0.624,0.038,325,2.81,0.0,31.5,4.025,16.5,31.5,4.0,4.0,0,0,0,0,637.0,57.3,-2.06,637.0,57.3,4.0,25.687808349146113,1.01,333.4172675521822,120.0,0.2023570208728653,16,1,128,6,Layer 3 Down
155,-1.88,-2.25,155,-2.0,4.0,-7.1,0.123,326,14.3,0.001572794117647059,76.4,3.95,-21.0,76.4,4.0,4.0,-0.819,0.036,325,2.14,-1.0695000000000002e-05,31.5,4.0,4.0,31.5,4.0,4.0,0,0,0,0,642.0,57.4,24.7,643.0,57.3,4.0,16.881323529411766,0.968,332.38382352941176,115.0,0.1950264705882353,16,1,128,6,Layer 3 Down
155,-1.9,79.0,155,-2.0,4.0,-4.29,0.0934,326,16.6,0.001216349146110057,76.4,4.05,29.0,76.4,4.0,4.0,-0.941,0.0303,325,4.6,0.0,31.5,4.0,4.0,31.5,4.0,4.0,0,0,0,0,647.0,57.3,-10.3,648.0,57.3,4.0,19.608387096774194,0.907,336.59316888045544,118.0,0.18350094876660342,16,1,2,6,Layer 3 Down
154,-2.18,-33.5,154,-2.0,4.0,-5.28,0.0945,326,13.0,0.0013002941176470588,76.4,3.95,-21.0,76.4,4.0,4.0,-0.38,0.0344,324,3.11,0.0,31.5,4.025,16.5,31.5,4.0,4.0,0,0,0,0,653.0,57.3,-30.4,653.0,57.3,4.000000954,21.077348197343454,1.04,334.5111480075901,120.0,0.2118221062618596,16,1,128,6,Layer 3 Down
153,-2.22,-89.7,153,-2.0,4.0,-5.04,0.103,325,13.2,0.0013632732447817835,76.4,3.975,-14.8,76.4,4.0,4.0,-0.697,0.0362,325,2.34,0.0,31.5,4.0,4.0,31.5,4.0,4.0,0,0,0,0,658.0,57.4,39.5,659.0,57.3,3.999999046,20.449098671726755,0.883,333.47760910815936,118.0,0.17722552182163187,16,1,128,6,Layer 3 Down
153,-1.82,66.5,153,-2.0,4.0,-6.55,0.098,326,14.4,0.0012374886148007593,76.4,4.075,35.3,76.4,4.0,4.0,-2.38,0.0366,325,2.94,-5.484801233396585e-06,31.5,4.0,4.0,31.5,4.0,4.0,0,0,0,0,663.0,57.4,23.3,664.0,57.3,4.0,16.255147058823532,0.933,335.5901328273245,115.0,0.18667201138519926,16,1,128,6,Layer 3 Down
152,-1.9,35.3,152,-2.0,4.0,-5.95,0.0977,325,13.3,0.0012794952561669829,76.4,3.95,-27.3,76.4,4.0,4.0,-1.57,0.0349,324,1.19,0.0,31.5,4.0,4.0,31.5,4.0,4.0,0,0,0,0,669.0,57.3,2.19,669.0,57.3,4.0,20.660702087286527,1.11,333.507779886148,118.0,0.22338728652751424,16,1,128,6,Layer 3 Down
152,-2.13,-21.0,152,-2.0,4.0,-4.0,0.0755,326,13.5,0.000980641129032258,76.4,4.05,29.0,76.4,4.0,4.0,-3.09,0.0349,324,1.92,-5.034307400379506e-06,31.5,3.975,-2.25,31.5,4.0,4.0,0,0,0,0,674.0,57.3,-10.3,674.0,57.3,4.0,23.598315939278937,1.01,335.6204933586338,119.0,0.20451873814041746,16,1,128,6,Layer 3 Down
151,-2.15,-58.5,151,-2.0,4.0,-3.8,0.0912,325,14.0,0.0012166793168880456,76.4,3.975,-14.8,76.4,4.0,4.0,-2.21,0.0357,324,0.498,-5.128932637571157e-06,31.5,4.025,16.5,31.5,4.0,4.0,0,0,0,0,679.0,57.4,45.9,680.0,57.3,3.999999046,18.879506641366223,0.786,334.5868121442125,116.0,0.1583780834914611,16,1,128,6,Layer 3 Down
150,-1.85,35.3,150,-2.0,4.0,-6.19,0.0924,326,14.1,0.00116428889943074,76.4,4.05,29.0,76.4,4.0,4.0,-2.89,0.0328,325,2.17,-9.293333017077799e-06,31.5,3.975,-2.25,31.5,4.0,4.0,0,0,0,0,685.0,57.2,-62.9,685.0,57.3,4.0,27.166740986717265,0.933,337.7486717267552,121.0,0.18460796963946866,16,1,128,6,Layer 3 Down
150,-1.97,47.8,150,-2.0,4.0,-4.73,0.0804,326,14.3,0.0010258793168880455,76.4,4.05,29.0,76.4,4.0,4.0,-2.28,0.0337,325,2.0,-9.870679316888046e-06,31.5,3.975,-2.25,31.5,4.0,4.0,0,0,0,0,690.0,57.4,37.8,690.0,57.3,4.0,20.45464895635674,1.0,335.66603415559774,116.0,0.20349753320683114,16,1,128,6,Layer 3 Down
149,-2.03,29.0,149,-2.0,4.0,-4.21,0.0783,326,13.2,0.0010196316888045542,76.4,3.95,-21.0,76.4,4.0,4.0,-1.75,0.035,324,2.2,5.0561982922201135e-06,31.5,4.0,4.0,31.5,4.0,4.0,0,0,0,0,695.0,57.4,-6.6,696.0,57.3,4.0,18.882068311195447,0.906,334.63221062618595,115.0,0.18252666034155599,16,1,128,6,Layer 3 Down
149,-1.97,-8.5,149,-2.0,4.0,-4.81,0.0989,326,15.2,0.0013322950664136624,76.4,4.05,29.0,76.4,4.0,4.0,-3.53,0.0335,325,1.91,-1.4057286527514232e-05,31.5,4.0,4.0,31.5,4.0,4.0,0,0,0,0,701.0,57.3,-37.3,701.0,57.3,4.0,22.974222011385198,0.898,336.7454459203036,119.0,0.1814858633776091,16,1,2,6,Layer 3 Down
148,-2.25,-202.0,148,-2.0,4.409,4.03,0.14,326,0.499,2.8955123339658443e-05,76.4,4.075,22.8,76.4,4.206,17.7,-1.75,0.0258,325,1.83,-3.0109131878557874e-06,31.5,3.975,-2.25,31.5,4.0,4.0,0,0,0,0,706.0,57.4,51.3,706.0,57.3,3.999999046,21.821252371916508,0.932,335.71157495256165,119.0,0.18778866223908916,16,1,128,6,Layer 3 Down
147,-1.57,85.2,147,-1.79,7.52,-6.2,0.0882,326,13.8,0.001080620493358634,76.4,5.42,29.0,76.5,5.56,17.3,4.76,0.083,324,9.14,0.00021612409867172673,31.5,3.975,-2.25,31.5,4.0,4.0,0,0,0,0,711.0,57.3,-37.5,712.0,57.3,4.0,23.500872865275138,0.996,336.7759013282732,118.0,0.20143605313092977,16,1,128,6,Layer 3 Down
147,-1.4,-14.8,147,-1.29,10.44,-4.53,0.0984,326,15.0,0.0011646048387096777,76.7,6.75,29.0,76.7,6.84,16.1,9.19,0.142,325,11.1,0.0008540435483870969,31.5,3.975,-2.25,31.5,4.0,4.0,0,0,0,0,717.0,57.3,-32.4,717.0,57.3,4.0,21.613387096774197,0.929,336.7911290322581,119.0,0.18780564516129034,16,1,128,6,Layer 3 Down
146,-0.45,22.8,146,-0.5,13.03,-6.26,0.107,326,12.5,0.0010104190702087286,77.0,7.92,41.5,77.0,7.96,14.4,6.88,0.142,324,13.9,0.0012695815939278937,31.5,3.975,-8.5,31.5,4.0,4.0,0,0,0,0,722.0,57.3,31.6,722.0,57.3,4.0,22.663605313092983,0.927,336.8063567362429,120.0,0.18676489563567364,16,1,128,6,Layer 3 Down
146,0.55,16.5,146,0.51,15.1,-5.79,0.0921,326,10.6,0.0006778403225806451,77.4,8.85,54.0,77.5,8.88,12.04,4.71,0.11,324,14.0,0.001206681688804554,31.5,3.975,-2.25,31.5,4.0,4.0,0,0,0,0,727.0,57.3,-9.4,728.0,57.3,4.0,20.041408918406074,0.898,336.8215844402277,117.0,0.18152689753320683,16,1,128,6,Layer 3 Down
146,1.83,60.3,146,1.71,16.7,-6.09,0.0918,326,9.8,0.00044596774193548383,77.9,9.72,54.0,78.0,9.55,9.3,8.15,0.138,324,13.1,0.0018048576850094875,31.5,3.975,-8.5,31.5,4.0,4.0,0,0,0,0,733.0,57.4,36.0,733.0,57.3,3.999999046,18.36337760910816,0.751,336.8368121442125,121.0,0.1500550284629981,16,1,128,6,Layer 3 Down
146,3.1,97.7,146,3.033,17.6,-3.98,0.048,326,7.31,0.00011228401328273244,78.5,9.72,10.25,78.6,9.92,6.28,8.75,0.139,324,15.6,0.0017629639468690701,31.5,3.975,-2.25,31.5,4.0,4.0,0,0,0,0,738.0,57.3,15.6,738.0,57.3,4.0,25.604952561669826,1.05,336.8520398481973,118.0,0.21092604364326376,16,1,128,6,Layer 3 Down
145,4.125,66.5,145,4.0,4.0,-6.36,0.0562,326,3.84,-2.7075313092979125e-05,79.1,9.65,373.0,79.1,10.0,4.0,7.72,0.109,325,14.7,0.0011963510436432635,31.5,3.975,-8.5,31.5,4.0,4.0,0,0,0,0,744.0,57.3,18.7,744.0,57.3,3.999999046,20.673785578747626,0.866,336.8672675521821,120.0,0.17525493358633776,16,1,128,6,Layer 3 Down
145,4.15,97.7,145,4.0,4.0,-3.68,0.0472,326,6.03,-3.7046579696394685e-05,79.6,10.0,16.5,79.7,10.0,4.0,5.15,0.0881,324,13.6,0.0011964051233396586,31.5,4.0,4.0,31.5,4.0,4.0,0,0,0,0,749.0,57.3,-21.6,749.0,57.3,4.0,21.409354838709678,0.809,337.9319734345351,121.0,0.16266911764705883,16,1,130,6,Layer 3 Down
145,4.125,72.7,145,4.0,4.0,-3.93,0.0463,326,5.5,-2.844214421252372e-05,80.2,9.95,22.8,80.3,10.0,4.0,5.37,0.097,324,15.4,0.0012594307400379506,31.5,4.0,4.0,31.5,4.0,4.0,0,0,0,0,754.0,57.3,-8.4,754.0,57.3,4.000000954,25.083662239089183,1.01,335.84819734345353,118.0,0.2057070208728653,16,1,2,6,Layer 3 Down
145,4.125,66.5,145,4.0,4.0,-2.33,0.0431,326,7.81,-1.3854364326375712e-05,80.8,4.975,-752.0,80.9,9.5,879.0,6.88,0.0854,325,8.83,0.00017947699240986718,31.5,4.025,10.25,31.5,4.0,4.0,0,0,0,0,760.0,57.2,-33.8,760.0,57.3,4.0,24.769924098671726,0.937,337.96252371916506,120.0,0.18892314990512332,16,1,130,6,Layer 3 Down
145,3.925,-46.0,145,4.0,4.0,-1.6,0.0564,326,3.17,9.215667931688805e-06,81.4,10.15,66.5,81.4,10.0,4.0,7.07,0.133,324,13.7,0.0017528662239089184,31.5,4.0,4.0,31.5,4.0,4.0,0,0,0,0,765.0,57.4,52.3,765.0,57.3,3.999999046,18.473320683111954,0.985,335.8785578747628,119.0,0.19837827324478177,16,1,130,6,Layer 3 Down
145,4.1,66.5,145,4.0,4.0,-4.23,0.043,326,5.54,-6.623404648956356e-06,81.8,3.825,-52.3,81.8,4.0,4.0,1.38,0.03,324,2.99,-1.2281114800759012e-05,31.6,14.9,1114.0,31.7,22.0,1004.0,0,0,0,0,770.0,57.4,43.6,770.0,57.3,4.0,20.048657495256165,0.982,334.8440702087286,116.0,0.19943690702087286,16,1,130,50,end
145,4.175,97.7,145,4.0,4.0,-3.73,0.0479,325,5.97,-2.172910815939279e-05,81.8,4.0,-2.25,81.8,4.0,4.0,1.15,0.0199,323,0.732,0.0,35.8,53.9,10.25,36.3,54.0,4.0,0,0,0,0,775.0,57.4,24.7,776.0,57.3,4.0,17.005388994307403,0.805,335.90891840607213,118.0,0.1616561669829222,16,1,132,50,end
145,3.825,-89.7,145,4.0,4.0,-1.95,0.0538,325,2.17,3.390733870967742e-05,81.8,4.0,10.25,81.8,4.0,4.0,1.46,0.0261,323,0.819,0.0,41.0,54.1,35.3,41.5,54.0,4.0,0,0,0,0,781.0,57.3,3.125,781.0,57.3,4.0,21.625113851992413,0.994,333.82457305502845,122.0,0.2005046963946869,16,1,132,50,end
145,4.175,91.5,145,4.0,4.0,-2.84,0.0522,325,7.39,-1.5957115749525616e-05,81.8,3.975,-2.25,81.8,4.0,4.0,0.471,0.0247,323,2.29,5.123074003795067e-06,45.8,54.0,29.0,46.3,54.0,4.0,0,0,0,0,786.0,57.4,52.4,786.0,57.3,3.999999046,21.521110056925995,0.931,334.8894686907021,118.0,0.1879160341555977,16,1,132,50,end
145,3.85,-83.5,145,4.0,4.0,-1.85,0.0522,325,2.69,2.5091598671726756e-05,81.8,4.025,10.25,81.8,4.0,4.0,0.919,0.0226,324,0.22,-2.960598671726755e-06,51.0,54.2,60.3,51.5,54.0,4.0,0,0,0,0,791.0,57.5,58.7,792.0,57.3,3.999999046,16.587751423149903,0.72,334.90460151802654,117.0,0.14488036053130932,16,1,132,50,end
145,3.825,-83.5,145,4.0,4.0,-2.2,0.0527,325,2.22,4.892557874762808e-05,81.8,4.025,16.5,81.8,4.0,4.0,1.32,0.0238,323,1.4,3.023726755218216e-06,56.0,54.2,79.0,56.5,54.0,4.0,0,0,0,0,797.0,57.3,0.37,797.0,57.3,4.0,25.5126944971537,1.0,333.86982922201133,120.0,0.2015817836812144,16,1,132,50,end
145,4.15,91.5,145,4.0,4.0,-4.02,0.0502,326,5.8,-1.5119316888045542e-05,81.8,4.025,16.5,81.8,4.0,4.0,1.08,0.0217,325,1.0,0.0,59.5,5.48,348.0,59.5,4.0,4.0,0,0,0,0,802.0,57.3,-29.1,803.0,57.3,4.0,23.518937381404175,0.929,337.0347722960152,120.0,0.18689155597722962,16,1,132,50,end
145,4.175,97.7,145,4.0,4.0,-4.23,0.0547,329,5.97,-1.6590000000000002e-05,81.8,3.975,-8.5,81.8,4.0,4.0,1.69,0.0221,327,0.696,0.0,59.5,3.975,-8.5,59.5,4.0,4.0,0,0,0,0,807.0,55.4,-61.1,807.0,4.0,4.0,0.085995,2.61e-08,344.40000000000003,0.0,0.00102585,16,1,132,50,end
