X_ActualPosition,X_ActualVelocity,X_ActualAcceleration,X_SetPosition,X_SetVelocity,X_SetAcceleration,X_CurrentFeedback,X_DCBusVoltage,X_OutputCurrent,X_OutputVoltage,X_OutputPower,Y_ActualPosition,Y_ActualVelocity,Y_ActualAcceleration,Y_SetPosition,Y_SetVelocity,Y_SetAcceleration,Y_CurrentFeedback,Y_DCBusVoltage,Y_OutputCurrent,Y_OutputVoltage,Y_OutputPower,Z_ActualPosition,Z_ActualVelocity,Z_ActualAcceleration,Z_SetPosition,Z_SetVelocity,Z_SetAcceleration,Z_CurrentFeedback,Z_DCBusVoltage,Z_OutputCurrent,Z_OutputVoltage,S_ActualPosition,S_ActualVelocity,S_ActualAcceleration,S_SetPosition,S_SetVelocity,S_SetAcceleration,S_CurrentFeedback,S_DCBusVoltage,S_OutputCurrent,S_OutputVoltage,S_OutputPower,S_SystemInertia,M_CURRENT_PROGRAM_NUMBER,M_sequence_number,M_CURRENT_FEEDRATE,Machining_Process
202,4.0,4.0,202,4.0,4.0,0.18,0.0207,329,2.77,-1.42e-06,162.0,3.975,-2.25,162.0,4.0,4.0,0.539,0.0167,328,1.84,6.43e-07,123.0,4.0,4.0,123.0,4.0,4.0,0,0,0,0,-357.0,4.001,4.25,-357.0,4.0,4.0,0.524,2.74e-19,329.0,0.0,6.96e-07,16,1,0,50,Starting
202,-6.8,-346.0,202,-9.6,-354.0,-10.9,0.186,328,23.3,0.004480717267552182,162.0,-15.8,-746.0,161.0,-20.6,-643.0,-14.5,0.281,325,37.8,0.012602017314990513,123.0,-16.3,-708.0,122.0,-21.6,-670.0,0,0,0,0,-357.0,4.0,4.25,-357.0,4.0,4.0,-0.288046110056926,2.74e-19,328.05251423149906,0.0,-5.270843750000001e-07,16,1,4,50,Prep
200,-13.8,-2.25,200,-13.9,3.9999046,-8.59,0.14,328,30.6,0.005331706712523718,158.0,-28.5,4.0,158.0,-28.3,3.9999046,-7.79,0.139,327,49.4,0.009433019568311194,119.0,-29.7,41.5,119.0,-29.7,3.9999046,0,0,0,0,-357.0,4.0,3.562,-357.0,4.0,4.0,0.524167789373814,2.74e-19,328.10502846299806,0.0,9.102913899430739e-07,16,1,7,50,Prep
198,-14.0,4.0,198,-13.9,3.9999046,-6.11,0.13,327,30.3,0.004892348731024668,155.0,-28.6,-58.5,155.0,-28.3,3.9999046,-8.13,0.156,325,47.6,0.010505043287476281,116.0,-29.7,-2.25,116.0,-29.7,4.0,0,0,0,0,-357.0,3.999,3.75,-357.0,4.0,4.0,-0.18008645635673623,2.74e-19,328.1575426944972,0.0,1.0705139350094876e-06,16,1,7,50,Prep
197,-13.9,-14.8,196,-13.9,4.0000954,-5.7,0.114,328,30.5,0.004252721774193549,152.0,-28.0,142.0,152.0,-28.3,4.0000954,-13.8,0.202,326,47.1,0.013508645635673625,113.0,-29.6,22.8,112.0,-29.7,4.0,0,0,0,0,-357.0,4.0,3.812,-357.0,4.0,4.0,0.22614473434535107,2.74e-19,328.21005692599624,0.0,1.961255218216319e-06,16,1,7,50,Prep
195,-13.6,85.2,195,-13.9,4.000191,-5.85,0.128,328,30.9,0.0047437944734345355,149.0,-28.4,-8.5,148.0,-28.3,4.0,-9.78,0.166,326,49.6,0.011309045896584439,109.0,-29.7,-2.25,109.0,-29.7,4.0000954,0,0,0,0,-357.0,4.0,4.0,-357.0,4.0,4.0,0.8216572284155597,2.74e-19,328.26257115749524,0.0,0.0,16,1,7,50,Prep
193,-13.9,-2.25,193,-13.9,4.0000954,-5.84,0.0955,328,29.3,0.003453314160341556,145.0,-28.3,85.2,145.0,-28.3,3.9999046,-8.56,0.179,326,50.0,0.012411911764705881,106.0,-29.5,66.5,106.0,-29.7,4.0000954,0,0,0,0,-357.0,4.00075,3.9375,-357.0,4.0,4.0,0.5235024074952562,2.74e-19,328.3150853889943,0.0,3.793640773244782e-06,16,1,2,50,Prep
191,-13.8,54.0,191,-13.9,3.999809,-7.31,0.117,327,29.1,0.004414942421726756,142.0,-28.3,54.0,142.0,-28.3,3.9999046,-8.0,0.185,325,50.8,0.012814345351043645,102.6,-29.7,22.8,102.3,-29.7,4.0,0,0,0,0,-357.0,4.0,4.0,-357.0,4.0,4.0,-0.288322770398482,2.74e-19,328.36759962049337,0.0,0.0,16,1,7,50,Prep
189,-13.9,29.0,189,-13.9,4.0,-7.98,0.113,328,29.4,0.004175341081593928,139.0,-28.3,41.5,139.0,-28.3,4.0,-9.96,0.154,327,49.7,0.010213064516129033,99.1,-29.6,22.8,98.8,-29.7,4.0000954,0,0,0,0,-357.0,3.99925,3.812,-357.0,4.0,4.0,-0.09982769924098671,2.74e-19,328.42011385199237,0.0,-8.370707779886147e-08,16,1,7,50,Prep
188,-13.9,16.5,187,-13.9,3.9999046,-7.44,0.138,328,29.8,0.005017219105787476,136.0,-28.7,-27.3,136.0,-28.3,4.0,-6.29,0.119,325,48.1,0.00785129696394687,95.8,-29.7,-33.5,95.6,-29.7,4.0000954,0,0,0,0,-357.0,3.999,4.0,-357.0,4.0,4.0,0.1181700308349146,2.74e-19,328.4726280834915,0.0,0.0,16,1,7,50,Prep
186,-14.1,-52.3,186,-13.9,3.9999046,-4.52,0.114,327,31.3,0.004306884487666035,133.0,-28.1,117.0,132.0,-28.3,4.0,-8.62,0.186,325,48.6,0.012620173149905125,92.5,-29.7,-21.0,92.2,-29.7,4.0,0,0,0,0,-357.0,4.0,4.25,-357.0,4.0,4.0,-0.28846110056925994,2.74e-19,328.52514231499055,0.0,-7.001191295066414e-07,16,1,7,50,Prep
184,-13.7,66.5,184,-13.9,4.0000954,-5.53,0.13,328,31.6,0.004858541567836812,129.0,-28.3,16.5,129.0,-28.3,4.0000954,-10.9,0.181,326,50.6,0.012421838235294117,89.0,-29.7,4.0,88.7,-29.7,4.0000954,0,0,0,0,-357.0,4.001,4.0625,-357.0,4.0,4.0,0.11820781546489563,2.74e-19,328.57765654648955,0.0,-1.0217963709677418e-06,16,1,7,50,Prep
182,-13.9,-33.5,182,-13.9,4.0000954,-7.55,0.122,327,30.4,0.004578780123339659,126.0,-28.4,-2.25,126.0,-28.3,3.9999046,-10.5,0.174,325,50.4,0.012023055028462999,85.7,-29.6,10.25,85.5,-29.7,3.9999046,0,0,0,0,-357.0,3.99825,3.313,-357.0,4.0,4.0,2.3444957305502845,2.74e-19,328.6301707779886,0.0,0.0,16,1,7,50,Prep
180,-13.8,110.0,180,-13.9,4.0000954,-8.41,0.133,327,28.5,0.005010406783681215,123.0,-28.3,54.0,123.0,-28.3,3.9999046,-8.39,0.177,325,49.4,0.012024976280834916,82.4,-29.7,-8.5,82.1,-29.7,4.0,0,0,0,0,-357.0,4.004,5.19,-357.0,4.0,4.0,-0.28859943074003797,2.74e-19,328.6826850094877,0.0,7.625839124762809e-06,16,1,7,50,Prep
179,-13.8,47.8,178,-13.9,3.9999046,-8.81,0.131,328,30.3,0.004790714184060721,120.0,-28.2,135.0,119.0,-28.3,3.9999046,-11.3,0.165,327,51.2,0.011024656072106261,78.9,-29.6,54.0,78.6,-29.7,4.0000954,0,0,0,0,-357.0,4.00075,4.375,-357.0,4.0,4.0,-0.18040346299810245,2.74e-19,328.73519924098673,0.0,0.0,16,1,7,50,Prep
177,-14.0,-21.0,177,-13.9,4.000191,-5.78,0.127,327,29.9,0.004761407435958254,116.0,-28.3,41.5,116.0,-28.3,3.999809,-10.8,0.155,325,49.3,0.010424976280834915,75.6,-29.5,-2.25,75.3,-29.7,4.0000954,0,0,0,0,-357.0,4.0,3.812,-357.0,4.0,4.0,0.8229716852466793,2.74e-19,328.7877134724858,0.0,2.9169885555028465e-06,16,1,7,50,Prep
175,-13.8,22.8,175,-13.9,4.0000954,-7.39,0.127,327,30.2,0.004691988614800758,113.0,-28.2,47.8,113.0,-28.3,3.9999046,-12.8,0.172,325,43.2,0.01142920303605313,72.3,-29.5,35.3,72.0,-29.7,4.0000954,0,0,0,0,-357.0,3.999,3.75,-357.0,4.0,4.0,0.4160630929791271,2.74e-19,328.8402277039848,0.0,-1.0627153700189753e-06,16,1,7,50,Prep
173,-13.9,10.25,173,-13.9,3.9999046,-6.08,0.125,328,31.0,0.004732846774193548,110.0,-28.3,16.5,110.0,-28.3,4.0,-12.6,0.196,326,47.3,0.013436471774193548,68.7,-29.8,-46.0,68.5,-29.7,4.0000954,0,0,0,0,-357.0,4.0,4.25,-357.0,4.0,4.0,-0.6958889112903225,2.74e-19,328.89274193548385,0.0,0.0,16,1,2,50,Prep
171,-13.8,10.25,171,-13.9,3.9999046,-6.89,0.131,327,31.8,0.004924150023719166,107.0,-28.3,41.5,107.0,-28.3,3.9999046,-11.4,0.185,325,50.2,0.012636311669829222,65.5,-29.7,-21.0,65.2,-29.7,4.0000954,0,0,0,0,-357.0,3.99675,2.44,-357.0,4.0,4.0,0.008955735175521822,2.74e-19,328.9452561669829,0.0,0.0,16,1,7,50,Prep
170,-13.8,54.0,170,-13.9,4.0000954,-6.42,0.11,328,29.8,0.004112472129981025,103.6,-28.4,4.0,103.3,-28.3,3.999809,-11.0,0.161,326,46.6,0.01093315761385199,62.1,-29.7,10.25,61.9,-29.7,3.9999046,0,0,0,0,-357.0,4.00025,4.812,-357.0,4.0,4.0,0.008957164907495256,2.74e-19,328.9977703984819,0.0,-2.828578391840607e-07,16,1,7,50,Prep
168,-13.9,-39.8,168,-13.9,4.000191,-7.26,0.112,328,29.8,0.004173320683111954,100.2,-28.1,91.5,99.9,-28.3,4.0,-12.2,0.203,326,49.4,0.01384418880455408,58.6,-29.6,47.8,58.4,-29.7,4.000191,0,0,0,0,-357.0,4.0,4.25,-357.0,4.0,4.0,-0.2889222011385199,2.74e-19,329.05028462998104,0.0,0.0,16,1,7,50,Prep
166,-14.0,22.8,166,-13.9,3.9999046,-4.17,0.0986,328,28.4,0.0036221375118595826,97.1,-28.1,123.0,96.8,-28.3,3.9999046,-12.3,0.176,325,48.6,0.011739337642314992,55.4,-29.7,10.25,55.1,-29.7,4.0000954,0,0,0,0,-357.0,3.99875,2.94,-357.0,4.0,4.0,0.11839673861480075,2.74e-19,329.1027988614801,0.0,0.0,16,1,7,50,Prep
164,-14.1,-89.7,164,-13.9,3.999809,-5.34,0.107,328,30.5,0.0039538778462998095,93.9,-28.3,-14.8,93.6,-28.3,3.9999046,-10.5,0.181,326,50.0,0.012343324240986716,52.0,-29.7,10.25,51.8,-29.7,4.0,0,0,0,0,-357.0,4.003,4.75,-357.0,4.0,4.0,-0.10005117291271345,2.74e-19,329.1553130929791,0.0,8.539974739089183e-07,16,1,7,50,Prep
162,-14.0,-33.5,162,-13.9,4.0,-5.22,0.111,328,30.1,0.004105061017552182,90.5,-28.3,60.3,90.2,-28.3,4.0000954,-10.2,0.19,326,47.6,0.013047871204933585,48.5,-29.7,-8.5,48.3,-29.7,3.9999046,0,0,0,0,-357.0,3.997,2.81,-357.0,4.0,4.0,0.11743084084440228,2.74e-19,329.20782732447816,0.0,-2.29843269686907e-07,16,1,7,50,Prep
161,-13.9,-8.5,161,-13.9,3.9999046,-6.7,0.132,328,30.7,0.0049589819734345356,87.4,-28.2,22.8,87.1,-28.3,3.9999046,-14.6,0.202,326,43.8,0.013953410815939279,45.3,-29.8,10.25,45.0,-29.7,4.0000954,0,0,0,0,-357.0,4.001,4.5,-357.0,4.0,4.0,0.5260134724857686,2.74e-19,329.2603415559772,0.0,0.0,16,1,7,50,Prep
159,-13.7,22.8,159,-13.9,3.9999046,-7.03,0.139,328,30.3,0.005200733515180265,84.1,-28.5,-64.7,83.9,-28.3,3.9999046,-9.87,0.174,326,48.9,0.011947631048387097,41.9,-29.6,16.5,41.7,-29.7,4.0,0,0,0,0,-357.0,3.99925,3.625,-357.0,4.0,4.0,0.30722479838709676,2.74e-19,329.3128557874762,0.0,-5.220813567362428e-07,16,1,7,50,Prep
157,-13.8,-21.0,157,-13.9,4.0000954,-8.66,0.134,328,30.7,0.005000730313092979,80.8,-28.0,123.0,80.5,-28.3,3.9999046,-9.71,0.208,326,50.2,0.014459943074003794,38.4,-29.8,-58.5,38.2,-29.7,3.9999046,0,0,0,0,-357.0,3.99925,3.812,-357.0,4.0,4.0,0.008967173031309299,2.74e-19,329.36537001897534,0.0,9.88096110056926e-07,16,1,7,50,Prep
155,-13.2,192.0,155,-10.3,362.0,-1.97,0.0687,328,23.5,0.002129164373814042,77.7,-26.9,423.0,77.5,-21.9,651.0,-3.21,0.0867,326,40.6,0.005172262511859583,35.2,-28.8,254.0,35.0,-23.0,678.0,0,0,0,0,-357.0,3.99825,3.562,-357.0,4.0,4.0,0.8245490334440227,2.74e-19,329.4178842504744,0.0,0.0,16,1,2,50,Prep
155,4.1,35.3,155,4.0,4.0,1.17,0.033,329,1.81,1.335962286527514e-05,77.0,4.05,10.25,77.0,4.0,4.0,1.18,0.0235,328,0.991,0.0,34.5,4.05,4.0,34.5,4.0,4.0,0,0,0,0,-357.0,4.003,5.19,-357.0,4.0,4.0,0.4168604127134724,0.0447,330.47488140417454,1.19,0.0,16,1,7,50,Prep
155,3.925,-33.5,155,4.0,4.0,0.45,0.0276,329,4.82,-1.4466859582542694e-05,77.0,3.975,-8.5,77.0,4.0,4.0,0.7,0.017,328,3.32,-1.547150260910816e-06,34.5,3.975,-8.5,34.5,4.0,4.0,0,0,0,0,-357.0,4.00225,5.38,-357.0,4.0,4.0,-0.10016290974857685,0.034,330.52755574003794,1.29,0.0,16,1,9,50,Prep
155,4.075,47.8,155,4.0,4.0,0.651,0.0402,328,2.0,1.1052834440227705e-05,77.0,4.025,29.0,77.0,4.0,4.0,-1.54,0.0205,327,4.47,2.783304672675522e-06,34.5,4.05,29.0,34.5,4.0,4.0,0,0,0,0,-357.0,9.73,105.0,-357.0,10.6,104.0,60.388668168880464,2.61,323.5466081593928,26.5,0.05787666034155598,16,1,9,50,Prep
155,4.075,41.5,155,4.0,4.0,0.878,0.0377,327,1.56,7.537224264705882e-06,77.0,4.025,10.25,77.0,4.0,4.0,-0.1,0.0184,325,1.82,1.7787849264705882e-06,34.2,-1.88,-21.0,34.1,-2.0,4.0,0,0,0,0,-356.0,19.8,102.3,-356.0,20.6,104.0,56.981415441176466,2.56,319.57830882352937,44.9,0.15074448529411763,16,1,12,6,Layer 1 Up
155,3.925,-33.5,155,4.0,4.0,0.664,0.0332,325,4.3,3.5782390891840604e-06,77.0,3.925,-27.3,77.0,4.0,4.0,1.98,0.0194,324,0.51,-3.4073681214421254e-06,33.5,-1.8,-8.5,33.5,1.33,782.0,0,0,0,0,-354.0,30.3,92.5,-354.0,31.0,104.0,54.98024667931689,2.41,318.62409867172676,72.8,0.2321834914611006,16,1,14,6,Layer 1 Up
155,-2.0,10.25,154,-2.0,4.0,-8.1,0.0983,323,10.2,0.001266657139468691,77.0,4.05,29.0,77.0,4.0,4.0,-0.0991,0.0258,322,1.1,1.7089818548387099e-06,33.5,4.0,4.0,33.5,4.0,4.0,0,0,0,0,-351.0,39.9,102.9,-350.0,40.6,104.0,62.32757352941177,2.61,310.63258420303606,88.4,0.34280165441176474,16,1,14,6,Layer 1 Up
154,-2.15,-39.8,154,-2.0,4.0,-6.42,0.101,322,11.5,0.001266858870967742,77.0,4.05,22.8,77.0,4.0,4.0,0.22,0.034,322,1.29,-3.5693245967741933e-06,33.5,4.0,4.0,33.5,4.0,4.0,0,0,0,0,-347.0,49.9,129.0,-346.0,50.6,104.0,59.32116935483871,2.65,307.6657258064516,109.0,0.44340060483870963,16,1,14,6,Layer 1 Up
153,-1.93,66.5,153,-2.0,4.0,-6.67,0.098,325,14.2,0.0011866123102466793,77.0,3.9,-46.0,77.0,4.0,4.0,1.18,0.0209,324,2.25,-1.2670606024667932e-06,33.5,4.0,4.0,33.5,4.0,4.0,0,0,0,0,-341.0,57.7,-47.0,-341.0,57.3,3.999999046,9.422506226280834,0.389,325.8155834914611,112.0,0.07501803249525617,16,1,14,6,Layer 1 Up
153,-1.93,-8.5,153,-2.0,4.0,-5.99,0.113,325,13.6,0.0014482998102466795,77.0,4.05,35.3,77.0,4.0,4.0,-5.37,0.0413,325,8.21,0.0,33.5,4.0,4.0,33.5,4.0,4.0,0,0,0,0,-336.0,57.2,-50.8,-336.0,57.3,4.0,27.457350569259965,1.2,321.8444022770399,117.0,0.23233142789373817,16,1,14,6,Layer 1 Up
152,-1.9,16.5,152,-2.0,4.0,-5.65,0.0976,326,13.9,0.0012171678723908916,77.0,4.05,29.0,77.0,4.0,4.0,6.29,0.0396,325,6.91,1.7000113259013282e-07,33.5,4.0,4.0,33.5,4.0,4.0,0,0,0,0,-331.0,57.3,14.3,-331.0,57.3,4.0,22.93506404174573,0.917,320.8897118121442,116.0,0.17704259962049335,16,1,2,6,Layer 1 Up
152,-1.82,66.5,151,-2.0,4.0,-5.9,0.0915,326,14.6,0.0011167532020872866,77.0,3.975,-8.5,77.0,4.0,4.0,1.98,0.0201,325,0.263,-3.068556095825427e-07,33.5,4.0,4.0,33.5,4.0,4.0,0,0,0,0,-325.0,57.3,-17.8,-325.0,57.3,4.0,20.725329696394688,0.872,323.9590370018975,120.0,0.1690221062618596,16,1,14,6,Layer 1 Up
151,-2.2,-71.0,151,-2.0,4.0,-3.92,0.0813,326,12.7,0.0010464938330170777,77.0,4.025,16.5,77.0,4.0,4.0,1.66,0.0375,325,0.731,-6.319212760910816e-07,33.5,4.0,4.0,33.5,4.0,4.0,0,0,0,0,-320.0,57.3,25.8,-320.0,57.3,3.999999046,22.03674513757116,0.979,321.99810246679317,117.0,0.19018012926944974,16,1,14,6,Layer 1 Up
150,-1.9,-21.0,150,-2.0,4.0,-6.86,0.123,326,14.6,0.0015498624288425046,77.0,4.0,4.0,77.0,4.0,4.0,6.13,0.0553,325,7.42,-2.0228723908918403e-06,33.5,4.0,4.0,33.5,4.0,4.0,0,0,0,0,-315.0,57.3,-9.3,-315.0,57.3,4.0,27.172912713472485,0.906,321.0429316888045,119.0,0.17310151802656545,16,1,14,6,Layer 1 Up
150,-2.03,-14.8,150,-1.97,4.731,-4.75,0.0939,326,14.3,0.0012280084203036053,77.0,4.5,-14.8,77.0,4.595,11.52,3.38,0.0394,325,5.11,2.0533911290322582e-05,33.5,4.0,4.0,33.5,4.0,4.0,0,0,0,0,-309.0,57.3,-8.4,-309.0,57.3,4.0,25.164106973434535,0.884,324.1136978178368,122.0,0.16809623458254272,16,1,14,6,Layer 1 Up
149,-1.82,10.25,149,-1.86,5.63,-5.25,0.0894,326,13.5,0.0010771950901328274,77.1,5.4,47.8,77.1,5.31,11.38,3.09,0.0682,325,6.47,0.00019731797912713473,33.5,4.0,4.0,33.5,4.0,4.0,0,0,0,0,-304.0,57.2,-15.7,-304.0,57.3,4.0,23.356005692599624,1.04,322.1518026565465,118.0,0.2023516010436433,16,1,15,6,Layer 1 Up
149,-1.82,-64.7,149,-1.64,6.55,-3.16,0.0814,326,13.1,0.0010270221774193549,77.3,5.92,10.25,77.3,6.04,11.12,7.05,0.129,324,10.8,0.0005195523956356736,33.5,4.0,4.0,33.5,4.0,4.0,0,0,0,0,-299.0,57.3,-13.3,-299.0,57.3,4.000000954,23.259031665085388,0.876,321.1961515654649,117.0,0.16915659392789373,16,1,15,6,Layer 1 Up
148,-1.2,54.0,148,-1.33,7.46,-4.73,0.0836,326,14.5,0.000860016081593928,77.5,6.65,10.25,77.5,6.76,10.72,4.96,0.0862,325,9.64,0.0004934518500948767,33.5,4.0,4.0,33.5,4.0,4.0,0,0,0,0,-293.0,57.2,-67.4,-293.0,57.3,4.000000954,24.471183586337762,0.923,323.2613140417457,121.0,0.17723984819734345,16,1,15,6,Layer 1 Up
148,-1.07,10.25,148,-0.96,8.24,-4.78,0.0729,326,10.7,0.0007825980490986719,77.8,7.1,16.5,77.8,7.38,10.26,4.35,0.0704,325,9.82,0.00043108361005692606,33.5,4.0,4.0,33.5,4.0,4.0,0,0,0,0,-288.0,57.3,0.0,-288.0,57.3,4.0,25.180117409867176,0.91,323.3127075426945,120.0,0.17626082186907022,16,1,15,6,Layer 1 Up
147,-0.47,-8.5,147,-0.49,8.99,-6.44,0.109,326,11.3,0.000993261693548387,78.2,7.95,22.8,78.2,7.98,9.67,5.97,0.0993,324,11.3,0.0008532379862428842,33.5,4.0,4.0,33.5,4.0,4.0,0,0,0,0,-283.0,57.3,3.063,-283.0,57.3,4.0,21.35613377609108,1.02,321.34937144212523,115.0,0.19945823055028464,16,1,15,6,Layer 1 Up
147,-0.05,10.25,147,0.06,9.69,-4.21,0.0801,326,11.3,0.0006750416864326376,78.6,8.63,-33.5,78.6,8.53,8.97,1.96,0.0815,325,15.0,0.0007788167516603416,33.5,4.0,4.0,33.5,4.0,4.0,0,0,0,0,-277.0,57.2,-68.7,-277.0,57.3,4.0,26.497905004743835,1.03,323.41549454459204,120.0,0.1974748814041746,16,1,2,6,Layer 1 Up
146,0.8,54.0,146,0.64,10.25,-4.98,0.0847,326,10.5,0.0005622882352941176,79.1,8.6,-58.5,79.1,8.97,8.25,4.74,0.0771,324,12.4,0.0007567714421252372,33.5,4.0,4.0,33.5,4.0,4.0,0,0,0,0,-272.0,57.2,-59.9,-272.0,57.3,4.000000954,23.882134724857682,1.04,323.46688804554077,118.0,0.2015370018975332,16,1,15,6,Layer 1 Up
146,1.3,-14.8,146,1.29,10.74,-3.38,0.0743,326,9.91,0.00046663228771347243,79.6,9.18,-71.0,79.6,9.35,7.43,4.39,0.0806,324,15.0,0.0008687624881404174,33.5,4.0,4.0,33.5,4.0,4.0,0,0,0,0,-267.0,57.4,31.9,-267.0,57.3,3.999999046,20.560040322580644,0.854,322.51043643263756,118.0,0.16528659867172676,16,1,15,6,Layer 1 Up
146,1.97,47.8,146,2.01,11.13,-5.54,0.0892,326,9.21,0.00035683384724857683,80.2,9.78,-2.25,80.2,9.66,6.52,6.22,0.114,324,14.1,0.0014716876185958253,33.5,4.0,4.0,33.5,4.0,4.0,0,0,0,0,-261.0,57.4,9.25,-261.0,57.3,3.999999046,19.051298624288425,0.835,323.56967504743835,120.0,0.16228884013282735,16,1,15,6,Layer 1 Up
146,2.55,-64.7,146,2.71,11.38,-3.81,0.0727,326,5.95,0.00017542076612903223,80.7,9.72,35.3,80.8,9.86,5.64,7.9,0.128,324,15.0,0.0015324112903225807,33.5,4.0,4.0,33.5,4.0,4.0,0,0,0,0,-256.0,57.1,-59.0,-256.0,57.3,4.0,27.52291330645161,1.23,322.6129032258064,117.0,0.2369188508064516,16,1,15,6,Layer 1 Up
145,3.2,-102.0,145,3.458,11.53,-1.65,0.078,326,6.14,4.94079459203036e-05,81.3,9.8,29.0,81.3,9.98,4.702,6.48,0.104,324,13.8,0.0012604067836812145,33.5,4.0,4.0,33.5,4.0,4.0,0,0,0,0,-251.0,57.4,21.5,-251.0,57.3,4.0,22.68732210626186,0.904,322.66413662239086,117.0,0.17645694971537002,16,1,15,6,Layer 1 Up
145,4.125,66.5,145,4.0,4.0,-3.59,0.0653,326,7.62,-5.002088235294118e-05,81.8,5.7,398.0,81.8,10.0,129.0,15.6,0.238,325,14.0,0.0018455285222960154,33.5,4.0,4.0,33.5,4.0,4.0,0,0,0,0,-245.0,57.3,-25.6,-245.0,57.3,4.0,21.178196157495258,0.893,323.72385555028467,120.0,0.17345951138519924,16,1,15,6,Layer 1 Up
146,10.07,-27.3,146,10.0,4.0,3.17,0.0552,326,12.2,0.000649567789373814,81.9,3.975,22.8,81.9,4.0,4.0,0.182,0.0181,325,1.5,-3.832853415559772e-07,33.5,4.0,4.0,33.5,4.0,4.0,0,0,0,0,-240.0,57.3,-0.13,-240.0,57.3,4.000000954,19.769454459203036,0.932,323.77524905123335,120.0,0.18054756878557873,16,1,17,6,Layer 1 Up
146,9.97,16.5,147,10.0,4.0,3.66,0.0875,326,14.6,0.0011096863140417459,81.9,4.0,-2.25,81.9,4.0,4.0,-0.677,0.0233,324,3.42,0.0,33.5,4.0,4.0,33.5,4.0,4.0,0,0,0,0,-235.0,57.3,-7.3,-235.0,57.3,4.0,27.136874407020873,0.903,322.8178368121442,119.0,0.17452339302656544,16,1,17,6,Layer 1 Up
147,9.7,-71.0,147,10.0,4.0,6.68,0.099,326,13.7,0.001230938330170778,81.9,4.0,4.0,81.9,4.0,4.0,-0.229,0.0241,325,6.73,1.0896831119544593e-06,33.5,4.0,4.0,33.5,4.0,4.0,0,0,0,0,-229.0,57.3,-3.44,-229.0,57.3,4.0,24.82055977229602,0.873,324.88700189753325,123.0,0.167488330170778,16,1,17,6,Layer 1 Up
148,10.18,16.5,148,10.0,4.0,4.14,0.0765,326,12.7,0.0009758247924573054,81.9,3.95,-21.0,81.9,4.0,4.0,0.0386,0.0136,325,1.87,0.0,33.5,4.0,4.0,33.5,4.0,4.0,0,0,0,0,-224.0,57.3,-9.1,-224.0,57.3,4.0,23.411722011385198,1.03,323.92942955407966,117.0,0.19879781190702087,16,1,2,6,Layer 1 Up
148,10.1,60.3,148,10.0,4.0,6.74,0.0984,326,11.3,0.0012918861480075902,81.9,3.975,-14.8,81.9,4.0,4.0,-0.808,0.0216,324,0.558,-2.422286527514231e-06,33.5,4.0,4.0,33.5,4.0,4.0,0,0,0,0,-219.0,57.3,-15.1,-219.0,57.3,4.000000954,23.516365037950663,0.894,322.97153700189756,117.0,0.1735972011385199,16,1,17,6,Layer 1 Up
148,5.2,-52.3,148,5.41,12.82,5.59,0.0959,326,9.75,0.0002775976933111955,81.5,-1.85,-39.8,81.5,-1.83,6.11,-8.49,0.146,325,16.2,0.0018069086219165086,33.5,4.0,4.0,33.5,4.0,4.0,0,0,0,0,-213.0,57.2,-59.2,-213.0,57.3,4.000000954,22.914427775142315,0.904,324.03221655597724,122.0,0.1746341852466793,16,1,17,6,Layer 1 Up
149,6.05,10.25,149,6.24,12.43,9.78,0.117,326,3.33,0.00045634203036053124,81.0,-1.25,110.0,80.9,-1.57,7.36,-5.27,0.0865,325,13.8,0.0009359050047438329,33.5,4.0,4.0,33.5,4.0,4.0,0,0,0,0,-208.0,57.3,3.625,-208.0,57.3,4.0,24.432471537001895,0.903,324.083610056926,119.0,0.17365227703984817,16,1,19,6,Layer 1 Up
149,7.1,79.0,149,7.05,11.82,7.14,0.103,326,8.31,0.0006583676707779886,80.4,-1.07,-8.5,80.4,-1.17,8.59,-5.8,0.109,324,14.9,0.0011814266484819734,33.5,4.0,4.0,33.5,4.0,4.0,0,0,0,0,-203.0,57.3,-5.31,-203.0,57.3,4.0,22.416813330170775,1.02,324.13500355787477,115.0,0.19892397414611007,16,1,19,6,Layer 1 Up
149,7.92,22.8,149,7.82,11.01,4.83,0.0757,326,10.0,0.0005635389705882354,79.9,-0.65,4.0,79.9,-0.62,9.76,-8.44,0.151,325,13.6,0.001575485294117647,33.5,4.0,4.0,33.5,4.0,4.0,0,0,0,0,-197.0,57.2,-68.7,-197.0,57.3,4.0,26.763051470588238,1.02,324.18639705882356,121.0,0.1969356617647059,16,1,19,6,Layer 1 Up
150,8.6,104.0,150,8.45,10.1,6.99,0.0881,326,8.66,0.0008131196928368122,79.5,-0.07,-39.8,79.5,-0.02,10.71,-7.25,0.132,324,12.0,0.0011110952324478178,33.5,4.0,4.0,33.5,4.0,4.0,0,0,0,0,-192.0,57.2,-57.0,-192.0,57.3,4.000000954,23.737034511385197,1.04,324.2377905597723,117.0,0.20100722841555976,16,1,19,6,Layer 1 Up
150,8.9,-8.5,150,9.01,9.02,5.05,0.0889,326,12.7,0.0009072015180265655,79.1,0.7,47.8,79.1,0.69,11.55,-3.18,0.0506,324,7.2,0.00028286907020872863,33.5,4.0,4.0,33.5,4.0,4.0,0,0,0,0,-187.0,57.4,31.1,-187.0,57.3,3.999999046,20.609032258064516,0.845,323.27893738140415,118.0,0.16365996204933586,16,1,19,6,Layer 1 Up
151,9.28,-46.0,151,9.46,7.78,5.91,0.099,326,14.0,0.0010710311907020874,78.8,1.62,72.7,78.8,1.52,12.25,-2.04,0.0431,325,9.01,0.00019803972960151804,33.5,4.0,4.0,33.5,4.0,4.0,0,0,0,0,-181.0,57.3,1.37,-181.0,57.3,3.999999046,18.89460685483871,0.848,323.33017077798866,120.0,0.16469630574003796,16,1,19,6,Layer 1 Up
151,9.75,47.8,151,9.76,6.54,6.11,0.101,326,13.0,0.0012531029411764706,78.6,2.3,-2.25,78.6,2.34,12.71,-2.73,0.0726,324,7.4,0.0002283881166982922,33.5,4.0,4.0,33.5,4.0,4.0,0,0,0,0,-176.0,57.1,-56.9,-176.0,57.3,4.0,28.093759487666034,1.2,324.39197106261855,116.0,0.23141981736242884,16,1,19,6,Layer 1 Up
152,10.05,22.8,152,9.95,5.2,4.21,0.0939,326,14.4,0.0012128723908918404,78.5,3.05,-39.8,78.5,3.223,12.99,-3.08,0.0633,325,5.57,0.0001202765120967742,33.5,4.0,4.0,33.5,4.0,4.0,0,0,0,0,-171.0,57.4,18.7,-171.0,57.3,4.0,21.427412239089183,0.885,324.44336456356734,118.0,0.1728343157020873,16,1,2,6,Layer 1 Up
152,7.4,1034.0,152,10.0,129.0,17.1,0.206,326,18.0,0.001435459677419355,78.5,4.075,41.5,78.5,4.0,4.0,-4.15,0.0812,325,8.09,1.3040443548387098e-05,33.5,4.0,4.0,33.5,4.0,4.0,0,0,0,0,-165.0,57.3,-20.4,-165.0,57.3,4.0,20.72318548387097,0.879,324.49475806451613,120.0,0.17185080645161294,16,1,19,6,Layer 1 Up
153,10.05,10.25,153,10.0,4.0,4.7,0.0853,326,13.1,0.0010818205052182163,78.5,3.875,-58.5,78.5,4.0,4.0,-3.38,0.0682,325,3.11,1.0615995611954458e-05,33.5,4.0,4.0,33.5,4.0,4.0,0,0,0,0,-160.0,57.3,22.2,-160.0,57.3,3.999999046,21.636410104364323,0.975,325.5571987666034,117.0,0.18906582661290322,16,1,19,6,Layer 1 Up
153,10.18,79.0,154,10.0,4.0,4.04,0.0809,326,13.4,0.0010314314516129033,78.5,3.875,-58.5,78.5,4.0,4.0,-3.21,0.0669,324,3.45,3.165078866223909e-05,33.5,4.0,4.0,33.5,4.0,4.0,0,0,0,0,-155.0,57.3,-9.9,-155.0,57.3,4.0,25.88690702087287,0.878,324.59754506641366,120.0,0.16887162001897535,16,1,19,6,Layer 1 Up
154,10.13,60.3,154,10.0,4.0,5.51,0.0932,326,13.7,0.001223754565939279,78.5,4.125,66.5,78.5,4.0,4.0,-3.66,0.0661,325,7.61,-2.0733031902277044e-05,33.5,4.0,4.0,33.5,4.0,4.0,0,0,0,0,-149.0,57.3,-1.13,-149.0,57.3,4.0,25.486458728652753,0.863,325.66030597722965,122.0,0.16485288780834917,16,1,19,6,Layer 1 Up
155,9.88,-2.25,155,10.0,4.0,6.1,0.102,326,13.7,0.0012340635673624288,78.5,3.875,-64.7,78.5,4.0,4.0,-2.43,0.0664,324,4.16,0.0,33.5,4.0,4.0,33.5,4.0,4.0,0,0,0,0,-144.0,57.3,-6.2,-144.0,57.3,4.0,21.95014705882353,1.0,325.7118595825427,118.0,0.1942132827324478,16,1,19,6,Layer 1 Up
155,10.05,-27.3,155,10.0,4.0,3.84,0.0736,326,13.3,0.0008730864148481974,78.5,3.875,-58.5,78.5,4.0,4.0,-3.05,0.065,325,3.61,2.0436089895635673e-05,33.5,4.0,4.0,33.5,4.0,4.0,0,0,0,0,-139.0,57.3,-12.1,-139.0,57.3,4.000000954,21.751283799810246,0.872,324.75172556926,119.0,0.1699635199240987,16,1,19,6,Layer 1 Up
156,9.93,-71.0,156,10.0,4.0,4.11,0.0726,326,14.0,0.0008631061076850095,78.5,4.15,72.7,78.5,4.0,4.0,-3.99,0.0664,325,7.23,0.0,33.5,4.0,4.0,33.5,4.0,4.0,0,0,0,0,-133.0,57.2,-62.7,-133.0,57.3,4.000000954,23.677236717267554,0.919,324.80311907020877,122.0,0.17909704696394688,16,1,19,6,Layer 1 Up
156,10.07,47.8,157,10.0,4.0,4.43,0.0853,326,12.8,0.001153688923149905,78.5,3.85,-64.7,78.5,4.0,4.0,-3.06,0.0626,325,3.47,1.9734152632827324e-05,33.5,4.0,4.0,33.5,4.0,4.0,0,0,0,0,-128.0,57.3,9.75,-128.0,57.3,4.0,24.08578629032258,0.889,325.86652039848195,119.0,0.1710293228178368,16,1,19,6,Layer 1 Up
157,9.93,-8.5,157,10.0,4.0,3.63,0.0903,324,15.7,0.0011437497628083491,78.5,3.875,-52.3,78.5,4.0,4.0,-3.22,0.0655,324,2.86,9.990097485768502e-06,33.5,4.0,4.0,33.5,4.0,4.0,0,0,0,0,-123.0,57.3,-4.94,-123.0,57.3,4.0,21.154309772296013,1.01,322.88157020872865,116.0,0.1983849146110057,16,1,19,6,Layer 1 Up
158,9.8,-58.5,158,10.0,4.0,5.0,0.0864,324,15.6,0.0010933142789373814,78.5,4.15,72.7,78.5,4.0,4.0,-3.52,0.0653,323,6.94,-4.039188863851992e-05,33.5,4.0,4.0,33.5,4.0,4.0,0,0,0,0,-117.0,57.2,-65.0,-117.0,57.3,4.0,25.61189931214421,1.01,322.93264350094876,122.0,0.1963916389943074,16,1,2,6,Layer 1 Up
158,10.3,72.7,158,10.0,4.0,4.3,0.0889,325,12.8,0.0011238618358633777,78.5,3.85,-71.0,78.5,4.0,4.0,-2.89,0.0625,324,3.58,1.984476755218216e-05,33.5,4.0,4.0,33.5,4.0,4.0,0,0,0,0,-112.0,57.2,-62.0,-112.0,57.3,4.000000954,24.502212998102465,1.03,325.00869307400376,118.0,0.20047265180265655,16,1,19,6,Layer 1 Up
159,10.15,97.7,159,10.0,4.0,5.12,0.101,326,13.4,0.0013670751304554081,78.5,3.9,-46.0,78.5,4.0,4.0,-3.08,0.0634,324,3.46,2.0151700071157495e-05,33.5,4.0,4.0,33.5,4.0,4.0,0,0,0,0,-107.0,57.4,25.6,-107.0,57.3,3.999999046,19.94917042220114,0.845,325.06008657495255,118.0,0.16404901565464897,16,1,19,6,Layer 1 Up
159,9.57,-121.0,159,9.99,3.655,8.1,0.164,326,15.7,0.0021370256166982917,78.5,4.275,91.5,78.5,4.246,13.06,-2.47,0.0425,325,3.72,-1.7724146110056923e-05,33.5,4.0,4.0,33.5,4.0,4.0,0,0,0,0,-101.0,57.3,6.69,-101.0,57.3,3.999999046,18.230550284629977,0.848,324.0986717267552,120.0,0.16508776091081592,16,1,19,6,Layer 1 Up
160,9.85,-8.5,160,9.9,2.35,4.68,0.0976,326,15.0,0.001063616876185958,78.5,5.1,29.0,78.5,5.11,12.92,6.52,0.128,324,8.7,0.00028970897770398484,33.5,4.0,4.0,33.5,4.0,4.0,0,0,0,0,-96.0,57.1,-56.3,-95.8,57.3,4.0,28.970897770398484,1.21,326.1758420303605,116.0,0.23298274430740037,16,1,21,6,Layer 1 Up
161,9.88,79.0,161,9.66,1.02,2.51,0.0866,326,14.2,0.000999957886622391,78.7,6.05,35.3,78.7,5.99,12.57,5.85,0.0955,324,6.55,0.0004336190227703985,33.5,4.0,4.0,33.5,4.0,4.0,0,0,0,0,-90.9,57.3,15.7,-90.5,57.3,4.0,25.42952680265655,0.902,325.21426707779887,114.0,0.17527124051233395,16,1,21,6,Layer 1 Up
161,9.13,-77.2,161,9.28,-0.28,13.5,0.105,326,5.99,0.0011044846418406071,78.9,6.63,-39.8,78.9,6.85,12.0,3.53,0.0741,324,10.2,0.00042963439278937375,33.5,4.0,4.0,33.5,4.0,4.0,0,0,0,0,-85.4,57.3,-17.8,-85.0,57.3,4.0,22.19102170303605,0.874,324.25237191650854,119.0,0.1692192065939279,16,1,21,6,Layer 1 Up
162,9.0,22.8,162,8.81,-1.39,4.14,0.0911,325,12.3,0.000875619734345351,79.2,7.65,-14.8,79.3,7.58,11.29,2.45,0.0861,324,12.7,0.0006425265180265655,33.5,4.0,4.0,33.5,4.0,4.0,0,0,0,0,-80.3,57.3,22.8,-79.8,57.3,3.999999046,21.38376897533207,0.977,326.3305028462998,117.0,0.1905283681214421,16,1,21,6,Layer 1 Up
162,8.15,-21.0,162,8.22,-2.43,4.91,0.0834,326,12.0,0.000726757560483871,79.6,8.32,66.5,79.6,8.27,10.4,4.51,0.1,324,11.0,0.0009304929435483871,33.5,4.0,4.0,33.5,4.0,4.0,0,0,0,0,-74.9,57.3,-11.0,-74.5,57.3,4.0,26.252469758064517,0.892,325.3684475806452,120.0,0.1712998991935484,16,1,21,6,Layer 1 Up
162,7.35,-46.0,163,7.5,-3.35,5.47,0.0848,326,10.5,0.0005981236954459202,80.1,8.78,-14.8,80.1,8.87,9.31,7.09,0.119,324,13.8,0.0011556966318785578,33.5,4.0,4.0,33.5,4.0,4.0,0,0,0,0,-69.4,57.3,1.69,-69.0,57.3,4.0,23.924947817836813,0.859,324.40607210626183,123.0,0.16524434297912713,16,1,21,6,Layer 1 Up
163,6.8,72.7,163,6.76,-4.04,4.07,0.0791,325,9.42,0.0003974601992409867,80.6,9.53,91.5,80.6,9.33,8.19,3.7,0.0974,324,13.3,0.001135600569259962,33.5,4.0,4.0,33.5,4.0,4.0,0,0,0,0,-64.3,57.3,-11.3,-63.8,57.3,4.0,23.01619010910816,1.01,326.4851636622391,118.0,0.19670224146110057,16,1,2,6,Layer 1 Up
163,6.15,54.0,163,5.92,-4.58,5.29,0.0995,325,7.46,0.00044518515180265656,81.1,9.78,-39.8,81.2,9.68,6.93,9.44,0.0957,324,7.85,0.001156061669829222,33.5,4.0,4.0,33.5,4.0,4.0,0,0,0,0,-58.9,57.3,-9.4,-58.5,57.3,4.000000954,21.60009962049336,0.864,325.5226280834915,118.0,0.1683388045540797,16,1,21,6,Layer 1 Up
163,4.85,-96.0,163,5.01,-4.94,4.5,0.0734,326,8.1,0.00012373841318785578,81.7,10.25,10.25,81.8,9.91,5.55,5.81,0.1,324,12.7,0.001328666567836812,33.5,4.0,4.0,33.5,4.0,4.0,0,0,0,0,-53.4,57.2,-60.9,-53.0,57.3,4.000000954,24.037708135673622,0.915,324.5597722960151,121.0,0.17749362547438327,16,1,21,6,Layer 1 Up
163,4.35,54.0,163,4.144,-5.07,4.51,0.0786,325,3.63,6.096600450664136e-05,82.3,10.0,47.8,82.3,10.0,4.246,9.32,0.155,324,15.1,0.0019882424098671726,33.5,4.0,4.0,33.5,4.0,4.0,0,0,0,0,-48.3,57.3,14.0,-47.8,57.3,4.0,24.34582542694497,0.884,325.62541508538897,120.0,0.17143518738140417,16,1,21,6,Layer 1 Up
163,4.175,91.5,163,4.0,4.0,2.78,0.0456,325,1.43,0.0,82.8,9.72,-27.3,82.9,10.0,4.0,5.16,0.0874,324,14.4,0.0010551522770398483,33.5,4.0,4.0,33.5,4.0,4.0,0,0,0,0,-42.9,57.3,-2.06,-42.5,57.3,4.0,22.523442836812144,1.02,325.67680858633776,115.0,0.19885562144212526,16,1,21,6,Layer 1 Up
163,3.825,-77.2,163,4.0,4.0,3.9,0.0504,326,5.32,-1.53224169829222e-05,83.4,9.82,-77.2,83.5,10.0,4.0,4.62,0.0741,324,13.0,0.000842225569259962,33.5,4.0,4.0,33.5,4.0,4.0,0,0,0,0,-37.4,57.2,-63.8,-37.0,57.3,4.0,26.8903344402277,1.01,324.7134724857685,121.0,0.19482808349146108,16,1,21,6,Layer 1 Up
163,4.225,123.0,163,4.0,4.0,1.5,0.0467,326,2.39,5.916806985294118e-06,84.0,10.15,41.5,84.1,10.0,4.0,3.76,0.0801,324,12.7,0.0010351875,33.5,4.0,4.0,33.5,4.0,4.0,0,0,0,0,-32.3,57.2,-61.0,-31.8,57.3,4.000000954,23.849908088235296,1.04,326.79448529411764,118.0,0.2029779411764706,16,1,21,6,Layer 1 Up
163,4.15,85.2,163,4.0,4.0,1.96,0.0469,325,2.24,1.431220232447818e-05,84.6,9.95,35.3,84.7,10.0,4.0,6.14,0.1,324,12.6,0.0012789627609108162,33.5,4.0,4.0,33.5,4.0,4.0,0,0,0,0,-26.9,57.4,27.7,-26.5,57.3,3.999999046,21.519055977229602,0.858,325.8309890891841,117.0,0.16646816888045543,16,1,21,6,Layer 1 Up
163,3.875,-58.5,163,4.0,4.0,2.75,0.0531,326,5.49,-7.512553368121442e-06,85.2,9.97,10.25,85.3,10.0,4.0,5.07,0.0921,324,13.9,0.0012080997983870967,33.5,4.0,4.0,33.5,4.0,4.0,0,0,0,0,-21.4,57.3,6.75,-21.0,57.3,3.999999046,18.476820445920303,0.849,324.86717267552183,120.0,0.1654792160815939,16,1,21,6,Layer 1 Up
163,4.175,85.2,163,4.0,4.0,0.975,0.0428,326,3.35,6.1023738140417455e-06,85.8,10.07,-33.5,85.9,10.0,4.0,4.76,0.0766,324,12.9,0.0009209406072106263,33.5,4.0,4.0,33.5,4.0,4.0,0,0,0,0,-16.3,57.2,-51.0,-15.8,57.3,4.0,28.22728652751423,1.18,326.9491461100569,116.0,0.23048899430740039,16,1,21,6,Layer 1 Up
163,4.0,-8.5,163,4.0,4.0,1.64,0.0353,325,5.96,-1.5232951850094879e-05,86.7,10.03,35.3,86.7,10.0,4.0,9.26,0.145,324,14.2,0.0018482648244781785,33.5,4.0,4.0,33.5,4.0,4.0,0,0,0,0,-8.6,57.3,7.44,-8.2,57.3,4.0,21.52923861480076,0.823,327.00069971537005,120.0,0.1594382293643264,16,1,2,6,Layer 1 Up
163,4.05,29.0,163,4.0,4.0,1.09,0.0586,326,4.13,3.565072699240987e-05,87.3,9.82,16.5,87.3,10.0,4.0,7.88,0.125,324,14.4,0.001533692243833017,33.5,4.0,4.0,33.5,4.0,4.0,0,0,0,0,-3.47,57.3,-14.7,-3.04,57.3,4.000000954,21.837339895635672,0.8,321.9738021821632,118.0,0.15540060483870966,16,1,21,6,Layer 1 Up
163,4.025,29.0,163,4.0,4.0,2.25,0.0626,326,2.94,2.5701013401328272e-05,87.9,9.82,10.25,87.9,10.0,4.0,5.66,0.0988,324,13.9,0.0012190203984819732,33.5,4.0,4.0,33.5,4.0,4.0,0,0,0,0,1.86,57.3,-9.4,2.3,57.3,3.999999046,22.043952205882352,1.06,321.00870493358633,118.0,0.2082493180740038,16,1,21,6,Layer 1 Up
163,3.975,-14.8,163,4.0,4.0,1.79,0.0399,325,5.94,-2.1133017077798864e-05,88.5,9.8,22.8,88.5,10.0,4.0,6.45,0.104,324,13.8,0.0012801731499051236,33.5,4.0,4.0,33.5,4.0,4.0,0,0,0,0,7.41,57.3,-23.8,7.84,57.3,3.999999046,17.983384724857686,0.913,326.1393500948767,117.0,0.17983384724857684,16,1,21,6,Layer 1 Up
163,4.0,-2.25,163,4.0,4.0,0.629,0.0365,325,7.48,-2.0729879032258066e-05,89.1,9.68,-64.7,89.1,10.0,4.0,6.03,0.0885,324,13.7,0.0010263322462049336,33.5,4.0,4.0,33.5,4.0,4.0,0,0,0,0,12.74,57.3,10.38,13.18,57.3,4.0,19.713708491461098,0.995,325.1745730550284,120.0,0.1940885732922201,16,1,21,6,Layer 1 Up
163,3.925,-2.25,163,3.9751,-1.86,1.12,0.0643,325,4.74,3.801076612903226e-05,89.5,3.325,-240.0,89.6,9.5,879.0,1.08,0.0287,324,0.299,2.1749475806451613e-05,33.5,4.0,4.0,33.5,4.0,4.0,0,0,0,0,17.9,57.4,48.8,18.3,57.3,4.0,20.021713709677417,0.99,321.16048387096777,118.0,0.19411915322580645,16,1,21,6,Layer 1 Up
163,3.2,41.5,163,3.035,-4.96,-4.52,0.0534,325,6.11,5.712678012333966e-05,90.1,10.32,72.7,90.2,9.92,2.57,3.69,0.0944,324,14.3,0.0011892941769449717,33.5,4.0,4.0,33.5,4.0,4.0,0,0,0,0,23.4,57.4,4.0,23.8,57.3,4.0,19.821569615749528,0.834,327.3100213472486,118.0,0.1636550106736243,16,1,23,6,Layer 1 Up
163,2.3,29.0,163,2.15,-4.64,-4.92,0.0778,325,9.33,0.00025009611005692603,90.7,9.65,22.8,90.8,9.71,1.23,8.04,0.147,324,15.9,0.0018299715370018975,33.5,4.0,4.0,33.5,4.0,4.0,0,0,0,0,28.7,57.3,-5.0,29.2,57.3,4.000000954,21.75632827324478,0.948,326.3449240986717,120.0,0.18604710626185958,16,1,23,6,Layer 1 Up
163,1.42,-39.8,163,1.35,-4.15,-5.07,0.101,325,9.34,0.0006060193311195446,91.3,9.15,-46.0,91.3,9.38,0.01,5.04,0.0835,324,12.3,0.0009252979720113853,33.5,4.0,4.0,33.5,4.0,4.0,0,0,0,0,33.9,57.4,65.8,34.3,57.3,4.0,17.28578629032258,0.904,321.31226280834915,119.0,0.1738746738614801,16,1,23,6,Layer 1 Up
163,0.7,-8.5,163,0.54,-3.43,-7.54,0.108,325,10.7,0.0007667961812144213,91.8,8.97,47.8,91.8,8.9,-1.21,5.48,0.109,324,12.2,0.0011695167220113854,33.5,4.0,4.0,33.5,4.0,4.0,0,0,0,0,39.4,57.5,64.4,39.8,57.3,4.0,14.644383301707782,0.744,326.4477111005693,118.0,0.14237594876660345,16,1,23,6,Layer 1 Up
162,-0.25,-33.5,162,-0.13,-2.59,-3.9,0.0877,325,10.4,0.0007557284570683111,92.3,8.45,10.25,92.3,8.35,-2.23,5.71,0.107,323,12.0,0.0009988228059772295,33.5,4.0,4.0,33.5,4.0,4.0,0,0,0,0,44.5,57.3,-5.0,45.0,57.3,4.0,22.07174632352941,0.855,323.4477111005692,119.0,0.16782664255218216,16,1,2,6,Layer 1 Up
162,-0.75,-8.5,162,-0.74,-1.58,-5.49,0.0786,325,9.95,0.0008077292694497154,92.7,8.0,10.25,92.7,7.68,-3.15,3.2,0.0713,324,10.2,0.0005981672675521822,33.5,4.0,4.0,33.5,4.0,4.0,0,0,0,0,49.9,57.4,50.6,50.3,57.3,4.000000954,21.46484582542695,0.94,321.4640417457306,119.0,0.18412972011385198,16,1,23,6,Layer 1 Up
161,-1.3,16.5,161,-1.26,-0.39,-3.2,0.0669,325,13.1,0.0007183206712523719,93.0,6.72,-27.3,93.0,6.89,-3.94,8.28,0.108,324,8.64,0.0005952090547912713,33.5,4.0,4.0,33.5,4.0,4.0,0,0,0,0,55.4,57.3,-3.13,55.8,57.3,4.000000954,16.9914379743833,0.794,327.6193429791271,121.0,0.15465260910815937,16,1,23,6,Layer 1 Up
161,-1.7,-14.8,161,-1.62,0.81,-6.98,0.0949,325,10.6,0.0010990203984819734,93.2,6.33,16.5,93.3,6.1,-4.49,7.08,0.109,324,7.6,0.0005647743714421253,33.5,4.0,4.0,33.5,4.0,4.0,0,0,0,0,60.5,57.5,42.8,61.0,57.3,4.0,16.18002253320683,0.743,323.6004506641366,115.0,0.14348321869070207,16,1,23,6,Layer 1 Up
160,-1.95,-46.0,160,-1.88,2.17,-6.07,0.106,325,12.7,0.001394347070683112,93.4,5.17,-14.8,93.4,5.19,-4.89,3.44,0.0546,324,8.23,0.00010686601636622392,33.5,4.0,4.0,33.5,4.0,4.0,0,0,0,0,66.1,57.4,48.8,66.5,57.3,4.0,19.134105787476283,0.835,326.7046786053131,121.0,0.16080791034155598,16,1,23,6,Layer 1 Up
160,-1.8,41.5,159,-1.99,3.534,-6.37,0.115,325,14.9,0.0014251043643263757,93.5,4.425,10.25,93.5,4.29,-5.06,6.22,0.0987,324,7.29,8.062018975332068e-05,33.5,4.0,4.0,33.5,4.0,4.0,0,0,0,0,71.4,57.3,5.25,71.8,57.3,4.0,22.903462998102466,0.834,327.7740037950664,119.0,0.16286907020872865,16,1,23,6,Layer 1 Up
159,-1.85,41.5,159,-2.0,4.0,-6.93,0.123,325,15.5,0.0015271376897533207,93.5,3.95,-27.3,93.5,4.0,4.0,5.97,0.0802,324,7.15,-2.5859531546489564e-05,33.5,4.0,4.0,33.5,4.0,4.0,0,0,0,0,76.7,57.3,-5.75,77.2,57.3,4.0,22.80525616698292,1.01,326.80746560721064,119.0,0.1985278996679317,16,1,23,6,Layer 1 Up
158,-1.85,35.3,158,-2.0,4.0,-6.16,0.106,325,15.1,0.0012524498339658444,93.5,3.925,-27.3,93.5,4.0,4.0,5.95,0.0815,324,6.54,-3.8999047675521826e-05,33.5,4.0,4.0,33.5,4.0,4.0,0,0,0,0,82.1,57.3,17.8,82.5,57.3,4.000000954,20.6705135199241,0.87,326.85885910815944,121.0,0.17106631878557876,16,1,23,6,Layer 1 Up
158,-2.1,16.5,158,-2.0,4.0,-4.86,0.0835,326,13.7,0.0010998849620493358,93.5,3.925,-39.8,93.5,4.0,4.0,5.12,0.0799,324,7.11,-5.142980609582542e-05,33.5,4.0,4.0,33.5,4.0,4.0,0,0,0,0,87.4,57.3,-22.6,87.8,57.3,3.999999046,18.636939634724857,0.915,326.9102526091081,116.0,0.18025892433586335,16,1,23,6,Layer 1 Up
157,-2.07,-46.0,157,-2.0,4.0,-4.99,0.0961,325,14.0,0.0012528436907020873,93.5,3.95,-21.0,93.5,4.0,4.0,5.14,0.0793,324,7.59,0.0,33.5,4.0,4.0,33.5,4.0,4.0,0,0,0,0,92.7,57.3,9.0,93.2,57.3,4.0,19.35287001897533,0.996,325.94307400379506,120.0,0.19352870018975332,16,1,23,6,Layer 1 Up
157,-1.88,35.3,157,-2.0,4.0,-6.47,0.108,326,14.8,0.0013752884843453513,93.5,3.95,-27.3,93.5,4.0,4.0,5.7,0.0786,324,7.01,-1.2632279411764707e-05,33.5,4.0,4.0,33.5,4.0,4.0,0,0,0,0,98.1,57.2,-29.9,98.5,57.3,4.0,26.588910697343458,0.974,327.0130396110057,120.0,0.1905029233870968,16,1,2,6,Layer 1 Up
156,-1.93,60.3,156,-2.0,4.0,-5.31,0.0845,326,14.8,0.001000552253320683,93.5,3.9,-46.0,93.5,4.0,4.0,5.12,0.078,324,7.38,-5.074083728652751e-05,33.5,4.0,4.0,33.5,4.0,4.0,0,0,0,0,103.4,57.4,6.13,103.8,57.3,4.0,19.766510910815935,0.838,328.08332542694495,118.0,0.16506055502846298,16,1,23,6,Layer 1 Up
155,-2.05,47.8,155,-2.0,4.0,-4.21,0.0733,325,14.2,0.0009059376008064517,93.5,3.9,-39.8,93.5,4.0,4.0,5.69,0.0779,324,6.7,-6.206029233870968e-05,33.5,4.0,4.0,33.5,4.0,4.0,0,0,0,0,109.0,57.3,-2.31,109.0,57.3,4.000000954,22.011532258064516,0.96,327.1158266129032,120.0,0.18852469758064516,16,1,23,6,Layer 1 Up
155,-2.25,-89.7,155,-2.0,4.0,-3.99,0.0795,325,13.8,0.000975386385199241,93.5,3.9,-39.8,93.5,4.0,4.0,6.23,0.0788,324,5.93,-6.35988614800759e-05,33.5,4.0,4.0,33.5,4.0,4.0,0,0,0,0,114.0,57.3,-31.3,115.0,57.3,3.999999046,20.384250474383304,0.979,327.167220113852,118.0,0.19365037950664138,16,1,23,6,Layer 1 Up
154,-1.85,-2.25,154,-2.0,4.0,-7.07,0.103,325,13.5,0.0013353781427893738,93.5,3.9,-46.0,93.5,4.0,4.0,5.12,0.0764,324,7.54,-3.679935187381404e-05,33.5,4.0,4.0,33.5,4.0,4.0,0,0,0,0,119.0,57.5,60.9,120.0,57.3,4.0,14.984777632827322,0.742,327.21861361480074,118.0,0.14373154055977228,16,1,23,6,Layer 1 Up
154,-1.8,54.0,154,-2.0,4.0,-6.89,0.105,325,15.4,0.0012438299335863377,93.5,3.925,-33.5,93.5,4.0,4.0,6.24,0.0807,324,6.42,-1.2642205882352941e-05,33.5,4.0,4.0,33.5,4.0,4.0,0,0,0,0,125.0,57.2,-19.2,125.0,57.3,4.0,24.774645398481976,1.04,326.2504743833017,121.0,0.20390654648956358,16,1,23,6,Layer 1 Up
153,-1.93,60.3,153,-2.0,4.0,-4.17,0.0777,325,14.8,0.000975846044829222,93.5,3.925,-33.5,93.5,4.0,4.0,4.28,0.077,324,8.64,0.0,33.5,4.0,4.0,33.5,4.0,4.0,0,0,0,0,130.0,57.3,-7.4,131.0,57.3,4.0,22.73915026091082,0.942,327.3214006166983,120.0,0.1866037891366224,16,1,23,6,Layer 1 Up
152,-2.15,-21.0,152,-2.0,4.0,-4.81,0.0841,325,12.4,0.0010300514705882352,93.5,3.9,-52.3,93.5,4.0,4.0,5.69,0.078,324,6.56,-3.763257352941176e-05,33.5,4.0,4.0,33.5,4.0,4.0,0,0,0,0,135.0,57.3,-11.9,136.0,57.3,4.000000954,20.804999999999996,0.839,328.3926470588235,118.0,0.16215661764705883,16,1,23,6,Layer 1 Up
152,-1.95,-8.5,152,-2.0,4.0,-6.66,0.101,326,12.9,0.0012852164373814041,93.5,3.9,-46.0,93.5,4.0,4.0,5.96,0.0785,324,6.45,-5.018464184060721e-05,33.5,4.0,4.0,33.5,4.0,4.0,0,0,0,0,141.0,57.2,-76.1,141.0,57.3,3.999999046,24.684315702087286,1.11,326.404174573055,118.0,0.21726277870018976,16,1,23,6,Layer 1 Up
151,-1.8,60.3,151,-2.0,4.0,-5.43,0.0974,325,15.8,0.001173199122390892,93.5,3.9,-46.0,93.5,4.0,4.0,5.12,0.0852,324,7.49,-1.3364268263757116e-05,33.5,4.0,4.0,33.5,4.0,4.0,0,0,0,0,146.0,57.4,51.6,147.0,57.3,4.0,17.751012808349145,0.842,326.4554079696395,122.0,0.16322770398481976,16,1,23,6,Layer 1 Up
151,-2.05,35.3,151,-2.0,4.0,-4.65,0.0835,325,14.3,0.001030536586812144,93.5,3.9,-46.0,93.5,4.0,4.0,6.52,0.08,324,5.74,-5.142479601518026e-05,33.5,4.0,4.0,33.5,4.0,4.0,0,0,0,0,151.0,57.3,4.0,152.0,57.3,4.0,19.998531783681216,0.841,328.5473078747628,123.0,0.1642736539373814,16,1,2,6,Layer 1 Up
150,-2.05,-2.25,150,-2.0,4.0,-5.16,0.0937,325,14.7,0.0011735673624288425,93.5,3.9,-52.3,93.5,4.0,4.0,4.84,0.0822,324,7.59,-1.3062314990512333e-05,33.5,4.0,4.0,33.5,4.0,4.0,0,0,0,0,157.0,57.3,-4.19,157.0,57.3,4.0,22.552903225806453,1.02,326.55787476280835,119.0,0.2010371916508539,16,1,23,6,Layer 1 Up
149,-1.95,-8.5,149,-2.0,4.0,-5.4,0.106,325,15.0,0.0013472625711574953,93.5,3.9,-52.3,93.5,4.0,4.0,5.96,0.0791,324,6.54,-2.5516336574952565e-05,33.5,4.0,4.0,33.5,4.0,4.0,0,0,0,0,162.0,57.3,16.4,163.0,57.3,4.000000954,21.739918761859585,0.869,327.6297616223909,120.0,0.17044912832068312,16,1,23,6,Layer 1 Up
149,-1.88,29.0,149,-2.0,4.0,-5.89,0.107,326,15.4,0.0013474739089184059,93.5,3.9,-46.0,93.5,4.0,4.0,5.96,0.0773,324,6.46,-3.7055532495256165e-05,33.5,4.0,4.0,33.5,4.0,4.0,0,0,0,0,167.0,57.3,-31.0,168.0,57.3,3.999999046,18.37464421252372,0.932,327.68115512333964,117.0,0.1847672556925996,16,1,23,6,Layer 1 Up
148,-1.93,66.5,148,-2.0,4.0,-4.14,0.0843,325,15.4,0.0010209736717267553,93.5,3.9,-46.0,93.5,4.0,4.0,5.67,0.0835,324,6.41,-2.644321809772296e-05,33.5,4.0,4.0,33.5,4.0,4.0,0,0,0,0,173.0,57.3,11.0,173.0,57.3,4.0,19.908986598671728,1.0,325.6906012808349,119.0,0.19500597129981026,16,1,23,6,Layer 1 Up
148,-1.85,29.0,148,-1.93,6.04,-4.85,0.101,326,15.3,0.0013070512333965847,93.5,4.75,-14.8,93.5,4.917,17.6,8.72,0.139,324,8.92,0.0002287339658444023,33.5,4.0,4.0,33.5,4.0,4.0,0,0,0,0,178.0,57.2,-25.9,179.0,57.3,4.0,25.528344402277042,0.982,327.7839421252372,121.0,0.19299428368121443,16,1,23,6,Layer 1 Up
147,-1.55,47.8,147,-1.57,9.07,-4.43,0.0783,326,14.4,0.0009222283740512334,93.7,6.2,10.25,93.7,6.24,16.8,3.68,0.0697,324,9.05,0.0003186436907020873,33.5,4.0,4.0,33.5,4.0,4.0,0,0,0,0,183.0,57.4,-0.44,184.0,57.3,4.0,19.20032495256167,0.85,327.83533562618595,119.0,0.1685134902751423,16,1,25,6,Layer 1 Up
147,-0.82,60.3,147,-0.91,11.84,-6.03,0.0868,326,12.4,0.0008508711693548388,94.0,7.33,47.8,94.0,7.45,15.3,5.91,0.106,324,11.7,0.0008028628320683113,33.5,4.0,4.0,33.5,4.0,4.0,0,0,0,0,189.0,57.3,1.56,189.0,57.3,4.000000954,22.471987666034156,0.957,327.88672912713474,119.0,0.18896898719165087,16,1,25,6,Layer 1 Up
146,-0.05,-8.5,146,0.0,14.2,-4.31,0.0927,326,12.7,0.0007876644627609108,94.4,8.2,-89.7,94.4,8.47,13.21,3.68,0.0562,324,10.7,0.0005067205882352942,33.5,4.0,4.0,33.5,4.0,4.0,0,0,0,0,194.0,57.3,-29.3,195.0,57.3,3.999999046,21.249573055028467,0.995,326.91650853889945,117.0,0.19717151921252374,16,1,25,6,Layer 1 Up
146,1.2,117.0,146,1.12,16.0,-5.2,0.0722,326,9.15,0.00042097096774193547,94.8,9.53,35.3,94.9,9.26,10.66,6.28,0.105,324,12.0,0.0012056935483870969,33.5,4.0,4.0,33.5,4.0,4.0,0,0,0,0,199.0,57.5,62.5,200.0,57.3,4.0,13.793951612903225,0.745,327.98951612903227,118.0,0.14407016129032257,16,1,25,6,Layer 1 Up
146,2.48,72.7,146,2.39,17.2,-5.91,0.0796,326,8.1,0.00023913262571157495,95.4,9.53,-8.5,95.4,9.78,7.75,9.28,0.134,324,14.7,0.0016350948766603417,33.5,4.0,4.0,33.5,4.0,4.0,0,0,0,0,205.0,57.2,-24.0,205.0,57.3,4.0,24.6286165796964,1.05,327.0189753320683,120.0,0.20643072817836813,16,1,2,6,Layer 1 Up
145,3.775,85.2,145,3.744,17.7,-6.54,0.0741,326,5.48,1.1754085626185958e-05,96.0,9.75,10.25,96.0,9.99,4.65,6.43,0.102,324,14.2,0.0012776180028462997,33.5,4.0,4.0,33.5,4.0,4.0,0,0,0,0,210.0,57.3,-8.2,211.0,57.3,4.0,23.201542931688802,0.946,328.09230313092974,118.0,0.18704327561669826,16,1,25,6,Layer 1 Up
145,4.1,72.7,145,4.0,4.0,-3.59,0.0548,326,6.11,-7.707798980075901e-06,96.5,10.32,97.7,96.6,10.0,4.0,1.67,0.0676,324,13.7,0.0008648273126185958,33.5,4.0,4.0,33.5,4.0,4.0,0,0,0,0,215.0,57.3,-15.9,216.0,57.3,4.000000954,19.013933823529413,0.812,329.1659511385199,120.0,0.15947170303605313,16,1,25,6,Layer 1 Up
145,4.15,85.2,145,4.0,4.0,-4.53,0.0525,326,5.4,-3.016123102466793e-05,97.1,10.0,22.8,97.2,10.0,4.0,3.97,0.0792,324,14.4,0.000987652514231499,33.5,4.0,4.0,33.5,4.0,4.0,0,0,0,0,221.0,57.2,-70.1,221.0,57.3,3.999999046,24.537950664136623,1.11,327.17267552182165,119.0,0.21675189753320684,16,1,25,6,Layer 1 Up
145,4.175,97.7,145,4.0,4.0,-3.09,0.0515,326,7.92,-1.5747650616698294e-05,97.7,9.82,-21.0,97.8,10.0,4.0,4.29,0.0977,324,16.1,0.0012679926470588233,33.5,4.0,4.0,33.5,4.0,4.0,0,0,0,0,226.0,57.4,50.6,227.0,57.3,4.0,19.531177063567362,0.836,327.22390891840604,120.0,0.161566805028463,16,1,25,6,Layer 1 Up
145,4.15,91.5,145,4.0,4.0,-4.53,0.0514,326,5.27,-2.9966130218216317e-05,98.2,10.05,-121.0,98.2,10.0,4.0,4.51,0.0788,324,15.6,0.0009450069734345351,33.5,4.0,4.0,33.5,4.0,4.0,0,0,0,0,231.0,57.3,2.69,232.0,57.3,4.0,20.76151684060721,0.83,328.29787713472484,121.0,0.16261483633776092,16,1,25,6,Layer 1 Up
145,4.125,79.0,145,4.0,4.0,-3.34,0.0478,326,6.75,-2.966395279886148e-05,98.8,9.78,4.0,98.8,10.0,4.0,6.14,0.107,324,15.3,0.0013604502490512334,33.5,4.0,4.0,33.5,4.0,4.0,0,0,0,0,237.0,57.3,-2.63,237.0,57.3,4.0,22.503688330170778,1.02,326.3034807874763,119.0,0.20151030004743836,16,1,26,6,Layer 1 Up
145,4.175,91.5,145,4.0,4.0,-3.09,0.0519,325,7.38,-3.2430844402277036e-05,99.4,9.75,-64.7,99.4,10.0,4.0,5.74,0.0866,324,13.7,0.001084438330170778,33.5,4.0,4.0,33.5,4.0,4.0,0,0,0,0,242.0,57.3,16.2,243.0,57.3,4.000000954,23.427960151802655,0.879,328.40066413662237,118.0,0.17289629981024668,16,1,26,6,Layer 1 Up
145,4.15,79.0,145,4.0,4.0,-4.32,0.0511,326,5.77,-1.5655191532258063e-05,100.0,9.97,-39.8,100.0,10.0,4.0,3.38,0.0661,324,13.6,0.0008062935246679316,33.5,4.0,4.0,33.5,4.0,4.0,0,0,0,0,247.0,57.3,-35.3,248.0,57.3,3.999999046,17.803943311195443,0.941,327.42884250474384,117.0,0.18622515417457305,16,1,26,6,Layer 1 Up
145,4.175,91.5,145,4.0,4.0,-3.13,0.0533,325,6.95,-3.295268263757116e-05,100.6,10.3,54.0,100.6,10.0,4.0,2.97,0.0706,324,12.5,0.0009476454696394687,33.5,4.0,4.0,33.5,4.0,4.0,0,0,0,0,253.0,57.3,12.62,253.0,57.3,4.0,20.05815464895636,1.0,326.45670066413663,119.0,0.196488045540797,16,1,26,6,Layer 1 Up
145,4.15,91.5,145,4.0,4.0,-4.23,0.0484,325,5.63,-2.917075723434535e-05,101.2,10.0,41.5,101.2,10.0,4.0,6.62,0.11,324,13.5,0.0014943615986717266,33.5,4.0,4.0,33.5,4.0,4.0,0,0,0,0,258.0,57.2,-27.1,259.0,57.3,4.0,25.58838353889943,0.988,327.5313092979127,121.0,0.19447171489563567,16,1,26,6,Layer 1 Up
145,4.175,97.7,145,4.0,4.0,-4.44,0.055,325,5.44,-1.5969648956356737e-05,101.8,9.85,-27.3,101.8,10.0,4.0,6.87,0.115,324,14.5,0.0014741214421252374,33.5,4.0,-2.25,33.5,4.0,4.0,0,0,0,0,263.0,57.3,-4.69,264.0,57.3,4.0,19.347843927893738,0.848,328.6062381404175,119.0,0.1678860531309298,16,1,2,6,Layer 1 Up
145,4.15,79.0,145,4.0,4.0,-5.07,0.0537,325,4.34,0.0,102.4,9.9,-89.7,102.4,10.0,4.0,6.37,0.106,324,14.4,0.0014129206593927893,33.5,4.0,4.0,33.5,4.0,4.0,0,0,0,0,269.0,57.3,1.31,269.0,57.3,4.000000954,22.627207661290324,0.955,327.6337760910816,120.0,0.18941327680265654,16,1,26,6,Layer 1 Up
145,4.175,97.7,145,4.0,4.0,-3.43,0.0504,325,6.77,-2.3245155360531306e-05,103.0,10.25,-21.0,103.0,10.0,4.0,7.52,0.098,324,12.3,0.0012595392552182162,33.5,4.0,4.0,33.5,4.0,4.0,0,0,0,0,274.0,57.3,-30.4,275.0,57.3,3.999999046,20.889919354838707,1.02,327.685009487666,117.0,0.20070706831119545,16,1,26,6,Layer 1 Up
145,4.175,97.7,145,4.0,4.0,-4.48,0.0473,325,5.5,-2.2327031546489564e-05,103.6,10.28,54.0,103.6,10.0,4.0,6.02,0.125,324,15.0,0.0016796482447817835,33.5,4.0,4.0,33.5,4.0,4.0,0,0,0,0,279.0,57.5,57.8,280.0,57.3,4.0,14.23604305028463,0.744,327.7362428842505,118.0,0.1433846062618596,16,1,26,6,Layer 1 Up
145,4.175,91.5,145,4.0,4.0,-5.07,0.0524,325,4.55,-2.355972485768501e-05,104.0,10.07,41.5,104.0,10.0,4.0,8.9,0.154,324,14.7,0.0021203752371916507,33.5,4.0,4.0,33.5,4.0,4.0,0,0,0,0,285.0,57.2,-16.9,285.0,57.3,4.0,24.686494307400384,1.04,326.76314041745735,120.0,0.20589150853889945,16,1,26,6,Layer 1 Up
145,4.175,97.7,145,4.0,4.0,-4.43,0.0514,326,5.1,-3.1759375e-05,105.0,9.8,-8.5,105.0,9.94,-9.9,10.7,0.162,324,15.1,0.002079726814516129,33.5,4.0,4.0,33.5,4.0,4.0,0,0,0,0,290.0,57.3,-1.94,291.0,57.3,4.0,23.051159274193548,0.93,327.83870967741933,119.0,0.18440927419354836,16,1,26,6,Layer 1 Up
145,4.2,104.0,145,4.0,4.0,-3.43,0.05,325,7.1,-1.5369841081593927e-05,105.0,10.28,29.0,105.0,10.0,4.0,2.12,0.0544,324,12.1,0.0006424593572106262,33.5,4.0,4.0,33.5,4.0,4.0,0,0,0,0,295.0,57.3,-9.6,296.0,57.3,4.000000954,18.751206119544594,0.805,328.91459914611005,119.0,0.15779703510436432,16,1,26,6,Layer 1 Up
145,4.225,135.0,145,4.0,4.0,-3.09,0.0519,326,7.08,-7.983318014705882e-06,106.0,10.07,35.3,106.0,10.0,4.0,3.59,0.0883,324,15.2,0.001137545955882353,33.5,4.0,4.0,33.5,4.0,4.0,0,0,0,0,301.0,57.2,-71.5,301.0,57.3,3.999999046,25.620404411764707,1.11,327.9411764705883,118.0,0.2182858455882353,16,1,27,6,Layer 1 Up
145,4.225,129.0,145,4.0,4.0,-5.62,0.0538,325,4.26,-7.533575664136622e-06,106.0,9.88,10.25,107.0,10.0,4.0,4.69,0.105,324,15.8,0.0013734682163187855,33.5,4.0,4.0,33.5,4.0,4.0,0,0,0,0,306.0,57.4,58.4,307.0,57.3,4.0,18.244577798861478,0.828,326.96743358633773,120.0,0.15989629981024667,16,1,27,6,Layer 1 Up
145,4.45,-33.5,145,4.645,17.7,3.3,0.0537,325,7.24,6.2123264943074e-05,107.0,9.93,123.0,107.0,9.97,2.59,7.95,0.131,323,15.2,0.0017324804909867174,33.5,4.0,4.0,33.5,4.0,4.0,0,0,0,0,311.0,57.3,1.75,312.0,57.3,4.0,21.220323173624287,0.837,329.06877964895637,120.0,0.16402182163187856,16,1,27,6,Layer 1 Up
146,5.7,-46.0,146,5.98,17.0,6.1,0.0967,325,9.34,0.0003742332186907021,108.0,9.53,-2.25,108.0,9.66,-0.48,6.24,0.106,324,15.2,0.0013021265417457308,33.5,4.0,4.0,33.5,4.0,4.0,0,0,0,0,317.0,57.3,-0.69,317.0,57.3,4.0,22.864111717267555,1.02,327.069580170778,118.0,0.2019834084440228,16,1,2,6,Layer 1 Up
146,7.15,4.0,146,7.22,15.6,4.94,0.0735,325,9.61,0.0004952955348671727,108.0,9.35,22.8,108.0,9.06,-3.32,4.95,0.0769,324,11.2,0.0008665108218690702,33.5,4.0,4.0,33.5,4.0,4.0,0,0,0,0,322.0,57.3,17.4,323.0,57.3,4.000000954,20.098949240986716,0.884,328.146110056926,121.0,0.17330216437381404,16,1,29,6,Layer 1 Up
146,8.03,-58.5,146,8.28,13.67,4.81,0.0796,325,12.2,0.000685111954459203,109.0,8.3,16.5,109.0,8.2,-5.77,9.38,0.157,324,12.7,0.0015076565464895635,33.5,4.0,4.0,33.5,4.0,4.0,0,0,0,0,327.0,57.3,-32.7,328.0,57.3,3.999999046,17.127798861480077,0.938,328.1973434535104,118.0,0.18563662239089185,16,1,29,6,Layer 1 Up
147,9.2,41.5,147,9.13,11.2,3.93,0.0832,325,13.9,0.0009149929079696396,109.0,7.13,-52.3,109.0,7.12,-7.7,3.56,0.0621,324,10.5,0.00038979518500948773,33.5,4.0,4.0,33.5,4.0,4.0,0,0,0,0,333.0,57.3,14.6,333.0,57.3,4.0,20.20780301233397,0.985,326.1970232447818,120.0,0.1938718157020873,16,1,29,6,Layer 1 Up
147,9.72,10.25,147,9.7,8.35,5.1,0.0913,325,14.0,0.0011387899667931688,109.0,6.08,-14.8,109.0,5.87,-9.0,7.45,0.12,324,9.34,0.0005129684535104364,33.5,4.0,4.0,33.5,4.0,4.0,0,0,0,0,338.0,57.3,-21.4,339.0,57.3,4.0,26.87954696394687,0.984,327.27387333965845,120.0,0.19492801233396584,16,1,29,6,Layer 1 Up
148,9.72,-33.5,148,9.98,5.28,6.3,0.105,325,14.9,0.001344187084914611,109.0,4.575,-33.5,109.0,4.531,-9.7,2.76,0.0457,324,5.74,4.832916923624288e-05,33.5,3.975,-2.25,33.5,4.0,4.0,0,0,0,0,343.0,57.4,6.44,344.0,57.3,4.0,19.59845291745731,0.835,328.3510436432638,118.0,0.1652016188330171,16,1,29,6,Layer 1 Up
148,9.88,-2.25,148,10.0,4.0,6.17,0.0996,325,13.7,0.0012828213946869073,109.0,3.975,-8.5,109.0,4.0,4.0,0.547,0.0254,324,2.69,0.0,33.5,4.0,4.0,33.5,4.0,4.0,0,0,0,0,349.0,57.3,7.63,349.0,57.3,4.000000954,22.78290796963947,0.952,328.40227703984823,120.0,0.18883130929791273,16,1,29,6,Layer 1 Up
149,9.9,-33.5,149,10.0,4.0,5.75,0.0945,326,14.3,0.0011803798031309297,109.0,4.0,4.0,109.0,4.0,4.0,-0.31,0.0239,324,2.23,1.1701156309297912e-06,33.5,4.0,4.0,33.5,4.0,4.0,0,0,0,0,354.0,57.3,-18.8,355.0,57.3,3.999999046,20.52834440227704,0.992,327.4270932163188,116.0,0.1970721062618596,16,1,29,6,Layer 1 Up
150,9.9,-33.5,150,10.0,4.0,6.12,0.0931,326,14.5,0.0011805639231499052,109.0,4.0,4.0,109.0,4.0,4.0,-0.474,0.0184,324,2.0,-8.695109938330172e-07,33.5,4.0,4.0,33.5,4.0,4.0,0,0,0,0,359.0,57.5,63.4,360.0,57.3,4.0,12.524243358633775,0.73,328.5047438330171,119.0,0.14166767077798864,16,1,29,6,Layer 1 Up
150,10.07,4.0,150,10.0,4.0,5.42,0.086,326,13.7,0.0011088764231499053,109.0,4.0,4.0,109.0,4.0,4.0,0.963,0.0209,324,0.989,1.4168976518026567e-06,33.5,4.0,4.0,33.5,4.0,4.0,0,0,0,0,365.0,57.2,-15.6,365.0,57.3,4.0,25.052393263757118,1.05,327.52923980075906,120.0,0.207400960626186,16,1,29,6,Layer 1 Up
151,10.0,4.0,151,10.0,4.0,4.65,0.0852,326,13.8,0.0010987803605313092,109.0,4.0,4.0,109.0,4.0,4.0,-0.518,0.0194,324,1.97,-8.215180265654648e-07,33.5,4.0,4.0,33.5,4.0,4.0,0,0,0,0,370.0,57.3,-10.0,371.0,57.3,4.0,24.337471537001896,0.947,328.607210626186,118.0,0.18689535104364324,16,1,2,6,Layer 1 Up
151,9.8,-27.3,151,10.0,4.0,7.89,0.107,325,12.8,0.0013351749288425048,109.0,4.0,4.0,109.0,4.0,4.0,1.6,0.0212,324,1.96,1.30436319971537e-06,33.5,4.0,4.0,33.5,4.0,4.0,0,0,0,0,375.0,57.3,-9.5,376.0,57.3,4.000000954,19.10327205882353,0.799,329.6855016603416,119.0,0.1571398185483871,16,1,29,6,Layer 1 Up
152,9.8,-64.7,152,10.0,4.0,6.45,0.0921,326,14.6,0.0011607560483870966,109.0,4.0,4.0,109.0,4.0,4.0,0.504,0.0206,324,2.12,1.3456552419354838e-06,33.5,4.0,4.0,33.5,4.0,4.0,0,0,0,0,381.0,57.2,-69.9,381.0,57.3,3.999999046,24.961391129032258,1.1,328.7096774193548,118.0,0.21674294354838708,16,1,29,6,Layer 1 Up
153,10.07,-14.8,153,10.0,4.0,4.99,0.072,326,12.7,0.0008958734819734345,109.0,4.0,4.0,109.0,4.0,4.0,0.963,0.0224,325,0.65,1.1506631878557875e-06,33.5,4.0,4.0,33.5,4.0,4.0,0,0,0,0,386.0,57.4,58.4,387.0,57.3,4.0,17.36268560246679,0.829,327.73353296963944,121.0,0.1602709440227704,16,1,29,6,Layer 1 Up
153,10.05,10.25,153,10.0,4.0,4.63,0.0847,323,14.0,0.001068639468690702,109.0,4.0,4.0,109.0,4.0,4.0,-0.177,0.0217,323,1.82,5.3123712049335865e-06,33.5,4.0,4.0,33.5,4.0,4.0,0,0,0,0,391.0,57.3,7.63,392.0,57.3,4.0,20.859020398481974,0.824,327.7846062618596,121.0,0.1623509962049336,16,1,29,6,Layer 1 Up
154,9.9,-8.5,154,10.0,4.0,5.93,0.106,325,15.4,0.001387392374288425,109.0,4.0,4.0,109.0,4.0,4.0,2.21,0.0204,324,4.99,-2.9803243595825427e-06,33.5,4.0,4.0,33.5,4.0,4.0,0,0,0,0,397.0,57.3,0.75,397.0,57.3,4.0,23.123206238140416,1.01,326.8079814990512,119.0,0.20142881878557872,16,1,29,6,Layer 1 Up
154,9.88,-46.0,154,10.0,4.0,6.0,0.0991,325,15.3,0.0012848226992409866,109.0,4.0,4.0,109.0,4.0,4.0,-0.147,0.0386,324,1.1,-2.0659949003795063e-06,33.5,4.0,4.0,33.5,4.0,4.0,0,0,0,0,402.0,57.4,20.2,403.0,57.3,4.000000954,22.715665322580644,0.869,327.8867528462998,118.0,0.17165231261859584,16,1,29,6,Layer 1 Up
155,10.0,-33.5,155,10.0,4.0,5.22,0.0915,325,15.8,0.0012233417338709679,109.0,4.0,4.0,109.0,4.0,4.0,1.35,0.0188,324,2.09,0.0,33.5,3.975,-2.25,33.5,4.0,4.0,0,0,0,0,407.0,57.3,-32.3,408.0,57.3,3.999999046,16.962301351992412,0.937,328.96584440227707,118.0,0.18607130574003797,16,1,29,6,Layer 1 Up
156,9.85,4.0,156,10.0,4.0,5.88,0.105,325,13.0,0.0012852229601518026,109.0,4.0,4.0,109.0,4.0,4.0,0.503,0.0158,324,1.5,-1.2749411764705881e-06,33.5,4.0,4.0,33.5,4.0,4.0,0,0,0,0,414.0,57.4,50.8,415.0,57.3,4.000000954,19.946660341555972,0.803,325.9325426944971,118.0,0.15833946869070206,16,1,29,6,Layer 1 Up
156,9.78,-21.0,156,10.0,4.0,5.59,0.113,325,15.9,0.0014499572462049336,109.0,4.0,4.0,109.0,4.0,4.0,1.35,0.0187,324,1.43,2.282911408918406e-06,33.5,4.0,4.0,33.5,4.0,4.0,0,0,0,0,418.0,57.3,-18.6,419.0,57.3,4.0,27.045301826375713,0.979,328.03997272296016,119.0,0.19332763282732449,16,1,29,6,Layer 1 Up
157,9.78,-77.2,157,10.0,4.0,6.3,0.102,325,15.2,0.0013164781783681215,109.0,4.0,4.0,109.0,4.0,4.0,1.05,0.0236,324,1.56,0.0,33.5,4.0,4.0,33.5,4.0,4.0,0,0,0,0,423.0,57.4,4.937,424.0,57.3,4.0,18.51297438330171,0.838,329.11954459203037,119.0,0.16764526802656549,16,1,2,6,Layer 1 Up
157,9.9,-58.5,157,10.0,4.0,6.1,0.088,325,12.9,0.0011006647888994307,109.0,4.0,4.0,109.0,4.0,4.0,0.459,0.0178,324,1.29,1.0595184416508538e-06,33.5,4.0,4.0,33.5,4.0,4.0,0,0,0,0,429.0,57.3,6.63,429.0,57.3,4.000000954,22.52762511859582,0.947,328.1421193074004,119.0,0.18824453866223906,16,1,29,6,Layer 1 Up
158,10.1,16.5,158,10.0,4.0,5.13,0.0826,325,12.7,0.0011111242884250475,109.0,4.0,4.0,109.0,4.0,4.0,0.548,0.0215,324,2.25,1.3271762333965843e-06,33.5,4.0,4.0,33.5,4.0,4.0,0,0,0,0,434.0,57.3,-23.6,435.0,57.3,3.999999046,20.06196631878558,0.984,328.1931925996205,117.0,0.19547556925996204,16,1,29,6,Layer 1 Up
159,9.82,-27.3,159,10.0,4.0,6.22,0.115,325,15.0,0.001471439812618596,109.0,4.0,4.0,109.0,4.0,4.0,1.05,0.0228,324,1.85,-2.50041870256167e-06,33.5,4.0,4.0,33.5,4.0,4.0,0,0,0,0,439.0,57.5,64.4,440.0,57.3,4.0,12.656440346299812,0.741,328.24426589184066,119.0,0.14508602348197344,16,1,29,6,Layer 1 Up
159,9.78,-58.5,159,10.0,4.0,6.88,0.102,325,14.6,0.0012864237428842505,109.0,4.0,4.0,109.0,4.0,4.0,0.711,0.0223,324,1.43,-1.7907018500948766e-06,33.5,4.0,4.0,33.5,4.0,4.0,0,0,0,0,445.0,57.2,-21.5,445.0,57.3,4.0,25.110991461100564,1.06,327.2662001897533,120.0,0.21097349383301706,16,1,29,6,Layer 1 Up
160,10.03,-33.5,160,10.0,4.0,4.67,0.0841,325,14.1,0.0010498850806451613,109.0,4.0,4.0,109.0,4.0,4.0,0.8,0.0197,324,1.78,0.0,33.5,4.0,4.0,33.5,4.0,4.0,0,0,0,0,450.0,57.3,-2.19,451.0,57.3,4.0,22.85043999051233,0.946,328.3464124762808,119.0,0.18733243595825427,16,1,29,6,Layer 1 Up
160,10.1,-2.25,160,10.0,4.0,4.34,0.0794,325,14.1,0.0010160762333965845,109.0,4.0,4.0,109.0,4.0,4.0,-0.089,0.0194,324,2.01,0.0,33.5,4.0,4.0,33.5,4.0,4.0,0,0,0,0,455.0,57.3,-11.3,456.0,57.3,4.000000954,18.839103415559773,0.804,330.4564041745731,120.0,0.15956617647058824,16,1,29,6,Layer 1 Up
161,9.9,16.5,161,10.0,4.0,6.01,0.105,325,14.4,0.0013796898719165085,109.0,4.0,4.0,109.0,4.0,4.0,-0.221,0.0184,324,1.37,0.0,33.5,4.0,-2.25,33.5,4.0,4.0,0,0,0,0,461.0,57.2,-69.1,461.0,57.3,3.999999046,25.328634962049335,1.13,328.44855906072104,118.0,0.22239777039848196,16,1,29,6,Layer 1 Up
162,9.8,-64.7,162,10.0,4.0,6.13,0.102,325,15.1,0.0013078198529411765,109.0,4.0,4.0,109.0,4.0,4.0,0.875,0.0204,324,0.431,3.274698529411765e-06,33.5,4.0,4.0,33.5,4.0,4.0,0,0,0,0,466.0,57.4,55.7,467.0,57.3,4.0,19.256875,0.829,327.4698529411765,119.0,0.16064558823529412,16,1,29,6,Layer 1 Up
162,9.85,-77.2,162,10.0,4.0,5.2,0.0746,325,13.4,0.0008960473790322581,109.0,4.0,4.0,109.0,4.0,4.0,0.756,0.0175,324,1.69,-1.122634072580645e-06,33.5,4.0,4.0,33.5,4.0,4.0,0,0,0,0,471.0,57.4,11.0,472.0,57.3,4.0,19.36286290322581,0.824,329.58064516129036,122.0,0.16273044354838712,16,1,29,6,Layer 1 Up
163,10.18,35.3,163,10.0,4.0,3.29,0.083,325,14.5,0.0011022065939278937,109.0,4.0,4.0,109.0,4.0,4.0,0.371,0.0234,324,0.986,1.4936444497153701e-06,33.5,4.0,4.0,33.5,4.0,4.0,0,0,0,0,477.0,57.3,1.31,477.0,57.3,4.0,22.971221537001895,1.0,328.60177893738137,118.0,0.19983932637571156,16,1,29,6,Layer 1 Up
163,10.03,35.3,163,10.0,4.0,5.02,0.0931,325,15.0,0.0012260090725806452,109.0,4.0,4.0,109.0,4.0,4.0,1.35,0.0206,324,2.34,-3.0907791745730552e-06,33.5,4.0,4.0,33.5,4.0,4.0,0,0,0,0,482.0,57.4,28.0,483.0,57.3,4.000000954,21.84150616698292,0.871,328.65285222960154,120.0,0.17205337405123342,16,1,2,6,Layer 1 Up
164,9.75,-46.0,164,9.93,1.96,7.04,0.112,325,13.7,0.0013601541745730552,109.0,3.1,-2.25,109.0,3.083,-9.6,-6.23,0.106,324,7.72,0.00015662381404174576,33.5,4.0,4.0,33.5,4.0,4.0,0,0,0,0,487.0,57.3,-31.7,488.0,57.3,3.999999046,17.00192718216319,0.936,329.73434535104366,118.0,0.18650598908918406,16,1,29,6,Layer 1 Up
164,9.72,-14.8,164,9.57,-1.07,4.63,0.0704,325,11.9,0.0008430143856736243,109.0,2.0,35.3,109.0,1.76,-8.8,-3.13,0.0495,324,7.29,0.0002215746857210626,33.5,4.0,4.0,33.5,4.0,4.0,0,0,0,0,493.0,57.3,11.81,493.0,57.3,4.0,20.508540678368117,1.0,327.7244188804554,119.0,0.19787134724857686,16,1,31,6,Layer 1 Up
165,8.97,-46.0,165,8.91,-3.84,4.74,0.083,326,12.8,0.0008812827324478178,109.0,0.58,-14.8,109.0,0.55,-7.3,-6.68,0.113,324,10.8,0.0008977745730550285,33.5,4.0,4.0,33.5,4.0,4.0,0,0,0,0,498.0,57.3,-21.7,499.0,57.3,4.0,24.222390891840607,0.978,328.80607210626187,121.0,0.19377912713472487,16,1,31,6,Layer 1 Up
165,7.88,-27.3,165,8.0,-6.2,5.94,0.11,325,12.5,0.0009628607329222013,108.0,-0.07,29.0,108.0,-0.47,-5.21,-6.0,0.0804,324,11.3,0.0007061665974857685,33.5,4.0,4.0,33.5,4.0,4.0,0,0,0,0,503.0,57.4,9.13,504.0,57.3,4.0,21.339632945920304,0.83,329.888045540797,117.0,0.16597492291271349,16,1,31,6,Layer 1 Up
166,7.05,-46.0,166,6.88,-8.0,3.47,0.0688,325,9.7,0.00043716954459203033,108.0,-1.4,41.5,108.0,-1.26,-2.66,-4.68,0.0703,324,11.3,0.0007887610887096773,33.5,4.0,4.0,33.5,4.0,4.0,0,0,0,0,509.0,57.3,6.38,509.0,57.3,4.000000954,22.683325426944972,0.97,328.9082186907021,120.0,0.19280826612903224,16,1,31,6,Layer 1 Up
166,5.45,-102.0,166,5.61,-9.2,4.7,0.082,326,9.13,0.000280491935483871,107.0,-1.7,10.25,107.0,-1.78,0.25,-8.1,0.143,324,15.8,0.0017427623932637572,33.5,4.0,4.0,33.5,4.0,4.0,0,0,0,0,514.0,57.3,-20.0,515.0,57.3,3.999999046,19.0775764943074,1.0,328.9592919829222,119.0,0.20108796845351046,16,1,31,6,Layer 1 Up
166,4.125,-134.0,166,4.256,-9.7,3.33,0.0801,326,7.53,5.7860443548387104e-05,107.0,-1.82,-2.25,107.0,-1.99,3.35,-7.98,0.131,324,15.2,0.0016502087286527516,33.5,4.0,4.0,33.5,4.0,4.0,0,0,0,0,519.0,57.5,65.4,520.0,57.3,4.0,16.089535104364327,0.755,329.01036527514236,115.0,0.14748740512333966,16,1,31,6,Layer 1 Up
166,3.775,-102.0,166,4.0,4.0,3.87,0.0581,326,4.88,-8.809356380455408e-06,106.0,-2.13,60.3,106.0,-2.0,4.0,-3.74,0.0642,324,12.1,0.0007705607981499051,33.5,4.0,4.0,33.5,4.0,4.0,0,0,0,0,525.0,57.2,-25.9,525.0,57.3,4.0,25.47905182637571,1.05,329.0614385673624,121.0,0.2094027336337761,16,1,31,6,Layer 1 Up
166,3.825,-89.7,166,4.0,4.0,2.21,0.0525,326,7.05,-7.913144093927893e-06,106.0,-2.18,-33.5,106.0,-2.0,4.0,-4.12,0.091,324,13.9,0.0012174067836812146,33.5,4.0,4.0,33.5,4.0,4.0,0,0,0,0,530.0,57.3,-7.4,531.0,57.3,4.0,21.459373814041747,0.957,329.1125118595825,120.0,0.19086462286527514,16,1,31,6,Layer 1 Up
166,3.825,-83.5,166,4.0,4.0,3.06,0.0539,325,5.66,0.0,105.0,-1.95,-14.8,105.0,-2.0,4.0,-6.96,0.127,324,14.7,0.0016819330526565467,33.5,4.0,4.0,33.5,4.0,4.0,0,0,0,0,535.0,57.3,-7.4,536.0,57.3,4.000000954,22.1850065227704,0.813,331.2273066888046,117.0,0.15993841911764708,16,1,2,6,Layer 1 Up
166,3.825,-83.5,166,4.0,4.0,2.49,0.0523,326,6.23,-1.5067504743833018e-05,105.0,-1.82,210.0,105.0,-2.0,4.0,-8.48,0.127,324,16.3,0.0015893121442125235,33.5,4.0,4.0,33.5,4.0,4.0,0,0,0,0,541.0,57.1,-82.6,541.0,57.3,3.999999046,25.90372390891841,1.12,330.24667931688805,119.0,0.2198204459203036,16,1,31,6,Layer 1 Up
166,3.8,-89.7,166,4.0,4.0,3.05,0.0511,326,5.32,-2.2811199596774193e-05,104.0,-1.82,-39.8,104.0,-2.0,4.0,-8.56,0.146,324,15.2,0.001899212998102467,33.5,4.0,4.0,33.5,4.0,4.0,0,0,0,0,546.0,57.5,66.7,547.0,57.3,4.0,16.102023244781783,0.839,328.23355075901327,121.0,0.16308459440227704,16,1,32,6,Layer 1 Up
166,-1.75,72.7,166,-2.0,4.0,-5.86,0.102,325,14.7,0.0013007497628083492,103.8,4.0,-14.8,103.8,4.0,4.0,3.0,0.0227,324,2.44,-1.8788607685009485e-06,33.5,4.0,4.0,33.5,4.0,4.0,0,0,0,0,551.0,57.3,12.19,552.0,57.3,4.0,23.12444022770398,0.816,330.3491461100569,118.0,0.16104520872865274,16,1,32,6,Layer 1 Up
165,-1.88,72.7,165,-2.0,4.0,-5.64,0.0899,326,14.6,0.0011357513045540798,103.8,3.95,-21.0,103.8,4.0,4.0,1.55,0.0239,324,2.48,-5.585831416034155e-06,33.5,4.0,4.0,33.5,4.0,4.0,0,0,0,0,557.0,57.3,-3.06,557.0,57.3,4.0,22.81827620967742,1.01,329.3678783206831,119.0,0.20133773126185958,16,1,34,6,Layer 1 Down
165,-2.07,22.8,165,-2.0,4.0,-4.72,0.0841,326,13.9,0.0011152741935483873,103.8,3.95,-21.0,103.8,4.0,4.0,1.35,0.0282,325,2.08,-5.979108870967742e-06,33.5,4.0,4.0,33.5,4.0,4.0,0,0,0,0,562.0,57.4,25.8,563.0,57.3,4.000000954,19.723830645161293,0.873,329.41895161290324,121.0,0.172454435483871,16,1,34,6,Layer 1 Down
164,-2.07,-33.5,164,-2.0,4.0,-4.79,0.0932,326,14.3,0.0012497138875711574,103.8,3.95,-21.0,103.8,4.0,4.0,2.09,0.0256,324,2.18,2.5097559890891837e-06,33.5,4.0,4.0,33.5,4.0,4.0,0,0,0,0,567.0,57.3,-33.3,568.0,57.3,3.999999046,22.2056599857685,0.949,330.50284629981024,114.0,0.19003913662239086,16,1,34,6,Layer 1 Down
163,-1.78,41.5,163,-2.0,4.0,-6.25,0.112,326,15.0,0.0014048548387096775,103.8,3.95,-21.0,103.8,4.0,4.0,1.55,0.0319,325,2.57,2.0246437381404174e-06,33.5,4.0,4.0,33.5,4.0,4.0,0,0,0,0,573.0,57.3,5.31,573.0,57.3,4.0,20.866226280834912,0.999,328.48811669829223,119.0,0.19626648481973435,16,1,34,6,Layer 1 Down
163,2.83,35.3,163,2.73,-4.87,-6.11,0.102,326,8.14,0.0002706831000948767,104.0,9.55,-152.0,104.0,9.86,2.11,5.06,0.074,324,13.9,0.0008606069556451613,33.5,4.0,4.0,33.5,4.0,4.0,0,0,0,0,578.0,57.3,-19.3,579.0,57.3,4.0,23.865571038899432,0.978,329.5721714895636,122.0,0.19423062144212525,16,1,34,6,Layer 1 Down
163,2.1,66.5,163,1.86,-4.49,-4.22,0.0689,326,8.84,0.00027072504743833015,105.0,9.78,29.0,105.0,9.61,0.79,3.72,0.078,324,13.2,0.0009992027514231499,33.5,4.0,4.0,33.5,4.0,4.0,0,0,0,0,583.0,57.4,7.31,584.0,57.3,4.0,21.699335863377605,0.824,330.65654648956354,115.0,0.1642949715370019,16,1,34,6,Layer 1 Down
163,1.25,10.25,163,1.04,-3.91,-7.23,0.112,326,10.1,0.0006831182578273245,105.0,9.3,-64.7,105.0,9.22,-0.45,4.42,0.0718,324,12.5,0.0008019663662239089,33.5,4.0,4.0,33.5,4.0,4.0,0,0,0,0,589.0,57.3,12.12,589.0,57.3,4.000000954,22.632813685958254,0.945,329.6743180740038,119.0,0.18809004981024668,16,1,2,6,Layer 1 Down
162,0.4,-14.8,162,0.29,-3.14,-5.07,0.108,326,12.1,0.0008258639112903226,106.0,8.75,-2.25,106.0,8.71,-1.59,6.2,0.102,324,12.8,0.0010853030123339658,33.5,4.0,4.0,33.5,4.0,4.0,0,0,0,0,594.0,57.3,-20.9,595.0,57.3,3.999999046,18.29510792220114,0.987,329.7253913662239,120.0,0.19742178605313093,16,1,34,6,Layer 1 Down
162,-0.18,22.8,162,-0.38,-2.22,-7.97,0.101,326,10.1,0.0009076606143263756,106.0,7.9,-52.3,106.0,8.1,-2.6,6.23,0.102,324,11.8,0.0008838836278462997,33.5,4.0,4.0,33.5,4.0,4.0,0,0,0,0,599.0,57.5,69.4,600.0,57.3,4.0,15.71348671726755,0.747,329.776464658444,114.0,0.14576326494307398,16,1,34,6,Layer 1 Down
162,-0.97,-2.25,162,-0.95,-1.16,-5.16,0.0893,326,12.1,0.0009719055977229601,107.0,7.67,4.0,107.0,7.4,-3.46,2.43,0.047,324,7.7,0.0003194881166982922,33.5,4.0,4.0,33.5,4.0,4.0,0,0,0,0,605.0,57.2,-23.1,605.0,57.3,4.0,25.331582068311196,1.04,329.8275379506641,120.0,0.20575448292220114,16,1,34,6,Layer 1 Down
161,-1.45,-14.8,161,-1.4,0.03,-3.78,0.0816,326,14.2,0.0009948063448766604,107.0,6.75,-39.8,107.0,6.61,-4.15,3.3,0.0558,324,7.3,0.0003298786112428843,33.5,4.0,4.0,33.5,4.0,4.0,0,0,0,0,610.0,57.3,-5.44,611.0,57.3,4.0,22.336608159392792,0.938,329.8786112428843,119.0,0.18717250355787476,16,1,34,6,Layer 1 Down
160,-1.57,79.0,160,-1.73,1.3,-6.08,0.0912,325,13.8,0.0011376885673624287,107.0,5.7,-33.5,107.0,5.77,-4.66,5.79,0.0673,324,5.42,0.00023684607447817837,33.5,4.0,4.0,33.5,4.0,4.0,0,0,0,0,615.0,57.3,1.44,616.0,57.3,4.000000954,22.34006641366224,0.795,330.9639468690702,116.0,0.15720787476280834,16,1,34,6,Layer 1 Down
160,-1.93,4.0,160,-1.93,2.63,-4.38,0.0955,325,14.8,0.0012309627016129034,107.0,4.925,-33.5,107.0,4.885,-4.97,4.95,0.0652,324,8.81,0.00014999125355787476,33.5,4.0,4.0,33.5,4.0,4.0,0,0,0,0,621.0,57.2,-70.5,621.0,57.3,3.999999046,24.619254032258066,1.1,329.98075782732445,119.0,0.21722871204933586,16,1,34,6,Layer 1 Down
159,-1.85,60.3,159,2.91,941.0,-5.52,0.0935,325,14.6,0.0011587324478178368,107.0,4.025,-27.3,107.0,4.000573,-0.1,5.25,0.0797,324,5.67,-1.3139198292220115e-05,33.5,4.0,4.0,33.5,4.0,4.0,0,0,0,0,626.0,57.4,62.1,627.0,57.3,4.0,16.553320683111956,0.832,328.9972485768501,120.0,0.16139487666034158,16,1,34,6,Layer 1 Down
159,-1.85,29.0,159,-2.0,4.0,-6.91,0.102,325,14.2,0.0013037757352941175,107.0,3.85,-64.7,107.0,4.0,4.0,4.0,0.0621,324,5.32,-9.72658088235294e-06,33.5,4.0,4.0,33.5,4.0,4.0,0,0,0,0,631.0,57.4,13.94,632.0,57.3,4.0,22.246966911764705,0.82,330.0829044117647,118.0,0.16245459558823527,16,1,34,6,Layer 1 Down
158,-1.95,54.0,158,-2.0,4.0,-6.67,0.102,326,12.3,0.0012936284392789375,107.0,3.85,-71.0,107.0,4.0,4.0,4.04,0.0617,324,5.29,9.686689753320683e-06,33.5,4.0,4.0,33.5,4.0,4.0,0,0,0,0,637.0,57.3,-3.25,637.0,57.3,4.0,22.871350806451616,0.993,329.0990749525617,119.0,0.19766642552182165,16,1,35,6,Layer 1 Down
158,-1.85,54.0,158,-2.0,4.0,-6.37,0.105,326,15.4,0.0013455817125237193,107.0,3.85,-71.0,107.0,4.0,4.0,3.31,0.0651,325,6.28,-1.873463768975332e-05,33.5,4.0,4.0,33.5,4.0,4.0,0,0,0,0,643.0,57.4,-0.5,643.0,57.3,4.0,19.355675403225806,0.762,331.22011385199244,120.0,0.152154239800759,16,1,2,6,Layer 1 Down
157,-1.95,16.5,157,-2.0,4.0,-6.71,0.113,325,13.2,0.001542482210626186,107.0,3.85,-64.7,107.0,4.0,4.0,4.22,0.0633,324,4.69,-9.855322580645162e-06,33.5,4.0,4.0,33.5,4.0,4.0,0,0,0,0,647.0,57.3,-38.1,648.0,57.3,3.999999046,20.807981499051234,0.951,331.27134724857683,115.0,0.18944580170777986,16,1,35,6,Layer 1 Down
156,-1.78,85.2,156,-2.0,4.0,-6.28,0.105,326,14.3,0.0013252903225806454,107.0,3.875,-52.3,107.0,4.0,4.0,3.87,0.0603,324,5.13,0.0,33.5,4.0,4.0,33.5,4.0,4.0,0,0,0,0,653.0,57.3,5.75,653.0,57.3,4.0,19.98289314516129,0.999,329.25181451612906,120.0,0.19879354838709679,16,1,35,6,Layer 1 Down
156,-1.95,54.0,156,-2.0,4.0,-6.08,0.1,325,12.9,0.0013358506878557875,107.0,3.85,-71.0,107.0,4.0,4.0,4.09,0.064,324,4.81,0.0,33.5,4.0,4.0,33.5,4.0,4.0,0,0,0,0,658.0,57.3,-14.3,659.0,57.3,4.0,23.71393856736243,0.954,330.3382708728653,122.0,0.18950439990512336,16,1,35,6,Layer 1 Down
155,-2.13,-14.8,155,-2.0,4.0,-6.84,0.109,326,11.5,0.0013981994188804554,107.0,3.875,-52.3,107.0,4.0,4.0,3.25,0.062,325,5.92,0.0,33.5,4.0,4.0,33.5,4.0,4.0,0,0,0,0,663.0,57.4,8.88,664.0,57.3,4.0,21.128346774193545,0.82,330.3893441650854,116.0,0.16364111717267552,16,1,35,6,Layer 1 Down
155,-2.0,66.5,155,-2.0,4.0,-7.45,0.0867,326,10.9,0.0011394497153700191,107.0,3.875,-58.5,107.0,4.0,4.0,3.65,0.0568,324,5.5,-9.032728652751423e-06,33.5,4.0,4.0,33.5,4.0,4.0,0,0,0,0,669.0,57.3,4.562,670.0,57.3,4.0,24.964307400379507,0.922,330.4404174573055,117.0,0.18438368121442125,16,1,35,6,Layer 1 Down
154,-1.8,29.0,154,-2.0,4.0,-6.32,0.111,326,14.6,0.0013986317006641367,107.0,3.875,-52.3,107.0,4.0,4.0,5.34,0.0631,324,6.5,9.780061669829223e-06,33.5,4.0,4.0,33.5,4.0,4.0,0,0,0,0,674.0,57.3,-18.4,675.0,57.3,3.999999046,18.44121797912714,0.99,330.49149074952567,119.0,0.19788048505692601,16,1,35,6,Layer 1 Down
153,-1.95,72.7,153,-2.0,4.0,-6.13,0.0925,326,14.2,0.0012537821394686907,107.0,3.85,-64.7,107.0,4.0,4.0,4.13,0.0616,325,5.06,1.9480251423149905e-05,33.5,4.0,4.0,33.5,4.0,4.0,0,0,0,0,679.0,57.5,69.4,680.0,57.3,4.0,15.646372153700188,0.749,330.5425640417457,114.0,0.14610188567362425,16,1,35,6,Layer 1 Down
153,-2.07,16.5,153,-2.0,4.0,-4.97,0.0876,326,13.6,0.001139978059772296,107.0,3.875,-52.3,107.0,4.0,4.0,4.0,0.0624,324,4.88,9.803811314041745e-06,33.5,4.0,4.0,33.5,4.0,4.0,0,0,0,0,685.0,57.2,-21.3,685.0,57.3,4.0,25.18315168406072,1.04,329.5572936432638,120.0,0.20830508183111957,16,1,35,6,Layer 1 Down
152,3.125,242.0,152,-2.0,-121.0,-13.2,0.254,326,14.6,0.0020522775142314993,107.0,3.875,-58.5,107.0,3.9365,-5.29,3.16,0.0605,324,5.66,1.9382620967741937e-05,33.5,4.0,4.0,33.5,4.0,4.0,0,0,0,0,690.0,57.3,-1.38,691.0,57.3,4.0,20.315474383301712,0.93,330.644710626186,121.0,0.18553417931688806,16,1,35,6,Layer 1 Down
152,-1.75,29.0,152,-1.92,5.43,-6.18,0.106,325,14.2,0.0013580297082542694,107.0,3.175,29.0,107.0,3.033,-4.96,-6.04,0.0965,324,7.35,0.0001917828213946869,33.5,4.0,4.0,33.5,4.0,4.0,0,0,0,0,695.0,57.3,1.12,696.0,57.3,4.000000954,21.977274667931688,0.796,331.7324478178368,116.0,0.15757291271347248,16,1,2,6,Layer 1 Down
151,-1.6,97.7,151,-1.71,6.77,-4.43,0.0743,325,14.3,0.0009196628913662239,107.0,2.33,16.5,107.0,2.15,-4.64,-6.12,0.103,324,9.29,0.0004447974976280835,33.5,4.0,4.0,33.5,4.0,4.0,0,0,0,0,701.0,57.2,-70.9,701.0,57.3,3.999999046,25.194823292220114,1.1,330.7468572106262,119.0,0.21876986480075902,16,1,37,6,Layer 1 Down
151,-1.22,41.5,151,-1.37,8.04,-5.82,0.105,326,14.2,0.0012029015654648958,107.0,1.4,-8.5,107.0,1.31,-4.12,-7.99,0.136,324,11.5,0.000823365381878558,33.5,4.0,4.0,33.5,4.0,4.0,0,0,0,0,706.0,57.5,64.1,707.0,57.3,4.0,18.043523481973434,0.84,329.7609463946869,119.0,0.16384348908918409,16,1,37,6,Layer 1 Down
150,-0.78,29.0,150,-0.9,9.22,-7.19,0.112,325,12.1,0.0012134587286527514,107.0,0.7,16.5,106.0,0.54,-3.42,-8.2,0.143,324,13.2,0.0010475156546489563,33.5,4.0,4.0,33.5,4.0,4.0,0,0,0,0,711.0,57.4,13.81,712.0,57.3,4.0,21.987457305502843,0.813,330.8490037950664,118.0,0.16075735294117646,16,1,37,6,Layer 1 Down
150,-0.38,54.0,150,-0.32,10.27,-4.0,0.0945,326,12.7,0.0008837832779886148,106.0,-0.38,4.0,106.0,-0.16,-2.55,-4.2,0.0857,324,10.9,0.0008039108455882353,33.5,4.0,4.0,33.5,4.0,4.0,0,0,0,0,717.0,57.3,-3.0,717.0,57.3,4.0,22.405773244781788,1.01,329.8627727703985,119.0,0.2022743417931689,16,1,37,6,Layer 1 Down
149,0.4,54.0,149,0.41,11.26,-3.68,0.0673,326,9.86,0.0005291068548387097,106.0,-0.45,16.5,106.0,-0.81,-1.45,-6.18,0.102,325,13.3,0.0009731416271347248,33.5,4.0,4.0,33.5,4.0,4.0,0,0,0,0,723.0,57.4,3.188,723.0,57.3,4.0,19.08934535104364,0.768,331.98861480075897,120.0,0.153544734345351,16,1,37,6,Layer 1 Down
149,1.1,66.5,149,1.11,11.94,-5.04,0.0773,326,8.2,0.0005333390061669829,105.0,-1.55,-39.8,105.0,-1.26,-0.39,-4.91,0.115,324,14.6,0.0013696643738140416,33.5,4.0,4.0,33.5,4.0,4.0,0,0,0,0,727.0,57.3,-31.9,728.0,57.3,3.999999046,20.960015417457303,0.945,331.00222367172677,114.0,0.18884766366223907,16,1,37,6,Layer 1 Down
149,1.97,47.8,149,1.94,12.51,-5.92,0.0957,326,8.7,0.000460776375711575,105.0,-1.55,-39.8,105.0,-1.64,0.86,-8.53,0.148,324,15.0,0.0018161231024667933,33.5,4.0,4.0,33.5,4.0,4.0,0,0,0,0,733.0,57.3,10.88,733.0,57.3,4.0,19.71790796963947,1.01,330.0155123339659,120.0,0.20029243358633778,16,1,37,6,Layer 1 Down
148,2.98,104.0,148,2.81,12.89,-4.51,0.0822,326,7.51,0.00021277867054079693,104.0,-1.55,16.5,104.0,-1.88,2.18,-7.59,0.115,324,14.2,0.0014116048387096773,33.5,4.0,4.0,33.5,4.0,4.0,0,0,0,0,738.0,57.3,-15.9,739.0,57.3,4.0,24.495495730550285,0.96,330.0664255218216,122.0,0.19201977585388993,16,1,37,6,Layer 1 Down
148,3.9,129.0,148,3.711,13.06,-5.35,0.0812,326,4.56,7.266733870967741e-05,103.5,-1.85,104.0,103.4,-1.99,3.536,-4.39,0.055,324,12.2,0.0006384344758064515,33.5,4.0,4.0,33.5,4.0,4.0,0,0,0,0,743.0,57.4,13.75,744.0,57.3,4.0,21.177338709677418,0.827,331.1554435483871,116.0,0.1650586693548387,16,1,37,6,Layer 1 Down
148,4.15,72.7,148,4.0,4.0,-4.11,0.0586,326,2.48,-7.78698707305503e-06,103.0,-2.07,22.8,102.9,-2.0,4.0,-6.95,0.0935,324,11.1,0.0012874485294117647,33.5,4.0,4.0,33.5,4.0,4.0,0,0,0,0,749.0,57.3,10.25,749.0,57.3,4.000000954,22.21886978178368,0.964,330.16825189753325,120.0,0.1931172794117647,16,1,2,6,Layer 1 Down
148,4.15,79.0,148,4.0,4.0,-3.8,0.0528,326,2.94,2.242998102466793e-05,102.4,-2.22,16.5,102.3,-2.0,4.0,-5.21,0.089,324,12.5,0.0011214990512333964,33.5,4.0,4.0,33.5,4.0,4.0,0,0,0,0,754.0,57.3,-21.4,755.0,57.3,3.999999046,20.249288425047435,1.01,330.21916508538897,117.0,0.20249288425047438,16,1,37,6,Layer 1 Down
148,4.125,66.5,148,4.0,4.0,-3.15,0.055,326,2.94,-6.210739207779886e-06,101.8,-2.3,-39.8,101.7,-2.0,4.0,-1.36,0.112,324,20.1,0.0015474918761859582,33.5,4.0,4.0,33.5,4.0,4.0,0,0,0,0,759.0,57.5,63.9,760.0,57.3,4.0,15.786494307400378,0.756,330.2700782732448,115.0,0.14851767670777988,16,1,37,6,Layer 1 Down
148,4.1,47.8,148,4.0,4.0,1.9,0.0578,326,9.32,2.2229148481973434e-05,101.2,-2.13,-33.5,101.1,-2.0,4.0,-7.56,0.14,324,14.6,0.0019009038187855788,33.5,4.0,4.0,33.5,4.0,4.0,0,0,0,0,765.0,57.2,-19.0,765.0,57.3,4.0,24.410513519924102,1.05,330.3209914611006,121.0,0.21086528700189755,16,1,37,6,Layer 1 Down
148,4.125,60.3,148,4.0,4.0,-3.16,0.0493,326,2.59,0.0,100.6,-2.0,10.25,100.5,-2.0,4.0,-9.08,0.142,324,14.5,0.0019011968097722958,33.5,4.0,4.0,33.5,4.0,4.0,0,0,0,0,770.0,57.3,0.5,771.0,57.3,4.0,21.609231499051234,0.924,330.37190464895633,120.0,0.18596405953510434,16,1,37,6,Layer 1 Down
148,3.875,-58.5,148,4.0,4.0,-1.05,0.0379,326,2.29,-9.881512571157496e-06,99.9,-1.93,16.5,99.9,-2.0,4.0,-9.45,0.16,324,16.5,0.0021508655123339657,33.5,4.0,4.0,33.5,4.0,4.0,0,0,0,0,776.0,57.3,-17.9,776.0,57.3,4.0,23.482879506641368,0.905,335.61814516129033,120.0,0.1807973908918406,16,1,37,6,Layer 1 Down
148,3.95,-39.8,148,4.207,13.07,-0.752,0.0225,326,0.57,-4.7492608515180275e-06,99.5,-2.32,-377.0,99.4,-2.0,4.286,-6.6,0.0913,324,15.4,0.0010600100806451615,33.5,4.0,4.0,33.5,4.0,4.0,0,0,0,0,781.0,57.4,58.9,781.0,57.3,4.000000954,20.992356499051233,0.875,335.66985887096774,119.0,0.17458989563567365,16,1,37,6,Layer 1 Down
148,4.8,-77.2,148,5.07,12.93,3.55,0.0672,325,6.25,0.00011641119544592029,98.9,-1.8,72.7,98.9,-1.9,5.59,-7.23,0.111,324,13.2,0.0014031706593927893,33.5,4.0,4.0,33.5,4.0,4.0,0,0,0,0,786.0,57.5,62.8,787.0,57.3,4.0,18.397126423149903,0.84,328.44587286527513,119.0,0.16422293643263755,16,1,38,6,Layer 1 Down
149,5.75,-21.0,149,5.95,12.59,7.73,0.121,325,6.98,0.0005571965370018975,98.3,-1.95,16.5,98.3,-1.67,6.92,-5.92,0.102,324,12.0,0.0012162685602466793,33.5,4.0,4.0,33.5,4.0,4.0,0,0,0,0,791.0,57.4,20.3,792.0,57.3,4.0,21.102779293168883,0.808,330.5755574003795,119.0,0.16112959558823528,16,1,38,6,Layer 1 Down
149,6.92,47.8,149,6.81,12.03,4.0,0.0806,326,9.26,0.0005208926470588236,97.8,-1.43,-21.0,97.7,-1.3,8.23,-7.59,0.147,324,14.7,0.001757102941176471,33.5,4.0,4.0,33.5,4.0,4.0,0,0,0,0,797.0,57.3,-1.19,797.0,57.3,4.0,25.888676470588237,0.94,334.7852941176471,120.0,0.18818676470588236,16,1,38,6,Layer 1 Down
149,7.55,41.5,149,7.55,11.33,6.4,0.108,325,10.6,0.0008506103771347248,97.3,-0.95,66.5,97.2,-0.84,9.35,-2.35,0.0442,324,10.0,0.0003961889409392789,33.5,4.0,4.0,33.5,4.0,4.0,0,0,0,0,802.0,57.4,23.8,803.0,57.3,4.000000954,20.90130633301708,0.868,329.6375177893738,121.0,0.17365761978178368,16,1,2,6,Layer 1 Down
149,8.05,-27.3,150,8.24,10.44,4.33,0.0857,325,12.6,0.0007363384724857685,96.8,-0.35,-8.5,96.8,-0.25,10.39,-8.12,0.146,324,12.3,0.001362434179316888,33.5,4.0,4.0,33.5,4.0,4.0,0,0,0,0,807.0,57.3,-32.5,808.0,57.3,3.999999046,20.59251660341556,0.936,331.7683230550285,115.0,0.18824472248576848,16,1,38,6,Layer 1 Down
150,8.88,-21.0,150,8.87,9.32,5.39,0.0934,326,12.2,0.0010505880574003797,96.4,0.3,-21.0,96.3,0.5,11.35,-5.38,0.111,324,11.1,0.0008810377075426946,33.5,4.0,4.0,33.5,4.0,4.0,0,0,0,0,813.0,57.3,4.687,813.0,57.3,3.999999046,20.699705289373814,0.986,334.93995493358636,116.0,0.19659519093927896,16,1,38,6,Layer 1 Down
150,9.35,-2.25,151,9.34,8.15,4.76,0.102,326,13.9,0.001185994781783681,96.1,1.17,35.3,96.0,1.27,12.07,-4.54,0.0819,324,8.9,0.000531616959203036,33.5,4.0,4.0,33.5,4.0,4.0,0,0,0,0,819.0,57.2,-77.2,819.0,57.3,3.999999046,23.511826375711575,0.931,332.9108159392789,117.0,0.1851816413662239,16,1,38,6,Layer 1 Down
151,9.8,41.5,151,9.68,6.94,4.85,0.0875,326,12.8,0.0011133418524667932,95.8,2.05,35.3,95.8,2.08,12.58,-6.73,0.0829,324,5.05,0.0003392050877609108,33.5,4.0,4.0,33.5,4.0,4.0,0,0,0,0,824.0,57.2,-41.3,824.0,57.3,4.0,26.636963946869074,0.907,335.0430621442125,122.0,0.18000760792220113,16,1,38,6,Layer 1 Down
152,9.78,35.3,152,9.91,5.61,5.74,0.108,326,15.1,0.0013528664611005693,95.7,2.87,-14.8,95.7,2.95,12.93,-6.51,0.0874,324,7.96,0.0002133366342504744,33.5,4.0,4.0,33.5,4.0,4.0,0,0,0,0,829.0,57.3,6.75,829.0,57.3,4.0,22.270263282732447,0.959,335.09461574952564,118.0,0.19252330407969642,16,1,38,6,Layer 1 Down
152,9.78,-21.0,152,10.0,4.192,6.35,0.106,326,14.3,0.0013530745967741933,95.6,3.85,29.0,95.6,3.891,13.07,-7.13,0.113,324,6.62,3.77820060483871e-05,33.5,4.0,4.0,33.5,4.0,4.0,0,0,0,0,835.0,57.4,8.81,835.0,57.3,4.0,18.214465725806452,0.779,332.023689516129,119.0,0.15612399193548385,16,1,38,6,Layer 1 Down
153,10.2,79.0,153,10.0,4.0,4.92,0.0875,326,12.5,0.001217954459203036,95.6,3.9,-39.8,95.6,4.0,4.0,-5.53,0.0921,324,5.86,0.0,33.5,4.0,4.0,33.5,4.0,4.0,0,0,0,0,840.0,57.2,-89.3,840.0,57.3,3.999999046,26.024667931688803,1.04,335.1977229601518,119.0,0.20611537001897534,16,1,38,6,Layer 1 Down
153,10.07,29.0,153,10.0,4.0,5.24,0.0892,326,12.4,0.0011973188448766603,95.6,4.075,41.5,95.6,4.0,4.0,-5.24,0.091,324,6.39,0.0,33.5,4.0,4.0,33.5,4.0,4.0,0,0,0,0,845.0,57.3,-38.9,846.0,57.3,3.999999046,23.113459440227704,1.06,331.0846892789374,115.0,0.21239395161290323,16,1,39,6,Layer 1 Down
154,9.78,-21.0,154,10.0,4.0,6.44,0.114,326,14.1,0.001478655834914611,95.6,4.1,54.0,95.6,4.0,4.0,-5.58,0.0899,325,6.02,4.4567936432637564e-05,33.5,4.0,4.0,33.5,4.0,4.0,0,0,0,0,851.0,57.4,19.9,851.0,57.3,4.0,14.682427656546489,0.816,332.17690939278936,118.0,0.16140257352941176,16,1,39,6,Layer 1 Down
154,9.75,-83.5,155,10.0,4.0,5.95,0.0937,326,13.6,0.0011351990630929791,95.6,4.1,54.0,95.6,4.0,4.0,-5.14,0.0893,324,6.41,2.9473516959203036e-05,33.5,4.0,4.0,33.5,4.0,4.0,0,0,0,0,856.0,57.3,2.81,856.0,57.3,4.0,27.28643619544592,1.02,331.186515654649,118.0,0.2051690049810247,16,1,2,6,Layer 1 Down
155,10.03,-14.8,155,10.0,4.0,5.0,0.0881,326,14.1,0.0011353735768500949,95.6,4.1,47.8,95.6,4.0,4.0,-5.28,0.0901,325,5.8,0.0,33.5,4.0,4.0,33.5,4.0,4.0,0,0,0,0,861.0,57.3,-10.1,862.0,57.3,4.0,24.374074952561667,0.935,331.2374288425047,116.0,0.18853451138519922,16,1,39,6,Layer 1 Down
156,10.03,35.3,156,10.0,4.0,4.86,0.095,326,14.0,0.0012293089421252371,95.6,3.9,-46.0,95.6,4.0,4.0,-4.1,0.0775,325,5.38,-2.5627966081593928e-05,33.5,4.0,4.0,33.5,4.0,4.0,0,0,0,0,866.0,57.4,58.4,867.0,57.3,4.0,15.418451138519924,0.921,335.4554909867173,119.0,0.18439634131878557,16,1,39,6,Layer 1 Down
156,9.88,-2.25,156,10.0,4.0,5.65,0.0942,326,13.7,0.0011461420777988615,95.6,3.9,-39.8,95.6,4.0,4.0,-5.03,0.0897,325,6.31,1.4795652277039849e-05,33.5,4.0,4.0,33.5,4.0,4.0,0,0,0,0,872.0,57.4,0.12,872.0,57.3,4.0,18.234078510436433,0.872,335.50704459203035,118.0,0.17400520635673625,16,1,39,6,Layer 1 Down
157,10.07,10.25,157,10.0,4.0,5.03,0.0858,326,13.7,0.00108379174573055,95.6,3.9,-39.8,95.6,4.0,4.0,-3.5,0.0758,324,5.96,-2.501057874762808e-05,33.5,4.0,4.0,33.5,4.0,4.0,0,0,0,0,877.0,57.3,3.313,877.0,57.3,4.0,27.19900438804554,0.942,335.55859819734343,119.0,0.18862144805502845,16,1,39,6,Layer 1 Down
157,9.95,-71.0,158,10.0,4.0,5.58,0.0766,326,12.8,0.000996407779886148,95.6,4.1,54.0,95.6,4.0,4.0,-5.09,0.0916,325,6.07,1.5008652751423149e-05,33.5,4.0,4.0,33.5,4.0,4.0,0,0,0,0,883.0,57.4,2.19,883.0,57.3,4.0,19.073496204933587,0.776,332.4833491461101,120.0,0.1552978652751423,16,1,39,6,Layer 1 Down
158,9.8,-58.5,158,10.0,4.0,7.29,0.0985,325,11.5,0.0012926102941176471,95.6,4.1,54.0,95.6,4.0,4.0,-4.98,0.0897,324,5.88,3.0021916508538898e-05,33.5,4.0,4.0,33.5,4.0,4.0,0,0,0,0,887.0,57.3,-28.5,888.0,57.3,3.999999046,20.327339302656547,0.94,331.4919947817837,115.0,0.1886794058349146,16,1,39,6,Layer 1 Down
159,9.9,-21.0,159,10.0,4.0,6.41,0.111,326,13.2,0.001511752253320683,95.6,4.125,54.0,95.6,4.0,4.0,-4.7,0.091,324,7.1,3.0026527514231495e-05,33.5,4.0,4.0,33.5,4.0,4.0,0,0,0,0,893.0,57.4,12.69,894.0,57.3,4.000000954,22.20711930740038,0.911,331.54290796963943,117.0,0.1834954459203036,16,1,39,6,Layer 1 Down
159,10.15,35.3,159,10.0,4.0,5.05,0.0932,325,12.6,0.0012408699596774195,95.6,4.1,47.8,95.6,4.0,4.0,-5.49,0.0896,324,5.1,1.4911294473434535e-05,33.5,4.0,4.0,33.5,4.0,4.0,0,0,0,0,898.0,57.3,-16.6,899.0,57.3,4.0,23.566101755218217,0.948,331.59382115749526,122.0,0.1897801114800759,16,1,39,6,Layer 1 Down
160,10.13,47.8,160,10.0,4.0,5.26,0.0875,326,12.9,0.0012097732447817837,95.6,4.1,54.0,95.6,4.0,4.0,-5.39,0.0888,325,5.34,1.470500237191651e-05,33.5,4.0,4.0,33.5,4.0,4.0,0,0,0,0,904.0,57.2,-37.4,904.0,57.3,4.0,26.59415322580645,0.907,336.8592741935484,122.0,0.17938017077798862,16,1,39,6,Layer 1 Down
160,10.2,10.25,161,10.0,4.0,4.45,0.0797,325,12.0,0.0010743601162239089,95.6,4.1,54.0,95.6,4.0,4.0,-5.09,0.0881,324,6.05,2.941451968690702e-05,33.5,4.0,4.0,33.5,4.0,4.0,0,0,0,0,909.0,57.3,7.25,910.0,57.3,4.0,24.9293269686907,0.929,331.6956475332068,117.0,0.1867091852466793,16,1,2,6,Layer 1 Down
161,9.93,-39.8,161,10.0,4.0,5.17,0.0912,325,14.4,0.0011997124051233395,95.6,4.05,29.0,95.6,4.0,4.0,-4.64,0.0898,324,6.28,4.423287476280835e-05,33.5,4.0,4.0,33.5,4.0,4.0,0,0,0,0,914.0,57.3,-21.1,915.0,57.3,3.999999046,17.00461930740038,0.997,330.7033325426945,120.0,0.2002998102466793,16,1,39,6,Layer 1 Down
162,9.8,-58.5,162,10.0,4.0,7.82,0.118,326,13.8,0.0015442146584440227,95.6,4.1,47.8,95.6,4.0,4.0,-4.84,0.0888,325,6.29,2.9319210744781786e-05,33.5,4.0,4.0,33.5,4.0,4.0,0,0,0,0,920.0,57.4,61.8,920.0,57.3,4.000000954,20.241732685009488,0.939,329.71069734345355,120.0,0.18885327917457306,16,1,39,6,Layer 1 Down
162,10.15,35.3,162,10.0,4.0,4.67,0.0849,325,13.3,0.0011479032258064517,95.6,3.925,-33.5,95.6,4.0,4.0,-3.41,0.0761,324,6.66,-2.5149516129032257e-05,33.5,4.0,4.0,33.5,4.0,4.0,0,0,0,0,925.0,57.4,53.7,925.0,57.3,4.0,17.949032258064513,0.873,336.02258064516127,117.0,0.17322903225806452,16,1,39,6,Layer 1 Down
163,10.1,10.25,163,10.0,4.0,4.86,0.0808,326,12.7,0.0010854568311195445,95.6,4.1,47.8,95.6,4.0,4.0,-5.0,0.093,325,6.21,4.5401319378557876e-05,33.5,4.0,4.0,33.5,4.0,4.0,0,0,0,0,931.0,57.4,24.6,931.0,57.3,4.0,14.507548031309298,0.81,331.89930028463,118.0,0.15968739919354838,16,1,39,6,Layer 1 Down
163,9.95,16.5,163,5.53,-918.0,5.49,0.105,326,13.6,0.0014092226043643265,95.6,4.1,47.8,95.6,4.0,4.0,-4.94,0.0884,324,5.8,1.4614160341555979e-05,33.5,4.0,4.0,33.5,4.0,4.0,0,0,0,0,936.0,57.3,2.81,936.0,57.3,4.0,25.157233159392792,1.02,330.90634487666034,120.0,0.20668598197343455,16,1,39,6,Layer 1 Down
164,9.72,-58.5,164,9.89,1.46,5.44,0.0876,325,13.7,0.001075349561195446,95.6,2.95,-14.8,95.6,2.87,-9.5,-7.6,0.14,324,9.13,0.0003278250118595825,33.5,4.0,4.0,33.5,4.0,4.0,0,0,0,0,941.0,57.4,54.8,941.0,57.3,4.000000954,18.47930799335863,0.897,336.17724146110055,122.0,0.17957293643263755,16,1,39,6,Layer 1 Down
165,9.5,-21.0,165,9.46,-1.65,5.52,0.0893,326,11.8,0.0010755144686907022,95.4,1.83,35.3,95.4,1.51,-8.5,-4.32,0.0658,325,7.67,0.00031638920777988616,33.5,4.0,4.0,33.5,4.0,4.0,0,0,0,0,947.0,57.4,13.25,947.0,57.3,4.000000954,19.10865512333966,0.744,333.09622865275145,119.0,0.1482748102466793,16,1,40,6,Layer 1 Down
165,9.0,29.0,165,8.78,-4.25,4.25,0.0852,325,11.9,0.0009608009962049337,95.1,0.25,-27.3,95.1,0.38,-7.0,-4.6,0.0849,324,9.08,0.0007216450960626186,33.5,4.0,4.0,33.5,4.0,4.0,0,0,0,0,952.0,57.3,-4.37,952.0,57.3,4.0,19.111585033206833,0.879,336.28034867172676,119.0,0.17545061669829223,16,1,40,6,Layer 1 Down
165,8.05,16.5,166,7.83,-6.5,4.99,0.0737,326,9.08,0.0006287944259962049,94.7,-0.47,-39.8,94.7,-0.61,-4.83,-7.56,0.131,324,12.8,0.0012743009962049333,33.5,4.0,4.0,33.5,4.0,4.0,0,0,0,0,957.0,57.3,-0.94,957.0,57.3,4.0,26.321627134724856,0.948,337.37641129032255,120.0,0.19010064041745728,16,1,40,6,Layer 1 Down
166,6.6,-27.3,166,6.64,-8.3,5.13,0.0972,326,10.2,0.0006038187499999999,94.2,-1.4,-52.3,94.1,-1.39,-2.1,-4.78,0.102,324,13.6,0.0012222628676470588,33.5,4.0,4.0,33.5,4.0,4.0,0,0,0,0,963.0,57.4,1.94,963.0,57.3,4.0,19.117444852941176,0.77,333.2494485294118,120.0,0.1546110294117647,16,1,40,6,Layer 1 Down
166,5.4,-39.8,166,5.34,-9.4,7.59,0.107,326,5.92,0.0004127075426944972,93.6,-1.85,60.3,93.6,-1.85,0.86,-4.95,0.0859,324,13.8,0.00113886385199241,33.5,4.0,4.0,33.5,4.0,4.0,0,0,0,0,968.0,57.3,23.1,968.0,57.3,4.0,20.896584440227706,1.0,331.21086337760914,120.0,0.20165203984819738,16,1,2,6,Layer 1 Down
166,3.95,-89.7,166,4.00212,-4.24,5.25,0.0807,326,3.36,2.622923209203036e-05,93.0,-2.2,10.25,93.0,2.33,915.0,-5.88,0.108,324,13.7,0.001462985056925996,33.5,4.0,4.0,33.5,4.0,4.0,0,0,0,0,973.0,57.4,11.5,974.0,57.3,4.000000954,22.67626838235294,0.902,332.30660578747626,116.0,0.1818281427893738,16,1,40,6,Layer 1 Down
166,3.85,-77.2,166,4.0,4.0,3.59,0.0621,326,4.24,9.93937108633776e-06,92.5,-1.7,16.5,92.5,-2.0,4.0,-6.23,0.111,324,15.1,0.0014109517314990514,33.5,4.0,4.0,33.5,4.0,4.0,0,0,0,0,979.0,57.2,-72.6,979.0,57.3,3.999999046,22.26168287476281,0.912,333.4026684060721,118.0,0.18290115037950663,16,1,40,6,Layer 1 Down
166,4.175,85.2,166,4.0,4.0,1.94,0.0435,326,2.99,-6.39729435483871e-06,91.9,-1.93,72.7,91.9,-2.0,4.0,-4.64,0.076,324,13.3,0.0009125552241461101,33.5,4.0,4.0,33.5,4.0,4.0,0,0,0,0,984.0,57.2,-35.9,984.0,57.3,4.0,26.864455052182166,0.895,337.6349798387097,122.0,0.17770262096774198,16,1,41,6,Layer 1 Down
166,3.875,-58.5,166,4.0,4.0,4.16,0.0617,326,2.8,1.913209440227704e-05,91.3,-2.03,60.3,91.3,-2.0,4.0,-4.56,0.0717,324,12.6,0.0009074676470588234,33.5,4.0,4.0,33.5,4.0,4.0,0,0,0,0,989.0,57.3,4.5,990.0,57.3,4.0,25.091271347248576,0.939,331.4138757115749,117.0,0.1881845351043643,16,1,41,6,Layer 1 Down
166,3.85,-77.2,166,4.0,4.0,3.31,0.0675,326,3.45,2.070346892789374e-05,90.8,-2.38,-71.0,90.8,-2.0,4.0,-6.07,0.125,324,14.5,0.001767114267077799,33.5,4.0,4.0,33.5,4.0,4.0,0,0,0,0,995.0,57.4,6.25,995.0,57.3,4.0,19.03046133776091,0.766,332.51025853889945,119.0,0.15475320208728652,16,1,41,6,Layer 1 Down
166,4.175,85.2,166,4.0,4.0,1.65,0.0391,326,3.29,0.0,90.3,-2.03,-8.5,90.2,-2.0,4.0,-8.81,0.155,324,16.0,0.0020706638994307403,33.5,4.0,4.0,33.5,4.0,4.0,0,0,0,0,1000.0,57.1,-91.0,1000.0,57.3,3.999999046,26.353904174573056,1.03,336.7443311195446,119.0,0.2060206000948767,16,1,43,6,Layer 1 Down
166,3.875,-46.0,166,4.0,4.0,4.71,0.0676,326,0.985,1.0668689516129032e-05,89.7,-1.65,16.5,89.6,-2.0,4.0,-9.7,0.149,324,14.8,0.0018827099146110056,33.5,4.0,4.0,33.5,4.0,4.0,0,0,0,0,1004.0,57.2,-16.4,1004.0,57.3,4.0,24.57982388519924,1.05,331.5661349620493,120.0,0.21128189041745732,16,1,43,6,Layer 1 Down
166,3.9,-52.3,166,4.0,4.0,3.05,0.0564,326,3.86,1.7888481973434533e-05,89.0,-1.97,-52.3,89.0,-2.0,4.0,-7.66,0.142,324,16.5,0.001924842504743833,33.5,4.0,4.0,33.5,4.0,4.0,0,0,0,0,1014.0,57.4,21.7,1014.0,57.3,4.0,14.959373814041747,0.803,332.6629981024668,117.0,0.15900872865275142,16,1,43,6,Layer 1 Down
166,3.9,-39.8,166,4.0,4.0,3.88,0.0614,326,2.2,3.682870967741936e-05,88.5,-1.78,97.7,88.4,-2.0,4.0,-4.15,0.0682,324,13.6,0.0008412012096774195,33.5,4.0,4.0,33.5,4.0,4.0,0,0,0,0,1014.0,57.3,0.75,1014.0,57.3,4.000000954,21.34391129032258,0.797,332.71391129032264,118.0,0.15903306451612906,16,1,43,6,Layer 1 Down
166,3.9,-39.8,166,4.0,4.0,3.59,0.0663,326,2.86,6.32043880455408e-05,87.9,-2.18,-27.3,87.8,-2.0,4.0,-3.74,0.0628,324,11.4,0.0008266799098671727,33.5,4.0,4.0,33.5,4.0,4.0,0,0,0,0,1024.0,57.2,-65.6,1024.0,57.3,3.999999046,24.486468216318784,1.09,332.76482447817835,119.0,0.2187039255218216,16,1,2,6,Layer 1 Down
166,3.95,-21.0,166,4.0,4.0,4.43,0.0615,326,0.835,5.4318040203984826e-05,87.3,-2.1,-27.3,87.2,-2.0,4.0,-4.03,0.0842,324,12.9,0.0011407835033206831,33.5,4.0,4.0,33.5,4.0,4.0,0,0,0,0,1024.0,57.5,63.8,1024.0,57.3,4.0,16.11749169829222,0.832,330.72255692599623,122.0,0.16326809772296016,16,1,43,6,Layer 1 Down
166,3.875,-46.0,166,4.0,4.0,3.32,0.0664,326,3.04,3.192588946869071e-05,86.7,-1.9,-2.25,86.6,-2.0,4.0,-6.13,0.108,324,13.4,0.0014131131404174575,33.5,4.0,4.0,33.5,4.0,4.0,0,0,0,0,1034.0,57.4,18.8,1034.0,57.3,4.0,22.29578510436433,0.815,331.8199003795067,118.0,0.16329307400379509,16,1,43,6,Layer 1 Down
166,4.125,66.5,166,4.0,4.0,1.94,0.0418,326,3.35,-1.1516016366223909e-05,86.1,-1.9,-8.5,86.0,-2.0,4.0,-5.97,0.109,324,14.9,0.0014656748102466794,33.5,4.0,4.0,33.5,4.0,4.0,0,0,0,0,1034.0,57.3,-1.13,1034.0,57.3,4.0,24.18363436907021,0.962,337.10520635673623,122.0,0.1936784570683112,16,1,43,6,Layer 1 Down
166,3.85,-52.3,166,4.0,4.0,4.71,0.0666,326,1.39,0.0,85.5,-2.13,41.5,85.4,-2.0,4.0,-4.39,0.0944,324,14.3,0.0012355434060721065,33.5,4.0,4.0,33.5,4.0,4.0,0,0,0,0,1044.0,57.4,23.2,1044.0,57.3,4.000000954,21.255534867172678,0.877,330.8743358633776,120.0,0.17695494544592033,16,1,43,6,Layer 1 Down
166,3.825,-77.2,166,4.0,4.0,4.15,0.0639,326,3.21,8.94335092504744e-06,84.8,-1.9,47.8,84.8,-2.0,4.0,-6.23,0.1,324,14.0,0.0013614000237191651,33.5,4.0,4.0,33.5,4.0,4.0,0,0,0,0,1044.0,57.3,17.3,1044.0,57.3,4.0,21.57295422201139,1.01,331.97215962998104,120.0,0.20525723434535106,16,1,43,6,Layer 1 Down
166,3.85,-64.7,166,4.0,4.0,2.76,0.0639,326,4.33,2.796533681214421e-05,84.2,-2.2,16.5,84.2,-2.0,4.0,-4.68,0.0888,324,13.6,0.0012044995256166983,33.5,4.0,4.0,33.5,4.0,4.0,0,0,0,0,1054.0,57.3,12.56,1054.0,57.3,4.000000954,22.41416508538899,0.902,332.02291271347246,117.0,0.18224601518026565,16,1,43,6,Layer 1 Down
166,3.9,-52.3,166,4.0,4.0,1.93,0.0585,326,4.69,9.239399786527514e-06,83.6,-2.22,10.25,83.6,-2.0,4.0,-4.76,0.0933,324,13.6,0.0012465856854838712,33.5,4.0,4.0,33.5,4.0,4.0,0,0,0,0,1054.0,57.2,-72.0,1054.0,57.3,3.999999046,23.150877016129034,0.925,334.1687677893738,117.0,0.18541652632827324,16,1,43,6,Layer 1 Down
166,3.9,-46.0,166,4.0,4.0,2.49,0.0602,326,4.08,1.8754028700189754e-05,83.0,-2.15,-33.5,83.0,-2.0,4.0,-6.91,0.136,324,14.6,0.0018649257590132825,33.5,4.0,4.0,33.5,4.0,4.0,0,0,0,0,1064.0,57.4,44.4,1064.0,57.3,4.0,18.439715370018977,0.994,331.07670777988614,119.0,0.1990651091081594,16,1,43,6,Layer 1 Down
166,3.85,-71.0,166,4.0,4.0,2.21,0.0632,326,4.69,0.0,82.4,-1.97,4.0,82.4,-2.0,4.0,-8.23,0.153,324,15.4,0.002085263697817837,33.5,4.0,4.0,33.5,4.0,4.0,0,0,0,0,1074.0,57.3,5.69,1074.0,57.3,4.0,24.729760436432638,0.928,332.17517196394687,117.0,0.18652107447817837,16,1,43,6,Layer 1 Down
166,3.9,-39.8,166,4.0,4.0,4.71,0.0591,326,1.9,4.6846999525616705e-05,81.8,-1.95,-8.5,81.8,-2.0,4.0,-8.16,0.137,324,15.9,0.001813094165085389,33.5,4.0,4.0,33.5,4.0,4.0,0,0,0,0,1074.0,57.4,8.5,1074.0,57.3,4.0,18.654957305502847,0.772,333.2739563567363,119.0,0.156156665085389,16,1,43,6,Layer 1 Down
166,3.875,-64.7,166,4.0,4.0,2.76,0.0576,326,4.43,1.8133711456356736e-05,81.2,-1.85,-27.3,81.2,-2.0,4.0,-7.5,0.136,324,15.1,0.0017924073173624286,33.5,4.0,4.0,33.5,4.0,4.0,0,0,0,0,1084.0,57.4,59.6,1084.0,57.3,4.000000954,20.96382827324478,0.941,331.2284867172675,119.0,0.1907708372865275,16,1,2,6,Layer 1 Down
166,3.875,-58.5,166,4.0,4.0,3.34,0.0588,326,3.16,9.298877964895636e-06,80.7,-1.97,66.5,80.7,-2.0,4.0,-8.27,0.163,324,13.6,0.0023378238851992413,33.5,4.0,4.0,33.5,4.0,4.0,0,0,0,0,1084.0,57.3,-29.3,1084.0,57.3,3.999999046,22.958898244781782,1.04,332.32743121442127,115.0,0.21071865512333968,16,1,43,6,Layer 1 Down
166,3.875,-58.5,166,4.0,4.0,3.88,0.064,326,2.9,4.886064160341556e-05,80.1,-2.1,-52.3,80.1,-2.0,4.0,-7.39,0.125,325,12.9,0.0017090739444971536,33.5,4.0,4.0,33.5,4.0,4.0,0,0,0,0,1094.0,57.4,22.1,1094.0,57.3,4.0,15.413120849146111,0.802,332.37818429791275,117.0,0.15937376660341557,16,1,43,6,Layer 1 Down
166,3.85,-64.7,166,4.0,4.0,4.71,0.0608,326,1.77,3.764731499051233e-05,79.5,-1.93,16.5,79.5,-2.0,4.0,-7.2,0.13,324,14.4,0.0017512817836812143,33.5,4.0,4.0,33.5,4.0,4.0,0,0,0,0,1094.0,57.3,0.81,1094.0,57.3,4.0,24.74865275142315,1.03,331.38026565464895,121.0,0.2076370018975332,16,1,43,6,Layer 1 Down
166,3.9,-52.3,166,4.0,4.0,5.27,0.0605,326,0.775,1.908873932637571e-05,79.0,3.0,-452.0,79.0,4.0,4.0,-8.27,0.121,324,9.01,0.0003838724501897533,33.5,4.0,4.0,33.5,4.0,4.0,0,0,0,0,1104.0,57.3,-1.94,1104.0,57.3,4.0,23.913365749525617,0.933,332.4796904648956,117.0,0.18983856143263755,16,1,43,6,Layer 1 Down
166,2.87,47.8,166,2.7,-9.4,-4.48,0.066,326,4.09,0.00019301451612903226,78.5,-1.55,-14.8,78.4,-1.86,6.91,-7.87,0.126,324,13.2,0.0014790786290322581,33.5,4.0,4.0,33.5,4.0,4.0,0,0,0,0,1104.0,57.4,18.3,1104.0,57.3,4.000000954,18.567157258064515,0.729,333.579435483871,120.0,0.1458098790322581,16,1,44,6,Layer 1 Down
166,1.53,16.5,166,1.41,-8.4,-6.3,0.108,326,8.98,0.0006536217208254269,77.9,-1.57,41.5,77.8,-1.41,9.88,-1.8,0.0492,325,12.2,0.0005654929494781783,33.5,4.0,4.0,33.5,4.0,4.0,0,0,0,0,1114.0,57.2,-21.9,1114.0,57.3,3.999999046,25.389479364326373,1.06,332.5811966318785,119.0,0.21507616816888042,16,1,45,6,Layer 1 Down
166,0.47,-8.5,166,0.25,-6.8,-5.73,0.103,326,11.5,0.0008132169117647059,77.4,-0.8,85.2,77.3,-0.68,12.55,-4.15,0.0785,324,12.5,0.0007985265417457306,33.5,4.0,4.0,33.5,4.0,4.0,0,0,0,0,1114.0,57.5,57.3,1114.0,57.3,4.0,16.78899430740038,0.845,331.5826375711575,117.0,0.16684063092979126,16,1,45,6,Layer 1 Down
165,-0.5,4.0,165,-0.72,-4.54,-6.79,0.116,325,12.7,0.0011963983633776092,76.9,0.33,60.3,76.9,0.29,14.8,-3.72,0.0636,324,10.0,0.0004743614563567363,33.5,4.0,4.0,33.5,4.0,4.0,0,0,0,0,1124.0,57.4,8.69,1124.0,57.3,4.0,19.520183823529415,0.769,333.7321750474384,120.0,0.1553218927893738,16,1,45,6,Layer 1 Down
165,-1.22,54.0,165,-1.44,-1.87,-6.25,0.101,326,12.6,0.0011440992647058824,76.6,1.67,54.0,76.6,1.46,16.4,-5.43,0.0869,325,9.19,0.0004534411764705882,33.5,4.0,4.0,33.5,4.0,4.0,0,0,0,0,1124.0,57.3,20.1,1124.0,57.3,4.0,21.622426470588234,0.995,332.7334558823529,119.0,0.20152941176470587,16,1,45,6,Layer 1 Down
164,-1.93,-64.7,164,-1.87,1.1,-5.18,0.103,326,13.5,0.0013437343453510438,76.4,2.67,22.8,76.4,2.76,17.4,-6.4,0.105,324,7.02,0.0002928920955882353,33.5,4.0,4.0,33.5,4.0,4.0,0,0,0,0,1134.0,57.4,14.3,1134.0,57.3,4.000000954,23.200413306451615,0.902,332.7842089658444,116.0,0.183713680028463,16,1,2,6,Layer 1 Down
163,4.875,648.0,163,-1.5,-871.0,-2.07,0.156,326,4.69,0.0003359848197343454,76.4,3.925,-21.0,76.4,4.0,4.0,-4.15,0.0558,324,2.85,8.998093453510436e-06,33.5,4.0,4.0,33.5,4.0,4.0,0,0,0,0,1134.0,57.3,16.1,1144.0,57.3,4.000000954,26.03882352941177,0.908,339.1346774193549,119.0,0.18374169829222012,16,1,45,6,Layer 1 Down
163,-2.0,-33.5,163,-2.0,4.0,-7.38,0.115,326,12.0,0.0015961712523719165,76.4,4.0,-2.25,76.4,4.0,4.0,-1.89,0.0355,325,1.42,0.0,33.5,4.0,4.0,33.5,4.0,4.0,0,0,0,0,1144.0,57.4,45.4,1144.0,57.3,4.0,17.326858989563565,0.98,331.83560246679315,120.0,0.19532095588235293,16,1,45,6,Layer 1 Down
162,-1.85,22.8,162,-2.0,4.0,-5.69,0.0993,325,14.9,0.0013758573292220113,76.4,4.0,4.0,76.4,4.0,4.0,-1.26,0.0335,324,2.27,5.009801114800759e-06,33.5,4.0,4.0,33.5,4.0,4.0,0,0,0,0,1154.0,57.3,6.25,1154.0,57.3,4.0,25.416601043643265,0.924,331.8861954459203,117.0,0.18799882590132827,16,1,45,6,Layer 1 Down
162,-1.85,79.0,162,-2.0,4.0,-5.82,0.0841,326,12.4,0.0010819458610056927,76.4,4.0,10.25,76.4,4.0,4.0,-1.33,0.0347,324,2.64,5.367711990037951e-06,33.5,4.0,4.0,33.5,4.0,4.0,0,0,0,0,1154.0,57.4,8.25,1154.0,57.3,4.0,18.907791745730552,0.772,334.0376541745731,119.0,0.15546406546489563,16,1,45,6,Layer 1 Down
161,-2.13,-14.8,161,-2.0,4.0,-4.52,0.0849,326,12.3,0.001124134487666034,76.4,4.0,4.0,76.4,4.0,4.0,-1.14,0.0382,324,2.86,1.1241344876660341e-05,33.5,4.0,4.0,33.5,4.0,4.0,0,0,0,0,1164.0,57.4,59.7,1164.0,57.3,4.000000954,21.011859582542694,0.923,330.93678842504744,118.0,0.18595495730550282,16,1,45,6,Layer 1 Down
161,-2.0,-21.0,160,-2.0,4.0,-5.43,0.1,325,12.9,0.0013554714777039847,76.4,4.0,4.0,76.4,4.0,4.0,-1.21,0.0379,324,2.75,1.134813330170778e-05,33.5,4.0,4.0,33.5,4.0,4.0,0,0,0,0,1164.0,57.3,-32.3,1164.0,57.3,3.999999046,23.431793761859584,1.05,333.08872746679316,114.0,0.21225212286527517,16,1,45,6,Layer 1 Down
160,-1.85,47.8,160,-2.0,4.0,-2.94,0.105,325,18.8,0.0013661871442125237,76.4,3.975,-2.25,76.4,4.0,4.0,-2.09,0.0385,324,1.25,5.580349027514232e-06,33.5,4.0,4.0,33.5,4.0,4.0,0,0,0,0,1174.0,57.4,23.9,1174.0,57.3,4.0,15.028058586337764,0.797,333.13948055028465,118.0,0.1597388045540797,16,1,45,6,Layer 1 Down
159,-1.93,60.3,159,-2.0,4.0,-5.18,0.0905,326,14.0,0.0011666913543643264,76.4,4.0,4.0,76.4,4.0,4.0,-1.57,0.039,325,1.78,0.0,33.5,4.0,4.0,33.5,4.0,4.0,0,0,0,0,1174.0,57.3,0.69,1174.0,57.3,4.0,25.8564029886148,1.01,332.13916034155596,119.0,0.2049592919829222,16,1,45,6,Layer 1 Down
159,-2.13,10.25,159,-2.0,4.0,-4.55,0.0741,326,12.4,0.0009786982922201138,76.4,4.0,10.25,76.4,4.0,4.0,-2.33,0.0364,325,1.53,2.2075901328273246e-05,33.5,4.0,4.0,33.5,4.0,4.0,0,0,0,0,1184.0,57.3,-6.8,1184.0,57.3,4.0,24.28349146110057,0.939,333.24098671726756,116.0,0.19132447817836812,16,1,45,6,Layer 1 Down
158,-2.15,-46.0,158,-2.0,4.0,-5.14,0.0986,326,13.5,0.0013668115512333967,76.4,4.0,4.0,76.4,4.0,4.0,-1.7,0.0375,325,1.99,5.866775735294118e-06,33.5,4.0,4.0,33.5,4.0,4.0,0,0,0,0,1184.0,57.4,13.87,1184.0,57.3,4.000000954,19.135361717267553,0.725,334.34313330170784,119.0,0.1461436966318786,16,1,2,6,Layer 1 Down
158,-1.9,10.25,157,-2.0,4.0,-5.93,0.112,326,14.8,0.001503721655597723,76.4,4.025,16.5,76.4,4.0,4.0,-1.57,0.0382,325,1.95,0.0,33.5,4.0,4.0,33.5,4.0,4.0,0,0,0,0,1194.0,57.3,-17.6,1194.0,57.3,3.999999046,25.447597248576848,1.04,332.29093927893734,118.0,0.2113622746679317,16,1,45,6,Layer 1 Down
157,-1.9,41.5,157,-2.0,4.0,-5.27,0.104,326,14.5,0.0013777449596774193,76.4,3.975,-2.25,76.4,4.0,4.0,-1.7,0.0423,325,2.05,1.787913306451613e-05,33.5,4.0,4.0,33.5,4.0,4.0,0,0,0,0,1194.0,57.5,57.1,1194.0,57.3,4.0,17.668790322580648,0.842,332.34153225806455,115.0,0.1672224798387097,16,1,45,6,Layer 1 Down
156,-2.03,22.8,156,-2.0,4.0,-4.69,0.0875,326,13.5,0.0011886174098671724,76.4,4.0,4.0,76.4,4.0,4.0,-1.89,0.0402,325,1.64,5.543375e-06,33.5,4.0,4.0,33.5,4.0,4.0,0,0,0,0,1204.0,57.4,7.44,1204.0,57.3,4.0,19.56485294117647,0.765,334.4958728652751,120.0,0.1546254506641366,16,1,45,6,Layer 1 Down
156,-2.05,-27.3,156,-2.0,4.0,-5.19,0.108,326,13.7,0.0014307661290322582,76.4,3.975,-8.5,76.4,4.0,4.0,-0.868,0.0373,325,3.24,2.7984102229601515e-05,33.5,4.0,4.0,33.5,4.0,4.0,0,0,0,0,1204.0,57.3,20.8,1204.0,57.3,4.0,21.251085151802656,1.01,332.4427182163188,119.0,0.20514661408918405,16,1,45,6,Layer 1 Down
155,-1.85,10.25,155,-2.0,4.0,-6.71,0.125,326,14.5,0.0016414226755218217,76.4,4.0,4.0,76.4,4.0,4.0,-1.26,0.0367,325,2.44,1.0627159629981026e-05,33.5,4.0,4.0,33.5,4.0,4.0,0,0,0,0,1214.0,57.4,13.94,1214.0,57.3,4.000000954,22.72739089184061,0.895,332.4933111954459,117.0,0.18202956593927894,16,1,45,6,Layer 1 Down
155,-1.97,22.8,154,-2.0,4.0,-4.51,0.0953,326,14.0,0.001273348493833017,76.4,4.0,10.25,76.4,4.0,4.0,-1.7,0.0392,325,2.14,1.1365424573055028e-05,33.5,4.0,4.0,33.5,4.0,4.0,0,0,0,0,1214.0,57.2,-65.6,1214.0,57.3,3.999999046,23.04655538425047,0.912,334.64861242884245,118.0,0.18416197224857683,16,1,45,6,Layer 1 Down
154,-2.07,-2.25,154,-2.0,4.0,-4.76,0.0921,326,14.9,0.001210391366223909,76.4,4.025,10.25,76.4,4.0,4.0,-1.77,0.0345,325,1.96,-1.578771347248577e-05,33.5,3.975,-2.25,33.5,4.0,4.0,0,0,0,0,1224.0,57.3,-25.8,1224.0,57.3,3.999999046,24.313078747628083,0.998,338.90958254269447,117.0,0.2031352466793169,16,1,45,6,Layer 1 Down
153,-1.97,41.5,153,-2.0,4.0,-5.87,0.11,326,15.5,0.0014316370967741936,76.4,4.025,16.5,76.4,4.0,4.0,-3.09,0.0334,324,1.34,-9.800398066888047e-06,33.5,4.0,4.0,33.5,4.0,4.0,0,0,0,0,1234.0,57.5,40.6,1234.0,57.3,4.0,16.211184772296015,0.798,340.013810483871,114.0,0.15895382471537003,16,1,45,6,Layer 1 Down
153,-1.9,-2.25,153,-2.0,4.0,-5.75,0.114,326,14.2,0.0015581949715370018,76.4,3.975,-8.5,76.4,4.0,4.0,-2.33,0.0361,325,1.55,1.0159852348197343e-05,33.5,4.0,4.0,33.5,4.0,4.0,0,0,0,0,1234.0,57.4,10.63,1234.0,57.3,4.0,18.00346892789374,0.757,334.8013519924098,120.0,0.15266099383301707,16,1,45,6,Layer 1 Down
152,-1.93,-8.5,152,-2.0,4.0,-5.86,0.108,326,14.5,0.0014215426351992411,76.4,4.025,16.5,76.4,4.0,4.0,-1.57,0.0342,325,2.63,-1.0256166864326376e-05,33.5,4.0,4.0,33.5,4.0,4.0,0,0,0,0,1244.0,57.3,-19.6,1244.0,57.3,4.0,24.3241739800759,0.936,339.06424335863375,119.0,0.18953901802656545,16,1,45,6,Layer 1 Down
152,-1.9,16.5,151,-2.0,4.0,-5.7,0.0976,326,14.2,0.001242722485768501,76.4,4.025,10.25,76.4,4.0,4.0,-2.33,0.0343,324,1.87,-1.537605787476281e-05,33.5,4.0,4.0,33.5,4.0,4.0,0,0,0,0,1244.0,57.4,37.4,1244.0,57.3,4.000000954,21.379039373814045,0.728,340.16895161290324,117.0,0.14533534155597724,16,1,2,6,Layer 1 Down
151,-2.15,-52.3,151,-2.0,4.0,-4.21,0.091,326,13.4,0.001242911408918406,76.4,4.0,-2.25,76.4,4.0,4.0,-1.7,0.0373,325,2.19,1.6642373102466793e-05,33.5,4.0,4.0,33.5,4.0,4.0,0,0,0,0,1254.0,57.4,15.0,1254.0,57.3,4.0,14.85173802182163,0.808,333.90077680265654,117.0,0.1611571572580645,16,1,45,6,Layer 1 Down
150,-2.2,-83.5,150,-2.0,4.0,-5.27,0.103,326,13.4,0.0013905868121442124,76.4,4.0,10.25,76.4,4.0,4.0,-2.5,0.0332,325,2.76,0.0,33.5,4.0,4.0,33.5,4.0,4.0,0,0,0,0,1254.0,57.4,44.5,1254.0,57.3,4.0,16.960945208728653,0.843,339.218904174573,118.0,0.16855597722960153,16,1,45,6,Layer 1 Down
150,-1.97,-27.3,150,-2.0,4.0,-6.03,0.105,326,13.9,0.00144347989800759,76.4,4.025,16.5,76.4,4.0,4.0,-2.7,0.0345,325,2.2,-9.735587049335864e-06,33.5,4.0,4.0,33.5,4.0,4.0,0,0,0,0,1264.0,57.4,19.4,1264.0,57.3,4.0,21.178062737191652,0.741,340.3240927419355,118.0,0.14856252964895636,16,1,45,6,Layer 1 Down
149,-1.93,-27.3,149,-2.0,4.0,-5.77,0.111,326,14.2,0.001475313092979127,76.4,4.0,-2.25,76.4,4.0,4.0,-1.26,0.0432,325,2.41,1.3172438330170778e-05,33.5,4.0,4.0,33.5,4.0,4.0,0,0,0,0,1264.0,57.3,21.7,1264.0,57.3,4.0,26.344876660341555,0.961,331.9454459203036,117.0,0.1949520872865275,16,1,45,6,Layer 1 Down
148,-1.8,54.0,148,-2.0,4.0,-6.32,0.107,326,14.6,0.001475537239089184,76.4,4.0,4.0,76.4,4.0,4.0,-1.45,0.0375,324,1.88,5.849451197817837e-06,33.5,4.0,4.0,33.5,4.0,4.0,0,0,0,0,1274.0,57.4,8.19,1274.0,57.3,4.0,19.49817065939279,0.842,334.10378913662237,119.0,0.17179469283681215,16,1,45,6,Layer 1 Down
148,-1.3,298.0,148,-1.99,4.787,-7.67,0.139,326,16.0,0.0017603725094876663,76.4,4.175,29.0,76.4,4.371,17.7,0.968,0.0247,325,2.82,8.548874881404175e-06,33.5,4.0,4.0,33.5,4.0,4.0,0,0,0,0,1274.0,57.3,-8.2,1274.0,57.3,4.0,22.347243833017078,1.03,339.42511859582544,121.0,0.2087148244781784,16,1,45,6,Layer 1 Down
147,-1.97,-52.3,147,-1.76,7.76,-3.19,0.0803,326,13.4,0.0010648181333017077,76.5,5.58,10.25,76.5,5.67,17.2,4.7,0.0909,324,8.51,0.00035318225213472484,33.5,4.0,4.0,33.5,4.0,4.0,0,0,0,0,1284.0,57.3,0.87,1284.0,57.3,3.999999046,27.200304791271346,1.03,333.15101992409865,116.0,0.20874652514231498,16,1,47,6,Layer 1 Down
147,-1.32,16.5,147,-1.23,10.67,-4.98,0.0929,326,12.4,0.0010755241935483872,76.7,6.92,29.0,76.7,6.93,16.0,7.73,0.155,324,11.6,0.0010649798387096774,33.5,4.0,4.0,33.5,4.0,4.0,0,0,0,0,1284.0,57.5,54.3,1284.0,57.3,4.0,13.39133064516129,0.827,333.2016129032258,115.0,0.16238306451612902,16,1,47,6,Layer 1 Down
146,-0.53,16.5,146,-0.39,13.31,-4.44,0.0772,326,10.5,0.0007139612132352942,77.0,8.15,-27.3,77.1,8.09,14.1,1.97,0.0643,324,12.3,0.0005420621323529413,33.5,4.0,4.0,33.5,4.0,4.0,0,0,0,0,1294.0,57.3,16.8,1294.0,57.3,4.0,19.615477941176472,0.992,339.5797794117647,119.0,0.2024823529411765,16,1,47,6,Layer 1 Down
146,0.45,-2.25,146,0.6,15.3,-5.46,0.0956,326,9.55,0.0007931762808349145,77.5,9.03,-33.5,77.5,8.95,11.83,2.38,0.0472,324,10.1,0.0004588187262808349,33.5,4.0,4.0,33.5,4.0,4.0,0,0,0,0,1294.0,57.3,12.87,1304.0,57.3,4.0,24.997709914611004,0.971,333.30279886148,116.0,0.1961845588235294,16,1,2,6,Layer 1 Down
146,1.72,16.5,146,1.82,16.8,-5.5,0.105,326,9.41,0.000554885709203036,78.0,9.72,-21.0,78.0,9.59,9.06,5.86,0.0923,324,11.6,0.0011393090607210628,33.5,4.0,4.0,33.5,4.0,4.0,0,0,0,0,1304.0,57.4,40.1,1304.0,57.3,4.000000954,18.777501185958254,0.809,333.35339184060723,118.0,0.16351194852941175,16,1,47,6,Layer 1 Down
146,3.0,-39.8,145,3.196,17.6,-1.18,0.044,326,7.66,8.408954933586338e-05,78.6,10.3,47.8,78.6,9.95,5.9,2.27,0.117,325,18.2,0.001614266129032258,33.5,4.0,4.0,33.5,4.0,4.0,0,0,0,0,1314.0,57.4,52.2,1314.0,57.3,4.000000954,23.844715370018978,0.919,340.7895161290323,118.0,0.18674843453510437,16,1,47,6,Layer 1 Down
145,4.025,10.25,145,4.0,4.0,-4.23,0.0816,326,3.59,6.837929316888045e-05,79.1,9.32,-14.8,79.2,10.0,4.0,11.7,0.2,325,15.3,0.002616985294117647,33.5,4.0,4.0,33.5,4.0,4.0,0,0,0,0,1314.0,57.4,69.4,1314.0,57.3,4.0,19.099771703036055,0.924,331.3441057874763,116.0,0.1846663009962049,16,1,47,6,Layer 1 Down
145,4.05,22.8,145,4.0,4.0,-4.53,0.0729,326,2.78,3.6305626185958255e-05,79.7,9.8,-14.8,79.8,10.0,4.0,4.76,0.0872,324,14.0,0.001097611954459203,33.5,4.0,4.0,33.5,4.0,4.0,0,0,0,0,1324.0,57.4,33.4,1324.0,57.3,4.0,18.152813092979127,0.806,334.56056688804557,119.0,0.1625310009487666,16,1,47,6,Layer 1 Down
145,3.925,-33.5,145,4.0,4.0,-3.73,0.0545,326,3.98,-1.646667694497154e-05,80.3,9.85,-8.5,80.4,10.0,4.0,4.44,0.0798,325,13.8,0.0009605561551233397,33.5,4.0,4.0,33.5,4.0,4.0,0,0,0,0,1324.0,57.3,-3.87,1324.0,57.3,4.0,25.12223790322581,0.946,340.9446572580645,122.0,0.19211123102466796,16,1,47,6,Layer 1 Down
145,3.975,-8.5,145,4.0,4.0,-3.04,0.0504,326,5.61,-2.4598190227703985e-05,80.8,4.925,4.0,80.8,6.0,504.0,-1.84,0.0753,325,3.11,5.3208102466793164e-05,33.5,4.0,4.0,33.5,4.0,4.0,0,0,0,0,1334.0,57.3,-22.4,1334.0,57.3,4.0,25.865049810246678,0.947,339.94065464895635,118.0,0.1931960863377609,16,1,47,6,Layer 1 Down
145,4.075,35.3,145,4.0,4.0,-3.34,0.074,326,3.8,7.391134962049335e-05,81.4,10.18,60.3,81.4,10.0,4.0,7.25,0.124,324,13.7,0.0017527548624288426,33.5,4.0,4.0,33.5,4.0,4.0,0,0,0,0,1334.0,57.3,-30.8,1334.0,57.3,3.999999046,21.539879032258064,0.974,334.7128261385199,117.0,0.19850476755218216,16,1,48,6,Layer 1 Down
145,3.95,-14.8,145,4.0,4.0,-2.84,0.0512,326,5.24,-2.4183236480075904e-05,81.8,4.025,35.3,81.8,4.0,4.0,1.53,0.028,325,0.293,1.3411663899430742e-05,33.5,4.0,4.0,33.5,4.0,4.0,0,0,0,0,1344.0,57.2,-12.3,1344.0,57.3,3.999999046,26.82332779886148,1.07,340.04376185958256,120.0,0.21859956119544594,16,1,48,6,Layer 1 Down
145,4.025,16.5,145,4.0,4.0,-5.21,0.0696,325,2.49,6.68572467979127e-05,81.8,4.0,16.5,81.8,4.0,4.0,0.308,0.0205,324,0.929,-5.819643441650853e-06,36.2,53.9,-109.0,36.7,54.0,4.0,0,0,0,0,1344.0,57.3,28.0,1344.0,57.3,4.0,25.876817481024666,0.946,331.6457424098672,118.0,0.19222778700189752,16,1,51,50,Repositioning
145,4.0,-2.25,145,4.0,4.0,-3.09,0.0717,325,3.81,8.271273244781784e-05,81.8,4.025,16.5,81.8,4.0,4.0,0.237,0.0279,323,1.72,2.8627267552182163e-06,41.3,54.0,-46.0,41.7,54.0,4.0,0,0,0,0,1354.0,57.4,7.69,1354.0,57.3,4.0,20.38768500948767,0.837,333.8087286527514,117.0,0.17007343453510437,16,1,2,50,Repositioning
145,4.025,10.25,145,4.0,4.0,-2.79,0.0536,325,6.06,-3.486505574003796e-05,81.8,4.05,16.5,81.8,4.0,4.0,-0.465,0.0215,324,1.92,1.7326876185958256e-06,46.4,53.9,-8.5,46.9,54.0,4.0,0,0,0,0,1354.0,57.3,-9.3,1354.0,57.3,4.0,22.926415441176474,1.03,339.14190583491467,119.0,0.20919033444022775,16,1,52,50,Repositioning
145,4.0,4.0,145,4.0,4.0,-2.88,0.0715,325,3.88,3.6032683823529414e-05,81.8,3.975,-2.25,81.8,4.0,4.0,1.84,0.026,323,0.247,1.341979720113852e-05,51.3,54.0,-21.0,51.7,54.0,4.0,0,0,0,0,1364.0,57.3,-2.06,1364.0,57.3,3.999999046,28.107606736242886,1.03,331.79656072106263,116.0,0.21027871204933588,16,1,52,50,Repositioning
145,3.975,-8.5,145,4.0,4.0,-3.09,0.0702,325,3.51,3.4135836693548386e-05,81.8,4.0,4.0,81.8,4.0,4.0,2.0,0.0263,323,1.17,-2.4307252134724857e-06,56.2,54.0,-39.8,56.7,54.0,4.0,0,0,0,0,1364.0,57.5,58.4,1364.0,57.3,4.0,13.738881641366225,0.831,332.90367054079695,115.0,0.16275290559772296,16,1,52,50,Repositioning
146,23.9,941.0,146,30.8,898.0,17.5,0.269,325,37.3,0.012472566413662237,81.6,-6.1,-483.0,81.5,-9.4,-443.0,-10.1,0.172,324,21.4,0.0040905789848197345,58.5,3.875,-2.25,58.5,4.0,4.0,0,0,0,0,1374.0,57.4,21.2,1374.0,57.3,4.0,20.294345351043642,0.981,340.35308349146106,117.0,0.19977246204933585,16,1,52,50,Repositioning
150,48.6,-27.3,150,48.7,4.0000954,10.5,0.187,324,64.8,0.018500252016129034,79.5,-18.2,4.0,79.4,-18.4,4.0,-8.35,0.177,323,35.2,0.00889069254032258,58.5,3.975,-2.25,58.5,4.0,4.0,0,0,0,0,1384.0,57.3,1.31,1384.0,57.3,4.0,24.84319556451613,0.871,340.4046370967742,119.0,0.1765452620967742,16,1,52,50,Repositioning
154,44.5,-758.0,154,37.1,-890.0,-8.17,0.108,324,36.7,-0.005085696513282733,77.4,-16.0,504.0,77.3,-12.5,451.0,-0.0482,0.0512,323,25.3,0.0016599882590132829,58.5,4.0,4.0,58.5,4.0,4.0,0,0,0,0,1384.0,57.4,42.0,1384.0,57.3,4.000000954,20.08902988614801,0.8,333.0549691650854,117.0,0.1617695564516129,16,1,52,50,Repositioning
155,4.025,29.0,155,4.0,4.0,0.0391,0.0168,326,1.33,2.263001778937381e-06,77.0,4.025,16.5,77.0,4.0,4.0,1.18,0.0198,325,0.673,-9.326951257115749e-07,57.5,-38.1,-1006.0,57.2,-45.5,-871.0,0,0,0,0,1394.0,57.4,50.1,1394.0,57.3,4.000000954,23.264504269449713,0.915,340.50774430740034,118.0,0.1861160341555977,16,1,52,50,Repositioning
155,3.975,-8.5,155,4.0,4.0,1.06,0.0215,326,0.749,-1.9143240037950666e-06,77.0,4.0,4.0,77.0,4.0,4.0,-0.0996,0.0226,325,1.23,1.4912689753320683e-06,52.8,-46.0,16.5,52.4,-46.0,4.0,0,0,0,0,1394.0,57.4,61.8,1394.0,57.3,4.0,19.46053130929791,0.93,333.155834914611,116.0,0.18614421252371915,16,1,54,50,Repositioning
155,3.975,-8.5,155,4.0,4.0,0.748,0.0204,326,1.27,-1.7982560483870968e-06,77.0,4.0,4.0,77.0,4.0,4.0,0.22,0.0173,325,0.876,-5.87077709914611e-07,47.8,-46.1,-39.8,47.4,-46.0,4.0,0,0,0,0,1404.0,57.4,34.1,1404.0,57.3,4.0,20.09815583491461,0.809,334.2640654648957,118.0,0.16395863970588237,16,1,54,50,Repositioning
155,4.025,16.5,155,4.0,4.0,0.238,0.0187,327,0.792,-2.380405004743833e-06,77.0,4.0,4.0,77.0,4.0,4.0,0.379,0.0155,325,0.859,5.120515654648956e-07,43.5,-4.02,991.0,43.5,3.5,879.0,0,0,0,0,1404.0,57.3,-8.3,1404.0,57.3,4.0,26.554740275142315,0.966,341.7203629032258,121.0,0.1946642314990512,16,1,2,50,Repositioning
155,3.975,-8.5,155,4.0,4.0,0.747,0.0227,326,0.58,-7.42798754743833e-06,77.0,4.0,4.0,77.0,4.0,4.0,0.0599,0.0164,325,0.758,0.0,43.0,-1.75,142.0,43.0,-2.0,4.0,0,0,0,0,1414.0,57.4,65.4,1414.0,57.3,4.000000954,24.7599584914611,0.919,333.30713353889945,114.0,0.18622874762808347,16,1,54,6,Layer 2 Up
155,3.975,-8.5,155,4.0,4.0,0.664,0.0207,326,1.4,6.413164611005692e-06,77.0,4.0,4.0,77.0,4.0,4.0,0.54,0.0161,325,0.41,1.5345030834914614e-06,42.4,-2.15,22.8,42.4,-2.0,4.0,0,0,0,0,1414.0,57.3,-25.1,1414.0,57.3,3.999999046,22.964632352941177,0.979,335.47412239089186,115.0,0.20001453984819736,16,1,54,6,Layer 2 Up
155,4.025,16.5,155,4.0,4.0,0.223,0.0176,327,1.97,1.0796068548387097e-06,77.0,4.0,4.0,77.0,4.0,4.0,1.18,0.0193,325,0.401,0.0,41.8,-2.35,-14.8,41.8,-2.0,4.0,0,0,0,0,1424.0,57.2,-15.7,1424.0,57.3,3.999999046,27.096015180265653,1.09,340.8170659392789,119.0,0.2222719995256167,16,1,54,6,Layer 2 Up
155,3.975,-8.5,155,4.0,4.0,-0.159,0.0211,327,2.26,2.1066104127134723e-06,77.0,4.025,16.5,77.0,4.0,4.0,-0.0999,0.0176,325,0.907,3.40868619544592e-07,41.2,-1.8,-8.5,41.2,-2.0,4.0,0,0,0,0,1424.0,57.3,20.9,1424.0,57.3,4.0,27.3118334914611,0.959,334.5170303605313,117.0,0.1958406665085389,16,1,54,6,Layer 2 Up
155,3.975,-2.25,155,4.0,4.0,0.435,0.029,326,0.813,-4.065631878557875e-06,77.0,4.0,4.0,77.0,4.0,4.0,-0.899,0.0198,325,2.58,-6.267849146110057e-07,40.6,-1.72,142.0,40.6,-2.0,4.0,0,0,0,0,1434.0,57.4,7.69,1434.0,57.3,4.0,20.434035222960155,0.837,335.62638164136627,118.0,0.17046008657495257,16,1,54,6,Layer 2 Up
155,4.025,16.5,155,4.0,4.0,-0.303,0.0289,327,2.77,1.7366261859582541e-06,77.0,4.0,4.0,77.0,4.0,4.0,0.0598,0.0181,325,1.4,1.6942694497153698e-06,40.0,-1.75,123.0,40.0,-2.0,4.0,0,0,0,0,1434.0,57.3,-10.1,1434.0,57.3,4.0,26.578851992409867,1.04,340.9717267552182,117.0,0.21178368121442126,16,1,54,6,Layer 2 Up
155,3.975,-8.5,155,4.0,4.0,1.19,0.0237,326,1.12,0.0,77.0,4.025,16.5,77.0,4.0,4.0,0.38,0.0178,325,0.406,0.0,39.4,-2.2,-102.0,39.4,-2.0,4.0,0,0,0,0,1444.0,57.3,-3.5,1444.0,57.3,3.999999046,29.54829044117647,1.05,334.66880929791273,114.0,0.2139338591081594,16,1,54,6,Layer 2 Up
155,3.975,-8.5,155,4.0,4.0,0.154,0.0247,326,2.1,4.66064990512334e-06,77.0,4.0,4.0,77.0,4.0,4.0,-0.1,0.0169,325,1.45,-1.3134558823529414e-07,38.8,-1.8,-39.8,38.8,-2.0,4.0,0,0,0,0,1444.0,57.5,64.2,1444.0,57.3,4.0,15.782655360531312,0.84,334.7194022770399,112.0,0.1652412239089184,16,1,54,6,Layer 2 Up
155,4.025,16.5,155,4.0,4.0,1.06,0.0223,327,0.921,-9.015483100094876e-07,77.0,3.975,-8.5,77.0,4.0,4.0,0.0608,0.0215,325,2.22,-1.5573161171726755e-07,38.2,-1.7,-2.25,38.2,-2.0,4.0,0,0,0,0,1454.0,57.3,18.4,1454.0,57.3,4.0,23.09489207779886,0.987,341.12638757115747,116.0,0.2023451553605313,16,1,54,6,Layer 2 Up
155,3.975,-2.25,155,4.0,4.0,0.748,0.022,326,1.11,0.0,77.0,4.0,4.0,77.0,4.0,4.0,-0.1,0.0131,325,1.82,-3.7296470588235294e-07,37.6,-2.25,72.7,37.6,-2.0,4.0,0,0,0,0,1454.0,57.3,12.94,1464.0,57.3,4.0,22.250735294117646,0.968,334.8205882352941,118.0,0.1981375,16,1,2,6,Layer 2 Up
155,3.975,-8.5,155,4.0,4.0,0.55,0.0236,326,0.615,-2.22540974857685e-06,77.0,4.0,4.0,77.0,4.0,4.0,0.539,0.0194,325,1.13,9.240749051233397e-07,37.0,-2.47,-152.0,37.0,-2.0,4.0,0,0,0,0,1464.0,57.4,40.5,1464.0,57.3,4.000000954,22.148125592979127,0.803,334.87118121442126,114.0,0.1631967148956357,16,1,54,6,Layer 2 Up
155,4.025,16.5,155,4.0,4.0,-0.189,0.019,326,1.5,-3.1266431451612903e-06,77.0,3.975,-2.25,77.0,4.0,4.0,0.38,0.0166,325,1.76,0.0,36.4,-2.57,-171.0,36.4,-2.0,4.0,0,0,0,0,1474.0,57.4,41.4,1474.0,57.3,4.000000954,23.741290322580642,0.927,341.28104838709675,117.0,0.1875985887096774,16,1,54,6,Layer 2 Up
155,3.975,-8.5,155,4.0,4.0,1.08,0.024,326,0.13,-4.6111702443074e-06,77.0,4.0,4.0,77.0,4.0,4.0,1.34,0.0232,325,1.33,2.0564759250474383e-07,35.8,-1.65,97.7,35.8,-2.0,4.0,0,0,0,0,1474.0,57.4,57.1,1474.0,57.3,4.0,16.642614444971535,0.948,333.9123280360531,119.0,0.19292712286527514,16,1,54,6,Layer 2 Up
155,3.975,-2.25,155,4.0,4.0,0.581,0.0231,326,2.18,2.3006323529411765e-06,77.0,4.025,16.5,77.0,4.0,4.0,-0.579,0.0182,325,1.85,0.0,35.2,-2.1,97.7,35.2,-2.0,4.0,0,0,0,0,1484.0,57.4,33.8,1484.0,57.3,4.0,21.31000474383302,0.804,336.0831593927894,115.0,0.16221048387096776,16,1,54,6,Layer 2 Up
155,4.025,16.5,155,4.0,4.0,0.123,0.0209,326,1.39,-2.2479618121442123e-06,77.0,4.0,4.0,77.0,4.0,4.0,-0.26,0.0172,325,1.89,0.0,34.6,-2.07,123.0,34.6,-2.0,4.0,0,0,0,0,1484.0,57.3,-4.87,1484.0,57.3,4.0,25.448624288425044,0.941,341.435709203036,120.0,0.19086468216318783,16,1,54,6,Layer 2 Up
155,3.975,-2.25,155,4.0,4.0,0.664,0.0266,326,0.728,2.375563567362429e-06,77.0,4.0,4.0,77.0,4.0,4.0,-0.579,0.0164,325,1.74,-1.3256493121442124e-07,34.0,-1.88,-77.2,34.0,-2.0,4.0,0,0,0,0,1494.0,57.4,73.7,1494.0,57.3,4.000000954,20.043817599620493,0.934,334.0636266603416,119.0,0.19089350094876661,16,1,54,6,Layer 2 Up
155,3.975,-8.5,155,4.0,4.0,0.993,0.0222,326,1.33,7.880849086812146e-06,77.0,4.0,4.0,77.0,4.0,4.0,0.0605,0.0279,325,0.534,9.85371305740038e-07,33.4,-1.57,47.8,33.4,-2.0,4.0,0,0,0,0,1494.0,57.3,-27.7,1494.0,57.3,3.999999046,25.032037476280838,0.977,336.2354186432638,114.0,0.20046843572106263,16,1,54,6,Layer 2 Up
155,4.025,16.5,155,4.0,4.0,0.208,0.0203,326,2.87,-7.447094402277039e-07,77.0,3.975,-8.5,77.0,4.0,4.0,0.22,0.0198,325,1.47,-4.275183823529412e-09,32.8,-1.43,117.0,32.8,-2.0,4.0,0,0,0,0,1504.0,57.2,-26.1,1504.0,57.3,3.999999046,29.173090607210625,1.11,341.5903700189753,119.0,0.22701968690702085,16,1,54,6,Layer 2 Up
155,-2.38,22.8,155,-2.0,4.0,-3.15,0.0725,326,13.6,0.0009984007768026565,77.0,4.0,-2.25,77.0,4.0,4.0,-0.739,0.0165,325,2.38,3.501299217267552e-07,32.5,4.05,-2.25,32.5,4.0,4.0,0,0,0,0,1504.0,57.3,30.1,1504.0,57.3,4.0,23.660294710626186,0.958,334.21492528463,120.0,0.1962849561195446,16,1,54,6,Layer 2 Up
154,-1.9,35.3,154,-2.0,4.0,-4.48,0.0869,326,13.7,0.001092994663187856,77.0,4.025,16.5,77.0,4.0,4.0,-1.38,0.0228,324,2.69,0.0,32.5,4.025,16.5,32.5,4.0,4.0,0,0,0,0,1514.0,57.4,10.63,1514.0,57.3,4.0,22.072125237191653,0.842,336.38767789373816,115.0,0.17190789848197346,16,1,2,6,Layer 2 Up
154,-1.82,60.3,154,-2.0,4.0,-4.12,0.0887,326,16.6,0.001146225569259962,77.0,3.975,-2.25,77.0,4.0,4.0,0.0602,0.0142,325,1.98,5.349052656546489e-07,32.5,3.975,-14.8,32.5,4.0,4.0,0,0,0,0,1514.0,57.3,-23.4,1514.0,57.3,4.0,26.002339302656544,1.05,340.6837108633776,117.0,0.21438663425047438,16,1,55,6,Layer 2 Up
153,-2.05,-27.3,153,-2.0,4.0,-4.89,0.0916,326,12.9,0.0012525464895635674,77.0,4.0,4.0,77.0,4.0,4.0,-0.739,0.0157,325,1.76,1.9425085388994309e-07,32.5,4.0,10.25,32.5,4.0,4.0,0,0,0,0,1524.0,57.3,-0.13,1524.0,57.3,3.999999046,27.067741935483873,1.06,335.42770398481974,118.0,0.21654193548387096,16,1,55,6,Layer 2 Up
152,-1.93,-2.25,152,-2.0,4.0,-6.2,0.103,326,12.7,0.001401365037950664,77.0,4.025,16.5,77.0,4.0,4.0,0.22,0.0153,325,0.438,0.0,32.5,4.0,4.0,32.5,4.0,4.0,0,0,0,0,1524.0,57.5,57.8,1524.0,57.3,4.0,16.243094758064515,0.848,336.5399371442125,113.0,0.16880078866223908,16,1,55,6,Layer 2 Up
152,-1.9,4.0,152,-2.0,4.0,-5.51,0.102,326,14.7,0.0013378683586337762,77.0,4.0,4.0,77.0,4.0,4.0,-0.26,0.0182,325,2.37,6.774285815939278e-07,32.5,4.0,4.0,32.5,4.0,4.0,0,0,0,0,1534.0,57.3,15.4,1534.0,57.3,4.0,22.616346062618597,0.997,340.8378913662239,116.0,0.20386565464895637,16,1,55,6,Layer 2 Up
151,-1.85,72.7,151,-2.0,4.0,-5.13,0.0846,326,14.7,0.0010725799928842507,77.0,4.0,-2.25,77.0,4.0,4.0,-0.579,0.0177,325,2.99,1.975246323529412e-06,32.5,4.0,-2.25,32.5,4.0,4.0,0,0,0,0,1544.0,57.3,-5.87,1544.0,57.3,4.0,25.27465725806452,0.892,341.951245256167,119.0,0.18265718690702087,16,1,55,6,Layer 2 Up
151,-2.2,-64.7,151,-2.0,4.0,-4.35,0.0971,326,13.3,0.0012426809772296014,77.0,4.0,4.0,77.0,4.0,4.0,1.34,0.0242,325,1.43,4.099785104364326e-07,32.5,4.05,22.8,32.5,4.0,4.0,0,0,0,0,1544.0,57.4,44.2,1544.0,57.3,4.000000954,22.72937855787476,0.813,336.6921963946869,114.0,0.16569079696394684,16,1,55,6,Layer 2 Up
150,-1.65,66.5,150,-2.0,4.237,-7.88,0.171,326,16.7,0.002347640120967742,77.0,4.05,-14.8,77.0,4.203,11.56,1.34,0.026,325,3.74,-2.6238330763757115e-06,32.5,3.975,-14.8,32.5,4.0,4.0,0,0,0,0,1554.0,57.4,46.5,1554.0,57.3,4.000000954,23.263945090132825,0.919,342.05435246679315,118.0,0.18696138519924096,16,1,55,6,Layer 2 Up
150,-1.93,16.5,149,-1.93,5.15,-5.86,0.0959,326,12.7,0.0012430556214421253,77.1,4.85,22.8,77.1,4.925,11.47,5.5,0.0696,324,3.1,0.00012961776565464895,32.5,4.025,16.5,32.5,4.0,4.0,0,0,0,0,1554.0,57.4,58.6,1554.0,57.3,4.0,17.53027158444023,0.963,335.73126185958256,118.0,0.19548908918406072,16,1,57,6,Layer 2 Up
149,-1.95,-46.0,149,-1.77,6.08,-4.18,0.0961,326,13.2,0.0012538689516129033,77.2,5.58,35.3,77.2,5.66,11.27,3.99,0.0703,325,5.92,0.00024333558467741934,32.5,4.0,4.0,32.5,4.0,4.0,0,0,0,0,1564.0,57.4,38.9,1564.0,57.3,4.0,22.102096774193548,0.824,336.84445564516125,115.0,0.16789092741935482,16,1,57,6,Layer 2 Up
148,-1.38,29.0,148,-1.5,7.01,-6.26,0.112,326,14.4,0.001328451138519924,77.4,6.22,4.0,77.4,6.4,10.94,8.54,0.109,325,6.32,0.0005388197817836811,32.5,3.975,-8.5,32.5,4.0,4.0,0,0,0,0,1564.0,57.3,-6.3,1564.0,57.3,4.0,26.675298861480076,0.959,341.1462523719165,120.0,0.19554800759013283,16,1,57,6,Layer 2 Up
148,-1.07,16.5,148,-1.17,7.82,-5.37,0.0958,326,12.2,0.001011900806451613,77.6,7.17,-2.25,77.7,7.05,10.52,3.68,0.0853,325,10.1,0.0006058649786527514,32.5,4.025,10.25,32.5,4.0,4.0,0,0,0,0,1574.0,57.4,69.9,1574.0,57.3,4.000000954,20.195499288425047,0.948,335.88304079696394,119.0,0.19345162476280836,16,1,2,6,Layer 2 Up
147,-0.68,16.5,147,-0.74,8.61,-5.03,0.077,326,11.3,0.0007962477585388994,78.0,7.72,-21.0,78.0,7.67,9.99,7.21,0.0894,324,6.86,0.0006867504032258063,32.5,4.0,4.0,32.5,4.0,4.0,0,0,0,0,1574.0,57.3,-29.8,1574.0,57.3,3.999999046,26.68333610056926,1.0,338.0597960151802,113.0,0.20623773719165084,16,1,57,6,Layer 2 Up
147,-0.35,4.0,147,-0.22,9.36,-4.47,0.0854,326,12.0,0.0007857352644686906,78.4,8.47,10.25,78.4,8.26,9.34,3.15,0.0589,325,9.38,0.0005528854364326376,32.5,3.975,-8.5,32.5,4.0,4.0,0,0,0,0,1584.0,57.2,-25.4,1584.0,57.3,3.999999046,28.92016129032258,1.1,341.3004328747628,118.0,0.22434389824478176,16,1,57,6,Layer 2 Up
146,0.35,-14.8,146,0.32,9.96,-6.41,0.108,326,11.2,0.0008847499051233397,78.8,8.72,10.25,78.9,8.74,8.65,5.94,0.104,324,12.4,0.0011059373814041745,32.5,4.05,22.8,32.5,4.0,4.0,0,0,0,0,1584.0,57.3,20.6,1584.0,57.3,4.0,23.607509487666036,0.983,337.0982210626186,120.0,0.20204625237191653,16,1,57,6,Layer 2 Up
146,0.7,-21.0,146,0.95,10.5,-3.85,0.078,326,8.72,0.0005594333135673624,79.3,9.2,66.5,79.3,9.16,7.86,6.08,0.119,324,12.9,0.0014039010910815938,32.5,4.0,4.0,32.5,4.0,4.0,0,0,0,0,1594.0,57.4,5.94,1594.0,57.3,4.0,22.972926944971537,0.857,338.2125355787476,115.0,0.17548763638519924,16,1,57,6,Layer 2 Up
146,1.55,-2.25,146,1.65,10.95,-5.99,0.099,326,9.69,0.0005424979838709677,79.9,9.8,-8.5,79.9,9.52,6.98,3.63,0.0913,325,14.9,0.0011594564753320683,32.5,4.0,4.0,32.5,4.0,4.0,0,0,0,0,1594.0,57.3,-19.1,1594.0,57.3,4.0,25.74206119544592,1.05,340.3908918406072,117.0,0.2148717504743833,16,1,57,6,Layer 2 Up
146,2.23,-33.5,146,2.33,11.26,-5.26,0.103,326,7.24,0.00044576640773244785,80.4,9.55,22.8,80.4,9.76,6.12,9.04,0.155,324,15.4,0.0019149869544592031,32.5,4.0,4.0,32.5,4.0,4.0,0,0,0,0,1604.0,57.3,2.69,1604.0,57.3,3.999999046,26.809817362428845,1.06,337.250480313093,117.0,0.21703185483870968,16,1,57,6,Layer 2 Up
146,2.85,-52.3,146,3.067,11.46,-2.87,0.0664,326,4.1,0.00016599051233396584,81.0,9.7,16.5,81.0,9.93,5.19,6.35,0.107,324,14.3,0.0013194117647058823,32.5,4.025,16.5,32.5,4.0,4.0,0,0,0,0,1604.0,57.5,59.3,1604.0,57.3,4.0,16.386242884250475,0.854,338.36527514231494,112.0,0.17024667931688803,16,1,57,6,Layer 2 Up
145,3.9,85.2,145,3.85,11.56,-3.01,0.0799,326,9.23,0.0,81.6,9.8,16.5,81.7,10.0,4.208,5.48,0.1,325,14.6,0.0012876842386148008,32.5,4.0,4.0,32.5,4.0,4.0,0,0,0,0,1614.0,57.3,19.4,1614.0,57.3,4.0,22.986759962049337,1.01,340.54459203036055,116.0,0.20751936076850094,16,1,57,6,Layer 2 Up
146,10.82,516.0,146,10.0,4.0,1.95,0.0525,326,13.2,0.0004321309535104365,81.9,3.825,-33.5,81.9,4.0,4.0,0.617,0.0178,325,1.32,-2.820559179316888e-06,32.5,4.025,16.5,32.5,4.0,4.0,0,0,0,0,1614.0,57.3,9.06,1624.0,57.3,4.0,22.032292457305505,0.989,338.4671015180266,119.0,0.2032931333017078,16,1,57,6,Layer 2 Up
146,10.0,41.5,146,10.0,4.0,5.58,0.102,326,12.1,0.0013625882352941176,81.9,3.95,-27.3,81.9,4.0,4.0,-0.555,0.024,325,0.763,3.810988970588235e-06,32.5,4.025,16.5,32.5,4.0,4.0,0,0,0,0,1624.0,57.4,40.3,1624.0,57.3,4.000000954,22.674319852941174,0.836,338.5180147058823,115.0,0.17138805147058822,16,1,2,6,Layer 2 Up
147,10.03,22.8,147,10.0,4.0,5.76,0.0978,326,14.0,0.0013627931688804556,81.9,4.025,16.5,81.9,4.0,4.0,-0.522,0.0195,325,1.16,-8.038350332068311e-07,32.5,4.0,-2.25,32.5,4.0,4.0,0,0,0,0,1634.0,57.4,48.2,1634.0,57.3,4.000000954,23.84888045540797,0.927,341.7629743833017,118.0,0.19057810721062618,16,1,59,6,Layer 2 Up
147,10.03,4.0,147,10.0,4.0,-1.13,0.0925,326,21.5,0.001192623339658444,81.9,3.95,-21.0,81.9,4.0,4.0,-0.457,0.0192,325,1.24,-2.150981380455408e-06,32.5,4.0,10.25,32.5,4.0,4.0,0,0,0,0,1634.0,57.4,61.5,1634.0,57.3,4.0,17.037476280834916,0.96,338.61984108159396,118.0,0.19486613496204935,16,1,59,6,Layer 2 Up
148,10.25,66.5,148,10.0,4.0,3.67,0.0843,326,12.8,0.001128902514231499,81.9,3.95,-21.0,81.9,4.0,4.0,-0.457,0.016,325,1.41,1.4377532020872864e-06,32.5,4.025,16.5,32.5,4.0,4.0,0,0,0,0,1644.0,57.4,34.6,1644.0,57.3,4.0,22.365049810246678,0.837,339.7357566413662,115.0,0.17146538187855787,16,1,59,6,Layer 2 Up
148,4.975,-33.5,148,5.09,12.92,3.35,0.0552,326,8.2,8.020673446394687e-05,81.7,-2.72,-196.0,81.7,-1.9,5.62,-3.27,0.103,324,13.8,0.0015125307163187857,32.5,4.0,4.0,32.5,4.0,4.0,0,0,0,0,1644.0,57.3,-2.5,1644.0,57.3,4.0,26.416029411764708,0.959,341.917154886148,121.0,0.19705505811195445,16,1,59,6,Layer 2 Up
149,5.83,47.8,149,5.93,12.6,5.82,0.115,326,8.31,0.0004485008064516129,81.2,-1.68,-8.5,81.1,-1.68,6.9,-8.95,0.154,324,14.5,0.0019388870967741937,32.5,4.025,16.5,32.5,4.0,4.0,0,0,0,0,1654.0,57.4,65.4,1654.0,57.3,4.000000954,19.815000000000005,0.957,338.7725806451613,120.0,0.1960193548387097,16,1,59,6,Layer 2 Up
149,6.8,47.8,149,6.77,12.06,5.55,0.106,325,10.1,0.0006723195742409868,80.6,-1.22,-46.0,80.6,-1.32,8.16,-7.5,0.13,324,13.8,0.0015129854127134724,32.5,4.025,16.5,32.5,4.0,4.0,0,0,0,0,1654.0,57.3,-36.8,1654.0,57.3,3.999999046,26.63706712523719,1.02,339.88897651802654,114.0,0.20883460626185957,16,1,59,6,Layer 2 Up
149,7.6,47.8,149,7.57,11.31,5.89,0.102,326,11.0,0.0008034946631878558,80.1,-1.22,-71.0,80.1,-0.82,9.37,-1.64,0.0931,324,14.0,0.001036870434060721,32.5,3.975,-2.25,32.5,4.0,4.0,0,0,0,0,1664.0,57.2,-15.8,1664.0,57.3,3.999999046,29.41174098671727,1.07,341.0056925996205,118.0,0.2216537001897533,16,1,59,6,Layer 2 Up
149,8.07,-27.3,149,8.23,10.46,4.28,0.0748,326,11.2,0.0006799822462049337,79.7,-0.3,10.25,79.6,-0.26,10.37,-7.41,0.137,324,13.7,0.0013109375592979128,32.5,4.025,16.5,32.5,4.0,4.0,0,0,0,0,1664.0,57.3,30.5,1664.0,57.3,4.0,24.087145398481976,0.961,338.9253202087287,119.0,0.197173535341556,16,1,59,6,Layer 2 Up
150,8.72,41.5,150,8.82,9.42,6.75,0.111,325,12.7,0.0012365170777988614,79.3,0.25,54.0,79.2,0.43,11.27,-4.46,0.0741,324,9.62,0.0006086648719165085,32.5,4.025,10.25,32.5,4.0,4.0,0,0,0,0,1674.0,57.4,5.56,1674.0,57.3,4.0,22.278626660341555,0.861,341.1081593927894,115.0,0.17694985768500948,16,1,59,6,Layer 2 Up
150,9.22,10.25,150,9.32,8.22,7.49,0.11,326,12.1,0.0013113314160341557,78.9,1.35,22.8,78.9,1.23,12.03,-5.02,0.099,324,11.6,0.0005543840132827324,32.5,3.975,-14.8,32.5,4.0,4.0,0,0,0,0,1674.0,57.3,-15.6,1674.0,57.3,4.0,26.439852941176472,1.05,341.15939278937384,117.0,0.21642298980075902,16,1,2,6,Layer 2 Up
151,9.55,29.0,151,9.67,7.01,5.08,0.0997,326,13.9,0.0012368885199240988,78.7,1.85,-27.3,78.7,2.02,12.56,-6.99,0.129,324,10.0,0.0005768592148956358,32.5,4.025,10.25,32.5,4.0,4.0,0,0,0,0,1684.0,57.3,-0.5,1684.0,57.3,3.999999046,26.870336812144213,1.06,340.14434297912715,117.0,0.2175217741935484,16,1,59,6,Layer 2 Up
152,9.93,-14.8,152,9.9,5.69,4.14,0.0719,326,13.2,0.0009619318666982922,78.5,2.8,-14.8,78.5,2.9,12.91,-1.8,0.041,324,3.69,0.00011197654767552182,32.5,4.025,16.5,32.5,4.0,4.0,0,0,0,0,1684.0,57.5,52.1,1684.0,57.3,4.0,15.890005336812145,0.853,340.19541627134726,112.0,0.17063092979127134,16,1,59,6,Layer 2 Up
152,9.93,-58.5,152,10.0,4.273,4.12,0.067,326,14.0,0.0008202180265654649,78.5,3.825,41.5,78.5,3.837,13.07,-5.46,0.0846,325,6.9,4.330409867172675e-05,32.5,4.0,4.0,32.5,4.0,4.0,0,0,0,0,1694.0,57.3,21.6,1694.0,57.3,4.0,20.265464895635674,1.01,341.31309297912713,118.0,0.2079876660341556,16,1,59,6,Layer 2 Up
153,10.15,54.0,153,10.0,4.0,3.57,0.0817,325,13.3,0.0010774311551233397,78.5,3.875,-58.5,78.5,4.0,4.0,-3.21,0.0671,324,3.33,2.2188681214421255e-05,32.5,4.0,4.0,32.5,4.0,4.0,0,0,0,0,1694.0,57.3,6.06,1704.0,57.3,4.0,21.868652158444025,0.993,341.3643263757116,119.0,0.20375183230550287,16,1,59,6,Layer 2 Up
153,9.9,-8.5,153,10.0,4.0,5.3,0.0967,326,14.0,0.0012909775853889942,78.5,3.9,-52.3,78.5,4.0,4.0,-2.6,0.0678,324,3.72,2.1338472485768502e-05,32.5,4.025,10.25,32.5,4.0,4.0,0,0,0,0,1704.0,57.4,39.9,1704.0,57.3,4.000000954,20.911703036053133,0.828,341.415559772296,116.0,0.16964085626185957,16,1,61,6,Layer 2 Up
154,9.85,-2.25,154,10.0,4.0,5.49,0.106,326,15.6,0.0013872088472485769,78.5,4.1,54.0,78.5,4.0,4.0,-4.66,0.0636,325,5.03,-3.030517789373814e-05,32.5,3.975,-2.25,32.5,4.0,4.0,0,0,0,0,1714.0,57.4,44.0,1714.0,57.3,4.000000954,24.116092267552183,0.932,341.4667931688805,118.0,0.1910079874288425,16,1,61,6,Layer 2 Up
155,10.18,66.5,155,10.0,4.0,4.64,0.0854,326,13.6,0.0011739682163187856,78.5,3.9,-46.0,78.5,4.0,4.0,-2.88,0.0643,325,3.65,2.113142789373814e-05,32.5,4.025,16.5,32.5,4.0,4.0,0,0,0,0,1724.0,57.4,31.2,1724.0,57.3,4.0,20.917979127134725,0.842,341.5180265654649,116.0,0.17075901328273244,16,1,61,6,Layer 2 Up
156,10.13,35.3,156,10.0,4.0,4.33,0.0804,326,14.2,0.0010887520161290323,78.5,4.125,66.5,78.5,4.0,4.0,-4.02,0.0618,325,6.06,-2.038741520398482e-05,32.5,3.975,-14.8,32.5,4.0,4.0,0,0,0,0,1724.0,57.3,-5.94,1724.0,57.3,4.0,27.005319615749524,0.979,341.56925996204933,120.0,0.20173934416508538,16,1,2,6,Layer 2 Up
156,10.1,-21.0,156,10.0,4.0,3.21,0.0693,326,14.8,0.0008988889231499052,78.5,4.1,54.0,78.5,4.0,4.0,-4.33,0.0575,325,5.54,-3.7471497865275144e-05,32.5,3.975,-2.25,32.5,4.0,4.0,0,0,0,0,1734.0,57.3,-35.5,1734.0,57.3,4.0,24.76748576850095,0.924,342.68805740037953,115.0,0.1889588353889943,16,1,61,6,Layer 2 Up
157,10.05,10.25,157,10.0,4.0,5.3,0.0917,326,13.0,0.0012278827680265653,78.5,3.875,-58.5,78.5,4.0,4.0,-2.89,0.0624,324,3.35,-2.0073213946869067e-05,32.5,4.0,4.0,32.5,4.0,4.0,0,0,0,0,1734.0,57.3,1.06,1734.0,57.3,4.000000954,18.685172556925995,0.791,343.8071750474383,121.0,0.16122634606261857,16,1,61,6,Layer 2 Up
157,10.18,47.8,157,10.0,4.0,4.52,0.0814,326,12.8,0.0011105996204933586,78.5,3.85,-71.0,78.5,4.0,4.0,-3.07,0.0593,325,2.93,0.0,32.5,4.0,4.0,32.5,4.0,4.0,0,0,0,0,1744.0,57.2,-63.2,1744.0,57.3,3.999999046,25.73601043643264,1.1,343.85872865275144,119.0,0.22532357685009485,16,1,61,6,Layer 2 Up
158,10.15,66.5,158,10.0,4.0,5.94,0.0916,326,10.2,0.0012496118951612904,78.5,3.85,-64.7,78.5,4.0,4.0,-3.05,0.0586,325,3.37,-9.591038306451613e-06,32.5,4.0,4.0,32.5,4.0,4.0,0,0,0,0,1744.0,57.5,64.0,1744.0,57.3,4.0,19.224798387096776,0.838,343.9102822580645,118.0,0.16875100806451615,16,1,61,6,Layer 2 Up
159,9.95,16.5,159,10.0,4.0,6.83,0.115,326,14.1,0.0016343528225806448,78.5,4.15,79.0,78.5,4.0,4.0,-4.51,0.069,325,5.32,0.0,32.5,4.0,4.0,32.5,4.0,4.0,0,0,0,0,1754.0,57.3,-5.06,1754.0,57.3,4.0,19.65496204933586,0.902,341.8254269449715,119.0,0.18586757590132824,16,1,61,6,Layer 2 Up
159,10.13,72.7,159,10.0,4.0,5.06,0.0973,326,12.6,0.0013568229957305505,78.5,3.85,-71.0,78.5,4.0,4.0,-3.2,0.0598,325,3.34,2.980737132352941e-05,32.5,4.025,16.5,32.5,4.0,4.0,0,0,0,0,1754.0,57.5,57.8,1754.0,57.3,4.0,13.995575782732447,0.849,344.0133894686907,119.0,0.17200669473434535,16,1,61,6,Layer 2 Up
160,10.13,97.7,160,9.96,2.94,4.4,0.0965,326,13.9,0.001346341081593928,78.5,4.75,41.5,78.5,4.716,13.01,4.05,0.0761,325,5.51,0.00013036000948766604,32.5,4.025,16.5,32.5,4.0,4.0,0,0,0,0,1764.0,57.4,0.5,1764.0,57.3,4.0,20.408821157495257,0.774,344.0649430740038,118.0,0.15814165085388995,16,1,61,6,Layer 2 Up
160,9.53,-109.0,160,9.79,1.65,5.51,0.0843,326,13.6,0.0010227313270872863,78.6,5.48,-2.25,78.6,5.57,12.76,5.37,0.0851,325,7.94,0.0003035064753320683,32.5,4.0,4.0,32.5,4.0,4.0,0,0,0,0,1764.0,57.3,-4.87,1764.0,57.3,4.000000954,24.472881285578744,0.85,343.04781190702084,123.0,0.17312693311195446,16,1,61,6,Layer 2 Up
161,9.38,-14.8,161,9.5,0.41,6.9,0.0965,326,11.8,0.0011650409155597723,78.8,6.4,29.0,78.8,6.39,12.33,4.65,0.0863,325,9.07,0.0004702917457305503,32.5,4.0,4.0,32.5,4.0,4.0,0,0,0,0,1774.0,57.3,5.94,1774.0,57.3,4.0,19.452976755218216,1.04,345.2368951612903,120.0,0.21163128557874764,16,1,61,6,Layer 2 Up
161,9.1,41.5,161,9.08,-0.8,5.75,0.101,326,11.9,0.0011224552300759013,79.0,6.95,29.0,79.1,7.19,11.69,3.5,0.062,325,8.38,0.00037094472841555975,32.5,4.0,4.0,32.5,4.0,4.0,0,0,0,0,1774.0,57.3,-19.9,1774.0,57.3,4.0,30.894243951612903,0.964,344.2196038899431,118.0,0.19776592148956357,16,1,61,6,Layer 2 Up
162,8.65,4.0,162,8.54,-1.91,3.6,0.0858,326,13.7,0.0008670928842504744,79.4,7.88,72.7,79.4,7.92,10.88,5.31,0.0997,324,11.0,0.0008735078747628083,32.5,4.0,4.0,32.5,4.0,4.0,0,0,0,0,1784.0,57.4,18.3,1784.0,57.3,4.0,17.534307400379504,0.814,345.34032258064514,120.0,0.1678589184060721,16,1,61,6,Layer 2 Up
162,7.85,-2.25,162,7.9,-2.88,5.34,0.0864,326,10.5,0.0006811601458728652,79.8,8.85,72.7,79.9,8.56,9.91,5.41,0.134,324,14.4,0.0014863620137571156,32.5,4.0,4.0,32.5,4.0,4.0,0,0,0,0,1784.0,57.3,23.0,1794.0,57.3,4.000000954,22.56276150379507,0.94,345.3920362903226,120.0,0.19354785934535104,16,1,61,6,Layer 2 Up
163,7.2,-2.25,163,7.11,-3.75,3.29,0.0603,326,7.91,0.00035506911764705883,80.3,8.9,29.0,80.4,9.13,8.72,6.06,0.0988,324,12.6,0.0011015698529411766,32.5,4.025,16.5,32.5,4.0,4.0,0,0,0,0,1794.0,57.4,11.0,1794.0,57.3,4.0,19.357683823529413,0.77,344.37426470588235,118.0,0.15828382352941178,16,1,61,6,Layer 2 Up
163,6.5,66.5,163,6.36,-4.33,4.37,0.0963,326,9.81,0.0005294744722485768,80.8,9.38,-39.8,80.9,9.51,7.6,6.12,0.0881,325,12.4,0.0010503917813092978,32.5,4.0,4.0,32.5,4.0,4.0,0,0,0,0,1804.0,57.5,65.3,1804.0,57.3,4.0,13.58449656072106,0.763,345.4954637096774,118.0,0.15402893738140416,16,1,61,6,Layer 2 Up
163,5.73,72.7,163,5.51,-4.77,4.57,0.0878,326,7.26,0.0003155926233396585,81.4,10.05,54.0,81.4,9.81,6.3,4.63,0.102,324,14.4,0.0013800490986717268,32.5,4.0,4.0,32.5,4.0,4.0,0,0,0,0,1804.0,57.2,-20.4,1804.0,57.3,4.0,25.675332068311196,1.05,344.47737191650856,120.0,0.2150309060721063,16,1,2,6,Layer 2 Up
163,4.825,54.0,163,4.615,-5.02,5.76,0.0913,326,5.27,0.00010806652632827326,82.0,9.93,22.8,82.0,9.97,4.957,8.25,0.136,325,15.2,0.0018938391247628086,32.5,4.0,4.0,32.5,4.0,4.0,0,0,0,0,1814.0,57.3,-9.6,1814.0,57.3,4.0,24.930198648007593,0.952,344.52892552182163,118.0,0.19687367172675524,16,1,61,6,Layer 2 Up
163,4.15,79.0,163,4.0,4.0,2.22,0.054,326,3.26,-2.653911764705882e-05,82.4,5.5,410.0,82.5,10.0,129.0,12.1,0.203,325,14.1,0.0017229023956356736,32.5,4.0,4.0,32.5,4.0,4.0,0,0,0,0,1814.0,57.4,3.375,1814.0,57.3,4.000000954,18.620187381404172,0.779,345.6506048387097,121.0,0.15944873102466792,16,1,61,6,Layer 2 Up
163,4.2,97.7,163,4.0,4.0,1.15,0.0395,326,3.51,6.100629150853889e-06,83.0,9.8,-58.5,83.1,10.0,4.0,6.52,0.116,324,14.7,0.001530508716793169,32.5,4.0,4.0,32.5,4.0,4.0,0,0,0,0,1824.0,57.2,-61.9,1824.0,57.3,3.999999046,26.543088235294118,1.09,344.63203273244784,118.0,0.22261944971537,16,1,63,6,Layer 2 Up
163,4.175,97.7,163,4.0,4.0,2.28,0.043,326,1.86,6.390562144212524e-06,83.6,10.05,-46.0,83.7,10.0,4.0,7.92,0.1,324,11.7,0.001348761859582543,32.5,4.0,4.0,32.5,4.0,4.0,0,0,0,0,1824.0,57.4,56.7,1824.0,57.3,4.0,19.58916034155598,0.853,345.75403225806457,119.0,0.17127134724857687,16,1,63,6,Layer 2 Up
163,4.15,85.2,163,4.0,4.0,0.946,0.0476,326,4.1,0.0,84.2,10.43,29.0,84.3,10.0,4.0,5.57,0.0992,325,11.2,0.0013596696513282732,32.5,4.0,4.0,32.5,4.0,4.0,0,0,0,0,1834.0,57.4,13.19,1834.0,57.3,4.0,19.163847841555974,0.804,345.8057459677419,122.0,0.16487332779886146,16,1,63,6,Layer 2 Up
163,4.175,91.5,163,4.0,4.0,1.44,0.0425,326,3.22,-1.841717741935484e-05,84.8,10.32,72.7,84.9,10.0,4.0,5.62,0.131,324,14.7,0.0018417177419354838,32.5,4.0,4.0,32.5,4.0,4.0,0,0,0,0,1834.0,57.3,-0.38,1834.0,57.3,4.0,23.02147177419355,1.01,345.85745967741934,119.0,0.20772862903225808,16,1,63,6,Layer 2 Up
163,4.225,110.0,163,4.0,4.0,0.656,0.0427,326,3.85,-4.712075426944971e-06,85.4,10.05,66.5,85.5,10.0,4.0,8.34,0.157,325,16.5,0.0021846895161290324,32.5,4.0,4.0,32.5,4.0,4.0,0,0,0,0,1844.0,57.4,21.3,1844.0,57.3,4.000000954,24.095840251423148,0.875,345.90917338709676,119.0,0.1799156072106262,16,1,63,6,Layer 2 Up
163,4.15,79.0,163,4.0,4.0,0.307,0.0387,326,4.7,-1.1460623814041744e-05,86.0,9.9,47.8,86.1,10.0,4.0,8.65,0.147,325,15.3,0.0020350640417457306,32.5,4.0,4.0,32.5,4.0,4.0,0,0,0,0,1844.0,57.3,-34.4,1844.0,57.3,3.999999046,24.313659867172674,0.963,345.9608870967742,113.0,0.1992220588235294,16,1,63,6,Layer 2 Up
163,3.825,-77.2,163,4.0,4.0,3.38,0.057,326,4.92,1.8211189516129033e-05,86.7,9.93,10.25,86.7,10.0,4.0,7.74,0.138,324,16.8,0.0019175311314041745,32.5,4.0,4.0,32.5,4.0,4.0,0,0,0,0,1854.0,57.3,9.88,1854.0,57.3,3.999999046,18.639688092979128,1.02,340.6563685958254,121.0,0.21103554909867175,16,1,63,6,Layer 2 Up
163,4.15,72.7,163,4.0,4.0,-0.0124,0.0522,326,4.39,-1.7785348671726755e-05,87.2,9.82,10.25,87.3,10.0,4.0,6.31,0.104,325,14.2,0.0013821144449715369,32.5,4.0,4.0,32.5,4.0,4.0,0,0,0,0,1854.0,57.3,-23.4,1854.0,57.3,4.0,27.749429554079693,0.964,344.9929079696394,120.0,0.19821021110056924,16,1,2,6,Layer 2 Up
163,3.8,-89.7,163,4.0,4.0,4.54,0.0571,326,3.28,0.0,87.9,9.85,10.25,87.9,10.0,4.0,5.78,0.0979,325,14.3,0.0013073113140417455,32.5,4.0,4.0,32.5,4.0,4.0,0,0,0,0,1864.0,57.2,-37.6,1864.0,57.3,4.0,26.89632293643264,0.917,342.90132827324476,123.0,0.18752416389943072,16,1,63,6,Layer 2 Up
163,3.85,-71.0,163,4.0,4.0,2.25,0.0573,326,5.65,1.7897836812144214e-05,88.5,9.75,-58.5,88.5,10.0,4.0,5.89,0.0821,325,13.3,0.0010513639468690704,32.5,4.0,4.0,32.5,4.0,4.0,0,0,0,0,1864.0,57.3,7.94,1874.0,57.3,4.0,19.71977229601518,0.99,340.8091081593928,121.0,0.20577153700189754,16,1,63,6,Layer 2 Up
163,4.15,72.7,163,4.0,4.0,0.831,0.0413,326,3.49,-1.940115215844402e-05,89.0,10.2,4.0,89.1,10.0,4.0,3.12,0.053,325,11.6,0.0006999421193074004,32.5,4.0,4.0,32.5,4.0,4.0,0,0,0,0,1874.0,57.3,-20.3,1874.0,57.3,3.999999046,22.509624051233395,0.981,345.1475687855787,116.0,0.20258661646110054,16,1,63,6,Layer 2 Up
163,4.1,60.3,163,3.9017,-5.07,2.75,0.0414,326,1.73,-5.188707305502847e-06,89.6,9.3,554.0,89.6,10.0,3.879,26.8,0.336,324,22.8,0.004406113021821632,32.5,4.0,4.0,32.5,4.0,4.0,0,0,0,0,1884.0,57.5,61.4,1884.0,57.3,4.0,13.078972960151802,0.759,346.2711693548387,119.0,0.15330271584440225,16,1,63,6,Layer 2 Up
163,3.275,104.0,163,2.96,-4.94,-5.21,0.0795,326,6.18,0.00020050272177419355,90.2,9.9,-58.5,90.2,9.91,2.46,4.21,0.0796,325,14.2,0.0010389686491935485,32.5,4.0,4.0,32.5,4.0,4.0,0,0,0,0,1884.0,57.4,58.5,1884.0,57.3,4.0,15.547002490512334,0.89,339.889640654649,119.0,0.18227520161290325,16,1,63,6,Layer 2 Up
163,2.15,-39.8,163,2.12,-4.62,-4.05,0.0876,326,9.35,0.00031849305028462996,90.8,9.93,47.8,90.8,9.7,1.18,6.93,0.128,324,13.9,0.0017265111480075901,32.5,4.0,4.0,32.5,4.0,4.0,0,0,0,0,1894.0,57.3,-2.31,1894.0,57.3,4.0,24.771681688804552,0.944,345.302229601518,118.0,0.19517082542694494,16,1,63,6,Layer 2 Up
163,1.22,10.25,163,1.25,-4.08,-4.69,0.087,326,9.05,0.0005802372568785579,91.3,9.22,-14.8,91.4,9.33,-0.13,6.78,0.122,325,15.2,0.0014693623695445919,32.5,4.0,4.0,32.5,4.0,4.0,0,0,0,0,1894.0,57.3,-17.1,1894.0,57.3,4.0,22.95208372865275,0.919,342.13620137571155,121.0,0.1898373280360531,16,1,63,6,Layer 2 Up
163,0.4,-39.8,162,0.48,-3.36,-5.56,0.0975,326,9.92,0.0008023701612903226,91.8,9.07,-64.7,91.9,8.86,-1.3,1.56,0.0404,325,9.69,0.00038938551944971535,32.5,4.0,4.0,32.5,4.0,4.0,0,0,0,0,1904.0,57.4,60.4,1904.0,57.3,4.000000954,21.23921015180266,0.903,340.0418999051234,119.0,0.18664760436432637,16,1,63,6,Layer 2 Up
162,-0.1,-33.5,162,-0.24,-2.44,-6.72,0.116,326,11.8,0.0010578276209677418,92.3,8.65,91.5,92.4,8.25,-2.39,7.0,0.14,324,12.4,0.0015556288543643261,32.5,4.0,4.0,32.5,4.0,4.0,0,0,0,0,1904.0,57.4,12.5,1904.0,57.3,4.000000954,20.598671726755217,0.73,346.5297379032258,118.0,0.15019864800759014,16,1,63,6,Layer 2 Up
162,-0.7,-2.25,162,-0.81,-1.45,-6.28,0.11,326,10.7,0.0011910384250474384,92.7,7.4,-8.5,92.7,7.59,-3.25,6.29,0.108,324,11.8,0.0008734281783681215,32.5,4.0,4.0,32.5,4.0,4.0,0,0,0,0,1914.0,57.3,-3.31,1914.0,57.3,4.0,18.670332068311193,0.901,341.21641366223906,119.0,0.18563031309297912,16,1,63,6,Layer 2 Up
161,-1.2,16.5,161,-1.28,-0.34,-4.01,0.0732,326,13.4,0.0008145342801233397,93.0,6.75,-2.25,93.0,6.86,-3.97,8.06,0.121,324,9.66,0.0007769734108159393,32.5,4.0,4.0,32.5,4.0,4.0,0,0,0,0,1914.0,57.3,-2.75,1914.0,57.3,4.0,23.180422201138523,1.01,345.5599976280835,120.0,0.20926770042694498,16,1,2,6,Layer 2 Up
161,-1.6,-14.8,161,-1.65,0.91,-6.03,0.106,326,14.3,0.0012987266366223907,93.3,6.22,-14.8,93.3,6.03,-4.53,3.9,0.0682,324,7.43,0.0003101917338709677,32.5,3.975,-8.5,32.5,4.0,4.0,0,0,0,0,1924.0,57.3,15.9,1924.0,57.3,4.000000954,23.935209914611004,0.886,345.61155123339654,119.0,0.18246572580645162,16,1,63,6,Layer 2 Up
160,-2.05,-8.5,160,-1.89,2.23,-4.99,0.0893,326,12.8,0.0011808366935483871,93.4,5.4,91.5,93.4,5.15,-4.9,1.81,0.0613,325,7.69,0.00016961108870967742,32.5,4.0,4.0,32.5,4.0,4.0,0,0,0,0,1924.0,57.3,-39.3,1924.0,57.3,3.999999046,19.322782258064517,0.95,345.66310483870967,118.0,0.19644828629032257,16,1,63,6,Layer 2 Up
159,-2.07,-2.25,159,-2.0,3.644,-5.41,0.0932,326,13.1,0.0012561681688804556,93.5,4.275,-33.5,93.5,4.218,-5.07,7.06,0.112,325,6.4,5.786962760910817e-05,32.5,4.0,4.0,32.5,4.0,4.0,0,0,0,0,1934.0,57.3,13.44,1934.0,57.3,3.999999046,19.862488140417458,1.02,339.272770398482,120.0,0.21150865749525619,16,1,63,6,Layer 2 Up
159,-2.05,-14.8,159,-2.0,4.0,-4.51,0.0836,326,14.3,0.001106022355313093,93.5,4.075,41.5,93.5,4.0,4.0,4.58,0.0815,325,5.61,-1.3959505455407968e-05,32.5,3.975,-8.5,32.5,4.0,4.0,0,0,0,0,1934.0,57.3,-21.6,1934.0,57.3,4.0,28.241153344402274,0.972,345.7662120493358,120.0,0.19865450071157495,16,1,63,6,Layer 2 Up
158,-2.18,-71.0,158,-2.0,4.0,-4.51,0.0913,326,13.5,0.001267282495256167,93.5,4.1,54.0,93.5,4.0,4.0,4.0,0.0795,325,6.1,-1.3209809060721064e-05,32.5,4.0,4.0,32.5,4.0,4.0,0,0,0,0,1944.0,57.4,15.3,1944.0,57.3,4.0,17.82787239089184,0.808,346.89173387096776,120.0,0.16753904174573056,16,1,65,6,Layer 2 Up
158,-1.93,-27.3,158,-2.0,4.0,-5.26,0.1,326,14.8,0.00134266040085389,93.5,4.1,54.0,93.5,4.0,4.0,3.73,0.0799,325,6.04,-2.7068033681214423e-05,32.5,4.0,4.0,32.5,4.0,4.0,0,0,0,0,1944.0,57.3,14.9,1954.0,57.3,4.000000954,23.523410222960152,0.934,346.94344758064517,120.0,0.19334309772296016,16,1,65,6,Layer 2 Up
157,-1.8,47.8,157,-2.0,4.0,-6.01,0.116,325,14.4,0.0015040037950664136,93.5,3.9,-39.8,93.5,4.0,4.0,5.38,0.0949,324,6.11,8.132363377609108e-05,32.5,4.0,4.0,32.5,4.0,4.0,0,0,0,0,1954.0,57.3,-27.1,1954.0,57.3,3.999999046,22.77491461100569,1.01,345.9208728652751,117.0,0.20841195445920302,16,1,65,6,Layer 2 Up
157,-2.1,4.0,157,-2.0,4.0,-1.86,0.0818,326,16.0,0.0010744485294117648,93.5,4.075,41.5,93.5,4.0,4.0,1.76,0.0766,324,9.12,-2.589420955882353e-05,32.5,3.975,-8.5,32.5,4.0,4.0,0,0,0,0,1964.0,57.5,66.0,1964.0,57.3,4.0,13.75294117647059,0.766,347.046875,117.0,0.15364613970588234,16,1,65,6,Layer 2 Up
156,-2.2,-77.2,156,-2.0,4.0,-4.0,0.0839,326,13.4,0.0011820694971537004,93.5,4.1,47.8,93.5,4.0,4.0,1.76,0.0767,324,8.73,-3.8793371679316894e-05,32.5,3.975,-8.5,32.5,4.0,4.0,0,0,0,0,1964.0,57.2,-27.2,1964.0,57.3,4.0,25.57568548387097,1.06,346.02398007590136,121.0,0.21814555265654653,16,1,65,6,Layer 2 Up
155,-2.13,4.0,155,-2.0,4.0,-3.37,0.0766,326,14.4,0.001040376138519924,93.5,4.075,41.5,93.5,4.0,4.0,4.02,0.0795,324,5.61,-1.3542086100569259e-05,32.5,4.0,4.0,32.5,4.0,4.0,0,0,0,0,1974.0,57.4,19.4,1974.0,57.3,4.0,22.462666627134723,0.811,347.15030241935483,117.0,0.16551438567362428,16,1,2,6,Layer 2 Up
155,-1.82,47.8,155,-2.0,4.0,-5.45,0.094,326,14.1,0.0011501738614800759,93.5,4.1,47.8,93.5,4.0,4.0,3.17,0.0755,325,6.84,-3.85899454459203e-05,32.5,4.0,4.0,32.5,4.0,4.0,0,0,0,0,1974.0,57.4,6.19,1974.0,57.3,4.000000954,19.348719165085388,0.791,347.20201612903224,120.0,0.16231425521821632,16,1,65,6,Layer 2 Up
154,-2.03,41.5,154,-2.0,4.0,-3.32,0.0637,326,13.2,0.0008267434001423151,93.5,4.1,47.8,93.5,4.0,4.0,3.73,0.0751,325,6.24,-3.848818429791272e-05,32.5,3.975,-8.5,32.5,4.0,4.0,0,0,0,0,1984.0,57.2,-71.3,1984.0,57.3,3.999999046,26.662205882352943,1.09,346.17864089184064,119.0,0.22361850094876662,16,1,65,6,Layer 2 Up
154,-2.18,-46.0,154,-2.0,4.0,-2.29,0.0789,326,15.5,0.0010752490512333966,93.5,4.075,35.3,93.5,4.0,4.0,4.02,0.0739,325,6.11,-3.7741241698292216e-05,32.5,3.975,-8.5,32.5,4.0,4.0,0,0,0,0,1984.0,57.4,57.6,1984.0,57.3,4.0,18.27923387096774,0.843,346.23019449715366,120.0,0.16988935009487666,16,1,65,6,Layer 2 Up
153,-2.0,-27.3,153,-2.0,4.0,-4.49,0.0969,326,15.7,0.0012904909867172674,93.5,4.05,29.0,93.5,4.0,4.0,4.29,0.0755,325,6.04,-1.2904909867172676e-05,32.5,3.975,-8.5,32.5,4.0,4.0,0,0,0,0,1994.0,57.4,13.56,1994.0,57.3,4.0,19.895069378557874,0.805,347.35715725806455,121.0,0.16561300996204933,16,1,65,6,Layer 2 Up
152,-1.9,29.0,152,-2.0,4.0,-5.18,0.0938,326,14.2,0.0012153932637571157,93.5,4.05,22.8,93.5,4.0,4.0,3.72,0.0762,325,6.47,-6.453415559772297e-05,32.5,4.0,4.0,32.5,4.0,4.0,0,0,0,0,1994.0,57.3,-5.19,1994.0,57.3,4.0,23.55496679316888,1.01,346.3333017077799,120.0,0.20973600569259965,16,1,65,6,Layer 2 Up
152,-2.03,-52.3,152,-2.0,4.0,-4.79,0.0959,326,14.3,0.0013123898244781782,93.5,4.075,41.5,93.5,4.0,4.0,3.46,0.0767,324,6.5,-3.9048975925047436e-05,32.5,4.0,4.0,32.5,4.0,4.0,0,0,0,0,2004.0,57.4,-5.19,2004.0,57.3,4.0,21.1918684772296,0.773,347.4605846774193,119.0,0.1592079459203036,16,1,65,6,Layer 2 Up
151,-1.95,60.3,151,-2.0,4.0,-4.94,0.0866,326,13.4,0.0011512017314990514,93.5,3.925,-33.5,93.5,4.0,4.0,5.97,0.0936,325,4.43,6.380024549335864e-05,32.5,4.0,4.0,32.5,4.0,4.0,0,0,0,0,2004.0,57.3,2.62,2004.0,57.3,4.000000954,24.53027988614801,0.837,342.13285104364326,122.0,0.17106642552182164,16,1,65,6,Layer 2 Up
151,-2.07,16.5,151,-2.0,4.0,-4.1,0.0907,326,13.9,0.0011513730431688806,93.5,4.075,41.5,93.5,4.0,4.0,5.43,0.0765,324,4.72,-2.4964350094876666e-05,32.5,4.0,4.0,32.5,4.0,4.0,0,0,0,0,2014.0,57.3,6.44,2014.0,57.3,4.000000954,20.875361717267552,0.912,346.4879625237192,120.0,0.189384724857685,16,1,65,6,Layer 2 Up
150,-2.25,-58.5,150,-2.0,4.0,-5.24,0.0957,326,13.5,0.0013452620967741935,93.5,4.075,41.5,93.5,4.0,4.0,3.16,0.0794,324,6.7,-3.9712137096774195e-05,32.5,4.0,4.0,32.5,4.0,4.0,0,0,0,0,2014.0,57.2,-79.4,2014.0,57.3,3.999999046,24.645201612903225,0.919,346.5395161290322,117.0,0.18941290322580642,16,1,65,6,Layer 2 Up
149,-2.03,-58.5,149,-2.0,4.0,-5.23,0.107,325,14.7,0.0014853902988614801,93.5,4.075,41.5,93.5,4.0,4.0,4.02,0.076,324,5.58,-6.501273481973435e-05,32.5,4.0,4.0,32.5,4.0,4.0,0,0,0,0,2024.0,57.4,40.3,2024.0,57.3,4.0,24.86414195920304,0.995,346.59106973434535,115.0,0.20451025853889945,16,1,2,6,Layer 2 Up
149,-1.93,47.8,149,-2.0,4.0,-5.52,0.101,326,14.3,0.00139948885199241,93.5,3.95,-21.0,93.5,4.0,4.0,4.86,0.0749,324,5.15,-3.821681095825428e-05,32.5,4.0,4.0,32.5,4.0,4.0,0,0,0,0,2024.0,57.3,15.3,2034.0,57.3,4.0,21.530597722960152,0.979,340.18344402277046,119.0,0.20346414848197344,16,1,65,6,Layer 2 Up
148,-2.03,16.5,148,-2.0,4.0,-5.23,0.0962,326,13.4,0.0012489603889943074,93.5,4.05,29.0,93.5,4.0,4.0,3.73,0.0776,325,6.51,-3.919151565464895e-05,32.5,4.0,4.0,32.5,4.0,4.0,0,0,0,0,2034.0,57.4,5.19,2034.0,57.3,4.0,20.56477881878558,0.765,347.77086693548387,117.0,0.15827342860531307,16,1,65,6,Layer 2 Up
148,-1.82,16.5,148,-1.9,6.41,-5.56,0.0918,326,13.6,0.001195303605313093,93.5,5.05,35.3,93.6,5.08,17.5,7.55,0.141,325,9.15,0.0003445920303605314,32.5,4.0,4.0,32.5,4.0,4.0,0,0,0,0,2044.0,57.4,60.1,2044.0,57.3,4.000000954,23.04459203036053,0.92,347.8225806451613,119.0,0.1906024667931689,16,1,65,6,Layer 2 Up
147,-1.43,22.8,147,-1.52,9.31,-6.11,0.111,325,13.1,0.001378573055028463,93.7,6.17,-27.3,93.7,6.39,16.7,2.64,0.0511,325,7.2,0.00024017327443074,32.5,4.0,4.0,32.5,4.0,4.0,0,0,0,0,2044.0,57.5,64.1,2044.0,57.3,4.0,15.939750948766603,0.866,339.2582127609108,118.0,0.1777066828747628,16,1,65,6,Layer 2 Up
147,-1.07,-39.8,147,-0.82,12.15,-4.75,0.0924,326,12.0,0.0010179259369070208,94.0,7.75,54.0,94.0,7.58,15.1,2.15,0.0687,324,9.8,0.0005288906190702087,32.5,4.0,4.0,32.5,4.0,4.0,0,0,0,0,2054.0,57.4,9.63,2054.0,57.3,4.0,17.12700782732448,0.813,347.9260080645161,117.0,0.1669613970588235,16,1,65,6,Layer 2 Up
146,0.03,60.3,146,0.12,14.5,-3.88,0.0637,326,10.5,0.0005677531250000001,94.4,8.43,41.5,94.4,8.58,12.93,5.83,0.105,325,12.5,0.0010600931214421255,32.5,4.0,4.0,32.5,4.0,4.0,0,0,0,0,2054.0,57.3,-8.9,2054.0,57.3,4.0,23.054870730550284,0.906,342.59106973434535,121.0,0.1885328213946869,16,1,65,6,Layer 2 Up
146,1.2,-14.8,146,1.26,16.2,-5.61,0.0924,326,9.45,0.0005893873102466792,94.9,9.1,-21.0,94.9,9.34,10.32,6.58,0.118,324,13.6,0.0013791878557874763,32.5,4.0,4.0,32.5,4.0,4.0,0,0,0,0,2064.0,57.3,-9.8,2064.0,57.3,4.0,22.95054791271347,0.936,346.951944971537,118.0,0.1950257827324478,16,1,65,6,Layer 2 Up
146,2.35,-8.5,146,2.55,17.3,-4.05,0.074,326,8.5,0.0002510925936907021,95.5,10.15,60.3,95.5,9.82,7.39,5.59,0.117,324,14.2,0.0016380289373814042,32.5,3.975,-8.5,32.5,4.0,4.0,0,0,0,0,2064.0,57.4,12.06,2064.0,57.3,4.000000954,20.367596655597723,0.724,348.08114919354836,119.0,0.14871578510436434,16,1,65,6,Layer 2 Up
145,3.75,4.0,145,3.9086,17.7,-3.93,0.0655,326,6.47,0.0,96.1,9.95,22.8,96.1,10.0,4.272,8.3,0.159,324,16.3,0.0021663995493358635,32.5,4.0,4.0,32.5,4.0,4.0,0,0,0,0,2074.0,57.4,2.87,2074.0,57.3,4.0,19.292811907020873,0.891,341.66599857685014,120.0,0.1853834440227704,16,1,65,6,Layer 2 Up
145,3.975,-8.5,145,4.0,4.0,-3.34,0.0421,326,4.2,-6.780436491935483e-06,96.5,10.22,4.0,96.6,10.0,4.0,1.64,0.0407,324,11.5,0.0004937106380455407,32.5,3.975,-8.5,32.5,4.0,4.0,0,0,0,0,2074.0,57.5,48.9,2074.0,57.3,4.0,17.894315702087287,0.845,347.10660578747627,117.0,0.1724753320683112,16,1,65,6,Layer 2 Up
145,3.925,-27.3,145,4.0,4.0,-2.49,0.0438,326,4.68,-2.102355313092979e-05,97.1,10.13,41.5,97.2,10.0,4.0,2.63,0.0751,324,14.4,0.0010155993358633775,32.5,4.0,-2.25,32.5,4.0,4.0,0,0,0,0,2084.0,57.4,-5.75,2084.0,57.3,4.0,21.88605787476281,0.775,348.23629032258066,119.0,0.15956337760910816,16,1,2,6,Layer 2 Up
145,4.075,29.0,145,4.0,4.0,-3.34,0.0687,326,3.2,3.3427022058823535e-05,97.7,9.93,-14.8,97.8,10.0,4.0,4.98,0.0961,324,14.1,0.0013047321513282733,32.5,4.0,10.25,32.5,4.0,4.0,0,0,0,0,2084.0,57.3,4.625,2084.0,57.3,4.000000954,24.90852288899431,0.844,341.8182578273245,122.0,0.17360485649905125,16,1,66,6,Layer 2 Up
145,4.0,-2.25,145,4.0,4.0,-2.24,0.0638,326,4.1,3.2245689041745726e-05,98.2,9.4,-184.0,98.3,10.0,4.0,10.2,0.152,324,16.2,0.0019196430265654646,32.5,4.0,10.25,32.5,4.0,4.0,0,0,0,0,2094.0,57.3,13.94,2094.0,57.3,3.999999046,20.70626185958254,0.999,338.63365749525616,119.0,0.20814106973434535,16,1,66,6,Layer 2 Up
145,3.925,-27.3,145,4.0,4.0,-0.804,0.0398,326,6.98,-1.8012807756166984e-05,98.8,9.95,47.8,98.9,10.0,4.0,7.16,0.13,325,16.5,0.0018228530004743835,32.5,4.0,4.0,32.5,4.0,4.0,0,0,0,0,2094.0,57.2,-83.1,2094.0,57.3,3.999999046,25.563086456356736,0.957,347.3128202087287,117.0,0.19738585744781784,16,1,67,6,Layer 2 Up
145,3.975,-14.8,145,4.0,4.0,-2.54,0.0651,326,3.35,5.5233092979127135e-05,99.4,9.85,16.5,99.5,10.0,4.0,5.43,0.0978,325,14.1,0.0013161010436432638,32.5,4.025,22.8,32.5,4.0,4.0,0,0,0,0,2104.0,57.2,-36.5,2104.0,57.3,4.0,27.508669354838712,0.919,343.04928842504745,123.0,0.18878498576850095,16,1,67,6,Layer 2 Up
145,4.025,-2.25,145,4.0,4.0,-2.49,0.0667,326,3.77,6.818846774193548e-05,100.0,9.88,-33.5,100.1,10.0,4.0,4.5,0.0735,325,12.2,0.0009872222782258064,32.5,4.025,10.25,32.5,4.0,4.0,0,0,0,0,2104.0,57.3,18.0,2114.0,57.3,4.0,19.528659274193547,0.953,340.9423387096774,120.0,0.19852338709677417,16,1,67,6,Layer 2 Up
145,3.975,-2.25,145,4.0,4.0,-3.09,0.0439,326,4.69,-2.6006106499051234e-05,100.6,9.78,-52.3,100.7,10.0,4.0,4.56,0.0778,324,13.9,0.0009938433230550286,32.5,3.975,-8.5,32.5,4.0,4.0,0,0,0,0,2114.0,57.4,1.81,2114.0,57.3,4.0,20.179012096774194,0.768,348.54657258064515,118.0,0.15970555028463,16,1,67,6,Layer 2 Up
145,4.05,10.25,145,4.0,4.0,-2.29,0.0665,326,3.91,3.356472663662239e-05,101.2,10.32,72.7,101.3,10.0,4.0,2.69,0.0774,324,12.8,0.001079251660341556,32.5,4.0,4.0,32.5,4.0,4.0,0,0,0,0,2124.0,57.2,-83.9,2124.0,57.3,3.999999046,28.060543168880457,1.05,342.1227763282733,120.0,0.2169295837286528,16,1,67,6,Layer 2 Up
145,4.0,-8.5,145,4.0,4.0,-3.93,0.0622,326,1.66,4.144941176470588e-05,101.8,10.13,72.7,101.9,10.0,4.0,5.48,0.101,324,13.1,0.0014572058823529412,32.5,4.0,4.0,32.5,4.0,4.0,0,0,0,0,2124.0,57.5,62.8,2124.0,57.3,4.0,16.94676470588235,0.871,338.93529411764706,118.0,0.17810294117647057,16,1,67,6,Layer 2 Up
145,3.975,-2.25,145,4.0,4.0,-1.99,0.0407,326,5.59,-2.4614238614800758e-05,102.4,10.07,47.8,102.5,10.0,4.0,4.54,0.104,324,14.6,0.0014250348671726756,32.5,3.975,-2.25,32.5,4.0,4.0,0,0,0,0,2134.0,57.4,13.81,2134.0,57.3,4.0,17.597021465844403,0.813,347.62214184060724,116.0,0.16733363970588236,16,1,67,6,Layer 2 Up
145,4.0,-2.25,145,4.0,4.0,-2.04,0.0659,326,3.47,5.107132234345351e-05,103.0,10.07,-46.0,103.1,10.0,4.0,4.74,0.109,324,14.9,0.0014468408444022773,32.5,4.0,10.25,32.5,4.0,4.0,0,0,0,0,2134.0,57.3,-15.9,2134.0,57.3,4.0,24.50991579696395,0.92,342.27503557874763,120.0,0.1911125592979127,16,1,2,6,Layer 2 Up
145,3.975,-21.0,145,4.0,4.0,-3.09,0.0614,326,1.98,4.13598665796964e-05,103.6,10.28,-2.25,103.7,10.0,4.0,6.14,0.107,324,12.8,0.0015226478296963947,32.5,4.0,10.25,32.5,4.0,4.0,0,0,0,0,2144.0,57.4,61.6,2144.0,57.3,4.000000954,19.006100569259964,0.904,340.16600450664134,121.0,0.18790122153700187,16,1,67,6,Layer 2 Up
145,4.0,16.5,145,4.0,4.0,-1.99,0.0425,326,6.23,-3.121350806451613e-05,104.0,10.32,10.25,104.0,10.0,4.0,3.66,0.0925,324,15.5,0.001242060009487666,32.5,4.0,4.0,32.5,4.0,4.0,0,0,0,0,2144.0,57.4,4.0625,2144.0,57.3,4.000000954,20.953012333965845,0.731,348.8568548387097,119.0,0.1512073055028463,16,1,67,6,Layer 2 Up
145,4.0,-8.5,145,4.0,4.0,-1.7,0.0621,326,3.84,4.050796074478178e-05,105.0,10.1,54.0,105.0,7.33,-649.0,8.77,0.162,324,14.6,0.0023548627846299813,32.5,4.0,4.0,32.5,4.0,4.0,0,0,0,0,-2146.0,57.4,3.75,-2146.0,57.3,4.0,20.091948529411766,0.897,342.42729482922203,118.0,0.18579651328273245,16,1,67,6,Layer 2 Up
145,3.95,-27.3,145,4.0,4.0,-3.34,0.0416,326,4.74,-1.2856431451612903e-05,105.0,9.63,-83.5,105.0,10.0,4.0,5.74,0.0878,324,14.1,0.001091176114800759,32.5,4.0,4.0,32.5,4.0,4.0,0,0,0,0,-2136.0,57.3,3.875,-2136.0,57.3,4.0,26.57716081593928,0.956,340.31730313092976,120.0,0.19878851992409866,16,1,67,6,Layer 2 Up
145,4.0,16.5,145,4.0,4.0,-2.84,0.0493,326,4.61,-4.1060234819734346e-05,106.0,9.93,-71.0,106.0,10.0,4.0,3.37,0.0587,324,13.6,0.0007304399667931689,32.5,4.0,-2.25,32.5,4.0,4.0,0,0,0,0,-2136.0,57.4,-7.0,-2136.0,57.3,4.0,21.070383657495256,0.779,349.01199596774194,120.0,0.16207987428842505,16,1,68,6,Layer 2 Up
145,4.025,22.8,145,4.0,4.0,-1.79,0.0458,326,6.87,-2.8098007590132828e-05,107.0,10.25,29.0,107.0,10.0,4.0,2.08,0.0516,324,12.6,0.0006851591081593929,32.5,4.0,4.0,32.5,4.0,4.0,0,0,0,0,-2126.0,57.3,4.438,-2126.0,57.3,4.0,24.9639990512334,1.03,346.9023244781784,118.0,0.21397713472485771,16,1,68,6,Layer 2 Up
145,4.675,4.0,145,4.754,17.6,1.94,0.0445,326,7.77,4.25855965370019e-05,107.0,10.18,54.0,107.0,9.95,2.33,4.37,0.122,324,17.0,0.00174017285341556,32.5,3.975,-8.5,32.5,4.0,4.0,0,0,0,0,-2126.0,57.3,7.5,-2126.0,57.3,4.000000954,22.91407732447818,0.917,348.03457068311195,119.0,0.19131092860531307,16,1,68,6,Layer 2 Up
146,5.98,10.25,146,6.09,16.9,5.56,0.0967,326,10.4,0.0004540253795066414,108.0,9.63,41.5,108.0,9.63,-0.72,7.16,0.129,324,15.1,0.0016539495967741935,32.5,4.0,4.0,32.5,4.0,4.0,0,0,0,0,-2116.0,57.2,-78.2,-2116.0,57.3,3.999999046,25.07949715370019,0.936,348.0861242884251,118.0,0.1945823055028463,16,1,70,6,Layer 2 Up
146,7.28,4.0,146,7.31,15.5,2.64,0.0572,326,9.49,0.0003589494070208728,108.0,8.93,-71.0,108.0,9.0,-3.53,4.19,0.0668,324,11.5,0.0006951941828747627,32.5,4.0,-2.25,32.5,4.0,4.0,0,0,0,0,-2116.0,57.4,39.8,-2106.0,57.3,4.0,20.217933467741933,0.988,347.05650498102466,118.0,0.2032605075901328,16,1,70,6,Layer 2 Up
146,8.13,16.5,146,8.32,13.58,5.37,0.0971,326,11.4,0.0009180517314990512,109.0,8.53,54.0,109.0,8.16,-5.86,6.61,0.135,324,11.5,0.0010153717030360531,32.5,4.0,-2.25,32.5,4.0,4.0,0,0,0,0,-2106.0,57.3,9.94,-2106.0,57.3,4.0,23.356793168880458,0.983,341.7012333965844,118.0,0.20653460626185957,16,1,2,6,Layer 2 Up
147,9.03,-46.0,147,9.18,10.98,3.88,0.0805,326,13.8,0.0008857428664611006,109.0,6.97,22.8,109.0,7.02,-7.8,6.22,0.0965,324,10.4,0.0006770146940227704,32.5,3.975,-2.25,32.5,4.0,4.0,0,0,0,0,-2096.0,57.4,2.69,-2096.0,57.3,4.0,20.11577205882353,0.775,348.24078510436436,118.0,0.16114247509487667,16,1,70,6,Layer 2 Up
147,9.78,16.5,147,9.72,8.23,4.67,0.0887,326,13.6,0.001179002016129032,109.0,6.15,10.25,109.0,5.82,-9.1,5.23,0.104,324,7.56,0.00047160080645161287,32.5,3.975,-8.5,32.5,4.0,4.0,0,0,0,0,-2096.0,57.2,-75.9,-2096.0,57.3,3.999999046,27.90665322580645,1.05,343.9657258064516,120.0,0.2163306451612903,16,1,70,6,Layer 2 Up
148,9.97,47.8,148,9.98,5.15,5.42,0.105,326,13.3,0.0013955391959203035,109.0,4.55,-8.5,109.0,4.421,-9.7,2.29,0.0378,325,3.8,2.899259724857685e-05,32.5,4.0,4.0,32.5,4.0,4.0,0,0,0,0,-2086.0,57.5,67.6,-2086.0,57.3,4.0,15.794474620493357,0.861,341.85301233396586,119.0,0.17633557281783682,16,1,70,6,Layer 2 Up
148,9.97,-46.0,148,10.0,4.0,4.41,0.0777,326,14.5,0.0010116451612903225,109.0,3.975,-8.5,109.0,4.0,4.0,2.32,0.022,325,2.93,-4.9446185958254275e-06,32.5,3.975,-8.5,32.5,4.0,4.0,0,0,0,0,-2086.0,57.4,8.69,-2086.0,57.3,4.0,16.77058823529412,0.816,348.39544592030364,118.0,0.16770588235294118,16,1,70,6,Layer 2 Up
149,10.13,16.5,149,10.0,4.0,4.77,0.0803,326,13.4,0.0011145975450664136,109.0,4.0,4.0,109.0,4.0,4.0,1.18,0.0203,325,2.94,0.0,32.5,3.975,-8.5,32.5,4.0,4.0,0,0,0,0,-2076.0,57.3,-1.5,-2076.0,57.3,4.0,27.919045303605312,1.02,347.36486598671723,119.0,0.21318030716318784,16,1,70,6,Layer 2 Up
150,10.0,29.0,150,10.0,4.0,5.32,0.0989,326,13.6,0.0013853358633776091,109.0,4.0,4.0,109.0,4.0,4.0,1.26,0.0208,325,0.826,0.0,32.5,4.025,10.25,32.5,4.0,4.0,0,0,0,0,-2076.0,57.4,61.8,-2076.0,57.3,4.000000954,21.97056095825427,0.905,343.087084914611,118.0,0.18831909392789373,16,1,70,6,Layer 2 Up
150,9.9,-39.8,150,10.0,4.0,6.16,0.0911,326,13.9,0.0012339972722960153,109.0,4.0,-2.25,109.0,4.0,4.0,0.548,0.0221,324,2.35,-1.6453296963946872e-06,32.5,4.0,4.0,32.5,4.0,4.0,0,0,0,0,-2066.0,57.4,6.06,-2066.0,57.3,4.000000954,20.783111954459205,0.725,349.632560483871,119.0,0.1504610709203036,16,1,70,6,Layer 2 Up
151,10.15,35.3,151,10.0,4.0,3.99,0.0828,326,13.6,0.0011692229601518026,109.0,4.0,4.0,109.0,4.0,4.0,0.667,0.0187,325,0.596,0.0,32.5,4.025,10.25,32.5,4.0,4.0,0,0,0,0,-2066.0,57.4,5.25,-2066.0,57.3,4.0,20.461401802656543,0.905,345.3538187855787,118.0,0.1883748102466793,16,1,70,6,Layer 2 Up
151,10.07,66.5,151,10.0,4.0,4.41,0.0992,326,13.9,0.0013426397058823529,109.0,4.025,10.25,109.0,4.0,4.0,0.459,0.0191,325,1.14,1.8948544236242883e-06,32.5,4.025,16.5,32.5,4.0,4.0,0,0,0,0,-2056.0,57.3,-2.31,-2056.0,57.3,4.0,27.285903700189753,0.973,343.2393441650854,121.0,0.20247872983870968,16,1,70,6,Layer 2 Up
152,10.07,47.8,152,10.0,4.0,5.74,0.103,326,13.5,0.0014078142789373815,109.0,4.0,4.0,109.0,4.0,4.0,0.251,0.0185,325,2.13,-1.8193292220113854e-06,32.5,4.0,4.0,32.5,4.0,4.0,0,0,0,0,-2056.0,57.4,-6.8,-2056.0,57.3,4.0,21.333800996204936,0.773,348.7047675521822,119.0,0.16135717504743832,16,1,2,6,Layer 2 Up
153,9.82,-52.3,153,10.0,4.0,5.6,0.0943,326,13.5,0.0012022345232447819,109.0,4.0,4.0,109.0,4.0,4.0,0.163,0.0168,325,1.21,-3.920800877609108e-06,32.5,4.0,4.0,32.5,4.0,4.0,0,0,0,0,-2046.0,57.3,6.94,-2046.0,57.3,4.000000954,25.994259962049334,0.845,345.50703866223904,120.0,0.17221197224857684,16,1,70,6,Layer 2 Up
153,9.97,-8.5,153,10.0,4.0,5.98,0.0826,326,12.1,0.0010258417931688804,109.0,4.0,4.0,109.0,4.0,4.0,0.163,0.0208,325,1.74,0.0,32.5,4.0,-2.25,32.5,4.0,4.0,0,0,0,0,-2046.0,57.3,3.75,-2046.0,57.3,4.000000954,23.93991935483871,0.926,347.72462049335866,118.0,0.19390251423149904,16,1,70,6,Layer 2 Up
154,10.13,-8.5,154,10.0,4.0,4.6,0.0759,326,13.6,0.0010227431688804554,109.0,4.0,4.0,109.0,4.0,4.0,1.1,0.0179,324,2.01,1.6142874169829223e-06,32.5,4.0,4.0,32.5,4.0,4.0,0,0,0,0,-2036.0,57.2,-80.6,-2036.0,57.3,3.999999046,25.13521347248577,0.937,348.8594283681215,118.0,0.1950145872865275,16,1,70,6,Layer 2 Up
154,9.97,41.5,154,10.0,4.0,5.57,0.109,326,14.6,0.0014953327798861479,109.0,4.0,4.0,109.0,4.0,4.0,1.05,0.0182,324,1.24,2.9689940702087286e-06,32.5,4.0,4.0,32.5,4.0,4.0,0,0,0,0,-2036.0,57.2,-37.1,-2026.0,57.3,4.0,29.1481534629981,0.94,345.6602585388994,121.0,0.19287625711574952,16,1,70,6,Layer 2 Up
155,9.95,-27.3,155,10.0,4.0,4.89,0.0985,326,14.5,0.0013221561907020873,109.0,4.0,4.0,109.0,4.0,4.0,0.207,0.0197,324,1.54,-3.543812084914611e-06,32.5,4.0,4.0,32.5,4.0,4.0,0,0,0,0,-2026.0,57.3,11.19,-2026.0,57.3,4.0,21.241197817836813,0.984,344.6275972485769,119.0,0.20590957068311197,16,1,70,6,Layer 2 Up
156,9.9,-46.0,156,10.0,4.0,5.16,0.0876,326,15.3,0.0011597673149905123,109.0,3.975,-8.5,109.0,4.0,4.0,0.844,0.0189,325,2.18,-1.1706062618595826e-06,32.5,3.975,-8.5,32.5,4.0,4.0,0,0,0,0,-2016.0,57.4,-2.19,-2016.0,57.3,4.0,20.485609582542693,0.781,349.01408918406077,118.0,0.16258420303605314,16,1,70,6,Layer 2 Up
156,10.1,-2.25,156,10.0,4.0,4.5,0.0756,326,13.4,0.0009171103534155597,109.0,3.975,-2.25,109.0,4.0,4.0,1.02,0.0201,325,4.11,0.0,32.5,3.975,-2.25,32.5,4.0,4.0,0,0,0,0,-2016.0,57.4,56.0,-2016.0,57.3,4.000000954,24.17442184535104,0.93,347.98158799810244,119.0,0.19512986242884248,16,1,70,6,Layer 2 Up
157,10.13,54.0,157,10.0,4.0,5.05,0.0952,326,14.0,0.0013335843216318785,109.0,4.0,4.0,109.0,4.0,4.0,0.296,0.0205,324,2.36,1.1058991935483871e-06,32.5,4.0,4.0,32.5,4.0,4.0,0,0,0,0,-2006.0,57.3,-42.0,-2006.0,57.3,3.999999046,23.85272770398482,1.07,346.94876660341555,116.0,0.2222640536053131,16,1,70,6,Layer 2 Up
157,9.9,-14.8,157,10.0,4.0,4.98,0.0978,326,14.3,0.0012795625,109.0,3.975,-8.5,109.0,4.0,4.0,0.889,0.0224,324,2.62,1.6482500000000003e-06,32.5,3.975,-8.5,32.5,4.0,4.0,0,0,0,0,-2006.0,57.4,11.81,-2006.0,57.3,4.0,16.3740625,0.811,348.084375,117.0,0.16699375000000002,16,1,70,6,Layer 2 Up
158,9.8,-64.7,158,10.0,4.0,4.67,0.0981,326,15.7,0.001149607210626186,109.0,4.0,4.0,109.0,4.0,4.0,0.888,0.022,325,2.69,3.1234611005692597e-06,32.5,3.975,-2.25,32.5,4.0,4.0,0,0,0,0,-1996.0,57.3,-5.87,-1996.0,57.3,4.0,28.41481973434535,1.02,347.0512333965844,119.0,0.21473795066413662,16,1,2,6,Layer 2 Up
159,10.07,-2.25,159,10.0,4.0,4.99,0.089,326,13.9,0.001214858633776091,109.0,3.975,-8.5,109.0,4.0,4.0,0.34,0.0234,325,2.91,9.892420303605313e-07,32.5,4.0,4.0,32.5,4.0,4.0,0,0,0,0,-1996.0,57.3,-8.3,-1996.0,57.3,4.0,21.802373695445922,0.936,348.18716200189755,119.0,0.19632983277988614,16,1,70,6,Layer 2 Up
159,10.1,22.8,159,10.0,4.0,5.0,0.0938,326,14.1,0.0013235234819734345,109.0,4.0,4.0,109.0,4.0,4.0,1.02,0.0214,325,4.17,1.822556925996205e-06,32.5,3.975,-2.25,32.5,4.0,4.0,0,0,0,0,-1986.0,57.4,12.0,-1986.0,57.3,4.000000954,20.720736480075903,0.725,349.3234108159393,118.0,0.14971003320683116,16,1,70,6,Layer 2 Up
160,9.9,10.25,160,10.0,4.0,6.07,0.107,326,14.8,0.0014430705052182163,109.0,4.0,4.0,109.0,4.0,4.0,0.977,0.0191,325,3.35,-1.0752502787001896e-06,32.5,3.975,-2.25,32.5,4.0,4.0,0,0,0,0,-1986.0,57.2,-26.6,-1986.0,57.3,3.999999046,27.125385436432637,1.06,348.2899490037951,119.0,0.2224281605787476,16,1,70,6,Layer 2 Up
160,9.8,-39.8,160,10.0,4.0,2.44,0.0979,326,19.8,0.001226248339658444,109.0,4.0,-2.25,109.0,4.0,4.0,2.15,0.0215,325,2.52,1.464986954459203e-06,32.5,3.975,-8.5,32.5,4.0,4.0,0,0,0,0,-1976.0,57.5,49.9,-1976.0,57.3,4.0,16.277632827324478,0.837,347.2561669829222,118.0,0.17254290796963948,16,1,70,6,Layer 2 Up
161,10.0,-33.5,161,10.0,4.0,4.67,0.0899,326,15.4,0.0012155759013282733,109.0,3.975,-2.25,109.0,4.0,4.0,1.19,0.0181,325,3.03,-2.637365571631879e-06,32.5,4.0,4.0,32.5,4.0,4.0,0,0,0,0,-1976.0,57.4,-3.31,-1976.0,57.3,4.0,21.59817896110057,0.775,349.4780716318786,118.0,0.1617150083017078,16,1,70,6,Layer 2 Up
162,10.1,41.5,162,10.0,4.0,5.04,0.1,326,15.2,0.0013568696631878557,109.0,4.0,4.0,109.0,4.0,4.0,0.503,0.0208,325,1.73,-1.6390985531309297e-06,32.5,3.975,-2.25,32.5,4.0,4.0,0,0,0,0,-1966.0,57.3,15.1,-1966.0,57.3,4.0,25.726248814041742,1.02,347.3586337760911,117.0,0.21492815464895637,16,1,70,6,Layer 2 Up
162,9.93,35.3,162,10.0,4.0,5.55,0.103,326,14.9,0.001378782910341556,109.0,4.0,-2.25,109.0,4.0,4.0,0.548,0.0186,325,2.53,1.3136435602466793e-06,32.5,4.0,4.0,32.5,4.0,4.0,0,0,0,0,-1966.0,57.3,7.38,-1966.0,57.3,4.000000954,22.038813448766604,0.929,348.4955230075901,119.0,0.19433239444971537,16,1,70,6,Layer 2 Up
163,9.8,-64.7,163,10.0,4.0,5.54,0.0867,326,14.7,0.0011509648956356737,109.0,4.0,4.0,109.0,4.0,4.0,-0.0008,0.0191,325,2.31,-6.829782258064518e-07,32.5,3.975,-2.25,32.5,4.0,4.0,0,0,0,0,-1956.0,57.2,-77.7,-1956.0,57.3,3.999999046,25.625256166982926,0.935,349.6327324478179,116.0,0.1943610531309298,16,1,70,6,Layer 2 Up
163,9.93,-52.3,163,10.0,4.0,4.92,0.0802,326,14.4,0.001013215648719165,109.0,4.0,4.0,109.0,4.0,4.0,0.548,0.0185,325,2.1,-1.7049823885199241e-06,32.5,3.975,-8.5,32.5,4.0,4.0,0,0,0,0,-1956.0,57.4,46.8,-1946.0,57.3,4.0,22.588301707779888,1.0,346.42635792220113,116.0,0.20742142433586339,16,1,70,6,Layer 2 Up
164,10.1,10.25,164,9.91,1.71,4.54,0.0813,326,13.2,0.0010861361480075903,109.0,2.98,10.25,109.0,2.97,-9.6,-6.11,0.0924,324,6.81,0.0002204856380455408,32.5,4.0,4.0,32.5,4.0,4.0,0,0,0,0,-1946.0,57.3,-2.63,-1946.0,57.3,4.0,24.872517789373813,0.945,347.56356736242884,119.0,0.19767677893738142,16,1,70,6,Layer 2 Up
164,9.4,-27.3,165,9.52,-1.31,3.8,0.0934,326,16.2,0.0011514740275142315,109.0,1.92,16.5,109.0,1.66,-8.7,-2.89,0.0588,324,10.0,0.0002639699893263757,32.5,4.0,-2.25,32.5,4.0,4.0,0,0,0,0,-1936.0,57.4,4.375,-1936.0,57.3,4.0,20.205110294117652,0.78,348.70109701138523,117.0,0.1629444378557875,16,1,2,6,Layer 2 Up
165,8.8,-27.3,165,8.85,-4.05,5.89,0.101,326,13.0,0.0011190500474383303,109.0,0.42,29.0,109.0,0.47,-7.1,-2.5,0.0626,325,9.41,0.00045848458254269447,32.5,4.0,-2.25,32.5,4.0,4.0,0,0,0,0,-1936.0,57.4,56.6,-1936.0,57.3,4.000000954,23.902039848197344,0.934,347.6660341555977,118.0,0.19556214421252371,16,1,72,6,Layer 2 Up
165,8.03,-21.0,165,7.92,-6.4,4.81,0.0989,326,12.7,0.0009127578273244783,108.0,-0.38,-39.8,108.0,-0.54,-5.03,-6.99,0.121,324,13.0,0.001206144271821632,32.5,3.975,-2.25,32.5,4.0,4.0,0,0,0,0,-1926.0,57.3,-37.6,-1926.0,57.3,3.999999046,22.166975806451614,1.07,347.7172675521822,117.0,0.22384299098671726,16,1,72,6,Layer 2 Up
166,6.7,-89.7,166,6.78,-8.1,4.17,0.061,326,9.78,0.00034776850094876666,108.0,-1.0,54.0,108.0,-1.31,-2.43,-6.71,0.0939,324,13.1,0.0010791691295066414,32.5,4.0,4.0,32.5,4.0,4.0,0,0,0,0,-1926.0,57.4,14.3,-1926.0,57.3,4.0,16.953714421252375,0.808,347.76850094876664,117.0,0.16736359108159393,16,1,72,6,Layer 2 Up
166,5.4,-83.5,166,5.5,-9.3,5.8,0.0891,326,8.9,0.0003043422675521821,107.0,-2.03,-46.0,107.0,-1.81,0.49,-6.82,0.123,324,13.5,0.001728229305028463,32.5,4.0,4.0,32.5,4.0,4.0,0,0,0,0,-1916.0,57.3,-1.5,-1916.0,57.3,4.0,28.369047082542696,1.04,346.7327976755218,119.0,0.21956120730550285,16,1,72,6,Layer 2 Up
166,4.1,-83.5,166,4.146,-9.7,4.15,0.0723,326,7.09,-1.1958064516129033e-05,107.0,-1.95,16.5,107.0,-2.0,3.602,-11.0,0.154,324,13.9,0.0021633225806451614,32.5,4.0,4.0,32.5,4.0,4.0,0,0,0,0,-1916.0,57.3,-11.9,-1916.0,57.3,4.0,22.068064516129034,0.967,347.8709677419355,119.0,0.20328709677419357,16,1,72,6,Layer 2 Up
166,3.825,-83.5,166,4.0,4.0,2.21,0.0489,326,6.34,-2.1962588946869068e-05,106.0,-1.7,29.0,106.0,-2.0,4.0,-6.5,0.102,324,14.4,0.001293835685483871,32.5,4.0,-2.25,32.5,4.0,4.0,0,0,0,0,-1906.0,57.4,8.69,-1906.0,57.3,4.000000954,21.092783444022768,0.731,350.09671489563567,118.0,0.15221596299810247,16,1,72,6,Layer 2 Up
166,3.85,-77.2,166,4.0,4.0,4.71,0.0491,326,2.91,-2.8490324952561668e-05,106.0,-1.8,97.7,106.0,-2.0,4.0,-4.82,0.0813,324,14.3,0.0010373958017077798,32.5,4.0,4.0,32.5,4.0,4.0,0,0,0,0,-1906.0,57.3,-19.6,-1906.0,57.3,3.999999046,28.164099857685006,1.06,347.9734345351044,117.0,0.22292048149905122,16,1,72,6,Layer 2 Up
166,3.875,-52.3,166,4.0,4.0,3.34,0.0457,326,4.74,-1.424725984345351e-05,105.0,-2.18,16.5,105.0,-2.0,4.0,-3.74,0.0708,324,13.0,0.0009527175284629982,32.5,4.0,-2.25,32.5,4.0,4.0,0,0,0,0,-1896.0,57.5,52.4,-1896.0,57.3,4.0,15.987383183111955,0.828,346.9370908444023,118.0,0.17074960270398484,16,1,72,6,Layer 2 Up
166,3.8,-89.7,166,4.0,4.0,4.16,0.0528,326,4.25,-3.3393531783681215e-05,105.0,-2.25,-121.0,105.0,-2.0,4.0,-8.45,0.153,324,15.0,0.002251615986717267,32.5,4.0,4.0,32.5,4.0,4.0,0,0,0,0,-1896.0,57.4,-4.81,-1896.0,57.3,4.0,20.23191176470588,0.778,349.16363851992406,120.0,0.16316057874762807,16,1,72,6,Layer 2 Up
166,3.825,-89.7,166,4.0,4.0,3.59,0.0519,326,4.93,0.0,104.0,-2.03,-8.5,104.0,-2.0,4.0,-8.91,0.15,324,16.5,0.002088762808349146,32.5,3.975,-2.25,32.5,4.0,4.0,0,0,0,0,-1886.0,57.3,8.19,-1886.0,57.3,4.0,22.62826375711575,1.01,347.0392374288425,120.0,0.21322787001897534,16,1,2,6,Layer 2 Up
166,-1.95,47.8,166,-2.0,4.0,-4.43,0.0893,326,15.4,0.0012186242884250475,103.8,3.925,-21.0,103.8,4.0,4.0,1.85,0.0272,325,3.24,3.8299620493358634e-06,32.5,3.975,-2.25,32.5,4.0,4.0,0,0,0,0,-1886.0,57.3,12.37,-1886.0,57.3,4.000000954,21.43473078747628,0.927,348.17836812144213,119.0,0.1947622746679317,16,1,73,6,Layer 2 Up
165,-2.0,-21.0,165,-2.0,4.0,-6.29,0.115,326,14.0,0.0015779153818785577,103.8,3.95,-27.3,103.8,4.0,4.0,0.836,0.0304,325,3.56,-2.5464289611005693e-06,32.5,3.975,-2.25,32.5,4.0,4.0,0,0,0,0,-1876.0,57.2,-78.5,-1876.0,57.3,3.999999046,24.267250355787475,0.928,349.3178190227704,119.0,0.19370271584440227,16,1,75,6,Layer 2 Up
165,-1.75,60.3,165,-2.0,4.0,-6.5,0.11,326,15.5,0.0014693097722960154,103.8,3.95,-27.3,103.8,4.0,4.0,1.24,0.0226,325,2.69,0.0,32.5,4.0,4.0,32.5,4.0,4.0,0,0,0,0,-1876.0,57.4,45.0,-1866.0,57.3,4.0,20.02614800759013,0.997,346.1040796963947,118.0,0.20679174573055029,16,1,75,6,Layer 2 Up
164,-1.88,41.5,164,-2.0,4.0,-5.25,0.0995,326,15.9,0.001306245256166983,103.8,3.95,-27.3,103.8,4.0,4.0,0.939,0.022,325,3.01,-2.253273066888046e-06,32.5,4.0,4.0,32.5,4.0,4.0,0,0,0,0,-1866.0,57.3,-2.81,-1866.0,57.3,4.0,25.907197580645164,0.939,348.3320683111955,118.0,0.19702532613851992,16,1,75,6,Layer 2 Up
163,-2.1,16.5,163,-2.0,4.0,-5.45,0.0926,326,14.1,0.0013064373814041744,103.8,3.95,-27.3,103.8,4.0,4.0,1.55,0.0227,325,2.14,-4.910027158444022e-06,32.5,4.0,4.0,32.5,4.0,4.0,0,0,0,0,-1856.0,57.4,1.0,-1856.0,57.3,4.0,18.83447224857685,0.776,348.3833017077799,119.0,0.16330467267552182,16,1,75,6,Layer 2 Up
163,2.8,22.8,163,2.66,-4.85,-5.72,0.115,326,10.1,0.0003419013875711575,104.0,9.75,16.5,104.0,9.85,2.0,6.29,0.0993,324,13.8,0.0013066295066413661,32.5,4.0,4.0,32.5,4.0,4.0,0,0,0,0,-1856.0,57.4,63.2,-1856.0,57.3,4.000000954,20.143871560721063,0.927,347.3456771821632,121.0,0.19490556807400378,16,1,75,6,Layer 2 Up
163,2.05,54.0,163,1.79,-4.45,-4.97,0.0821,326,9.09,0.00039313550759013287,105.0,9.43,-77.2,105.0,9.58,0.69,4.23,0.0633,325,13.0,0.0007732027988614802,32.5,3.975,-2.25,32.5,4.0,4.0,0,0,0,0,-1846.0,57.5,66.7,-1846.0,57.3,4.0,17.315386622390893,0.875,350.6638045540797,115.0,0.17968797438330172,16,1,75,6,Layer 2 Up
163,0.97,-8.5,163,0.98,-3.85,-5.66,0.111,326,11.3,0.0007787623636148007,105.0,9.07,16.5,105.0,9.18,-0.54,7.07,0.108,325,13.1,0.0012852301944971537,32.5,4.0,4.0,32.5,4.0,4.0,0,0,0,0,-1846.0,57.4,9.44,-1846.0,57.3,4.0,15.575247272296014,0.822,348.5370018975332,118.0,0.1710009665559772,16,1,75,6,Layer 2 Up
162,0.22,22.8,162,0.23,-3.08,-4.79,0.0764,326,10.1,0.0006132974264705883,106.0,8.63,-14.8,106.0,8.67,-1.67,9.34,0.134,324,11.8,0.0013834595588235294,32.5,4.0,4.0,32.5,4.0,4.0,0,0,0,0,-1836.0,57.3,-1.25,-1836.0,57.3,4.0,25.054779411764706,1.04,347.49889705882356,121.0,0.21786764705882355,16,1,75,6,Layer 2 Up
162,-0.38,-21.0,162,-0.43,-2.14,-6.5,0.112,326,11.8,0.0011439732566413663,106.0,8.05,16.5,106.0,8.05,-2.68,6.19,0.117,325,12.7,0.0011330782732447819,32.5,4.0,4.0,32.5,4.0,4.0,0,0,0,0,-1836.0,57.3,-10.2,-1836.0,57.3,4.0,25.058461812144216,0.936,347.54997035104367,116.0,0.1982886978178368,16,1,2,6,Layer 2 Up
162,-0.85,54.0,161,-0.99,-1.07,-5.01,0.0831,326,12.9,0.0009512718216318785,107.0,7.17,-71.0,107.0,7.34,-3.52,3.48,0.0499,324,9.16,0.0003127319734345351,32.5,4.0,4.0,32.5,4.0,4.0,0,0,0,0,-1826.0,57.4,15.0,-1826.0,57.3,4.000000954,19.286954459203034,0.732,349.78036053130927,120.0,0.15255218216318786,16,1,75,6,Layer 2 Up
161,-1.32,72.7,161,-1.43,0.13,-3.95,0.0715,326,13.0,0.0008151842741935483,107.0,6.53,-58.5,107.0,6.55,-4.2,2.93,0.0414,325,7.21,0.00020270625,32.5,4.0,4.0,32.5,4.0,4.0,0,0,0,0,-1826.0,57.2,-23.4,-1826.0,57.3,3.999999046,26.264627016129033,1.05,347.6521169354839,120.0,0.22014334677419356,16,1,75,6,Layer 2 Up
160,-1.7,-2.25,160,-1.75,1.4,-5.92,0.114,326,14.3,0.0014169722485768501,107.0,5.67,-8.5,107.0,5.7,-4.69,4.95,0.0792,325,8.25,0.00031609380929791274,32.5,4.0,4.0,32.5,4.0,4.0,0,0,0,0,-1816.0,57.5,50.8,-1816.0,57.3,4.0,17.87564990512334,0.838,346.6132115749526,116.0,0.1733066057874763,16,1,75,6,Layer 2 Up
160,-1.88,54.0,160,-1.94,2.74,-4.43,0.0827,325,13.6,0.001101040144686907,107.0,4.85,-39.8,107.0,4.813,-4.98,4.53,0.0727,324,7.63,0.00018096303368121442,32.5,3.975,-2.25,32.5,4.0,4.0,0,0,0,0,-1816.0,57.4,1.87,-1816.0,57.3,4.0,19.186442125237193,0.761,348.8444022770398,120.0,0.16025039729601517,16,1,75,6,Layer 2 Up
159,2.87,1034.0,159,4.0,4.0,17.5,0.245,326,13.0,0.0007250487428842505,107.0,3.95,-33.5,107.0,4.0,4.0,4.27,0.0815,324,7.02,-1.406485531309298e-05,32.5,4.0,4.0,32.5,4.0,4.0,0,0,0,0,-1806.0,57.3,5.88,-1806.0,57.3,4.0,19.95246916508539,1.03,346.71503795066417,121.0,0.21696947343453513,16,1,75,6,Layer 2 Up
159,-2.15,-33.5,159,-2.0,4.0,-4.98,0.0956,326,13.7,0.0013303599383301707,107.0,3.875,-58.5,107.0,4.0,4.0,4.26,0.0627,325,4.59,-1.0392073944497154e-05,32.5,4.0,4.0,32.5,4.0,4.0,0,0,0,0,-1806.0,57.3,11.25,-1806.0,57.3,4.000000954,24.31723493833017,0.922,347.8564101043643,118.0,0.19519215488614797,16,1,75,6,Layer 2 Up
158,-1.9,16.5,158,-2.0,4.0,-6.38,0.111,325,14.4,0.001603210033206831,107.0,3.875,-58.5,107.0,4.0,4.0,3.65,0.0627,324,5.57,0.0,32.5,4.0,4.0,32.5,4.0,4.0,0,0,0,0,-1796.0,57.2,-77.9,-1796.0,57.3,3.999999046,24.102681451612902,0.925,348.99810246679317,119.0,0.19303957542694494,16,1,77,6,Layer 2 Down
158,-1.95,35.3,158,-2.0,4.0,-6.11,0.0905,326,12.4,0.0012107648837760912,107.0,4.1,54.0,107.0,4.0,4.0,2.5,0.0531,325,3.4,-1.7888778462998103e-05,32.5,4.0,4.0,32.5,4.0,4.0,0,0,0,0,-1796.0,57.2,-39.7,-1786.0,57.3,4.0,27.814868951612905,0.897,352.3216733870968,123.0,0.18652323885199243,16,1,77,6,Layer 2 Down
157,-2.15,-39.8,157,-2.0,4.0,-5.11,0.094,326,12.8,0.0013091271347248578,107.0,4.125,60.3,107.0,4.0,4.0,2.27,0.054,325,3.83,8.858426944971538e-06,32.5,4.0,4.0,32.5,4.0,4.0,0,0,0,0,-1786.0,57.3,6.31,-1786.0,57.3,4.0,23.23700664136623,0.967,351.28244781783684,118.0,0.20400564516129036,16,1,77,6,Layer 2 Down
156,-2.05,-14.8,156,-2.0,4.0,-5.62,0.101,326,13.4,0.001396607210626186,107.0,3.85,-64.7,107.0,4.0,4.0,3.78,0.0625,324,5.06,1.0518198055028463e-05,32.5,4.0,4.0,32.5,4.0,4.0,0,0,0,0,-1776.0,57.4,-1.88,-1776.0,57.3,4.0,18.876019331119544,0.789,348.06070327324477,120.0,0.1669382056451613,16,1,77,6,Layer 2 Down
156,-1.95,-2.25,156,-2.0,4.0,-4.83,0.0959,326,15.0,0.001309511385199241,107.0,4.125,66.5,107.0,4.0,4.0,2.89,0.0513,325,2.86,-1.7351025853889945e-05,32.5,4.0,4.0,32.5,4.0,4.0,0,0,0,0,-1776.0,57.1,-90.4,-1776.0,57.3,3.999999046,27.39061314041746,1.04,351.385555028463,121.0,0.21606937855787478,16,1,2,6,Layer 2 Down
155,-2.13,22.8,155,-2.0,4.0,-4.98,0.0878,326,13.6,0.0012333041389943071,107.0,4.1,54.0,107.0,4.0,4.0,2.23,0.0537,324,4.8,0.0,32.5,4.0,4.0,32.5,4.0,4.0,0,0,0,0,-1766.0,57.4,57.1,-1766.0,57.3,4.0,18.008423268500948,0.862,351.43710863377606,117.0,0.17790139350094875,16,1,77,6,Layer 2 Down
155,-1.95,79.0,155,-2.0,4.0,-5.55,0.0887,326,14.3,0.0012116534629981026,107.0,3.875,-52.3,107.0,4.0,4.0,4.22,0.0615,324,4.02,-1.0413670303605314e-05,32.5,4.0,4.0,32.5,4.0,4.0,0,0,0,0,-1766.0,57.4,13.94,-1766.0,57.3,4.0,15.609589658444023,0.818,348.2139231499051,118.0,0.17028643263757115,16,1,77,6,Layer 2 Down
154,-2.07,-52.3,154,-2.0,4.0,-5.77,0.106,326,14.1,0.0014301791389943073,107.0,4.1,54.0,107.0,4.0,4.0,2.01,0.0531,325,4.08,-1.735866283206831e-05,32.5,4.0,4.0,32.5,4.0,4.0,0,0,0,0,-1756.0,57.3,-13.6,-1756.0,57.3,4.0,23.69075367647059,0.895,352.6319556451613,120.0,0.18777924573055027,16,1,77,6,Layer 2 Down
153,-1.88,35.3,153,-2.0,4.0,-7.03,0.112,326,13.7,0.0014959028700189752,107.0,4.075,41.5,107.0,4.0,4.0,2.45,0.0528,324,3.61,-1.7907158444022767e-05,32.5,4.0,4.0,32.5,4.0,4.0,0,0,0,0,-1756.0,57.4,54.8,-1756.0,57.3,4.000000954,22.383948055028462,0.921,352.6836693548387,119.0,0.1932662832068311,16,1,77,6,Layer 2 Down
153,-1.82,54.0,153,-2.0,4.0,-6.09,0.109,325,14.6,0.0014196780123339658,107.0,3.875,-52.3,107.0,4.0,4.0,3.65,0.0633,324,4.88,1.0636664492409867e-05,32.5,4.0,4.0,32.5,4.0,4.0,0,0,0,0,-1746.0,57.4,21.3,-1746.0,57.3,4.000000954,18.565020161290324,0.723,348.3671430265655,120.0,0.15070428130929792,16,1,77,6,Layer 2 Down
152,-0.22,516.0,152,-2.0,4.233,-4.42,0.153,325,11.8,0.0018240075901328275,107.0,3.825,-52.3,107.0,3.828,-5.07,3.54,0.0544,324,3.9,2.6540948766603418e-05,32.5,4.0,4.0,32.5,4.0,4.0,0,0,0,0,-1746.0,57.2,-17.9,-1746.0,57.3,3.999999046,25.99483870967742,1.03,347.32599620493363,119.0,0.21735180265654652,16,1,77,6,Layer 2 Down
152,-2.1,-39.8,152,-1.91,5.54,-4.56,0.0805,326,12.9,0.0010705326138519924,107.0,2.95,-52.3,107.0,2.96,-4.94,-4.9,0.105,324,9.6,0.00023813888757115748,32.5,4.0,4.0,32.5,4.0,4.0,0,0,0,0,-1736.0,57.3,0.62,-1736.0,57.3,4.0,28.07417160815939,0.946,352.83881048387093,120.0,0.19881319971537,16,1,77,6,Layer 2 Down
151,-1.88,-46.0,151,-1.67,6.92,-5.72,0.0932,325,11.7,0.0012891975806451612,107.0,2.23,29.0,107.0,2.05,-4.59,-6.52,0.109,324,8.31,0.00037911149193548384,32.5,4.0,4.0,32.5,4.0,4.0,0,0,0,0,-1736.0,57.4,0.37,-1736.0,57.3,4.0,19.337963709677418,0.774,348.5203629032258,120.0,0.1627885080645161,16,1,77,6,Layer 2 Down
150,-1.28,72.7,150,-1.32,8.18,-4.15,0.0818,326,12.7,0.0009834303842504745,107.0,1.12,-14.8,107.0,1.22,-4.05,-7.71,0.123,324,8.49,0.0009047559535104364,32.5,4.0,4.0,32.5,4.0,4.0,0,0,0,0,-1726.0,57.3,12.12,-1726.0,57.3,4.0,22.509628795066416,1.02,346.386035341556,119.0,0.21416928368121443,16,1,77,6,Layer 2 Down
150,-0.9,29.0,150,-0.84,9.35,-3.68,0.082,326,12.6,0.000899424217267552,106.0,0.25,-39.8,106.0,0.45,-3.33,-7.0,0.136,324,11.3,0.0012567896110056926,32.5,4.0,4.0,32.5,4.0,4.0,0,0,0,0,-1726.0,57.3,11.81,-1726.0,57.3,4.000000954,23.059357210626185,0.918,347.5296489563567,118.0,0.194529174573055,16,1,2,6,Layer 2 Down
150,-0.1,35.3,149,-0.25,10.39,-6.15,0.108,326,12.7,0.001038369603889943,106.0,0.05,35.3,106.0,-0.24,-2.44,-6.65,0.0969,324,11.2,0.0009083001482447818,32.5,4.0,4.0,32.5,4.0,4.0,0,0,0,0,-1716.0,57.2,-76.6,-1716.0,57.3,3.999999046,23.82784985768501,0.919,349.76660341555976,119.0,0.19237163187855785,16,1,77,6,Layer 2 Down
149,0.58,79.0,149,0.44,11.29,-5.03,0.0801,326,10.1,0.0006340448292220114,106.0,-0.53,-14.8,106.0,-0.83,-1.4,-7.34,0.13,324,13.2,0.001355544117647059,32.5,4.0,4.0,32.5,4.0,4.0,0,0,0,0,-1716.0,57.4,46.5,-1706.0,57.3,4.0,19.13066295066414,0.986,345.44511385199246,118.0,0.2044247983870968,16,1,77,6,Layer 2 Down
149,1.33,29.0,149,1.21,12.02,-6.02,0.105,326,10.5,0.000674591300996205,105.0,-1.03,29.0,105.0,-1.31,-0.24,-7.5,0.132,324,14.1,0.0016290778581593928,32.5,4.0,4.0,32.5,4.0,4.0,0,0,0,0,-1706.0,57.3,7.19,-1706.0,57.3,4.0,25.69350984345351,0.927,347.6823885199241,117.0,0.19570801114800757,16,1,77,6,Layer 2 Down
149,1.9,16.5,149,2.04,12.57,-4.18,0.0854,326,8.49,0.00043411987666034155,105.0,-1.93,-46.0,105.0,-1.67,1.01,-7.16,0.132,324,13.7,0.0018698866223908917,32.5,4.025,16.5,32.5,4.0,4.0,0,0,0,0,-1696.0,57.4,5.25,-1696.0,57.3,4.0,18.370815939278938,0.773,348.8268026565465,120.0,0.1629316413662239,16,1,77,6,Layer 2 Down
148,3.05,97.7,148,2.92,12.92,-5.57,0.0972,326,7.23,0.00028763285697343456,104.0,-1.88,-2.25,104.0,-1.9,2.34,-8.27,0.151,324,16.3,0.002088892611480076,32.5,4.0,4.0,32.5,4.0,4.0,0,0,0,0,-1696.0,57.4,63.3,-1696.0,57.3,4.000000954,21.107658325426947,0.924,345.59689278937384,120.0,0.19467166745730552,16,1,77,6,Layer 2 Down
148,3.925,91.5,148,3.82,13.07,-4.72,0.0877,326,4.84,5.93944888519924e-05,103.4,-1.95,-52.3,103.4,-2.0,3.701,-7.71,0.143,324,15.7,0.001968878083491461,32.5,4.0,4.0,32.5,4.0,4.0,0,0,0,0,-1686.0,57.3,-35.4,-1686.0,57.3,3.999999046,25.814179316888044,1.07,347.83512808349144,115.0,0.22532715844402273,16,1,77,6,Layer 2 Down
148,4.15,66.5,148,4.0,4.0,-3.68,0.0713,326,3.51,0.0,103.0,-2.0,41.5,102.9,-2.0,4.0,-5.67,0.0886,324,13.0,0.001247138638519924,32.5,4.0,10.25,32.5,4.0,4.0,0,0,0,0,-1686.0,57.4,13.69,-1686.0,57.3,4.0,15.425135792220114,0.805,347.88604127134727,118.0,0.16737913306451613,16,1,77,6,Layer 2 Down
148,4.15,72.7,148,4.0,4.0,-7.15,0.0676,326,2.28,1.1160241935483872e-05,102.4,-2.18,29.0,102.3,-2.0,4.0,-4.42,0.0876,324,14.2,0.0012035555028463,32.5,4.0,4.0,32.5,4.0,4.0,0,0,0,0,-1676.0,57.3,-2.5,-1676.0,57.3,4.0,26.478221062618598,1.01,346.84281309297916,120.0,0.21226342504743836,16,1,79,6,Layer 2 Down
148,4.15,66.5,148,4.0,4.0,-3.67,0.0639,326,3.61,3.195360294117647e-05,101.8,-2.32,-46.0,101.7,-2.0,4.0,-4.51,0.112,324,15.0,0.0016086231617647058,32.5,4.0,4.0,32.5,4.0,4.0,0,0,0,0,-1676.0,57.3,-3.5,-1676.0,57.3,4.0,23.30862132352941,0.93,346.8935661764706,117.0,0.1958799632352941,16,1,79,6,Layer 2 Down
148,4.175,91.5,148,4.0,4.0,-4.73,0.0637,326,2.04,0.0,101.2,-2.1,-14.8,101.1,-2.0,4.0,-7.56,0.135,324,15.0,0.001970030834914611,32.5,4.0,4.0,32.5,4.0,4.0,0,0,0,0,-1666.0,57.4,17.1,-1666.0,57.3,4.000000954,18.934185246679316,0.728,349.1332424098672,120.0,0.1521301589184061,16,1,2,6,Layer 2 Down
148,4.1,47.8,148,4.0,4.0,-4.52,0.0603,326,2.32,4.093885080645162e-05,100.6,-2.0,-14.8,100.5,-2.0,4.0,-8.73,0.143,324,15.1,0.0020031576731499054,32.5,4.0,4.0,32.5,4.0,4.0,0,0,0,0,-1666.0,57.2,-18.3,-1666.0,57.3,3.999999046,25.72360946394687,1.05,346.99507234345356,119.0,0.2211135792220114,16,1,79,6,Layer 2 Down
148,4.1,47.8,148,4.0,4.0,-4.62,0.0667,326,1.72,3.3171888045540795e-05,100.0,-1.85,10.25,99.9,-2.0,4.0,-8.4,0.144,324,15.6,0.001959659392789374,32.5,4.0,4.0,32.5,4.0,4.0,0,0,0,0,-1656.0,57.5,58.3,-1656.0,57.3,4.0,18.063899430740037,0.841,347.04582542694493,115.0,0.17188074003795065,16,1,79,6,Layer 2 Down
148,4.225,60.3,148,4.243,13.07,-2.32,0.0351,326,1.35,5.452810602466793e-06,99.5,-1.93,91.5,99.4,-2.0,4.341,-7.65,0.133,324,16.1,0.0018614012096774192,32.5,4.0,4.0,32.5,4.0,4.0,0,0,0,0,-1656.0,57.4,0.75,-1656.0,57.3,4.0,19.59945979601518,0.772,348.191520398482,120.0,0.16205139943074004,16,1,79,6,Layer 2 Down
148,4.95,-33.5,148,5.14,12.91,3.93,0.0737,326,5.88,0.00018945264468690705,98.9,-1.97,-58.5,98.8,-1.89,5.7,-4.73,0.117,324,15.0,0.0016536040085388995,32.5,4.0,4.0,32.5,4.0,4.0,0,0,0,0,-1646.0,57.3,14.3,-1646.0,57.3,4.0,22.44959084440228,1.01,347.1473315939279,120.0,0.21244978652751426,16,1,79,6,Layer 2 Down
149,6.0,41.5,149,5.98,12.57,6.04,0.104,326,8.6,0.0004172948588709677,98.3,-1.75,60.3,98.3,-1.66,6.97,-5.3,0.0901,324,13.9,0.001215740927419355,32.5,4.0,4.0,32.5,4.0,4.0,0,0,0,0,-1646.0,57.3,-5.62,-1646.0,57.3,3.999999046,22.671925403225806,1.03,352.6743951612903,118.0,0.2190524193548387,16,1,79,6,Layer 2 Down
149,6.8,-27.3,149,6.85,12.0,4.33,0.0794,326,8.36,0.0005290889231499051,97.7,-1.47,-21.0,97.7,-1.28,8.28,-6.99,0.133,324,13.5,0.0016540875237191653,32.5,4.025,10.25,32.5,4.0,4.0,0,0,0,0,-1636.0,57.2,-75.9,-1636.0,57.3,3.999999046,23.332492884250478,0.913,349.43968216318785,119.0,0.19169888519924097,16,1,79,6,Layer 2 Down
149,7.7,10.25,149,7.61,11.26,3.81,0.0807,326,9.85,0.0007219887393263757,97.2,-0.53,10.25,97.2,-0.79,9.44,-5.71,0.0931,324,12.1,0.0009509654411764706,32.5,4.0,4.0,32.5,4.0,4.0,0,0,0,0,-1636.0,57.4,-42.1,-1626.0,57.3,4.0,20.706505574003796,0.993,345.10842623339664,118.0,0.20816063804554083,16,1,79,6,Layer 2 Down
149,8.07,22.8,150,8.26,10.4,5.16,0.0988,326,12.5,0.0009193278818785579,96.8,-0.55,-33.5,96.7,-0.22,10.43,-4.99,0.111,324,12.1,0.0011505295303605313,32.5,4.0,4.0,32.5,4.0,4.0,0,0,0,0,-1626.0,57.3,0.5,-1626.0,57.3,4.0,23.777610294117647,0.972,352.8290559772296,118.0,0.20599957305502845,16,1,79,6,Layer 2 Down
150,8.85,-14.8,150,8.87,9.32,5.1,0.0927,326,12.0,0.0010959025142314991,96.4,0.4,-2.25,96.3,0.5,11.35,-5.21,0.116,324,11.6,0.0009183663069259962,32.5,4.0,4.0,32.5,4.0,4.0,0,0,0,0,-1616.0,57.4,5.88,-1616.0,57.3,4.0,19.06870374762808,0.771,348.49699952561673,118.0,0.16219357210626187,16,1,79,6,Layer 2 Down
150,9.35,54.0,150,9.33,8.2,6.57,0.108,326,11.6,0.0013700782732447819,96.1,1.08,-27.3,96.0,1.24,12.04,-5.0,0.0985,325,9.66,0.0006762706356736244,32.5,4.0,-2.25,32.5,4.0,4.0,0,0,0,0,-1616.0,57.1,-88.4,-1616.0,57.3,3.999999046,28.059203036053134,1.04,352.93216318785585,120.0,0.21702039848197346,16,1,79,6,Layer 2 Down
151,9.7,4.0,151,9.69,6.88,5.23,0.0923,326,12.7,0.0011510338591081593,95.8,2.12,16.5,95.8,2.11,12.6,-4.84,0.0935,324,8.01,0.00043958531190702087,32.5,4.0,4.0,32.5,4.0,4.0,0,0,0,0,-1606.0,57.3,-32.8,-1606.0,57.3,3.999999046,25.43236717267552,1.05,347.50260317836813,115.0,0.22253321276091081,16,1,2,6,Layer 2 Down
152,9.97,60.3,152,9.91,5.56,5.53,0.104,326,13.0,0.0013814423624288427,95.7,2.95,10.25,95.7,2.99,12.94,-5.06,0.0942,324,7.05,0.00021489103415559772,32.5,4.0,4.0,32.5,4.0,4.0,0,0,0,0,-1606.0,57.4,16.9,-1606.0,57.3,4.0,15.56863614800759,0.804,347.5533562618596,117.0,0.1666501897533207,16,1,79,6,Layer 2 Down
152,9.75,-27.3,152,10.0,4.192,5.81,0.105,326,14.7,0.0014584020991461103,95.6,3.825,16.5,95.6,3.891,13.07,-6.6,0.117,325,6.56,6.173536705407971e-05,32.5,4.025,10.25,32.5,4.0,4.0,0,0,0,0,-1596.0,57.3,8.38,-1596.0,57.3,4.0,25.98806748102467,1.0,346.5075664136623,121.0,0.21272932874762812,16,1,79,6,Layer 2 Down
153,10.15,-2.25,153,10.0,4.0,4.73,0.0701,326,11.4,0.000997999762808349,95.6,4.0,4.0,95.6,4.0,4.0,-4.99,0.0924,325,5.3,1.6121534629981023e-05,32.5,4.025,10.25,32.5,4.0,4.0,0,0,0,0,-1596.0,57.3,-6.6,-1596.0,57.3,4.0,25.991861954459203,0.943,347.6548624288425,116.0,0.20069665559772296,16,1,79,6,Layer 2 Down
153,10.15,60.3,153,10.0,4.0,5.04,0.0897,326,11.9,0.0012613926114800758,95.6,4.025,4.0,95.6,4.0,4.0,-5.03,0.094,325,4.75,1.645294710626186e-05,32.5,4.025,22.8,32.5,4.0,4.0,0,0,0,0,-1586.0,57.4,22.3,-1586.0,57.3,4.000000954,18.866046015180267,0.718,347.70561551233396,119.0,0.15027025023719168,16,1,81,6,Layer 2 Down
154,9.88,4.0,154,10.0,4.0,5.61,0.107,326,13.9,0.001480981380455408,95.6,4.0,-2.25,95.6,4.0,4.0,-4.89,0.0909,324,4.56,1.5797134724857682e-05,32.5,4.0,10.25,32.5,4.0,4.0,0,0,0,0,-1586.0,57.3,-15.4,-1586.0,57.3,3.999999046,27.096474146110054,1.05,346.6593453510436,118.0,0.2226957186907021,16,1,81,6,Layer 2 Down
154,9.85,-64.7,155,10.0,4.0,5.29,0.0946,326,14.5,0.0013166200189753318,95.6,4.0,-2.25,95.6,4.0,4.0,-5.24,0.0918,324,4.13,1.601887689753321e-05,32.5,4.0,4.0,32.5,4.0,4.0,0,0,0,0,-1576.0,57.5,56.0,-1576.0,57.3,4.0,16.67718690702087,0.846,345.61275498102464,117.0,0.17554933586337762,16,1,81,6,Layer 2 Down
155,10.05,-8.5,155,10.0,4.0,5.56,0.0871,326,12.2,0.0011631840607210626,95.6,4.0,-2.25,95.6,4.0,4.0,-5.18,0.0903,324,4.3,1.5692011385199242e-05,32.5,4.0,4.0,32.5,4.0,4.0,0,0,0,0,-1576.0,57.4,3.188,-1576.0,57.3,4.0,19.64244781783681,0.76,347.85787476280836,120.0,0.16021214421252372,16,1,81,6,Layer 2 Down
156,10.13,35.3,156,10.0,4.0,3.28,0.0791,326,13.7,0.0010975035578747628,95.6,4.0,-2.25,95.6,4.0,4.0,-4.74,0.0905,324,4.64,1.5804051233396584e-05,32.5,4.025,16.5,32.5,4.0,4.0,0,0,0,0,-1566.0,57.3,17.5,-1566.0,57.3,4.0,22.38907258064516,0.991,346.81112428842505,119.0,0.21072068311195444,16,1,81,6,Layer 2 Down
156,9.97,41.5,156,10.0,4.0,5.57,0.104,326,14.0,0.0014598926707779887,95.6,3.975,-14.8,95.6,4.0,4.0,-4.98,0.0893,324,4.28,1.5696590370018975e-05,32.5,4.025,10.25,32.5,4.0,4.0,0,0,0,0,-1566.0,57.4,14.6,-1566.0,57.3,4.000000954,26.01462879506641,0.906,345.7640536053131,115.0,0.1920911408918406,16,1,81,6,Layer 2 Down
157,9.88,-27.3,157,10.0,4.0,6.37,0.111,325,14.2,0.0015369532732447818,95.6,4.0,-2.25,95.6,4.0,4.0,-4.59,0.0899,324,4.91,3.161732447817837e-05,32.5,4.0,4.0,32.5,4.0,4.0,0,0,0,0,-1556.0,57.2,-63.4,-1556.0,57.3,3.999999046,24.261905241935487,0.904,349.1079577798862,118.0,0.18992351162239088,16,1,2,6,Layer 2 Down
157,10.03,-21.0,158,10.0,4.0,5.04,0.0809,326,12.9,0.0010946899193548386,95.6,3.95,-21.0,95.6,4.0,4.0,-4.59,0.0895,325,4.74,3.0963145161290325e-05,32.5,4.025,10.25,32.5,4.0,4.0,0,0,0,0,-1556.0,57.4,49.8,-1546.0,57.3,4.0,20.20290322580645,0.992,345.86491935483866,118.0,0.2075189516129032,16,1,81,6,Layer 2 Down
158,10.13,47.8,158,10.0,4.0,4.33,0.0896,326,12.5,0.0012409026921252372,95.6,3.95,-21.0,95.6,4.0,4.0,-4.35,0.0893,325,4.83,1.559364444971537e-05,32.5,4.0,4.0,32.5,4.0,4.0,0,0,0,0,-1546.0,57.3,3.75,-1546.0,57.3,4.0,26.35545540796964,0.93,347.0134962049336,118.0,0.19656777158444022,16,1,81,6,Layer 2 Down
159,9.95,10.25,159,10.0,4.0,6.9,0.107,326,12.2,0.0015266426707779886,95.6,4.0,-2.25,95.6,4.0,4.0,-4.5,0.088,324,5.3,1.5486087523719165e-05,32.5,4.0,10.25,32.5,4.0,4.0,0,0,0,0,-1536.0,57.4,9.0,-1536.0,57.3,4.0,19.549812618595826,0.769,349.26069734345356,118.0,0.16254900379506643,16,1,81,6,Layer 2 Down
159,9.95,-8.5,159,10.0,4.0,4.77,0.0996,326,13.9,0.0013401263045540795,95.6,3.975,-14.8,95.6,4.0,4.0,-4.99,0.0887,324,4.39,0.0,32.5,4.025,16.5,32.5,4.0,4.0,0,0,0,0,-1536.0,57.4,66.1,-1536.0,57.3,4.000000954,20.541280241935482,0.938,346.01621797912713,120.0,0.1988220173149905,16,1,81,6,Layer 2 Down
160,10.07,-2.25,160,10.0,4.0,4.98,0.0819,325,12.3,0.001131583017077799,95.6,3.95,-21.0,95.6,4.0,4.0,-4.94,0.0883,324,4.15,1.5161015180265656e-05,32.5,4.025,10.25,32.5,4.0,4.0,0,0,0,0,-1526.0,57.3,-33.6,-1526.0,57.3,3.999999046,25.817670777988614,1.05,347.165275142315,114.0,0.2219221062618596,16,1,81,6,Layer 2 Down
160,10.2,54.0,161,10.0,4.0,4.91,0.1,325,12.8,0.001428419710626186,95.6,3.975,-14.8,95.6,4.0,4.0,-5.24,0.0882,324,4.11,4.636870137571158e-05,32.5,4.0,4.0,32.5,4.0,4.0,0,0,0,0,-1526.0,57.4,18.5,-1526.0,57.3,4.0,16.921279648956357,0.811,348.3146525142315,116.0,0.16921279648956358,16,1,81,6,Layer 2 Down
161,9.9,-21.0,161,10.0,4.0,7.39,0.1,326,13.0,0.0014066489563567364,95.6,4.05,29.0,95.6,4.0,4.0,-5.03,0.0741,325,6.79,-1.2747756166982923e-05,32.5,3.975,-2.25,32.5,4.0,4.0,0,0,0,0,-1516.0,57.3,-19.9,-1516.0,57.3,4.0,24.61635673624288,0.915,353.8601280834914,120.0,0.1945131759962049,16,1,81,6,Layer 2 Down
162,9.82,-33.5,162,10.0,4.0,6.39,0.118,326,14.8,0.0016486569022770398,95.6,3.95,-27.3,95.6,4.0,4.0,-3.84,0.0871,324,4.96,3.0445197462049337e-05,32.5,4.0,4.0,32.5,4.0,4.0,0,0,0,0,-1516.0,57.3,-5.37,-1516.0,57.3,4.0,26.488420896584444,0.945,348.4161586812144,115.0,0.20113614207779887,16,1,81,6,Layer 2 Down
162,9.97,-33.5,162,10.0,4.0,4.69,0.088,326,13.7,0.0012201838235294119,95.6,3.95,-21.0,95.6,4.0,4.0,-4.59,0.0866,325,4.41,3.044963235294118e-05,32.5,4.025,10.25,32.5,4.0,4.0,0,0,0,0,-1506.0,57.4,27.8,-1506.0,57.3,4.000000954,20.336397058823533,0.714,348.4669117647059,118.0,0.14950000000000002,16,1,81,6,Layer 2 Down
163,10.05,60.3,163,10.0,4.0,4.14,0.0923,326,14.8,0.001275332779886148,95.6,4.05,35.3,95.6,4.0,4.0,-5.48,0.0765,325,6.26,-5.310221833491461e-05,32.5,3.975,-8.5,32.5,4.0,4.0,0,0,0,0,-1506.0,57.3,-10.3,-1506.0,57.3,4.0,20.889071394686905,0.897,352.91536408918404,119.0,0.1902004921726755,16,1,81,6,Layer 2 Down
163,3.2,-596.0,164,9.5,879.0,3.53,0.16,326,3.97,0.00028479249288425047,95.6,4.05,29.0,95.6,3.9601,-5.21,-4.45,0.0747,324,7.2,-5.157053249525617e-05,32.5,4.0,-2.25,32.5,4.0,4.0,0,0,0,0,-1496.0,57.3,-15.0,-1496.0,57.3,4.0,25.950203984819737,1.04,352.96675759013283,118.0,0.21991698292220116,16,1,2,6,Layer 2 Down
164,10.03,54.0,164,9.87,1.22,4.05,0.0791,326,12.5,0.0010843485887096773,95.6,2.87,10.25,95.6,2.76,-9.5,-7.28,0.135,324,9.17,0.00033212299573055033,32.5,4.025,10.25,32.5,4.0,4.0,0,0,0,0,-1496.0,57.4,1.62,-1496.0,57.3,4.0,21.994900379506642,0.777,348.6191710151803,118.0,0.1638620078273245,16,1,81,6,Layer 2 Down
165,9.43,-21.0,165,9.43,-1.77,4.58,0.0768,326,12.5,0.0009415187855787476,95.4,1.65,-33.5,95.4,1.46,-8.5,-3.77,0.0777,324,8.33,0.0003860666982922201,32.5,4.025,16.5,32.5,4.0,4.0,0,0,0,0,-1486.0,57.3,17.8,-1486.0,57.3,4.0,25.187827324478175,1.02,348.6699240986717,117.0,0.2166813092979127,16,1,81,6,Layer 2 Down
165,8.78,-27.3,165,8.72,-4.45,5.38,0.0835,326,11.2,0.0009053536824003795,95.1,0.47,41.5,95.0,0.29,-6.8,-3.47,0.0697,324,10.7,0.0005511326790796964,32.5,4.0,4.0,32.5,4.0,4.0,0,0,0,0,-1486.0,57.4,16.4,-1486.0,57.3,4.000000954,25.631519805502847,0.913,347.6206119544592,115.0,0.19361148007590132,16,1,81,6,Layer 2 Down
166,7.7,4.0,166,7.71,-6.8,7.9,0.102,326,10.3,0.0008746791389943076,94.6,-0.6,4.0,94.6,-0.72,-4.54,-9.06,0.155,324,15.0,0.0016283334914611008,32.5,4.0,-2.25,32.5,4.0,4.0,0,0,0,0,-1476.0,57.3,21.1,-1476.0,57.3,4.000000954,25.41520517077799,0.919,354.27255692599624,120.0,0.19473988377609108,16,1,81,6,Layer 2 Down
166,6.72,22.8,166,6.59,-8.4,5.21,0.0948,326,9.26,0.000552393489089184,94.2,-1.63,-52.3,94.1,-1.41,-1.99,-2.78,0.0659,324,11.1,0.0007999802122865275,32.5,4.025,16.5,32.5,4.0,4.0,0,0,0,0,-1476.0,57.4,51.6,-1466.0,57.3,4.0,16.725858633776088,1.0,348.8221833491461,121.0,0.21017361835863377,16,1,81,6,Layer 2 Down
166,5.48,22.8,166,5.29,-9.4,5.0,0.105,326,6.88,0.0003510740275142315,93.6,-1.78,29.0,93.5,-1.86,0.98,-5.15,0.0945,324,13.1,0.0012656273719165085,32.5,4.025,10.25,32.5,4.0,4.0,0,0,0,0,-1466.0,57.3,5.63,-1466.0,57.3,4.0,34.337020872865274,0.958,348.8729364326376,110.0,0.20250037950664138,16,1,81,6,Layer 2 Down
166,4.125,41.5,166,4.0,3.469,2.21,0.0736,326,3.31,3.764413306451613e-05,93.0,-1.68,160.0,93.0,4.0,421.0,0.864,0.0368,324,5.78,9.466068548387098e-05,32.5,4.0,4.0,32.5,4.0,4.0,0,0,0,0,-1456.0,57.4,9.81,-1456.0,57.3,4.0,20.80333669354839,0.781,351.12510080645166,118.0,0.16510584677419357,16,1,81,6,Layer 2 Down
166,3.95,-27.3,166,4.0,4.0,1.66,0.0415,326,6.32,-3.8640387808349144e-05,92.5,-1.82,-14.8,92.4,-2.0,4.0,-7.92,0.128,325,15.8,0.0017503765417457306,32.5,4.0,4.0,32.5,4.0,4.0,0,0,0,0,-1456.0,57.3,-21.1,-1456.0,57.3,4.0,27.63173031309298,0.948,353.37790559772293,117.0,0.20035756641366223,16,1,81,6,Layer 2 Down
166,4.0,-8.5,166,4.0,4.0,1.38,0.0386,326,6.5,-2.9727698055028462e-05,91.9,-1.82,-27.3,91.8,-2.0,4.0,-6.81,0.121,325,15.1,0.0015964874881404174,32.5,3.975,-8.5,32.5,4.0,4.0,0,0,0,0,-1446.0,57.4,42.4,-1446.0,57.3,4.000000954,20.69928605313093,0.717,355.6313508064516,118.0,0.14973951612903227,16,1,82,6,Layer 2 Down
166,4.0,-8.5,166,4.0,4.0,3.04,0.0433,326,3.53,-2.378561669829222e-05,91.3,-1.65,91.5,91.2,-2.0,4.0,-6.15,0.0996,325,14.9,0.0013434468690702085,32.5,3.975,-2.25,32.5,4.0,4.0,0,0,0,0,-1446.0,57.1,-68.7,-1446.0,57.3,3.999999046,31.493918406072105,1.1,353.48069259962045,117.0,0.23124905123339656,16,1,2,6,Layer 2 Down
166,3.95,-21.0,166,4.0,4.0,3.05,0.0378,326,4.55,-1.1674268263757115e-05,90.8,-2.35,4.0,90.8,-2.0,4.0,-4.53,0.0952,325,14.5,0.0013987094995256168,32.5,3.975,-8.5,32.5,4.0,4.0,0,0,0,0,-1436.0,57.4,37.1,-1436.0,57.3,4.0,19.714094520872862,0.865,353.53208610056924,116.0,0.18172210033206831,16,1,82,6,Layer 2 Down
166,4.0,-8.5,166,4.0,4.0,1.94,0.0351,326,5.31,-1.6632743121442124e-05,90.2,-2.28,-14.8,90.2,-2.0,4.0,-8.0,0.121,325,12.1,0.0017734249288425049,32.5,3.95,-14.8,32.5,4.0,4.0,0,0,0,0,-1436.0,57.4,18.9,-1436.0,57.3,4.0,21.699671489563567,0.752,354.68498576850095,119.0,0.1586168880455408,16,1,84,6,Layer 2 Down
166,3.95,-27.3,166,4.0,4.0,1.37,0.0438,326,6.26,-3.161782198766603e-05,89.6,-2.1,-21.0,89.6,-2.0,4.0,-9.2,0.164,325,15.1,0.0023024825071157494,32.5,3.975,-2.25,32.5,4.0,4.0,0,0,0,0,-1426.0,57.2,-36.4,-1426.0,57.3,4.0,26.660323766603412,1.04,353.63487310246677,118.0,0.21923158799810247,16,1,84,6,Layer 2 Down
166,3.9,-58.5,166,4.0,4.0,2.77,0.0524,326,5.52,-2.291798861480076e-05,89.0,-2.0,-2.25,89.0,-2.0,4.0,-7.81,0.143,325,17.2,0.0019612509487666034,32.5,3.975,-2.25,32.5,4.0,4.0,0,0,0,0,-1426.0,57.4,31.6,-1426.0,57.3,4.000000954,24.350362903225808,0.87,354.78809297912716,118.0,0.1851068311195446,16,1,84,6,Layer 2 Down
166,3.95,-27.3,166,4.0,4.0,-2.21,0.0498,326,11.0,-1.8182776921252375e-05,88.4,-1.82,-14.8,88.4,-2.0,4.0,-7.84,0.143,325,16.2,0.0020166352585388996,32.5,3.975,-8.5,32.5,4.0,4.0,0,0,0,0,-1416.0,57.3,-44.4,-1416.0,57.3,3.999999046,23.582510673624288,0.945,354.83964658444023,116.0,0.20056153937381405,16,1,84,6,Layer 2 Down
166,3.95,-33.5,166,4.0,4.0,0.827,0.0411,326,6.89,-3.19622509487666e-05,87.8,-1.68,22.8,87.8,-2.0,4.0,-8.13,0.133,324,15.3,0.0017854774667931687,32.5,4.0,4.0,32.5,4.0,4.0,0,0,0,0,-1416.0,57.3,-18.4,-1416.0,57.3,4.0,22.70421963946869,1.02,353.7890536053131,116.0,0.2149185839658444,16,1,84,6,Layer 2 Down
166,3.925,-33.5,166,4.0,4.0,2.22,0.0419,326,5.54,-2.0172212405123342e-05,87.2,-1.65,66.5,87.2,-2.0,4.0,-5.41,0.0971,325,15.2,0.0012896988259013284,32.5,3.975,-2.25,32.5,4.0,4.0,0,0,0,0,-1406.0,57.3,-2.0,-1406.0,57.3,4.0,27.33720588235294,0.886,353.8404471062619,120.0,0.18739213709677421,16,1,84,6,Layer 2 Down
166,3.925,-58.5,166,4.0,4.0,1.38,0.0419,326,6.16,-2.557722960151803e-05,86.6,-1.82,110.0,86.6,-2.0,4.0,-3.98,0.0632,325,14.4,0.0007838538899430741,32.5,4.0,4.0,32.5,4.0,4.0,0,0,0,0,-1406.0,57.4,9.88,-1406.0,57.3,4.0,21.60834914611006,0.814,354.9943074003795,118.0,0.17308728652751423,16,1,84,6,Layer 2 Down
166,3.925,-39.8,166,4.0,4.0,3.88,0.0389,326,4.01,-1.1798107803605311e-05,86.0,-2.18,16.5,86.0,-2.0,4.0,-2.06,0.0548,324,13.5,0.0007023733337286526,32.5,4.0,4.0,32.5,4.0,4.0,0,0,0,0,-1396.0,57.3,18.2,-1396.0,57.3,4.000000954,26.793833610056925,0.904,353.94323410815934,118.0,0.19185708017077796,16,1,84,6,Layer 2 Down
166,3.875,-58.5,166,4.0,4.0,3.61,0.0401,326,4.79,-1.665208372865275e-05,85.4,-2.13,-27.3,85.4,-2.0,4.0,-3.74,0.0833,324,14.1,0.0011910099620493358,32.5,3.975,-2.25,32.5,4.0,4.0,0,0,0,0,-1386.0,57.3,-22.4,-1386.0,57.3,3.999999046,25.694937144212524,1.01,352.8918406072106,117.0,0.2161462523719165,16,1,84,6,Layer 2 Down
166,3.925,-39.8,166,4.0,4.0,2.22,0.0453,326,5.51,-2.5808962286527515e-05,84.8,-1.82,47.8,84.8,-2.0,4.0,-5.52,0.103,324,15.2,0.0013897133538899433,32.5,3.975,-2.25,32.5,4.0,4.0,0,0,0,0,-1386.0,57.5,43.7,-1386.0,57.3,4.0,16.98538543643264,0.803,354.0460211100569,115.0,0.16985385436432637,16,1,2,6,Layer 2 Down
166,4.125,72.7,166,4.0,4.0,0.84,0.0507,326,3.04,1.577443311195446e-05,84.2,-1.93,-21.0,84.1,-2.0,4.0,-6.61,0.101,324,13.6,0.001323728652751423,32.5,4.025,16.5,32.5,4.0,4.0,0,0,0,0,-1376.0,57.4,59.4,-1376.0,57.3,4.0,21.731212049335863,0.961,350.7880929791271,114.0,0.2029717267552182,16,1,84,6,Layer 2 Down
166,3.9,-58.5,166,4.0,4.0,2.21,0.0395,326,6.01,-2.5264821513282735e-05,83.6,-2.1,41.5,83.6,-2.0,4.0,-4.39,0.0775,325,14.7,0.0010514137511859582,32.5,4.0,4.0,32.5,4.0,4.0,0,0,0,0,-1376.0,57.3,-16.4,-1376.0,57.3,4.0,25.04416805028463,0.935,354.14880811195445,119.0,0.19969138401328274,16,1,84,6,Layer 2 Down
166,4.15,85.2,166,4.0,4.0,1.94,0.0509,326,1.82,4.060612903225807e-05,83.0,-2.2,-39.8,83.0,-2.0,4.0,-7.08,0.131,324,14.3,0.0018647923387096776,32.5,4.0,4.0,32.5,4.0,4.0,0,0,0,0,-1366.0,57.3,-33.3,-1366.0,57.3,3.999999046,25.268487903225807,1.07,353.0967741935484,114.0,0.22620262096774194,16,1,84,6,Layer 2 Down
166,4.175,91.5,166,4.0,4.0,0.278,0.0449,326,2.86,1.4125920303605312e-05,82.4,-2.0,-8.5,82.4,-2.0,4.0,-8.71,0.144,324,15.2,0.002030601043643264,32.5,4.0,4.0,32.5,4.0,4.0,0,0,0,0,-1366.0,57.4,15.1,-1366.0,57.3,4.0,16.553812855787477,0.829,354.251595113852,117.0,0.17436682874762807,16,1,84,6,Layer 2 Down
166,4.15,85.2,166,4.0,4.0,0.824,0.0477,326,2.56,7.373034155597723e-06,81.8,-1.95,-14.8,81.8,-2.0,4.0,-7.57,0.138,324,16.1,0.0018653334914611006,32.5,4.025,16.5,32.5,4.0,4.0,0,0,0,0,-1356.0,57.3,5.94,-1356.0,57.3,4.0,26.269193548387097,1.03,353.19924098671726,120.0,0.21854203036053133,16,1,84,6,Layer 2 Down
166,4.2,97.7,166,4.0,4.0,1.39,0.0519,326,1.98,3.5545828984819733e-05,81.2,-1.9,-39.8,81.2,-2.0,4.0,-7.59,0.135,324,14.8,0.0018324868358633778,32.5,4.0,4.0,32.5,4.0,4.0,0,0,0,0,-1356.0,57.3,-2.88,-1356.0,57.3,4.0,24.285970113851995,0.953,353.2504743833017,117.0,0.2031190227703985,16,1,84,6,Layer 2 Down
166,4.1,60.3,166,4.0,4.0,4.44,0.0411,326,3.12,-1.9431593927893738e-05,80.7,-2.45,-109.0,80.6,-2.0,4.0,-6.2,0.113,325,13.9,0.0017002644686907019,32.5,3.975,-2.25,32.5,4.0,4.0,0,0,0,0,-1346.0,57.4,10.81,-1346.0,57.3,4.000000954,20.42525498102467,0.74,354.4057756166983,119.0,0.1556735649905123,16,1,84,6,Layer 2 Down
166,4.1,54.0,166,4.0,4.0,1.1,0.0493,326,2.83,2.3520055147058823e-05,80.1,-2.03,-64.7,80.1,-2.0,4.0,-6.2,0.135,324,14.6,0.0019655257352941178,32.5,4.0,4.0,32.5,4.0,4.0,0,0,0,0,-1346.0,57.3,-12.7,-1346.0,57.3,3.999999046,26.611893382352942,1.06,353.3529411764706,118.0,0.22747095588235294,16,1,84,6,Layer 2 Down
166,3.875,-71.0,166,4.0,4.0,3.34,0.0404,326,5.33,-1.2479584914611007e-05,79.5,-2.0,-8.5,79.4,-2.0,4.0,-7.3,0.122,324,14.0,0.0017338892314990514,32.5,3.975,-2.25,32.5,4.0,4.0,0,0,0,0,-1336.0,57.5,55.8,-1336.0,57.3,4.0,17.338892314990513,0.964,354.5085626185959,116.0,0.20541617647058824,16,1,84,6,Layer 2 Down
166,3.9,-64.7,166,3.99695,3.236,3.34,0.045,326,4.33,-1.955050225332068e-05,79.0,3.125,41.5,79.0,2.0,-496.0,0.167,0.0538,325,3.62,3.037507412239089e-06,32.5,4.0,4.0,32.5,4.0,4.0,0,0,0,0,-1336.0,57.3,-14.9,-1336.0,57.3,4.0,23.968694852941173,1.01,353.45540796963945,115.0,0.2142823410815939,16,1,84,6,Layer 2 Down
166,2.92,72.7,166,2.65,-9.4,-3.57,0.0583,326,7.73,0.00016791565464895636,78.4,-1.82,-64.7,78.4,-1.85,7.03,-6.87,0.131,324,15.8,0.0018117215370018975,32.5,3.975,-8.5,32.5,4.0,4.0,0,0,0,0,-1326.0,57.3,-3.5,-1326.0,57.3,4.0,27.617706356736242,0.89,353.5066413662239,119.0,0.1889051114800759,16,1,2,6,Layer 2 Down
166,1.47,29.0,166,1.36,-8.4,-6.12,0.0986,326,9.91,0.0005590633894686909,77.9,-1.1,129.0,77.8,-1.39,10.0,-4.38,0.0682,325,13.8,0.0007689883776091082,32.5,3.975,-8.5,32.5,4.0,4.0,0,0,0,0,-1326.0,57.4,15.7,-1326.0,57.3,4.0,21.544932993358636,0.81,354.66274312144213,117.0,0.17346433230550287,16,1,86,6,Layer 2 Down
166,0.2,-52.3,166,0.2,-6.7,-4.8,0.0888,326,11.6,0.0007889903225806452,77.4,-0.47,110.0,77.3,-0.65,12.65,-5.23,0.0904,324,14.4,0.0009657948766603415,32.5,3.975,-2.25,32.5,4.0,4.0,0,0,0,0,-1316.0,57.3,18.0,-1316.0,57.3,4.000000954,28.399231499051233,0.917,353.6091081593928,117.0,0.194485009487666,16,1,86,6,Layer 2 Down
165,-0.72,-33.5,165,-0.75,-4.44,-5.09,0.11,326,14.4,0.0012046555384250476,76.9,0.47,35.3,76.9,0.34,14.8,-5.16,0.0837,325,11.2,0.0006686390832542694,32.5,3.975,-8.5,32.5,4.0,4.0,0,0,0,0,-1306.0,57.3,-20.6,-1306.0,57.3,3.999999046,23.982591911764708,1.0,353.66034155597725,119.0,0.2144065820683112,16,1,86,6,Layer 2 Down
165,-1.2,16.5,165,-1.46,-1.76,-7.33,0.118,326,13.8,0.001414846299810247,76.6,1.58,4.0,76.6,1.51,16.5,-5.36,0.095,325,10.4,0.0005161978296963947,32.5,4.0,4.0,32.5,4.0,4.0,0,0,0,0,-1306.0,57.5,35.3,-1306.0,57.3,4.0,17.796113614800763,0.802,353.7115749525617,114.0,0.1702236954459203,16,1,86,6,Layer 2 Down
164,-1.88,29.0,164,-1.88,1.23,-5.22,0.0854,326,14.1,0.0011607842148956356,76.4,2.77,29.0,76.4,2.82,17.5,-8.64,0.109,325,6.45,0.0002686386325901328,32.5,4.0,4.0,32.5,4.0,4.0,0,0,0,0,-1296.0,57.2,-40.8,-1296.0,57.3,4.0,29.517084321631877,1.0,353.7628083491461,119.0,0.21225768500948766,16,1,86,6,Layer 2 Down
163,0.67,-1086.0,163,-2.0,-121.0,-17.0,0.22,326,18.8,0.0021339409392789376,76.4,3.95,-21.0,76.4,4.0,4.0,-2.53,0.0542,325,2.59,-9.199165085388994e-06,32.5,4.0,4.0,32.5,4.0,4.0,0,0,0,0,-1296.0,57.4,33.6,-1296.0,57.3,4.0,19.680906072106264,0.819,354.919710626186,119.0,0.17359001423149906,16,1,86,6,Layer 2 Down
163,-2.2,-27.3,163,-2.0,4.0,-4.64,0.0834,326,12.9,0.0011721787239089186,76.4,4.025,22.8,76.4,4.0,4.0,-1.26,0.0442,325,3.2,-7.608103415559773e-06,32.5,4.0,-2.25,32.5,4.0,4.0,0,0,0,0,-1286.0,57.4,40.0,-1286.0,57.3,4.000000954,21.342499407020878,0.728,354.97110412713477,118.0,0.15260439990512337,16,1,86,6,Layer 2 Down
162,-1.95,-14.8,162,-2.0,4.0,-6.09,0.104,326,14.1,0.0014488457068311195,76.4,4.05,29.0,76.4,4.0,4.0,-1.45,0.0297,325,3.14,0.0,32.5,3.975,-2.25,32.5,4.0,4.0,0,0,0,0,-1286.0,57.2,-64.6,-1286.0,57.3,3.999999046,31.963084677419353,1.11,353.9165085388994,116.0,0.23446968690702086,16,1,86,6,Layer 2 Down
162,-1.68,66.5,162,-2.0,4.0,-6.77,0.102,326,15.2,0.0013273790322580646,76.4,4.05,29.0,76.4,4.0,4.0,-0.429,0.0303,325,4.54,-4.402473790322581e-06,32.5,3.975,-2.25,32.5,4.0,4.0,0,0,0,0,-1276.0,57.4,47.7,-1276.0,57.3,4.0,17.25592741935484,0.851,352.8615927419355,117.0,0.17919616935483873,16,1,86,6,Layer 2 Down
161,-1.88,97.7,161,-2.0,4.0,-4.43,0.0676,326,13.5,0.0009359376660341556,76.4,4.05,35.3,76.4,4.0,4.0,-1.89,0.0303,325,2.64,4.4141740986717275e-06,32.5,4.0,4.0,32.5,4.0,4.0,0,0,0,0,-1276.0,57.4,15.8,-1276.0,57.3,4.0,22.015555028462998,0.759,355.1252846299811,118.0,0.16041484819734347,16,1,86,6,Layer 2 Down
161,-2.05,10.25,160,-2.0,4.0,-5.67,0.0835,326,12.7,0.0011396634843453511,76.4,4.025,22.8,76.4,4.0,4.0,-2.58,0.0311,325,2.15,-4.525459855313093e-06,32.5,3.975,-2.25,32.5,4.0,4.0,0,0,0,0,-1266.0,57.2,-36.0,-1266.0,57.3,4.0,26.887206475332068,1.06,352.96373932637573,118.0,0.22350681925996205,16,1,2,6,Layer 2 Down
160,-1.95,-8.5,160,-2.0,4.0,-6.23,0.101,326,12.8,0.0014386183586337761,76.4,4.0,10.25,76.4,4.0,4.0,-2.45,0.0298,325,2.23,8.521047201138521e-06,32.5,4.0,4.0,32.5,4.0,4.0,0,0,0,0,-1266.0,57.4,38.3,-1266.0,57.3,4.000000954,22.3539160341556,0.846,353.01481261859584,119.0,0.17927398007590134,16,1,86,6,Layer 2 Down
159,-1.85,60.3,159,-2.0,4.0,-5.7,0.0895,326,14.1,0.001195332779886148,76.4,4.05,29.0,76.4,4.0,4.0,-1.82,0.0321,325,2.6,-4.770263223434535e-06,32.5,3.975,-2.25,32.5,4.0,4.0,0,0,0,0,-1256.0,57.3,-46.3,-1256.0,57.3,3.999999046,25.01344520872865,0.95,354.1726755218216,115.0,0.20254249881404174,16,1,86,6,Layer 2 Down
159,-1.9,79.0,159,-2.0,4.0,-5.23,0.0733,326,13.7,0.0009674740512333966,76.4,4.0,10.25,76.4,4.0,4.0,-1.21,0.034,325,3.1,0.0,32.5,4.0,4.0,32.5,4.0,4.0,0,0,0,0,-1256.0,57.3,-11.9,-1256.0,57.3,4.0,23.024554079696394,1.0,353.11695920303606,116.0,0.21364129506641366,16,1,86,6,Layer 2 Down
158,-2.2,-83.5,158,-2.0,4.0,-4.78,0.092,326,13.3,0.0013063895872865276,76.4,3.95,-14.8,76.4,4.0,4.0,-0.941,0.0351,324,2.46,1.070575195683112e-05,32.5,4.0,4.0,32.5,4.0,4.0,0,0,0,0,-1246.0,57.3,9.5,-1246.0,57.3,4.0,23.470728178368123,1.02,356.48936195445924,118.0,0.21810063448766606,16,1,86,6,Layer 2 Down
158,-1.97,-52.3,157,-2.0,4.0,-5.4,0.105,326,15.3,0.0015280324952561667,76.4,3.975,-14.8,76.4,4.0,4.0,-2.33,0.0347,325,1.07,-1.0485846181214421e-05,32.5,3.975,-2.25,32.5,4.0,4.0,0,0,0,0,-1246.0,57.4,15.1,-1246.0,57.3,4.000000954,24.027757352941173,0.897,356.54091555977226,116.0,0.19155769686907018,16,1,86,6,Layer 2 Down
157,-1.9,35.3,157,-2.0,4.0,-5.71,0.107,326,15.4,0.0014285847367172674,76.4,4.025,16.5,76.4,4.0,4.0,-1.77,0.0362,325,2.91,4.5626117172675525e-06,32.5,4.0,4.0,32.5,4.0,4.0,0,0,0,0,-1236.0,57.3,22.8,-1236.0,57.3,4.000000954,25.470890654648954,0.905,353.2701790796964,119.0,0.19380025498102466,16,1,86,6,Layer 2 Down
156,-1.9,79.0,156,-2.0,4.0,-5.51,0.0923,326,14.2,0.0012405009487666033,76.4,4.025,16.5,76.4,4.0,4.0,-3.04,0.032,325,0.969,4.818017077798862e-06,32.5,4.0,-2.25,32.5,4.0,4.0,0,0,0,0,-1226.0,57.3,-18.4,-1226.0,57.3,3.999999046,23.92394686907021,1.01,353.32125237191656,118.0,0.21487248576850096,16,1,86,6,Layer 2 Down
156,-2.18,-27.3,156,-2.0,4.0,-4.14,0.0809,326,14.3,0.0011409827443074005,76.4,4.0,10.25,76.4,4.0,4.0,-1.77,0.0313,325,2.74,4.032210863377608e-06,32.5,4.0,4.0,32.5,4.0,4.0,0,0,0,0,-1226.0,57.5,37.6,-1226.0,57.3,4.0,17.724003795066412,0.812,353.3723256641366,113.0,0.17170128676470586,16,1,86,6,Layer 2 Down
155,-2.05,-27.3,155,-2.0,4.0,-5.64,0.107,326,14.1,0.0015399953747628084,76.4,4.05,29.0,76.4,4.0,4.0,-3.21,0.0323,325,1.9,0.0,32.5,4.025,16.5,32.5,4.0,4.0,0,0,0,0,-1216.0,57.2,-42.3,-1216.0,57.3,4.0,30.24595232447818,1.0,353.4233989563567,119.0,0.21382669592030362,16,1,86,6,Layer 2 Down
155,-1.88,60.3,154,-2.0,4.0,-6.16,0.109,326,15.0,0.0015180565109108159,76.4,4.05,29.0,76.4,4.0,4.0,-1.89,0.0399,325,3.11,1.6953477822580644e-05,32.5,4.0,4.0,32.5,4.0,4.0,0,0,0,0,-1216.0,57.3,-18.1,-1216.0,57.3,4.0,24.488356854838713,0.949,353.4744722485769,119.0,0.20277689160341558,16,1,2,6,Layer 2 Down
154,-2.03,29.0,154,-2.0,4.0,-6.16,0.0986,325,14.1,0.001340958965844402,76.4,4.0,10.25,76.4,4.0,4.0,-2.58,0.0344,325,1.95,0.0,32.5,4.0,4.0,32.5,4.0,4.0,0,0,0,0,-1206.0,57.4,40.3,-1206.0,57.3,4.000000954,22.275434060721064,0.728,354.6337760910816,116.0,0.15293581593927894,16,1,86,6,Layer 2 Down
153,-1.97,72.7,153,-2.0,4.0,-7.48,0.088,326,11.9,0.0011859780004743832,76.4,4.025,16.5,76.4,4.0,4.0,-2.79,0.0322,325,1.6,4.466814338235294e-06,32.5,4.0,4.0,32.5,4.0,4.0,0,0,0,0,-1206.0,57.2,-58.0,-1206.0,57.3,3.999999046,32.03248991935484,1.09,353.5766188330171,117.0,0.2305452561669829,16,1,86,6,Layer 2 Down
153,-2.13,-8.5,153,-2.0,4.0,-4.35,0.0858,326,14.2,0.0012083203273244782,76.4,3.95,-14.8,76.4,4.0,4.0,-1.01,0.0295,324,2.6,4.6448276802656545e-06,32.5,4.0,4.0,32.5,4.0,4.0,0,0,0,0,-1196.0,57.3,-31.9,-1196.0,57.3,3.999999046,23.501276091081596,0.993,356.9533444022771,117.0,0.2128417457305503,16,1,86,6,Layer 2 Down
152,-1.85,16.5,152,-2.0,4.0,-6.12,0.114,326,15.2,0.0015965436432637571,76.4,4.025,16.5,76.4,4.0,4.0,-2.01,0.0324,325,2.28,9.656871620018974e-06,32.5,4.0,4.0,32.5,4.0,4.0,0,0,0,0,-1196.0,57.4,21.6,-1196.0,57.3,4.0,22.063346181214417,0.75,353.67876541745727,117.0,0.1596543643263757,16,1,86,6,Layer 2 Down
152,-1.85,29.0,151,-2.0,4.0,-6.59,0.105,326,14.3,0.0014193548387096775,76.4,4.025,22.8,76.4,4.0,4.0,-2.84,0.0312,325,1.82,9.347782258064516e-06,32.5,4.0,4.0,32.5,4.0,4.0,0,0,0,0,-1186.0,57.2,-31.3,-1186.0,57.3,4.0,27.943548387096772,1.05,352.6209677419355,117.0,0.22510080645161293,16,1,86,6,Layer 2 Down
151,-1.95,60.3,151,-2.0,4.0,-4.88,0.0896,326,14.3,0.0012199341793168882,76.4,4.025,22.8,76.4,4.0,4.0,-3.09,0.0334,325,1.81,0.0,32.5,4.0,4.0,32.5,4.0,4.0,0,0,0,0,-1186.0,57.4,35.4,-1186.0,57.3,4.000000954,23.289652514231502,0.86,352.6718809297913,119.0,0.18299012689753322,16,1,86,6,Layer 2 Down
150,-2.07,-52.3,150,-2.0,4.0,-5.38,0.105,325,14.1,0.0015085,76.4,4.025,16.5,76.4,4.0,4.0,-2.4,0.0373,324,1.66,5.202106617647059e-06,32.5,4.0,4.0,32.5,4.0,4.0,0,0,0,0,-1176.0,57.3,-37.5,-1176.0,57.3,3.999999046,24.734963235294117,0.943,353.83198529411766,114.0,0.20187279411764705,16,1,86,6,Layer 2 Down
150,-1.88,22.8,150,-2.0,4.0,-6.14,0.11,326,14.4,0.0015974658444022772,76.4,4.05,29.0,76.4,4.0,4.0,-0.502,0.0359,325,4.34,1.0683052834440227e-05,32.5,4.0,4.0,32.5,4.0,4.0,0,0,0,0,-1176.0,57.3,-3.62,-1176.0,57.3,4.0,22.519831000948766,0.993,352.77370730550285,116.0,0.21299544592030362,16,1,86,6,Layer 2 Down
149,-1.72,79.0,149,-2.0,4.0,-7.04,0.103,325,14.3,0.0014201745730550287,76.4,4.025,10.25,76.4,4.0,4.0,-3.65,0.0349,324,2.2,5.0815621442125245e-06,32.5,4.0,4.0,32.5,4.0,4.0,0,0,0,0,-1166.0,57.3,-0.69,-1166.0,57.3,4.0,27.072077798861482,0.903,352.8246204933587,120.0,0.19194546963946868,16,1,86,6,Layer 2 Down
148,-1.93,-2.25,148,-2.0,4.0,-6.46,0.114,325,14.8,0.001620120374762808,76.4,4.05,22.8,76.4,4.0,4.0,-1.96,0.0405,324,2.22,0.0,32.5,4.0,4.0,32.5,4.0,4.0,0,0,0,0,-1166.0,57.4,23.4,-1156.0,57.3,4.0,20.08505396110057,1.0,352.8755336812144,119.0,0.21527626897533206,16,1,2,6,Layer 2 Down
148,-2.47,-390.0,148,-1.99,4.661,-2.78,0.0472,326,13.0,0.0003917705526565465,76.4,4.1,10.25,76.4,4.316,17.7,-0.362,0.0157,324,3.58,8.212753795066413e-07,32.5,4.0,4.0,32.5,4.0,4.0,0,0,0,0,-1156.0,57.3,4.812,-1156.0,57.3,4.0,24.86022770398482,0.973,357.3657732447818,117.0,0.20864833965844404,16,1,86,6,Layer 2 Down
147,-2.03,-77.2,147,-1.76,7.76,-3.15,0.0752,326,12.6,0.0010422822046963947,76.5,5.65,60.3,76.5,5.67,17.2,5.46,0.094,324,7.2,0.00034742740156546494,32.5,4.0,4.0,32.5,4.0,4.0,0,0,0,0,-1146.0,57.4,35.7,-1146.0,57.3,4.000000954,20.756844758064517,0.809,357.4173268500949,118.0,0.17204871323529414,16,1,88,6,Layer 2 Down
147,-1.15,66.5,147,-1.21,10.78,-5.47,0.0928,326,13.6,0.001121253320683112,76.7,7.15,60.3,76.7,6.98,16.0,6.64,0.128,324,11.2,0.0009758234345351043,32.5,4.0,4.0,32.5,4.0,4.0,0,0,0,0,-1146.0,57.4,58.7,-1146.0,57.3,4.000000954,20.759838709677418,0.918,351.9181214421252,121.0,0.19649686907020872,16,1,88,6,Layer 2 Down
146,-0.65,-21.0,146,-0.43,13.22,-4.37,0.0941,326,11.0,0.0009593094876660342,77.0,8.25,29.0,77.1,8.05,14.2,4.72,0.0834,324,10.8,0.0008071967564041746,32.5,4.0,4.0,32.5,4.0,4.0,0,0,0,0,-1136.0,57.4,56.4,-1136.0,57.3,4.0,19.208395991461103,0.937,357.5204340607211,116.0,0.19652520754269448,16,1,88,6,Layer 2 Down
146,0.47,29.0,146,0.65,15.4,-4.86,0.0832,325,9.39,0.0006751669829222013,77.5,8.75,-64.7,77.5,8.98,11.73,4.17,0.0621,324,11.1,0.0006318585744781784,32.5,4.0,4.0,32.5,4.0,4.0,0,0,0,0,-1136.0,57.4,-6.2,-1136.0,57.3,4.0,20.09954340607211,0.872,354.2405716318786,114.0,0.1854488259013283,16,1,88,6,Layer 2 Down
146,1.78,35.3,146,1.87,16.8,-5.73,0.0965,325,9.29,0.0005353246797912713,78.0,9.45,-64.7,78.1,9.61,8.95,7.06,0.102,324,12.3,0.001299439575426945,32.5,4.0,4.0,32.5,4.0,4.0,0,0,0,0,-1126.0,57.3,1.31,-1126.0,57.3,4.0,25.322412239089186,0.949,353.1810128083491,123.0,0.2032456771821632,16,1,88,6,Layer 2 Down
146,2.87,-77.2,146,3.142,17.6,-2.53,0.0473,326,4.11,9.730539848197344e-05,78.6,10.13,72.7,78.6,9.94,6.03,9.7,0.145,324,12.7,0.0020771814516129033,32.5,4.0,4.0,32.5,4.0,4.0,0,0,0,0,-1126.0,57.4,54.7,-1126.0,57.3,4.000000954,23.993111954459206,0.937,357.67509487666035,116.0,0.19994259962049335,16,1,88,6,Layer 2 Down
145,3.85,-71.0,145,4.0,4.0,-3.39,0.0549,326,3.08,-9.487532851043643e-06,79.1,9.28,-8.5,79.2,10.0,4.0,12.3,0.21,324,15.6,0.0029218046133776088,32.5,4.0,4.0,32.5,4.0,4.0,0,0,0,0,-1116.0,57.3,-31.9,-1116.0,57.3,3.999999046,23.329998814041744,0.979,357.7266484819734,118.0,0.2099699893263757,16,1,88,6,Layer 2 Down
145,4.15,85.2,145,4.0,4.0,-3.38,0.0645,326,6.16,2.122224739089184e-05,79.7,9.8,-2.25,79.8,10.0,4.0,7.04,0.107,324,12.9,0.0014666684060721062,32.5,4.0,4.0,32.5,4.0,4.0,0,0,0,0,-1116.0,57.2,-7.1,-1116.0,57.3,3.999999046,26.777809535104364,1.07,353.3337523719165,120.0,0.23000027277039847,16,1,88,6,Layer 2 Down
145,3.8,-89.7,145,4.0,4.0,-1.65,0.046,326,4.29,-1.5446688211574955e-05,80.3,10.0,-33.5,80.4,10.0,4.0,4.04,0.0643,325,13.3,0.0008556798505692599,32.5,4.0,4.0,32.5,4.0,4.0,0,0,0,0,-1106.0,57.2,-30.4,-1106.0,57.3,4.0,28.004067836812144,1.03,353.3846655597723,119.0,0.22114323410815942,16,1,2,6,Layer 2 Down
145,4.225,117.0,145,4.0,4.0,-5.32,0.07,326,4.1,3.412098197343453e-05,80.8,5.0,4.0,80.8,6.0,504.0,-4.61,0.0781,324,2.37,2.5785237191650853e-05,32.5,4.0,4.0,32.5,4.0,4.0,0,0,0,0,-1106.0,57.4,10.94,-1106.0,57.3,4.0,19.338927893738138,0.727,355.65844402277037,118.0,0.1544891366223909,16,1,88,6,Layer 2 Down
145,4.2,97.7,145,4.0,4.0,-1.49,0.0649,326,8.88,2.212069556451613e-05,81.4,10.32,47.8,81.4,10.0,4.0,5.47,0.103,324,12.8,0.0015451139112903226,32.5,4.0,4.0,32.5,4.0,4.0,0,0,0,0,-1096.0,57.3,-9.6,-1096.0,57.3,4.0,23.56576612903226,1.05,353.48649193548385,120.0,0.22565332661290324,16,1,89,6,Layer 2 Down
145,4.225,104.0,145,4.0,4.0,-4.18,0.0691,326,4.16,3.6020792220113855e-05,81.8,3.95,29.0,81.8,4.0,4.0,2.38,0.0319,325,0.764,-9.549956949715371e-06,32.7,21.5,1114.0,32.9,30.0,1004.0,0,0,0,0,-1096.0,57.3,-5.25,-1096.0,57.3,4.0,23.124459203036054,0.995,353.5374051233397,116.0,0.21234479364326378,16,1,89,50,Repositioning
145,3.8,-96.0,145,4.0,4.0,-2.24,0.0462,325,3.19,-1.4677250948766603e-05,81.8,4.025,29.0,81.8,4.0,4.0,2.0,0.0273,323,1.28,-6.793788128557874e-06,37.3,54.1,22.8,37.7,54.0,4.0,0,0,0,0,-1086.0,57.5,47.9,-1086.0,57.3,4.0,14.454868358633775,0.837,358.035970113852,116.0,0.1734584203036053,16,1,91,50,Repositioning
145,4.225,117.0,145,4.0,4.0,-3.04,0.0647,325,6.63,0.0,81.8,3.975,-8.5,81.8,4.0,4.0,1.46,0.0255,323,0.414,2.9025106736242885e-06,42.5,54.0,-8.5,42.9,54.0,4.0,0,0,0,0,-1086.0,57.4,21.6,-1076.0,57.3,4.0,19.906107685009484,1.0,351.4150853889943,119.0,0.21574217267552181,16,1,91,50,Repositioning
145,3.8,-96.0,145,4.0,4.0,-1.7,0.0423,325,3.81,-6.906967919829222e-06,81.8,4.0,4.0,81.8,4.0,4.0,1.15,0.03,323,0.473,0.0,47.3,54.1,16.5,47.7,54.0,4.0,0,0,0,0,-1076.0,57.3,4.0,-1076.0,57.3,4.0,25.24769271821632,0.963,357.02684416508544,117.0,0.20576313448766603,16,1,91,50,Repositioning
145,4.2,91.5,145,4.0,4.0,-2.75,0.0443,325,7.09,-6.7411031783681205e-06,81.8,4.025,10.25,81.8,4.0,4.0,1.08,0.0231,323,0.693,-8.209462286527513e-06,52.3,54.0,-2.25,52.7,54.0,4.0,0,0,0,0,-1066.0,57.3,-22.6,-1066.0,57.3,3.999999046,23.36025853889943,0.993,351.51627134724856,118.0,0.2135795066413662,16,1,91,50,Repositioning
145,4.125,60.3,145,4.0,4.0,-4.48,0.0713,326,3.59,4.728351814516129e-05,81.8,3.95,-21.0,81.8,4.0,4.0,1.46,0.0229,324,1.26,-2.9148898244781782e-06,57.2,32.0,-1166.0,57.3,24.0,-996.0,0,0,0,0,-1066.0,57.5,49.0,-1066.0,57.3,4.0,17.46708787950664,0.794,352.67941769449715,113.0,0.1691081119544592,16,1,91,50,Repositioning
146,12.55,779.0,146,20.1,898.0,19.0,0.319,325,23.8,0.007266018975332069,81.7,-0.38,-477.0,81.7,-4.05,-443.0,-9.94,0.189,324,17.1,0.002225426944971537,57.5,4.0,10.25,57.5,4.0,4.0,0,0,0,0,-1056.0,57.4,55.6,-1056.0,57.3,4.0,21.030284629981026,0.939,359.40645161290325,115.0,0.1980629981024668,16,1,91,50,Repositioning
149,48.9,60.3,150,48.7,3.9999046,8.87,0.173,324,64.2,0.018251126660341555,79.8,-18.5,-8.5,79.6,-18.4,4.0,-9.3,0.15,323,36.8,0.00786801618833017,57.5,4.025,16.5,57.5,4.0,4.0,0,0,0,0,-1056.0,57.4,29.2,-1056.0,57.3,4.0,19.697862310246677,0.801,358.34529174573055,119.0,0.1702696572580645,16,1,2,50,Repositioning
154,48.7,-77.2,154,47.7,-251.0,10.2,0.157,323,62.7,0.016361595113851993,77.7,-18.4,-46.0,77.5,-17.8,131.0,-5.57,0.166,323,37.7,0.008737314397533206,57.5,4.0,4.0,57.5,4.0,4.0,0,0,0,0,-1046.0,57.4,47.2,-1046.0,57.3,4.000000954,22.149370256166982,0.722,352.83167694497155,117.0,0.1513725806451613,16,1,94,50,Repositioning
155,3.95,10.25,155,4.0,4.0,0.766,0.0163,326,0.983,-1.703186491935484e-06,77.0,4.15,54.0,77.0,4.0,4.0,-1.21,0.0152,324,2.36,6.723690464895636e-08,56.5,-38.0,-983.0,56.2,-45.5,-871.0,0,0,0,0,-1046.0,57.4,55.5,-1046.0,57.3,4.000000954,24.601582661290326,0.92,358.44839895635675,116.0,0.19703530004743833,16,1,94,50,Repositioning
155,4.075,35.3,155,4.0,4.0,0.779,0.0214,326,1.02,3.0728567362428838e-06,77.0,4.0,4.0,77.0,4.0,4.0,-1.06,0.0172,325,2.29,2.0374376185958255e-06,51.8,-46.0,-8.5,51.4,-46.0,4.0,0,0,0,0,-1036.0,57.3,-35.2,-1036.0,57.3,3.999999046,24.159779411764703,0.975,358.49995256166983,117.0,0.2093105313092979,16,1,94,50,Repositioning
155,3.925,-33.5,155,4.0,4.0,0.993,0.0245,326,2.37,0.0,77.0,3.975,-8.5,77.0,4.0,4.0,0.539,0.022,324,0.472,5.612110531309298e-07,46.5,-46.0,-2.25,46.2,-46.0,4.0,0,0,0,0,-1036.0,57.3,-4.25,-1036.0,57.3,3.999999046,26.50163306451613,1.05,352.98393619544595,121.0,0.22827036883301707,16,1,94,50,Repositioning
155,3.925,-33.5,155,4.0,4.0,0.96,0.0316,326,2.1,5.089490630929792e-06,77.0,4.0,-2.25,77.0,4.0,4.0,-0.738,0.0231,325,2.77,-3.931269568311196e-07,42.5,-4.05,1004.0,42.5,3.5,879.0,0,0,0,0,-1026.0,57.4,30.3,-1026.0,57.3,4.0,21.716644924098674,0.913,353.03468927893744,113.0,0.19489296726755218,16,1,94,50,Repositioning
155,4.075,41.5,155,4.0,4.0,0.665,0.0197,326,1.18,3.2412575308349145e-06,77.0,4.025,22.8,77.0,4.0,4.0,-0.58,0.0175,325,1.79,2.0271782495256166e-06,42.1,-1.57,110.0,42.0,-2.0,4.0,0,0,0,0,-1026.0,57.4,0.12,-1026.0,57.3,4.0,21.162849857685007,0.84,359.76844758064516,119.0,0.17932730668880456,16,1,94,6,Layer 3 Up
155,3.925,-27.3,155,4.0,4.0,1.64,0.0229,326,2.58,5.982149430740038e-06,77.0,3.975,-8.5,77.0,4.0,4.0,-0.42,0.0214,325,1.64,8.633455882352942e-07,41.5,-1.68,129.0,41.4,-2.0,4.0,0,0,0,0,-1016.0,57.3,-8.4,-1016.0,57.3,4.0,23.28248102466793,1.04,353.1361954459203,120.0,0.2239128557874763,16,1,95,6,Layer 3 Up
155,3.95,-27.3,155,4.0,4.0,1.09,0.0223,326,2.03,2.84109375e-06,77.0,4.0,-2.25,77.0,4.0,4.0,-0.899,0.0158,325,2.41,-8.289308823529413e-07,40.9,-2.03,104.0,40.8,-2.0,4.0,0,0,0,0,-1016.0,57.4,39.2,-1016.0,57.3,4.000000954,26.40545955882353,0.849,353.1869485294118,115.0,0.18160716911764707,16,1,95,6,Layer 3 Up
155,4.05,-8.5,155,4.0,4.0,0.977,0.0207,326,0.809,1.526610887096774e-06,77.0,4.0,4.0,77.0,4.0,4.0,-1.54,0.0238,325,2.88,1.2034596774193547e-06,40.3,-2.03,-127.0,40.2,-2.0,4.0,0,0,0,0,-1006.0,57.3,-1.56,-1006.0,57.3,4.0,26.186391129032256,0.88,352.1233870967742,121.0,0.1872048387096774,16,1,95,6,Layer 3 Up
155,3.95,-14.8,155,4.0,4.0,1.49,0.0224,326,0.624,0.0,77.0,3.975,-8.5,77.0,4.0,4.0,0.22,0.0182,325,0.765,0.0,39.7,-1.93,-109.0,39.6,-2.0,4.0,0,0,0,0,-1006.0,57.4,27.5,-996.0,57.3,4.0,20.171990630929795,0.992,353.2884546963947,118.0,0.2128646525142315,16,1,2,6,Layer 3 Up
155,4.075,35.3,155,4.0,4.0,0.338,0.0191,326,1.14,-1.337561669829222e-06,77.0,4.025,16.5,77.0,4.0,4.0,-1.38,0.0165,325,2.17,-1.4601714895635675e-06,39.1,-1.7,154.0,39.0,-2.0,4.0,0,0,0,0,-996.0,57.3,4.438,-996.0,57.3,4.0,25.52513519924099,0.971,358.9123814041746,117.0,0.2095513282732448,16,1,95,6,Layer 3 Up
155,4.075,41.5,155,4.0,4.0,1.29,0.0231,326,0.47,0.0,77.0,4.025,16.5,77.0,4.0,4.0,-1.06,0.0255,325,2.4,-1.96203889943074e-06,38.5,-2.3,-33.5,38.4,-2.0,4.0,0,0,0,0,-991.0,57.4,33.4,-990.0,57.3,4.000000954,21.181101755218215,0.797,360.07872983870965,118.0,0.17056360887096772,16,1,95,6,Layer 3 Up
155,3.95,-21.0,155,4.0,4.0,0.549,0.0227,326,1.9,5.9204106973434535e-06,77.0,4.0,-2.25,77.0,4.0,4.0,-0.579,0.0251,325,2.27,6.856972841555978e-07,37.9,-2.38,-46.0,37.8,-2.0,4.0,0,0,0,0,-985.0,57.4,55.1,-985.0,57.3,4.000000954,21.63012571157495,0.908,352.3257590132827,121.0,0.19400215844402277,16,1,95,6,Layer 3 Up
155,4.05,35.3,155,4.0,4.0,0.238,0.0191,326,1.36,-1.6392191057874762e-06,77.0,4.05,29.0,77.0,4.0,4.0,-0.739,0.0194,324,1.35,-1.962602466793169e-06,37.3,-1.6,72.7,37.2,-2.0,4.0,0,0,0,0,-980.0,57.4,51.3,-980.0,57.3,4.0,19.96055917931689,0.934,359.0670422201139,117.0,0.1962602466793169,16,1,95,6,Layer 3 Up
155,4.025,22.8,155,4.0,4.0,1.08,0.0286,326,0.334,-1.8290512333965844e-06,77.0,4.025,16.5,77.0,4.0,4.0,-0.259,0.0203,325,0.292,1.4163994307400378e-06,36.7,-1.75,179.0,36.6,-2.0,4.0,0,0,0,0,-975.0,57.4,30.8,-974.0,57.3,4.0,19.74037001897533,0.797,360.23387096774195,119.0,0.16952182163187854,16,1,95,6,Layer 3 Up
155,3.925,-27.3,155,4.0,4.0,1.19,0.0222,326,1.31,3.1232186907020872e-06,77.0,3.975,-8.5,77.0,4.0,4.0,0.858,0.0189,325,0.163,0.0,36.1,-1.95,85.2,36.0,-2.0,4.0,0,0,0,0,-969.0,57.3,5.25,-969.0,57.3,4.0,23.981857803605315,0.945,353.59297319734344,123.0,0.20189377964895636,16,1,95,6,Layer 3 Up
155,4.05,29.0,155,4.0,4.0,0.366,0.0211,326,1.86,-1.2048429791271348e-06,77.0,4.025,16.5,77.0,4.0,4.0,1.5,0.0177,325,1.92,8.802047319734346e-07,35.5,-2.1,-89.7,35.4,-2.0,4.0,0,0,0,0,-964.0,57.4,53.8,-964.0,57.3,4.000000954,23.762180977229605,0.933,360.33729838709684,118.0,0.19969156783681216,16,1,95,6,Layer 3 Up
155,4.025,16.5,155,4.0,4.0,0.665,0.0221,326,1.02,-3.224533266129032e-06,77.0,4.025,16.5,77.0,4.0,4.0,0.38,0.0209,325,0.557,-2.354244010910816e-06,34.9,-1.7,4.0,34.8,-2.0,4.0,0,0,0,0,-959.0,57.3,-40.4,-958.0,57.3,3.999999046,24.99292220113852,0.978,359.27325664136623,117.0,0.21087778107210625,16,1,95,6,Layer 3 Up
155,3.925,-27.3,155,4.0,4.0,1.17,0.0228,326,1.43,9.061234345351044e-06,77.0,4.0,4.0,77.0,4.0,4.0,-0.1,0.0214,325,0.723,-1.7854648956356738e-07,34.3,-1.7,-8.5,34.2,-2.0,4.0,0,0,0,0,-953.0,57.3,-5.06,-953.0,57.3,3.999999046,16.40395872865275,1.04,352.62931688804554,129.0,0.22429902751423153,16,1,95,6,Layer 3 Up
155,4.025,16.5,155,4.0,4.0,0.58,0.0198,326,2.49,-4.843768382352942e-06,77.0,4.025,16.5,77.0,4.0,4.0,-0.739,0.0192,325,0.78,3.5602813685958256e-06,33.7,-2.28,10.25,33.6,-2.0,4.0,0,0,0,0,-948.0,57.3,22.0,-948.0,57.3,4.0,27.343853771347252,0.951,360.4924395161291,118.0,0.20424184653700192,16,1,2,6,Layer 3 Up
155,3.925,-33.5,155,4.0,4.0,0.0391,0.0271,326,0.856,-1.4511064990512334e-06,77.0,4.025,16.5,77.0,4.0,4.0,-0.259,0.0198,325,0.246,0.0,33.1,-2.45,-165.0,33.0,-2.0,4.0,0,0,0,0,-943.0,57.4,50.4,-942.0,57.3,4.000000954,23.9990690227704,0.838,352.7305028462998,118.0,0.17971395872865276,16,1,95,6,Layer 3 Up
155,3.975,-2.25,155,4.0,4.0,0.763,0.0251,326,1.14,3.2152201138519925e-06,77.0,4.0,-2.25,77.0,4.0,4.0,-0.26,0.0195,325,0.885,6.743031072106262e-07,32.5,-2.22,-83.5,32.4,-2.0,4.0,0,0,0,0,-938.0,57.3,-44.4,-937.0,57.3,3.999999046,23.555952917457308,0.935,353.89749169829224,117.0,0.20206765298861482,16,1,95,6,Layer 3 Up
155,4.025,16.5,155,4.0,4.0,0.267,0.0174,326,3.15,2.7913899430740037e-06,77.0,4.025,16.5,77.0,4.0,4.0,2.78,0.019,325,3.92,5.314806451612902e-07,31.9,-1.57,173.0,31.8,-2.0,4.0,0,0,0,0,-932.0,57.3,-7.9,-932.0,57.3,3.999999046,33.38502371916508,1.08,359.53102466793166,114.0,0.2322436432637571,16,1,95,6,Layer 3 Up
155,-2.22,-396.0,155,-2.0,4.0,-5.05,0.0796,326,15.4,0.0009748931392314991,77.0,4.025,16.5,77.0,4.0,4.0,-0.739,0.0175,324,2.64,-3.204975154174573e-06,31.5,4.15,16.5,31.5,4.0,4.0,0,0,0,0,-927.0,57.5,51.1,-926.0,57.3,4.0,15.075667101518027,0.836,359.5825782732448,115.0,0.17420770872865274,16,1,95,6,Layer 3 Up
154,-2.15,-64.7,154,-2.0,4.0,-3.34,0.0842,326,13.2,0.0012285638045540798,77.0,3.975,-8.5,77.0,4.0,4.0,0.0595,0.0176,324,0.566,0.0,31.5,3.975,-2.25,31.5,4.0,4.0,0,0,0,0,-921.0,57.4,35.4,-921.0,57.3,4.0,19.99208372865275,0.987,351.8159985768501,118.0,0.21220647533206832,16,1,97,6,Layer 3 Up
154,-1.97,10.25,154,-2.0,4.0,-5.89,0.0908,326,13.1,0.0012175695564516128,77.0,4.025,16.5,77.0,4.0,4.0,0.699,0.021,324,0.932,-4.523996975806451e-07,31.5,4.0,4.0,31.5,4.0,4.0,0,0,0,0,-916.0,57.3,3.562,-916.0,57.3,4.0,23.68116935483871,0.987,359.68568548387094,119.0,0.21335393145161288,16,1,97,6,Layer 3 Up
153,-2.03,47.8,153,-2.0,4.0,-4.86,0.0852,326,14.2,0.0011954001423149904,77.0,4.0,-2.25,77.0,4.0,4.0,0.0598,0.0182,325,0.295,2.1115011859582543e-06,31.5,4.0,4.0,31.5,4.0,4.0,0,0,0,0,-911.0,57.4,36.7,-910.0,57.3,4.000000954,21.338451138519925,0.807,360.854435483871,117.0,0.17204824478178368,16,1,97,6,Layer 3 Up
152,-2.0,47.8,152,-2.0,4.0,-5.15,0.0866,326,12.8,0.0012067450189753321,77.0,4.0,4.0,77.0,4.0,4.0,0.38,0.0145,324,0.871,-1.2402657139468692e-07,31.5,4.0,10.25,31.5,4.0,4.0,0,0,0,0,-905.0,57.4,52.0,-905.0,57.3,4.000000954,25.587463828273243,0.914,353.0846537001898,116.0,0.19330267433586337,16,1,97,6,Layer 3 Up
152,-2.03,-27.3,152,-2.0,4.0,-4.87,0.11,326,15.5,0.0015645232447817836,77.0,4.025,16.5,77.0,4.0,4.0,-0.739,0.0224,324,1.84,1.4527715844402277e-06,31.5,4.0,-2.25,31.5,4.0,4.0,0,0,0,0,-900.0,57.4,55.9,-900.0,57.3,4.0,17.545010673624287,0.96,359.8403462998102,119.0,0.20450553842504743,16,1,97,6,Layer 3 Up
151,-1.93,10.25,151,-2.0,4.0,-5.95,0.0962,326,13.8,0.0013412120493358633,77.0,4.025,16.5,77.0,4.0,4.0,0.38,0.0183,324,0.687,8.024918761859583e-07,31.5,4.0,4.0,31.5,4.0,4.0,0,0,0,0,-895.0,57.4,28.4,-894.0,57.3,4.0,20.453483752371916,0.812,361.00957661290323,118.0,0.17323988970588236,16,1,97,6,Layer 3 Up
151,-1.88,22.8,151,-2.0,4.0,-6.18,0.112,325,14.7,0.0016432201138519924,77.0,4.0,-8.5,77.0,4.0,4.0,-0.1,0.0153,324,1.01,0.0,31.5,4.0,4.0,31.5,4.0,4.0,0,0,0,0,-889.0,57.3,2.06,-889.0,57.3,4.0,28.05770398481974,0.953,353.23643263757117,119.0,0.2034462998102467,16,1,2,6,Layer 3 Up
150,-0.15,654.0,150,-2.0,4.16,-1.93,0.13,326,12.7,0.001207436669829222,77.0,4.05,16.5,77.0,4.142,11.56,-0.421,0.0154,324,3.06,0.0,31.5,4.0,4.0,31.5,4.0,4.0,0,0,0,0,-884.0,57.4,60.4,-884.0,57.3,4.000000954,21.24194141366224,0.928,359.9950071157495,120.0,0.20012144805502843,16,1,97,6,Layer 3 Up
150,-2.1,10.25,150,-1.93,5.11,-4.91,0.0848,326,12.7,0.001185246442125237,77.0,4.825,22.8,77.1,4.895,11.48,3.84,0.0606,324,6.11,9.29188484345351e-05,31.5,4.0,4.0,31.5,4.0,4.0,0,0,0,0,-879.0,57.3,-44.9,-878.0,57.3,3.999999046,27.61847841555977,1.0,360.04656072106263,115.0,0.215804305028463,16,1,97,6,Layer 3 Up
149,-1.88,-8.5,149,-1.77,6.08,-4.57,0.105,325,14.3,0.0014649954340607211,77.2,5.48,-21.0,77.2,5.66,11.27,4.11,0.0714,324,6.54,0.0002583312559297913,31.5,3.975,-2.25,31.5,4.0,4.0,0,0,0,0,-873.0,57.2,-5.94,-873.0,57.3,3.999999046,30.753720944022774,1.07,352.2698944497154,117.0,0.2303733277988615,16,1,97,6,Layer 3 Up
148,-1.5,35.3,148,-1.52,6.94,-5.04,0.0921,326,14.2,0.0011744010910815937,77.4,6.13,-8.5,77.4,6.35,10.97,4.19,0.0857,324,10.2,0.00042613982447817835,31.5,3.975,-8.5,31.5,4.0,4.0,0,0,0,0,-868.0,57.3,19.1,-868.0,57.3,4.0,25.948671726755215,0.959,360.1496679316888,120.0,0.20691828747628083,16,1,97,6,Layer 3 Up
148,-1.18,22.8,148,-1.18,7.79,-3.92,0.0729,326,13.4,0.0008244357151328274,77.6,7.2,41.5,77.7,7.02,10.54,4.67,0.109,324,10.7,0.000826672989800759,31.5,3.975,-8.5,31.5,4.0,4.0,0,0,0,0,-863.0,57.4,-5.62,-862.0,57.3,4.0,22.596474146110058,0.851,360.2012215370019,117.0,0.1834565227703985,16,1,97,6,Layer 3 Up
147,-0.68,29.0,147,-0.74,8.61,-2.32,0.0851,326,14.2,0.0008793747865275143,78.0,7.72,-27.3,78.0,7.67,9.99,4.03,0.085,324,10.2,0.0007115551707779886,31.5,4.0,4.0,31.5,4.0,4.0,0,0,0,0,-857.0,57.3,-13.4,-857.0,57.3,4.0,27.522416982922206,1.05,353.539990512334,116.0,0.22487828510436436,16,1,97,6,Layer 3 Up
147,-0.2,-2.25,147,-0.27,9.3,-6.25,0.111,326,12.5,0.0010764371560721062,78.3,8.15,72.7,78.4,8.22,9.39,5.98,0.112,324,12.1,0.0011032921370967741,31.5,4.0,-2.25,31.5,4.0,4.0,0,0,0,0,-852.0,57.3,-11.7,-852.0,57.3,3.999999046,30.65943666982922,1.07,360.30432874762806,116.0,0.2305052537950664,16,1,97,6,Layer 3 Up
147,0.42,29.0,146,0.3,9.94,-5.65,0.1,325,11.6,0.0008315044117647058,78.8,8.68,54.0,78.8,8.72,8.68,6.14,0.109,324,12.6,0.0012534117647058822,31.5,4.0,4.0,31.5,4.0,4.0,0,0,0,0,-847.0,57.5,46.9,-846.0,57.3,4.0,16.22720588235294,0.848,359.23676470588236,114.0,0.17793970588235294,16,1,97,6,Layer 3 Up
146,0.67,-27.3,146,0.95,10.5,-2.42,0.0717,326,10.2,0.0005495653759487667,79.3,9.22,72.7,79.3,9.16,7.86,5.84,0.113,324,12.1,0.001410289966793169,31.5,4.0,4.0,31.5,4.0,4.0,0,0,0,0,-841.0,57.3,22.9,-841.0,57.3,4.0,24.736038306451615,1.01,352.57249169829225,114.0,0.21825916152751426,16,1,97,6,Layer 3 Up
146,1.58,-8.5,146,1.59,10.92,-4.8,0.0878,326,9.88,0.0004388196394686907,79.8,9.6,60.3,79.9,9.5,7.05,6.16,0.157,324,17.9,0.002227681333017078,31.5,3.975,-8.5,31.5,4.0,4.0,0,0,0,0,-836.0,57.3,-0.5,-836.0,57.3,4.0,24.179857685009488,0.99,360.45898956356734,118.0,0.21493206831119543,16,1,2,6,Layer 3 Up
146,2.3,16.5,146,2.3,11.25,-5.78,0.0875,326,8.39,0.00030565024312144217,80.4,9.5,4.0,80.4,9.75,6.16,7.21,0.138,324,16.3,0.0018921205526565466,31.5,4.0,4.0,31.5,4.0,4.0,0,0,0,0,-831.0,57.4,37.8,-830.0,57.3,4.000000954,20.93648185483871,0.795,360.5105431688805,118.0,0.1712984879032258,16,1,97,6,Layer 3 Up
146,2.98,-2.25,146,3.067,11.46,-4.15,0.0776,326,4.54,0.00020603548387096776,81.0,9.7,-2.25,81.0,9.93,5.19,5.68,0.102,324,14.3,0.0013437096774193548,31.5,4.0,4.0,31.5,4.0,4.0,0,0,0,0,-825.0,57.4,55.1,-825.0,57.3,4.000000954,25.642459677419357,0.926,353.8435483870968,116.0,0.19819717741935486,16,1,97,6,Layer 3 Up
145,3.825,60.3,145,3.789,11.55,-3.57,0.0717,326,8.69,0.0,81.6,9.97,-64.7,81.6,10.0,4.284,2.71,0.0552,324,12.5,0.0006249143382352941,31.5,4.0,4.0,31.5,4.0,4.0,0,0,0,0,-820.0,57.4,52.8,-820.0,57.3,4.0,19.37458432163188,0.964,359.49373221062615,117.0,0.20718486124288424,16,1,97,6,Layer 3 Up
146,10.25,185.0,146,10.0,4.0,-3.77,0.131,326,0.897,0.00015569087998102468,81.9,3.825,-83.5,81.9,4.0,4.0,0.525,0.0246,324,2.23,0.0,31.5,4.0,4.0,31.5,4.0,4.0,0,0,0,0,-815.0,57.4,28.6,-814.0,57.3,4.0,20.721448055028464,0.813,360.66520398481975,118.0,0.17473221062618596,16,1,97,6,Layer 3 Up
146,9.95,16.5,146,10.0,4.0,5.87,0.101,326,12.4,0.0014002979720113854,81.9,4.05,16.5,81.9,4.0,4.0,-1.08,0.0243,325,5.37,-2.3637029767552185e-06,31.5,4.0,4.0,31.5,4.0,4.0,0,0,0,0,-809.0,57.3,6.0,-809.0,57.3,4.0,29.238221655597727,0.941,353.99532732447824,118.0,0.2016429079696395,16,1,99,6,Layer 3 Up
147,10.03,-27.3,147,10.0,4.0,5.4,0.0861,326,13.0,0.0011540104364326377,81.9,4.0,4.0,81.9,4.0,4.0,-0.313,0.0205,325,1.88,-1.3892941176470588e-06,31.5,4.0,4.0,31.5,4.0,4.0,0,0,0,0,-804.0,57.4,57.1,-804.0,57.3,4.000000954,24.08856736242884,0.95,360.7683111954459,117.0,0.2050329222011385,16,1,99,6,Layer 3 Up
147,10.05,16.5,147,10.0,4.0,4.93,0.0947,326,14.0,0.0013110535460151803,81.9,4.0,4.0,81.9,4.0,4.0,-0.633,0.0184,325,1.63,0.0,31.5,4.0,4.0,31.5,4.0,4.0,0,0,0,0,-799.0,57.3,-40.3,-798.0,57.3,3.999999046,28.238076375711575,0.991,360.81986480075904,114.0,0.2151472485768501,16,1,99,6,Layer 3 Up
148,10.05,41.5,148,10.0,4.0,5.38,0.108,326,13.4,0.001580213353889943,81.9,4.0,4.0,81.9,4.0,4.0,-0.346,0.0183,324,1.0,4.090623221062618e-06,31.5,4.0,4.0,31.5,4.0,4.0,0,0,0,0,-793.0,57.2,-5.31,-793.0,57.3,3.999999046,31.043907732447813,1.07,353.02638757115744,117.0,0.23086805028462995,16,1,99,6,Layer 3 Up
148,4.5,-58.5,148,4.949,12.96,1.84,0.0286,326,4.62,7.935821869070209e-06,81.8,-2.65,-371.0,81.8,-1.92,5.41,2.21,0.159,324,3.77,0.0002051208194971537,31.5,4.0,4.0,31.5,4.0,4.0,0,0,0,0,-788.0,57.3,17.1,-788.0,57.3,4.0,25.443948648007588,0.954,360.9229720113852,120.0,0.2062416982922201,16,1,99,6,Layer 3 Up
149,5.63,-14.8,149,5.83,12.65,5.23,0.0765,326,8.84,0.0002600810246679317,81.3,-1.53,-21.0,81.2,-1.71,6.74,-6.82,0.129,324,15.4,0.0016815583491461101,31.5,4.025,16.5,31.5,4.0,4.0,0,0,0,0,-783.0,57.4,-3.69,-782.0,57.3,4.0,22.4207779886148,0.851,360.9745256166983,118.0,0.18497141840607212,16,1,2,6,Layer 3 Up
149,6.55,22.8,149,6.7,12.11,6.56,0.12,326,10.2,0.0007467185365275142,80.7,-1.15,72.7,80.6,-1.36,8.06,-5.67,0.0836,324,12.8,0.0009978671133776089,31.5,4.0,4.0,31.5,4.0,4.0,0,0,0,0,-777.0,57.3,-11.9,-777.0,57.3,4.0,27.805735294117646,1.04,354.29888519924094,116.0,0.22536099976280835,16,1,100,6,Layer 3 Up
149,7.25,-39.8,149,7.45,11.44,4.67,0.0803,326,11.4,0.0006156261503795067,80.2,-0.9,104.0,80.1,-0.91,9.19,-5.3,0.0914,324,12.9,0.0009677329103415561,31.5,4.0,4.0,31.5,4.0,4.0,0,0,0,0,-772.0,57.3,-5.69,-772.0,57.3,3.999999046,27.921841793168877,1.04,359.9562737191651,118.0,0.22539318074003797,16,1,100,6,Layer 3 Up
149,8.22,41.5,149,8.15,10.57,4.87,0.0966,325,12.2,0.000966749561195446,79.7,-0.15,-14.8,79.7,-0.33,10.25,-7.23,0.12,324,12.7,0.001166379981024668,31.5,4.0,4.0,31.5,4.0,4.0,0,0,0,0,-767.0,57.5,49.3,-766.0,57.3,4.0,15.589117054079697,0.845,360.0076672201139,115.0,0.17720003557874764,16,1,100,6,Layer 3 Up
150,8.72,-33.5,150,8.78,9.51,5.55,0.0886,326,11.4,0.0010229715370018975,79.3,0.08,-21.0,79.3,0.37,11.2,-5.79,0.121,324,11.7,0.001132896110056926,31.5,4.0,4.0,31.5,4.0,4.0,0,0,0,0,-761.0,57.4,28.8,-761.0,57.3,4.0,23.330929791271345,0.989,354.4506641366224,115.0,0.2142407495256167,16,1,100,6,Layer 3 Up
150,9.28,47.8,150,9.25,8.41,6.09,0.1,326,12.8,0.00126767854601518,79.0,0.83,10.25,78.9,1.1,11.93,-4.08,0.107,324,11.9,0.0007953841496679317,31.5,3.975,-8.5,31.5,4.0,4.0,0,0,0,0,-756.0,57.3,-3.19,-756.0,57.3,4.0,24.904835151802654,0.989,360.11045422201136,118.0,0.21427132945920305,16,1,100,6,Layer 3 Up
151,9.7,22.8,151,9.63,7.17,3.65,0.0789,326,14.0,0.0009604315939278938,78.7,1.9,22.8,78.7,1.92,12.5,-6.74,0.114,324,9.9,0.0005632437618595825,31.5,4.0,4.0,31.5,4.0,4.0,0,0,0,0,-751.0,57.4,36.3,-750.0,57.3,4.000000954,20.981391129032257,0.807,361.2838472485769,118.0,0.17390992647058826,16,1,100,6,Layer 3 Up
151,9.95,66.5,152,9.88,5.8,5.33,0.102,326,12.8,0.0014812507115749525,78.5,2.73,16.5,78.5,2.83,12.89,-1.35,0.0395,324,4.93,0.00010884948410815939,31.5,4.0,4.0,31.5,4.0,4.0,0,0,0,0,-745.0,57.4,60.9,-745.0,57.3,4.000000954,25.697455526565463,0.91,354.60244307400376,117.0,0.1963779352466793,16,1,100,6,Layer 3 Up
152,9.93,-58.5,152,9.99,4.493,4.46,0.0748,326,14.4,0.0010493689516129032,78.5,3.625,16.5,78.5,3.692,13.06,-5.69,0.0855,324,6.25,4.612734108159393e-05,31.5,3.975,-8.5,31.5,4.0,4.0,0,0,0,0,-740.0,57.4,54.8,-740.0,57.3,4.0,19.079435483870967,0.952,360.2646347248577,117.0,0.20426219165085388,16,1,100,6,Layer 3 Up
153,9.9,-52.3,153,10.0,4.0,4.99,0.0855,326,15.0,0.0012235030241935486,78.5,4.05,35.3,78.5,4.0,4.0,-3.54,0.0569,324,6.55,-9.990070564516128e-06,31.5,4.0,4.0,31.5,4.0,4.0,0,0,0,0,-735.0,57.4,24.3,-734.0,57.3,4.0,21.551612903225806,0.817,361.43850806451616,118.0,0.17622933467741936,16,1,100,6,Layer 3 Up
153,10.05,47.8,153,10.0,4.0,5.33,0.101,326,13.8,0.0014706583254269448,78.5,3.95,-21.0,78.5,4.0,4.0,-3.06,0.0692,324,3.38,0.0,31.5,4.0,4.0,31.5,4.0,4.0,0,0,0,0,-729.0,57.3,8.31,-729.0,57.3,4.0,28.739582542694496,0.94,354.7542220113852,119.0,0.20319782969639466,16,1,2,6,Layer 3 Up
154,9.9,-52.3,154,10.0,4.0,5.57,0.0901,326,14.7,0.0012463080526565467,78.5,4.05,29.0,78.5,4.0,4.0,-4.03,0.0549,325,5.76,-9.476432400379507e-06,31.5,3.975,-2.25,31.5,4.0,4.0,0,0,0,0,-724.0,57.4,61.4,-724.0,57.3,4.000000954,22.68056095825427,0.928,360.418815227704,118.0,0.19985840844402275,16,1,102,6,Layer 3 Up
154,10.1,22.8,154,10.0,4.0,5.39,0.0851,326,12.8,0.001167878557874763,78.5,4.05,35.3,78.5,4.0,4.0,-3.71,0.0562,324,5.46,-2.7737115749525618e-05,31.5,4.0,-2.25,31.5,4.0,4.0,0,0,0,0,-719.0,57.3,-46.1,-718.0,57.3,3.999999046,26.72645161290323,0.998,360.4702087286528,116.0,0.21673130929791273,16,1,102,6,Layer 3 Up
155,10.13,41.5,155,10.0,4.0,5.17,0.0971,326,13.3,0.0014151315227703984,78.5,3.95,-21.0,78.5,4.0,4.0,-3.54,0.0683,324,2.66,2.4484021584440227e-05,31.5,4.0,4.0,31.5,4.0,4.0,0,0,0,0,-713.0,57.2,-5.37,-713.0,57.3,3.999999046,32.23355135199241,1.09,354.9060009487666,116.0,0.2358552537950664,16,1,102,6,Layer 3 Up
156,9.82,-46.0,156,10.0,4.0,6.95,0.0975,326,12.7,0.001347936432637571,78.5,4.075,47.8,78.5,4.0,4.0,-3.39,0.0552,324,6.3,-1.8871110056925995e-05,31.5,4.0,4.0,31.5,4.0,4.0,0,0,0,0,-708.0,57.3,18.4,-708.0,57.3,4.0,27.74502490512334,0.967,361.6962760910816,118.0,0.20893014705882354,16,1,102,6,Layer 3 Up
156,9.93,-64.7,156,10.0,4.0,6.88,0.0786,326,11.8,0.0010650215607210627,78.5,4.05,35.3,78.5,4.0,4.0,-3.54,0.0534,324,6.03,-2.797366757590133e-05,31.5,4.0,4.0,31.5,4.0,4.0,0,0,0,0,-703.0,57.4,-4.56,-702.0,57.3,4.0,22.131777158444024,0.856,360.6243892314991,118.0,0.1853676767077799,16,1,102,6,Layer 3 Up
157,10.03,10.25,157,10.0,4.0,4.19,0.0971,325,15.0,0.0013820287001897532,78.5,3.95,-21.0,78.5,4.0,4.0,-3.06,0.0691,324,3.35,1.2022526091081592e-05,31.5,4.025,22.8,31.5,4.0,4.0,0,0,0,0,-697.0,57.3,-8.1,-697.0,57.3,4.0,28.98889468690702,1.05,356.181380455408,115.0,0.22696731499051234,16,1,102,6,Layer 3 Up
157,10.03,16.5,157,10.0,4.0,8.9,0.091,326,8.72,0.0012361367409867174,78.5,4.075,47.8,78.5,4.0,4.0,-3.55,0.0565,324,6.26,-2.820639290796964e-05,31.5,4.0,4.0,31.5,4.0,4.0,0,0,0,0,-692.0,57.3,-6.9,-692.0,57.3,3.999999046,28.543521110056925,1.05,360.72717623339656,118.0,0.2269996560721063,16,1,102,6,Layer 3 Up
158,9.93,-8.5,158,10.0,4.0,6.26,0.0957,326,13.5,0.0013374657258064518,78.5,4.05,35.3,78.5,4.0,4.0,-3.57,0.0554,324,5.94,-2.854758776091082e-05,31.5,4.0,-2.25,31.5,4.0,4.0,0,0,0,0,-687.0,57.5,50.2,-686.0,57.3,4.0,15.959675047438331,0.852,359.65464895635677,114.0,0.1798273244781784,16,1,102,6,Layer 3 Up
159,9.82,-33.5,159,10.0,4.0,7.3,0.121,326,13.7,0.0017086029411764706,78.5,3.925,-39.8,78.5,4.0,4.0,-3.38,0.0684,324,2.93,3.5520955882352945e-05,31.5,4.025,10.25,31.5,4.0,4.0,0,0,0,0,-681.0,57.4,33.0,-681.0,57.3,4.0,25.404227941176472,1.01,356.3336397058823,114.0,0.21694761029411763,16,1,102,6,Layer 3 Up
159,10.05,-14.8,159,10.0,4.0,3.83,0.0869,326,15.5,0.001214180265654649,78.5,4.075,47.8,78.5,4.0,4.0,-3.07,0.0562,324,7.08,-9.432381878557875e-06,31.5,4.0,4.0,31.5,4.0,4.0,0,0,0,0,-676.0,57.3,1.31,-676.0,57.3,4.0,25.070574003795066,0.983,360.8813567362429,118.0,0.21360578747628084,16,1,2,6,Layer 3 Up
160,9.95,-58.5,160,9.97,3.108,3.84,0.0628,326,13.4,0.0008343056095825428,78.5,4.55,10.25,78.5,4.608,13.03,3.09,0.0555,324,7.18,3.7554996442125236e-05,31.5,3.975,-8.5,31.5,4.0,4.0,0,0,0,0,-671.0,57.4,36.3,-670.0,57.3,4.000000954,22.150701494307402,0.81,362.0571513282733,117.0,0.17540657020872866,16,1,102,6,Layer 3 Up
160,9.82,-33.5,160,9.8,1.71,3.45,0.0761,326,13.0,0.0009918629743833017,78.6,5.4,-8.5,78.6,5.54,12.78,5.72,0.0991,324,6.72,0.00032049994070208727,31.5,4.025,16.5,31.5,4.0,4.0,0,0,0,0,-665.0,57.4,60.8,-665.0,57.3,4.000000954,25.752451375711573,0.928,356.4858989563567,116.0,0.19904733159392787,16,1,102,6,Layer 3 Up
161,9.5,-46.0,161,9.52,0.46,3.91,0.0663,326,13.9,0.0008019262867647058,78.8,6.33,35.3,78.8,6.36,12.35,4.72,0.0889,324,9.57,0.00048250543761859586,31.5,4.0,-2.25,31.5,4.0,4.0,0,0,0,0,-660.0,57.4,58.4,-660.0,57.3,4.0,17.65812440702087,0.957,359.91081593927896,119.0,0.20582399786527514,16,1,102,6,Layer 3 Up
161,8.97,-46.0,161,9.1,-0.76,5.71,0.0918,325,13.4,0.001077636385199241,79.0,6.9,-46.0,79.1,7.16,11.72,3.91,0.0437,324,8.08,0.00028909452087286534,31.5,4.0,4.0,31.5,4.0,4.0,0,0,0,0,-655.0,57.4,25.6,-654.0,57.3,4.0,21.82269924098672,0.831,361.086930740038,118.0,0.17885614326375712,16,1,102,6,Layer 3 Up
162,8.6,-21.0,162,8.54,-1.91,4.81,0.0884,326,11.8,0.0009574103237666034,79.4,7.85,54.0,79.4,7.92,10.88,5.12,0.101,324,11.5,0.0009146587464421253,31.5,4.0,10.25,31.5,4.0,4.0,0,0,0,0,-649.0,57.3,10.31,-649.0,57.3,4.0,29.926104127134725,0.963,356.6381582068311,118.0,0.20813267907969638,16,1,102,6,Layer 3 Up
162,7.92,-46.0,162,7.93,-2.84,4.12,0.0757,326,11.2,0.0006537421370967743,79.8,8.5,54.0,79.8,8.54,9.96,8.81,0.168,324,14.4,0.0018678346774193548,31.5,4.0,4.0,31.5,4.0,4.0,0,0,0,0,-644.0,57.4,59.9,-644.0,57.3,4.000000954,28.917681451612903,0.949,361.1897177419355,113.0,0.20591189516129033,16,1,102,6,Layer 3 Up
163,7.33,16.5,163,7.2,-3.66,4.81,0.0885,326,10.9,0.000701100349857685,80.3,9.25,-8.5,80.3,9.08,8.86,2.04,0.051,324,11.7,0.0005739344758064518,31.5,4.0,4.0,31.5,4.0,4.0,0,0,0,0,-639.0,57.3,-39.4,-638.0,57.3,3.999999046,26.558536527514235,1.0,361.2411112428843,116.0,0.21832017314990515,16,1,102,6,Layer 3 Up
163,6.45,41.5,163,6.36,-4.33,5.94,0.109,326,8.46,0.000620162523719165,80.8,9.38,-39.8,80.9,9.51,7.6,5.46,0.0853,324,13.0,0.0010714967741935484,31.5,4.025,16.5,31.5,4.0,4.0,0,0,0,0,-633.0,57.2,-6.4,-633.0,57.3,3.999999046,31.964819734345348,1.08,356.79041745730547,116.0,0.23410853889943073,16,1,102,6,Layer 3 Up
163,5.5,-52.3,163,5.54,-4.76,5.55,0.087,326,9.2,0.0003140652573529412,81.4,9.85,35.3,81.4,9.8,6.36,7.29,0.129,324,14.0,0.0018686319971537003,31.5,4.0,-2.25,31.5,4.0,4.0,0,0,0,0,-628.0,57.3,16.9,-628.0,57.3,4.0,26.453525260910816,0.97,361.3438982447818,121.0,0.21050252016129034,16,1,102,6,Layer 3 Up
163,4.625,-64.7,163,4.651,-5.01,3.39,0.0889,326,10.2,9.220646228652752e-05,82.0,9.82,10.25,82.0,9.96,5.01,8.19,0.13,324,14.4,0.001722538306451613,31.5,3.975,-2.25,31.5,4.0,4.0,0,0,0,0,-623.0,57.4,-1.5,-622.0,57.3,4.0,22.51684060721063,0.86,361.3952917457306,117.0,0.18688977703984821,16,1,102,6,Layer 3 Up
163,4.05,41.5,163,4.0,4.0,3.67,0.0589,326,1.77,5.078269627609108e-05,82.4,5.42,404.0,82.5,10.0,129.0,12.8,0.206,324,13.7,0.001812863436907021,31.5,4.0,-2.25,31.5,4.0,4.0,0,0,0,0,-617.0,57.3,-15.1,-617.0,57.3,4.0,27.587052300759012,1.06,359.1946809772296,116.0,0.22970443548387096,16,1,102,6,Layer 3 Up
163,3.875,-58.5,163,4.0,4.0,2.92,0.0395,326,5.63,-2.5113417931688807e-05,83.0,9.95,-89.7,83.1,10.0,4.0,5.21,0.0925,324,14.9,0.0012500400853889945,31.5,4.0,4.0,31.5,4.0,4.0,0,0,0,0,-612.0,57.2,-13.8,-612.0,57.3,3.999999046,29.9559155597723,1.07,361.4980787476281,118.0,0.2331155834914611,16,1,104,6,Layer 3 Up
163,3.925,-33.5,163,4.0,4.0,2.11,0.0337,326,6.67,0.0,83.6,10.22,-33.5,83.7,10.0,4.0,5.53,0.102,324,14.4,0.0014642190464895634,31.5,3.975,-14.8,31.5,4.0,4.0,0,0,0,0,-607.0,57.5,50.9,-606.0,57.3,4.0,16.44430621442125,0.854,360.4231499051233,114.0,0.18021157495256165,16,1,104,6,Layer 3 Up
163,4.075,47.8,163,4.0,4.0,1.93,0.0485,326,2.08,1.6446643738140418e-05,84.2,10.38,10.25,84.3,10.0,4.0,5.04,0.0971,324,13.3,0.0014531623576850095,31.5,4.0,4.0,31.5,4.0,4.0,0,0,0,0,-601.0,57.4,34.0,-601.0,57.3,4.0,25.233206831119542,1.02,358.2214184060721,114.0,0.21966407732447818,16,1,2,6,Layer 3 Up
163,3.95,-39.8,163,4.0,4.0,2.6,0.0342,326,5.89,-1.0365111480075901e-05,84.8,10.07,47.8,84.9,10.0,4.0,8.43,0.155,324,15.9,0.0022532851043643265,31.5,3.975,-2.25,31.5,4.0,4.0,0,0,0,0,-596.0,57.3,1.75,-596.0,57.3,4.0,21.068215725806454,0.987,360.52561669829225,123.0,0.21518872746679318,16,1,104,6,Layer 3 Up
163,3.95,-33.5,163,4.0,4.0,1.47,0.0357,326,6.88,-5.295972485768502e-06,85.4,9.78,-8.5,85.5,10.0,4.0,9.63,0.151,324,15.7,0.002095852941176471,31.5,3.975,-2.25,31.5,4.0,4.0,0,0,0,0,-591.0,57.4,38.8,-590.0,57.3,4.000000954,21.859971537001897,0.811,361.7036527514232,117.0,0.17578121442125239,16,1,104,6,Layer 3 Up
163,4.05,35.3,163,4.0,4.0,2.25,0.0496,326,1.78,8.215558527039848e-06,86.0,9.9,35.3,86.1,10.0,4.0,7.87,0.146,325,16.2,0.0021524988733396585,31.5,4.0,4.0,31.5,4.0,4.0,0,0,0,0,-585.0,57.4,62.8,-585.0,57.3,4.000000954,25.469358396584443,0.922,359.50112073055027,117.0,0.1994724086812144,16,1,104,6,Layer 3 Up
163,3.95,-33.5,163,4.0,4.0,1.15,0.0326,326,7.46,-2.1077197580645162e-05,86.6,9.72,10.25,86.7,10.0,4.0,6.48,0.113,324,15.2,0.0015554295540796965,31.5,4.0,-2.25,31.5,4.0,4.0,0,0,0,0,-580.0,57.4,62.3,-580.0,57.3,4.0,18.710239563567367,0.951,360.67931688804555,118.0,0.2051363614800759,16,1,104,6,Layer 3 Up
163,3.95,-33.5,163,4.0,4.0,1.76,0.0349,326,6.76,-1.0540095766129031e-05,87.2,9.7,-46.0,87.3,10.0,4.0,5.73,0.0976,324,14.7,0.001364012393263757,31.5,4.0,4.0,31.5,4.0,4.0,0,0,0,0,-575.0,57.4,29.5,-574.0,57.3,4.0,21.305648126185954,0.822,361.85783325426945,118.0,0.17811070920303604,16,1,104,6,Layer 3 Up
163,4.125,66.5,163,4.0,4.0,0.192,0.049,326,3.91,7.98229696394687e-06,87.8,9.8,-21.0,87.9,10.0,4.0,5.42,0.0918,325,13.5,0.0013191083965844402,31.5,4.0,4.0,31.5,4.0,4.0,0,0,0,0,-569.0,57.3,9.25,-569.0,57.3,4.0,29.31351992409867,0.969,359.6543406072106,118.0,0.2097044117647059,16,1,104,6,Layer 3 Up
163,3.9,-58.5,163,4.0,4.0,2.25,0.0349,326,6.13,-2.830283977703985e-05,88.4,10.22,35.3,88.5,10.0,4.0,3.11,0.0596,324,12.2,0.000817512304316888,31.5,3.975,-8.5,31.5,4.0,4.0,0,0,0,0,-564.0,57.4,63.6,-564.0,57.3,4.000000954,22.777584203036053,0.938,360.8330170777989,120.0,0.2052237784629981,16,1,104,6,Layer 3 Up
163,3.9,-58.5,163,4.0,4.0,2.6,0.0395,326,5.78,-1.2179843453510436e-05,89.0,10.2,85.2,89.1,10.0,4.0,3.84,0.0855,324,13.5,0.001229261978178368,31.5,3.975,-2.25,31.5,4.0,4.0,0,0,0,0,-559.0,57.3,-40.9,-558.0,57.3,3.999999046,27.291871442125235,1.01,362.0120137571157,116.0,0.21991384013282733,16,1,104,6,Layer 3 Up
163,4.075,47.8,163,3.9017,-5.07,2.14,0.0438,326,1.03,1.4437419354838709e-05,89.6,9.22,523.0,89.6,10.0,3.879,27.9,0.345,324,22.0,0.004771115927419355,31.5,4.0,4.0,31.5,4.0,4.0,0,0,0,0,-553.0,57.2,-5.12,-553.0,57.3,3.999999046,31.694647177419355,1.09,359.807560483871,116.0,0.23686391129032258,16,1,104,6,Layer 3 Up
163,2.92,-96.0,163,3.0,-4.95,-3.54,0.073,326,3.94,0.00019290227703984823,90.2,10.13,-71.0,90.2,9.92,2.51,3.87,0.0724,324,12.9,0.0010344525616698293,31.5,4.0,4.0,31.5,4.0,4.0,0,0,0,0,-548.0,57.4,33.7,-547.0,57.3,4.0,19.854269449715375,0.937,358.73055028463,115.0,0.2030550284629981,16,1,2,6,Layer 3 Up
163,2.08,-64.7,163,2.12,-4.62,-4.05,0.0865,326,7.77,0.0003993982329222011,90.8,10.05,104.0,90.8,9.7,1.18,5.49,0.124,324,15.2,0.0018051897533206832,31.5,4.025,16.5,31.5,4.0,4.0,0,0,0,0,-542.0,57.4,8.31,-542.0,57.3,4.0,19.40578984819734,0.748,361.0379506641366,119.0,0.16133883420303602,16,1,104,6,Layer 3 Up
163,1.25,-39.8,163,1.28,-4.1,-4.55,0.0922,326,9.07,0.0006014391722011386,91.3,9.28,16.5,91.4,9.35,-0.08,6.81,0.108,324,12.5,0.0013879365512333966,31.5,4.025,16.5,31.5,4.0,4.0,0,0,0,0,-537.0,57.3,-10.6,-537.0,57.3,4.0,27.53305028462998,1.07,361.0891840607211,116.0,0.23132275853889941,16,1,104,6,Layer 3 Up
163,0.58,-33.5,163,0.51,-3.39,-7.2,0.114,326,10.3,0.0009389650853889943,91.8,9.3,85.2,91.9,8.88,-1.26,2.58,0.0688,324,10.7,0.0008227230135199243,31.5,4.025,10.25,31.5,4.0,4.0,0,0,0,0,-532.0,57.4,38.1,-531.0,57.3,4.000000954,24.48983455882353,0.871,360.0118536527514,118.0,0.18734159155597727,16,1,104,6,Layer 3 Up
162,-0.1,4.0,162,-0.19,-2.52,-4.74,0.0823,326,11.3,0.0007585024667931688,92.3,8.22,4.0,92.3,8.3,-2.31,9.49,0.158,324,13.6,0.0016140751897533207,31.5,4.0,4.0,31.5,4.0,4.0,0,0,0,0,-526.0,57.2,-66.7,-526.0,57.3,3.999999046,26.52501185958254,0.93,361.19165085388994,119.0,0.19978413187855784,16,1,104,6,Layer 3 Up
162,-0.65,-14.8,162,-0.79,-1.49,-4.93,0.0962,326,12.5,0.0010701820445920304,92.7,7.5,-58.5,92.7,7.62,-3.22,6.04,0.0814,324,10.0,0.0006728148719165085,31.5,4.0,4.0,31.5,4.0,4.0,0,0,0,0,-521.0,57.4,36.1,-521.0,57.3,4.0,22.57768026565465,1.01,360.11400023719165,116.0,0.21900349857685011,16,1,104,6,Layer 3 Up
161,-1.15,35.3,161,-1.28,-0.34,-4.18,0.0812,326,13.4,0.0009664617647058824,93.0,6.78,22.8,93.0,6.86,-3.97,6.68,0.123,325,12.0,0.0007609757352941177,31.5,4.025,10.25,31.5,4.0,4.0,0,0,0,0,-516.0,57.3,10.38,-515.0,57.3,4.0,25.064779411764707,0.9,361.29411764705884,119.0,0.19419558823529412,16,1,104,6,Layer 3 Up
161,-1.55,-8.5,161,-1.65,0.91,-5.93,0.109,326,14.0,0.001445381404174573,93.3,6.28,-2.25,93.3,6.03,-4.53,2.86,0.0711,324,8.38,0.000348924104601518,31.5,4.025,16.5,31.5,4.0,4.0,0,0,0,0,-510.0,57.4,-9.6,-510.0,57.3,4.0,21.793641484819734,0.827,361.34535104364323,118.0,0.18067267552182162,16,1,104,6,Layer 3 Up
160,-2.07,-14.8,160,-1.89,2.23,-4.15,0.0844,326,12.9,0.001151951612903226,93.4,5.25,16.5,93.4,5.15,-4.9,3.58,0.0682,324,5.58,0.0002450720588235294,31.5,4.0,4.0,31.5,4.0,4.0,0,0,0,0,-505.0,57.4,54.0,-505.0,57.3,4.000000954,26.08831593927894,0.937,361.3965844402277,117.0,0.2032855787476281,16,1,104,6,Layer 3 Up
159,-2.13,-64.7,159,-1.99,3.589,-4.48,0.106,325,13.9,0.0015361532258064518,93.5,4.35,10.25,93.5,4.254,-5.06,6.24,0.119,324,6.23,8.640861895161292e-05,31.5,4.0,10.25,31.5,4.0,4.0,0,0,0,0,-500.0,57.3,-32.1,-499.0,57.3,3.999999046,27.22153878083492,1.07,360.31829340607214,115.0,0.23268203273244784,16,1,104,6,Layer 3 Up
159,-2.07,-14.8,159,-2.0,4.0,-4.73,0.0838,325,13.1,0.0011748719165085388,93.5,4.125,66.5,93.5,4.0,4.0,4.56,0.0895,324,4.11,0.0,31.5,4.0,4.0,31.5,4.0,4.0,0,0,0,0,-494.0,57.4,0.0,-494.0,57.3,4.0,17.961984108159392,0.88,361.4990512333966,116.0,0.19204637096774194,16,1,2,6,Layer 3 Up
158,-2.18,-77.2,158,-2.0,4.0,-4.6,0.0947,326,13.1,0.001333216674573055,93.5,4.125,72.7,93.5,4.0,4.0,4.3,0.0895,325,4.28,1.593080941650854e-05,31.5,4.025,16.5,31.5,4.0,4.0,0,0,0,0,-489.0,57.3,3.812,-489.0,57.3,4.0,27.90716259487666,0.971,361.55028462998104,120.0,0.21015110294117648,16,1,106,6,Layer 3 Up
158,-1.9,-14.8,158,-2.0,4.0,-5.44,0.102,326,14.0,0.0014012058823529411,93.5,4.125,72.7,93.5,4.0,4.0,4.29,0.0859,324,4.22,1.548106499051233e-05,31.5,4.025,16.5,31.5,4.0,4.0,0,0,0,0,-484.0,57.3,-16.5,-483.0,57.3,4.0,25.42510673624288,0.97,361.60151802656543,118.0,0.21018088235294116,16,1,106,6,Layer 3 Up
157,-1.95,22.8,157,-2.0,4.0,-5.6,0.0857,326,13.5,0.0011866730906072106,93.5,4.15,72.7,93.5,4.0,4.0,3.17,0.0878,325,5.45,4.724089065464895e-05,31.5,4.0,4.0,31.5,4.0,4.0,0,0,0,0,-478.0,57.4,45.8,-478.0,57.3,4.000000954,17.74358811669829,0.707,362.78291627134723,120.0,0.1503119248102467,16,1,106,6,Layer 3 Up
157,-2.18,-8.5,157,-2.0,4.0,-4.23,0.0758,326,11.6,0.0010636357803605312,93.5,4.15,79.0,93.5,4.0,4.0,4.3,0.0843,324,4.13,6.081148244781784e-05,31.5,4.0,10.25,31.5,4.0,4.0,0,0,0,0,-473.0,57.2,-9.1,-473.0,57.3,3.999999046,31.762131166982925,1.1,361.7039848197344,116.0,0.23962888994307402,16,1,106,6,Layer 3 Up
156,-2.28,-109.0,156,-2.0,4.0,-3.48,0.0844,326,13.5,0.0012209238614800757,93.5,4.15,79.0,93.5,4.0,4.0,4.01,0.0834,324,4.43,4.488025675996205e-05,31.5,4.0,4.0,31.5,4.0,4.0,0,0,0,0,-468.0,57.4,37.6,-467.0,57.3,4.0,18.313857922201137,0.936,361.7552182163188,116.0,0.2023568251897533,16,1,106,6,Layer 3 Up
155,-2.0,-46.0,155,-2.0,4.0,-5.94,0.0984,326,13.7,0.0014246129032258064,93.5,4.1,60.3,93.5,4.0,4.0,4.58,0.0854,325,4.11,0.0,31.5,4.0,4.0,31.5,4.0,4.0,0,0,0,0,-462.0,57.4,4.438,-462.0,57.3,4.0,19.447096774193547,0.75,362.93709677419355,119.0,0.16281290322580644,16,1,106,6,Layer 3 Up
155,-1.85,16.5,155,-2.0,4.0,-5.22,0.0908,326,13.9,0.0012551938448766605,93.5,4.125,66.5,93.5,4.0,4.0,4.0,0.0836,325,4.62,1.5152790559772297e-05,31.5,4.0,4.0,31.5,4.0,4.0,0,0,0,0,-457.0,57.3,-12.1,-457.0,57.3,4.0,26.121601636622394,1.05,362.98849027514234,118.0,0.22955346892789377,16,1,106,6,Layer 3 Up
154,-2.0,35.3,154,-2.0,4.0,-4.98,0.0673,326,11.7,0.0009183438804554079,93.5,4.15,79.0,93.5,4.0,4.0,4.59,0.084,325,4.13,1.4928742884250474e-05,31.5,4.0,4.0,31.5,4.0,4.0,0,0,0,0,-452.0,57.4,42.2,-451.0,57.3,4.000000954,24.881238140417455,0.858,363.0398837760911,117.0,0.18547832068311196,16,1,106,6,Layer 3 Up
154,-2.2,-64.7,154,-2.0,4.0,-4.82,0.0811,326,12.0,0.0011424367291271347,93.5,4.175,91.5,93.5,4.0,4.0,3.74,0.0831,325,4.84,2.9974825071157494e-05,31.5,4.025,16.5,31.5,4.0,4.0,0,0,0,0,-446.0,57.3,-52.2,-446.0,57.3,3.999999046,24.771647888994305,0.914,363.09127727703986,119.0,0.1979469580170778,16,1,106,6,Layer 3 Up
153,-2.03,-39.8,153,-2.0,4.0,-3.51,0.0966,326,15.3,0.0013575426944971536,93.5,4.125,72.7,93.5,4.0,4.0,4.29,0.0859,325,4.28,4.570393738140417e-05,31.5,4.025,16.5,31.5,4.0,4.0,0,0,0,0,-441.0,57.4,30.0,-441.0,57.3,4.0,22.851968690702087,1.01,363.14267077798866,116.0,0.2206006878557875,16,1,2,6,Layer 3 Up
152,-1.95,-8.5,152,-2.0,4.0,-5.03,0.0994,326,14.5,0.0013803637333965843,93.5,4.15,85.2,93.5,4.0,4.0,3.73,0.0831,324,4.76,4.503153818785578e-05,31.5,4.025,10.25,31.5,4.0,4.0,0,0,0,0,-436.0,57.3,13.69,-435.0,57.3,4.0,23.647214777039846,0.876,363.19406427893733,120.0,0.19008287476280836,16,1,106,6,Layer 3 Up
152,-2.03,22.8,152,-2.0,4.0,-3.85,0.0815,326,14.4,0.0010863415559772295,93.5,4.125,72.7,93.5,4.0,4.0,4.85,0.0886,324,2.85,1.5616159867172676e-05,31.5,4.025,16.5,31.5,4.0,4.0,0,0,0,0,-430.0,57.4,-8.1,-430.0,57.3,4.0,21.27418880455408,0.821,364.3770635673624,118.0,0.17879371442125236,16,1,106,6,Layer 3 Up
151,-2.22,-39.8,151,-2.0,4.0,-3.96,0.0784,326,13.5,0.001109130574003795,93.5,4.15,79.0,93.5,4.0,4.0,3.74,0.0832,324,4.91,4.4704752727703984e-05,31.5,4.025,10.25,31.5,4.0,4.0,0,0,0,0,-425.0,57.4,52.4,-425.0,57.3,4.000000954,28.18097070683112,0.933,363.2968512808349,115.0,0.2025860946394687,16,1,106,6,Layer 3 Up
151,-2.07,-46.0,151,-2.0,4.0,-5.06,0.104,326,14.3,0.0015281000948766602,93.5,4.15,79.0,93.5,4.0,4.0,4.58,0.0848,325,3.55,0.0,31.5,4.0,4.0,31.5,4.0,4.0,0,0,0,0,-420.0,57.3,-31.8,-419.0,57.3,3.999999046,26.37387571157495,1.07,363.34824478178365,116.0,0.2331767552182163,16,1,106,6,Layer 3 Up
150,-1.95,-8.5,150,-2.0,4.0,-6.38,0.109,326,13.9,0.0015396370967741936,93.5,4.15,79.0,93.5,4.0,4.0,3.45,0.0835,324,5.0,3.0113490275142314e-05,31.5,4.0,4.0,31.5,4.0,4.0,0,0,0,0,-414.0,57.4,-0.81,-414.0,57.3,4.0,18.56621204933586,0.877,363.39963828273244,116.0,0.19132255099620493,16,1,106,6,Layer 3 Up
149,-2.03,22.8,149,-2.0,4.0,-5.49,0.0881,326,13.2,0.0012341483633776093,93.5,4.15,79.0,93.5,4.0,4.0,4.29,0.083,325,3.94,2.9664850569259962e-05,31.5,4.05,16.5,31.5,4.0,4.0,0,0,0,0,-409.0,57.3,6.38,-409.0,57.3,4.0,28.1929305028463,0.955,364.58327798861484,120.0,0.20720105550284632,16,1,106,6,Layer 3 Up
149,-2.13,-46.0,149,-2.0,4.0,-5.11,0.0968,326,13.9,0.0013928597604364326,93.5,4.15,79.0,93.5,4.0,4.0,1.76,0.0809,325,7.37,0.0,31.5,4.0,4.0,31.5,4.0,4.0,0,0,0,0,-404.0,57.3,-15.9,-403.0,57.3,4.0,26.04534511385199,0.963,363.50242528462996,118.0,0.20949516722011383,16,1,106,6,Layer 3 Up
148,-2.07,-46.0,148,-2.0,4.0,-5.79,0.114,326,14.0,0.0016648726280834914,93.5,4.175,91.5,93.5,4.0,4.0,3.17,0.0837,325,5.1,1.506313330170778e-05,31.5,4.0,4.0,31.5,4.0,4.0,0,0,0,0,-398.0,57.4,43.9,-398.0,57.3,4.000000954,19.480142314990513,0.7,364.686385199241,119.0,0.15063133301707782,16,1,106,6,Layer 3 Up
148,-2.18,-77.2,148,-1.92,6.16,-4.4,0.0893,326,12.3,0.001245999169829222,93.5,4.925,41.5,93.5,4.972,17.6,8.4,0.15,325,8.65,0.0003839942896110057,31.5,4.025,16.5,31.5,4.0,4.0,0,0,0,0,-393.0,57.2,-17.5,-393.0,57.3,3.999999046,32.62252371916509,1.11,364.7379388045541,116.0,0.24240347485768501,16,1,106,6,Layer 3 Up
147,-1.53,4.0,147,-1.55,9.19,-5.71,0.0966,326,12.9,0.0012008598197343452,93.7,6.3,41.5,93.7,6.29,16.7,3.37,0.0639,325,5.6,0.0003398659867172675,31.5,4.0,4.0,31.5,4.0,4.0,0,0,0,0,-388.0,57.4,36.6,-387.0,57.3,4.0,18.692629269449714,0.929,364.78949240986714,116.0,0.20165381878557873,16,1,2,6,Layer 3 Up
147,-0.8,10.25,147,-0.88,11.94,-4.96,0.106,326,15.0,0.0012463513994307401,94.0,7.45,54.0,94.0,7.49,15.2,5.96,0.107,324,10.5,0.0008611155123339659,31.5,4.0,4.0,31.5,4.0,4.0,0,0,0,0,-382.0,57.4,6.81,-382.0,57.3,4.0,19.488403700189753,0.744,364.84104601518027,119.0,0.16089263519924096,16,1,106,6,Layer 3 Up
146,-0.22,-52.3,146,0.04,14.3,-2.0,0.0731,326,12.7,0.0007071210626185959,94.4,8.22,4.0,94.4,8.51,13.12,4.94,0.0824,324,11.5,0.0008227081593927895,31.5,4.0,4.0,31.5,4.0,4.0,0,0,0,0,-377.0,57.3,-15.1,-377.0,57.3,4.0,28.216850094876662,1.06,364.8925996204934,116.0,0.23117419354838709,16,1,106,6,Layer 3 Up
146,1.05,-39.8,146,1.17,16.1,-2.78,0.0804,326,10.9,0.000527015625,94.9,9.45,-21.0,94.9,9.29,10.55,3.9,0.0904,325,13.9,0.0011447006048387097,31.5,4.0,4.0,31.5,4.0,4.0,0,0,0,0,-372.0,57.4,41.8,-371.0,57.3,4.000000954,23.347358870967742,0.849,364.9441532258064,119.0,0.18473881048387097,16,1,106,6,Layer 3 Up
146,2.2,-64.7,146,2.44,17.3,-3.78,0.0759,326,7.39,0.000286782341081594,95.4,9.75,60.3,95.5,9.79,7.63,11.7,0.158,324,11.6,0.002108360294117647,31.5,4.025,16.5,31.5,4.0,4.0,0,0,0,0,-366.0,57.2,-57.8,-366.0,57.3,3.999999046,24.484184060721066,0.908,364.99570683111955,119.0,0.19723370493358633,16,1,106,6,Layer 3 Up
145,3.475,-83.5,145,3.799,17.7,-4.48,0.0681,326,3.01,3.6504726043643265e-05,96.0,9.82,29.0,96.1,10.0,4.524,7.05,0.126,324,15.3,0.0017458782020872865,31.5,4.0,4.0,31.5,4.0,4.0,0,0,0,0,-361.0,57.4,27.1,-361.0,57.3,4.0,22.560374169829224,1.0,365.0472604364327,116.0,0.21766793168880458,16,1,106,6,Layer 3 Up
145,3.825,-83.5,145,4.0,4.0,-1.95,0.0476,326,2.28,8.09566935483871e-06,96.5,10.07,91.5,96.5,10.0,4.0,4.68,0.096,325,14.4,0.0013719551707779885,31.5,4.0,4.0,31.5,4.0,4.0,0,0,0,0,-356.0,57.3,10.44,-355.0,57.3,4.0,25.17140891840607,0.883,365.0988140417457,119.0,0.19162018500948766,16,1,106,6,Layer 3 Up
145,3.825,-77.2,145,4.0,4.0,-1.45,0.0527,326,3.0,7.71125e-06,97.1,9.93,4.0,97.1,10.0,4.0,5.99,0.0917,325,12.1,0.001292768382352941,31.5,4.025,16.5,31.5,4.0,4.0,0,0,0,0,-350.0,57.4,-5.06,-350.0,57.3,4.0,19.504926470588234,0.81,365.15036764705883,119.0,0.17690514705882354,16,1,107,6,Layer 3 Up
145,3.75,-115.0,145,4.0,4.0,-0.649,0.043,326,4.09,6.782321394686908e-06,97.7,9.95,-89.7,97.7,10.0,4.0,4.76,0.0841,324,14.1,0.0011681924810246682,31.5,4.0,4.0,31.5,4.0,4.0,0,0,0,0,-345.0,57.4,53.6,-345.0,57.3,4.000000954,26.76635199240987,0.933,365.20192125237196,116.0,0.2018818074003795,16,1,107,6,Layer 3 Up
145,3.85,-71.0,145,4.0,4.0,-1.15,0.0485,326,3.7,7.77014379743833e-06,98.2,10.13,-83.5,98.2,10.0,4.0,5.14,0.0729,324,12.7,0.0009290142730075901,31.5,4.0,-2.25,31.5,4.0,4.0,0,0,0,0,-340.0,57.3,-38.1,-339.0,57.3,3.999999046,27.2238614800759,1.07,364.11914729601517,117.0,0.23253715014231496,16,1,107,6,Layer 3 Up
145,3.8,-102.0,145,4.0,4.0,-1.95,0.0423,326,2.16,-6.682132352941177e-06,98.8,9.82,35.3,98.8,10.0,4.0,5.83,0.104,324,14.5,0.0014407993358633777,31.5,4.0,4.0,31.5,4.0,4.0,0,0,0,0,-334.0,57.4,-4.69,-334.0,57.3,4.0,18.60559772296015,0.869,365.3050284629981,116.0,0.189459440227704,16,1,108,6,Layer 3 Up
145,3.825,-83.5,145,4.0,4.0,-1.49,0.0434,326,3.03,0.0,99.4,9.82,-27.3,99.4,10.0,4.0,4.33,0.0831,325,14.4,0.001145994248102467,31.5,4.0,4.0,31.5,4.0,4.0,0,0,0,0,-329.0,57.3,-0.13,-329.0,57.3,4.0,28.252729482922202,0.956,365.35658206831124,120.0,0.20650589421252374,16,1,2,6,Layer 3 Up
145,3.75,-109.0,145,4.0,4.0,-1.24,0.0386,326,3.99,1.2709848197343453e-05,100.0,10.03,-27.3,100.0,10.0,4.0,3.56,0.0634,324,12.6,0.0008579147533206832,31.5,4.0,4.0,31.5,4.0,4.0,0,0,0,0,-324.0,57.3,-17.4,-323.0,57.3,4.0,25.192734819734344,0.95,365.40813567362426,119.0,0.20766984108159392,16,1,108,6,Layer 3 Up
145,3.8,-89.7,145,4.0,4.0,-1.65,0.0505,326,2.5,-6.7303601162239095e-06,100.6,10.35,79.0,100.6,10.0,4.0,1.47,0.0721,325,13.2,0.000968127686195446,31.5,4.025,16.5,31.5,4.0,4.0,0,0,0,0,-318.0,57.4,46.8,-318.0,57.3,4.000000954,19.294455645161293,0.696,366.5946572580645,119.0,0.1498157732447818,16,1,108,6,Layer 3 Up
145,3.75,-109.0,145,4.0,4.0,-1.95,0.0446,326,2.13,0.0,101.2,10.03,35.3,101.2,10.0,4.0,6.1,0.106,324,13.4,0.0014983690702087289,31.5,4.025,16.5,31.5,4.0,4.0,0,0,0,0,-313.0,57.2,-12.9,-313.0,57.3,3.999999046,31.216022296015183,1.08,365.5112428842505,116.0,0.23610664136622392,16,1,108,6,Layer 3 Up
145,3.7,-134.0,145,4.0,4.0,-0.00597,0.046,326,4.65,0.0,101.8,9.85,-14.8,101.8,10.0,4.0,5.86,0.114,324,15.0,0.0016007563448766603,31.5,4.0,4.0,31.5,4.0,4.0,0,0,0,0,-308.0,57.4,34.8,-307.0,57.3,4.0,19.299899193548388,0.923,365.56279648956354,116.0,0.19981072106261857,16,1,108,6,Layer 3 Up
145,3.725,-134.0,145,4.0,4.0,-2.2,0.0422,326,1.52,0.0,102.4,10.05,-2.25,102.4,10.0,4.0,5.45,0.111,325,14.5,0.0015669186432637572,31.5,4.0,4.0,31.5,4.0,4.0,0,0,0,0,-302.0,57.4,4.313,-302.0,57.3,4.0,19.52971062618596,0.736,366.7497983870968,119.0,0.16009820920303605,16,1,108,6,Layer 3 Up
145,3.825,-83.5,145,4.0,4.0,-2.59,0.0477,326,1.9,1.62392000711575e-05,103.1,10.28,54.0,103.1,10.0,4.0,3.76,0.0759,324,12.2,0.001093590885910816,31.5,4.0,4.0,31.5,4.0,4.0,0,0,0,0,-296.0,57.4,28.6,-296.0,57.3,3.999999046,20.668072817836812,0.883,365.6659037001898,121.0,0.19305342741935488,16,1,108,6,Layer 3 Up
145,3.825,-77.2,145,4.0,4.0,-1.26,0.0452,326,3.52,-1.2607030360531309e-05,103.6,10.28,54.0,103.6,10.0,4.0,6.46,0.126,324,15.2,0.0018967333965844403,31.5,4.0,4.0,31.5,4.0,4.0,0,0,0,0,-292.0,57.4,39.3,-291.0,57.3,4.000000954,23.396831119544593,0.854,365.7174573055028,119.0,0.1839944971537002,16,1,108,6,Layer 3 Up
145,3.75,-109.0,145,4.0,4.0,-2.2,0.0409,326,2.56,2.5558393619544594e-05,104.0,10.13,85.2,104.0,10.0,4.0,7.32,0.157,324,15.9,0.002328653640891841,31.5,4.025,16.5,31.5,4.0,4.0,0,0,0,0,-286.0,57.2,-63.9,-286.0,57.3,3.999999046,25.444800759013283,0.911,365.76901091081595,119.0,0.19765157732447816,16,1,108,6,Layer 3 Up
145,3.825,-77.2,145,4.0,4.0,-1.2,0.0506,326,4.13,7.350493951612904e-06,105.0,9.88,35.3,105.0,9.94,-9.9,9.19,0.162,324,16.6,0.0023517036290322583,31.5,4.025,10.25,31.5,4.0,4.0,0,0,0,0,-281.0,57.4,24.1,-281.0,57.3,4.0,23.517036290322583,1.0,365.8205645161291,116.0,0.21926512096774198,16,1,108,6,Layer 3 Up
145,3.825,-83.5,145,4.0,4.0,-2.54,0.0447,326,2.2,7.044742647058823e-06,105.0,10.28,47.8,105.0,10.0,4.0,2.54,0.0574,325,12.1,0.0007862841793168881,31.5,4.0,4.0,31.5,4.0,4.0,0,0,0,0,-276.0,57.3,3.375,-275.0,57.3,4.0,25.56559831593928,0.889,365.8721181214421,119.0,0.19429854720113854,16,1,2,6,Layer 3 Up
145,3.8,-83.5,145,4.0,4.0,-6.37,0.049,326,3.31,0.0,106.0,10.15,66.5,106.0,10.0,4.0,4.74,0.0889,325,12.9,0.001306870256166983,31.5,4.0,4.0,31.5,4.0,4.0,0,0,0,0,-270.0,57.4,-10.1,-270.0,57.3,4.0,21.023564990512334,0.823,367.0600806451613,118.0,0.1795526091081594,16,1,109,6,Layer 3 Up
145,3.8,-89.7,145,4.0,4.0,-3.39,0.0409,326,0.877,-6.694391544117648e-06,106.0,9.93,41.5,107.0,10.0,4.0,6.29,0.109,324,14.1,0.001579830941650854,31.5,4.0,4.0,31.5,4.0,4.0,0,0,0,0,-265.0,57.4,45.4,-265.0,57.3,4.000000954,24.09526328273245,0.927,367.11179435483876,119.0,0.20117271703036055,16,1,109,6,Layer 3 Up
145,4.775,104.0,145,4.645,17.7,1.37,0.0502,326,4.35,6.820374762808349e-05,107.0,9.95,148.0,107.0,9.97,2.59,7.92,0.133,325,15.0,0.0019438068074003794,31.5,4.0,4.0,31.5,4.0,4.0,0,0,0,0,-260.0,57.3,-34.1,-259.0,57.3,3.999999046,27.622517789373816,1.06,366.0267789373814,116.0,0.2330294710626186,16,1,109,6,Layer 3 Up
146,5.92,85.2,146,5.98,17.0,4.86,0.0933,326,7.65,0.00036835211100569266,108.0,9.5,16.5,108.0,9.66,-0.48,6.34,0.105,324,14.1,0.001375635970113852,31.5,4.0,4.0,31.5,4.0,4.0,0,0,0,0,-254.0,57.4,-1.69,-254.0,57.3,4.0,17.50809416508539,0.871,367.2152217741936,117.0,0.18986050166034157,16,1,111,6,Layer 3 Up
146,7.25,35.3,146,7.22,15.6,4.4,0.077,326,9.08,0.000608321394686907,108.0,9.32,16.5,108.0,9.06,-3.32,2.86,0.0777,325,12.6,0.0009471620967741935,31.5,4.0,4.0,31.5,4.0,4.0,0,0,0,0,-249.0,57.3,1.75,-249.0,57.3,4.0,29.2221679316888,0.947,367.26693548387095,119.0,0.20694297912713472,16,1,111,6,Layer 3 Up
146,8.07,-27.3,146,8.28,13.67,5.1,0.0813,326,11.3,0.0007926349798387097,109.0,8.35,41.5,109.0,8.2,-5.77,8.62,0.151,324,13.1,0.0016148374051233396,31.5,4.0,4.0,31.5,4.0,4.0,0,0,0,0,-244.0,57.3,-18.2,-243.0,57.3,4.0,25.81465429316888,0.953,366.18143975332066,118.0,0.20924653700189752,16,1,111,6,Layer 3 Up
147,9.28,85.2,147,9.13,11.2,4.37,0.0873,326,11.4,0.001090737393263757,109.0,7.17,-21.0,109.0,7.12,-7.7,3.83,0.0677,325,9.02,0.000486794165085389,31.5,3.975,-2.25,31.5,4.0,4.0,0,0,0,0,-238.0,57.4,40.4,-238.0,57.3,4.000000954,18.99407139468691,0.695,367.37036290322584,119.0,0.148995410341556,16,1,111,6,Layer 3 Up
147,9.8,41.5,147,9.7,8.35,4.73,0.0858,326,12.5,0.0011056788187855787,109.0,6.1,-21.0,109.0,5.87,-9.0,4.74,0.116,325,11.2,0.0006131284807874762,31.5,4.0,4.0,31.5,4.0,4.0,0,0,0,0,-233.0,57.2,-12.3,-233.0,57.3,3.999999046,31.28206534629981,1.08,366.28454696394687,117.0,0.23774369663187853,16,1,111,6,Layer 3 Up
148,9.82,35.3,148,9.98,5.28,5.61,0.0999,326,14.3,0.0013879814990512334,109.0,4.7,47.8,109.0,4.531,-9.7,1.84,0.0546,324,3.86,6.154901565464895e-05,31.5,4.0,4.0,31.5,4.0,4.0,0,0,0,0,-228.0,57.4,31.7,-227.0,57.3,4.0,19.340725806451612,0.915,366.33610056925994,116.0,0.19909570683111955,16,1,111,6,Layer 3 Up
148,10.05,16.5,148,10.0,4.0,6.5,0.0917,326,11.8,0.001319905834914611,109.0,3.975,-8.5,109.0,4.0,4.0,1.3,0.0218,325,1.51,2.42362019686907e-06,31.5,4.0,4.0,31.5,4.0,4.0,0,0,0,0,-222.0,57.4,-0.69,-222.0,57.3,4.0,20.481297438330174,1.08,367.5255040322581,121.0,0.23439707068311197,16,1,2,6,Layer 3 Up
149,9.9,22.8,149,10.0,4.0,5.21,0.102,326,14.3,0.0014225124525616697,109.0,4.0,4.0,109.0,4.0,4.0,1.05,0.0207,325,1.31,0.0,31.5,4.0,4.0,31.5,4.0,4.0,0,0,0,0,-217.0,57.3,-5.5,-217.0,57.3,4.0,27.08463709677419,1.05,367.57721774193544,117.0,0.23101602229601517,16,1,111,6,Layer 3 Up
150,10.25,4.0,150,10.0,4.0,4.47,0.0846,326,13.5,0.0012292236717267552,109.0,4.0,4.0,109.0,4.0,4.0,-0.177,0.0179,325,1.65,-1.6617282969639468e-06,31.5,4.0,4.0,31.5,4.0,4.0,0,0,0,0,-212.0,57.4,35.3,-211.0,57.3,4.000000954,24.015388401328273,0.862,367.6289314516129,119.0,0.18779806095825427,16,1,111,6,Layer 3 Up
150,10.18,47.8,150,10.0,4.0,4.38,0.0879,326,13.8,0.0012976963946869072,109.0,4.0,4.0,109.0,4.0,4.0,0.163,0.0172,325,1.27,0.0,31.5,4.0,4.0,31.5,4.0,4.0,0,0,0,0,-206.0,57.2,-58.9,-206.0,57.3,3.999999046,25.043263757115753,0.892,367.68064516129033,119.0,0.1946544592030361,16,1,111,6,Layer 3 Up
151,10.15,85.2,151,10.0,4.0,5.1,0.0937,326,12.4,0.0013206487191650853,109.0,4.0,4.0,109.0,4.0,4.0,0.119,0.0237,325,1.25,0.0,31.5,4.0,4.0,31.5,4.0,4.0,0,0,0,0,-201.0,57.4,28.0,-201.0,57.3,4.0,23.56674869544592,1.0,367.73235887096774,116.0,0.21859013282732448,16,1,111,6,Layer 3 Up
151,9.9,4.0,151,10.0,4.0,7.07,0.105,326,12.8,0.0014574724857685012,109.0,4.0,4.0,109.0,4.0,4.0,0.163,0.0207,325,1.11,-4.030822343453511e-06,31.5,4.0,4.0,31.5,4.0,4.0,0,0,0,0,-196.0,57.3,7.31,-195.0,57.3,4.0,25.278038425047438,0.882,367.78407258064516,119.0,0.19243191413662242,16,1,111,6,Layer 3 Up
152,9.82,-33.5,152,10.0,4.0,5.94,0.103,326,14.5,0.0014121250000000002,109.0,4.0,4.0,109.0,4.0,4.0,-0.429,0.0159,325,1.5,0.0,31.5,4.025,10.25,31.5,4.0,4.0,0,0,0,0,-190.0,57.3,-16.9,-190.0,57.3,4.0,21.97904233870968,0.822,367.83578629032263,118.0,0.17879324596774196,16,1,111,6,Layer 3 Up
153,10.13,10.25,153,10.0,4.0,4.22,0.0687,326,12.6,0.0009806536764705883,109.0,4.025,16.5,109.0,4.0,4.0,-0.133,0.017,325,1.36,0.0,31.5,4.0,4.0,31.5,4.0,4.0,0,0,0,0,-185.0,57.4,50.4,-185.0,57.3,4.000000954,25.057352941176468,0.928,367.8875,119.0,0.20273676470588234,16,1,111,6,Layer 3 Up
153,10.18,72.7,153,10.0,4.0,4.75,0.0877,326,12.8,0.001287217682637571,109.0,4.0,4.0,109.0,4.0,4.0,0.547,0.0185,325,1.72,1.035469799573055e-06,31.5,4.0,4.0,31.5,4.0,4.0,0,0,0,0,-180.0,57.2,-42.1,-179.0,57.3,3.999999046,26.997397414611005,1.08,366.8000830170778,117.0,0.23580005336812143,16,1,111,6,Layer 3 Up
154,10.0,35.3,154,10.0,4.0,6.09,0.104,326,14.1,0.001526649667931689,109.0,4.0,4.0,109.0,4.0,4.0,0.459,0.0211,325,1.13,3.406479482922202e-06,31.5,3.975,-8.5,31.5,4.0,4.0,0,0,0,0,-174.0,57.4,-3.38,-174.0,57.3,4.0,18.114723671726757,0.856,367.9909274193549,116.0,0.1868436907020873,16,1,111,6,Layer 3 Up
154,9.97,4.0,154,10.0,4.0,4.87,0.094,326,14.7,0.001321763045540797,109.0,4.0,4.0,109.0,4.0,4.0,1.35,0.0173,325,1.56,-1.0915939634724856e-06,31.5,4.0,4.0,31.5,4.0,4.0,0,0,0,0,-169.0,57.3,1.75,-169.0,57.3,4.0,29.511778344402273,0.952,368.04264112903223,120.0,0.208519514943074,16,1,2,6,Layer 3 Up
155,10.15,16.5,155,10.0,4.0,5.66,0.0853,326,12.6,0.0012307798861480076,109.0,4.0,4.0,109.0,4.0,4.0,-0.562,0.0211,325,2.1,1.5726631878557874e-06,31.5,4.0,-2.25,31.5,4.0,4.0,0,0,0,0,-164.0,57.3,-20.0,-163.0,57.3,4.0,26.097092030360532,0.971,366.95474383301706,119.0,0.21310725806451614,16,1,111,6,Layer 3 Up
156,10.13,72.7,156,10.0,4.0,5.05,0.0992,326,13.0,0.0013905207542694495,109.0,4.0,4.0,109.0,4.0,4.0,0.415,0.0167,325,0.775,1.4247138875711575e-06,31.5,4.025,16.5,31.5,4.0,4.0,0,0,0,0,-158.0,57.4,40.7,-158.0,57.3,4.000000954,18.578269093927894,0.703,368.14606854838706,120.0,0.15158955763757115,16,1,111,6,Layer 3 Up
156,10.03,79.0,156,10.0,4.0,6.32,0.107,326,13.3,0.0015617057637571155,109.0,4.0,-2.25,109.0,4.0,4.0,0.163,0.0234,325,1.5,1.413514705882353e-06,31.5,4.025,10.25,31.5,4.0,4.0,0,0,0,0,-153.0,57.2,-7.7,-153.0,57.3,3.999999046,30.664149667931685,1.08,367.05785104364327,118.0,0.23824562381404174,16,1,111,6,Layer 3 Up
157,9.9,-21.0,157,10.0,4.0,5.39,0.0968,326,13.8,0.0013795104957305502,109.0,4.0,4.0,109.0,4.0,4.0,0.207,0.0285,325,1.38,2.291583550759013e-06,31.5,4.0,4.0,31.5,4.0,4.0,0,0,0,0,-148.0,57.4,28.8,-147.0,57.3,4.0,19.039525023719165,0.917,367.10940464895634,117.0,0.20065607210626185,16,1,111,6,Layer 3 Up
157,10.03,-14.8,157,10.0,4.0,5.0,0.0846,326,12.8,0.001140251423149905,109.0,4.0,4.0,109.0,4.0,4.0,0.207,0.017,324,1.17,-1.8586098197343452e-06,31.5,4.0,4.0,31.5,4.0,4.0,0,0,0,0,-142.0,57.4,3.125,-142.0,57.3,4.0,18.814148481973433,0.732,368.3012096774193,119.0,0.1596351992409867,16,1,111,6,Layer 3 Up
158,10.22,79.0,158,10.0,4.0,3.76,0.0821,325,12.5,0.0011632197580645162,109.0,4.0,4.0,109.0,4.0,4.0,0.163,0.0181,324,1.2,1.5167473315939277e-06,31.5,4.0,4.0,31.5,4.0,4.0,0,0,0,0,-137.0,57.3,-10.8,-137.0,57.3,4.0,26.913712049335864,1.04,367.21251185958255,118.0,0.22922271703036054,16,1,111,6,Layer 3 Up
159,10.0,35.3,159,10.0,4.0,6.53,0.106,326,13.0,0.001551177419354839,109.0,4.0,4.0,109.0,4.0,4.0,0.756,0.0192,324,1.0,-1.0938081949715371e-06,31.5,4.0,4.0,31.5,4.0,4.0,0,0,0,0,-132.0,57.4,33.4,-131.0,57.3,4.000000954,24.066061432637575,0.862,367.2640654648957,119.0,0.18819431925996208,16,1,111,6,Layer 3 Up
159,9.9,-14.8,159,10.0,4.0,6.1,0.0993,326,14.2,0.0013802854008538898,109.0,4.0,4.0,109.0,4.0,4.0,-0.133,0.0179,325,1.45,1.6312463828273245e-06,31.5,4.0,4.0,31.5,4.0,4.0,0,0,0,0,-126.0,57.2,-63.9,-126.0,57.3,3.999999046,25.89461041271347,0.903,367.3156190702087,119.0,0.19620585863377607,16,1,111,6,Layer 3 Up
160,10.1,10.25,160,10.0,4.0,3.54,0.0834,326,14.8,0.0012207542694497153,109.0,3.975,-2.25,109.0,4.0,4.0,1.69,0.0226,325,2.25,-3.0918168880455408e-06,31.5,4.0,4.0,31.5,4.0,4.0,0,0,0,0,-121.0,57.4,28.0,-121.0,57.3,4.0,23.046015180265652,0.998,367.36717267552183,118.0,0.21905123339658444,16,1,111,6,Layer 3 Up
160,10.15,29.0,160,10.0,4.0,4.26,0.0766,326,13.2,0.0010976919710626186,109.0,4.0,4.0,109.0,4.0,4.0,-0.133,0.017,325,1.46,1.506188567362429e-06,31.5,3.975,-2.25,31.5,4.0,4.0,0,0,0,0,-116.0,57.3,4.687,-115.0,57.3,4.0,24.98903759487666,0.89,368.5597782258065,120.0,0.19511988259013285,16,1,2,6,Layer 3 Up
161,9.97,60.3,161,10.0,4.0,6.18,0.105,326,13.7,0.0015063999051233396,109.0,4.0,4.0,109.0,4.0,4.0,0.207,0.0153,325,1.42,0.0,31.5,4.0,4.0,31.5,4.0,4.0,0,0,0,0,-110.0,57.4,-10.4,-110.0,57.3,4.0,21.79715014231499,0.819,368.61149193548385,118.0,0.17917029174573054,16,1,111,6,Layer 3 Up
162,9.9,-2.25,162,10.0,4.0,6.01,0.104,326,14.8,0.0014723700782732446,109.0,4.0,4.0,109.0,4.0,4.0,1.1,0.0181,324,1.79,1.5979210151802656e-06,31.5,4.0,4.0,31.5,4.0,4.0,0,0,0,0,-105.0,57.4,51.6,-105.0,57.3,4.000000954,24.767775735294116,0.924,368.66320564516127,120.0,0.20316424335863376,16,1,111,6,Layer 3 Up
162,9.9,-39.8,162,10.0,4.0,4.18,0.0713,326,13.8,0.0009497548387096774,109.0,4.0,4.0,109.0,4.0,4.0,-0.000961,0.0181,325,2.04,1.1757782258064517e-06,31.5,4.0,4.0,31.5,4.0,4.0,0,0,0,0,-100.0,57.3,-39.2,-99.0,57.3,3.999999046,27.282620967741934,1.07,367.57338709677424,117.0,0.2351556451612903,16,1,111,6,Layer 3 Up
163,10.18,47.8,163,10.0,4.0,3.59,0.0727,326,12.6,0.0010161062025616696,109.0,4.0,4.0,109.0,4.0,4.0,0.459,0.0192,325,1.02,0.0,31.5,4.0,4.0,31.5,4.0,4.0,0,0,0,0,-94.5,57.4,-2.75,-94.1,57.3,4.0,18.495416271347246,0.859,368.7666330645161,117.0,0.18837923980075902,16,1,111,6,Layer 3 Up
163,10.0,54.0,163,10.0,4.0,4.66,0.097,326,14.7,0.001358804435483871,109.0,4.0,4.0,109.0,4.0,4.0,0.711,0.0171,325,0.739,0.0,31.5,4.0,4.0,31.5,4.0,4.0,0,0,0,0,-89.2,57.3,-3.69,-88.7,57.3,4.0,29.80234938330171,0.968,368.81834677419357,120.0,0.21352641129032257,16,1,111,6,Layer 3 Up
164,9.8,-8.5,164,9.93,1.96,5.67,0.106,326,14.0,0.0014617760910815942,109.0,3.05,-39.8,109.0,3.083,-9.6,-3.85,0.108,324,10.4,0.00021584037594876663,31.5,4.0,4.0,31.5,4.0,4.0,0,0,0,0,-83.8,57.3,-21.6,-83.4,57.3,4.0,26.15208787950664,0.961,367.7280479127135,119.0,0.21127232566413665,16,1,111,6,Layer 3 Up
164,9.43,-14.8,165,9.52,-1.31,6.19,0.0968,326,12.3,0.0012335464895635673,109.0,1.8,-64.7,109.0,1.66,-8.7,-3.74,0.0609,325,6.72,0.0003061022770398482,31.5,4.0,4.0,31.5,4.0,4.0,0,0,0,0,-78.1,57.3,34.9,-77.6,57.3,4.0,23.985626185958253,0.931,368.92177419354834,121.0,0.20330673624288423,16,1,113,6,Layer 3 Up
165,9.18,35.3,165,8.91,-3.84,4.74,0.0995,326,12.9,0.0011994494188804553,109.0,0.5,-58.5,109.0,0.55,-7.3,-5.68,0.114,325,10.7,0.0009538478712049336,31.5,4.025,10.25,31.5,4.0,4.0,0,0,0,0,-73.2,57.2,-14.6,-72.7,57.3,3.999999046,30.72875177893738,1.09,367.83115512333967,119.0,0.24103221655597723,16,1,113,6,Layer 3 Up
165,8.0,10.25,165,8.0,-6.2,6.67,0.119,326,12.0,0.0011230705052182163,108.0,-0.05,41.5,108.0,-0.47,-5.21,-5.08,0.0825,325,11.8,0.0008157399193548388,31.5,4.0,4.0,31.5,4.0,4.0,0,0,0,0,-67.8,57.4,23.6,-67.4,57.3,4.0,19.308129743833017,0.933,367.8827087286528,117.0,0.2056487191650854,16,1,113,6,Layer 3 Up
166,7.17,4.0,166,6.88,-8.0,2.28,0.0666,326,10.3,0.0004673450723434535,108.0,-1.4,29.0,108.0,-1.26,-2.66,-3.28,0.0658,325,12.7,0.0007747187262808348,31.5,4.0,4.0,31.5,4.0,4.0,0,0,0,0,-62.5,57.4,2.06,-62.1,57.3,4.0,19.76789670303605,0.737,369.07691532258065,120.0,0.1611140713946869,16,1,2,6,Layer 3 Up
166,5.77,54.0,166,5.61,-9.2,2.18,0.0652,326,8.75,0.0002319910578747628,107.0,-1.7,4.0,107.0,-1.78,0.25,-7.69,0.141,324,15.8,0.0018970697343453512,31.5,4.0,4.0,31.5,4.0,4.0,0,0,0,0,-57.2,57.3,-9.4,-56.7,57.3,4.0,28.684608633776094,1.06,367.98581593927895,117.0,0.23313387096774194,16,1,113,6,Layer 3 Up
166,4.4,16.5,166,4.256,-9.7,2.49,0.0673,326,7.28,3.566076375711575e-05,107.0,-1.85,-21.0,107.0,-1.99,3.35,-7.91,0.133,324,15.2,0.0018630463116698292,31.5,4.025,16.5,31.5,4.0,4.0,0,0,0,0,-51.8,57.4,33.1,-51.4,57.3,4.000000954,24.002437144212525,0.863,368.0373695445921,119.0,0.18859057756166986,16,1,113,6,Layer 3 Up
166,4.15,72.7,166,4.0,4.0,1.94,0.0435,326,3.61,-7.11028913662239e-06,106.0,-2.25,10.25,106.0,-2.0,4.0,-2.09,0.0622,325,13.2,0.0008104815109108159,31.5,4.0,4.0,31.5,4.0,4.0,0,0,0,0,-46.5,57.2,-58.8,-46.1,57.3,3.999999046,25.37755929791271,0.9,369.2320564516129,119.0,0.1966189278937381,16,1,113,6,Layer 3 Up
166,4.2,97.7,166,4.0,4.0,2.22,0.0425,326,2.39,-6.539638282732449e-06,106.0,-2.18,-52.3,106.0,-2.0,4.0,-4.96,0.0951,325,12.9,0.001451982625711575,31.5,4.0,4.0,31.5,4.0,4.0,0,0,0,0,-41.2,57.3,24.0,-40.7,57.3,4.0,23.323185483870965,1.01,368.14047675521823,117.0,0.22179892077798863,16,1,113,6,Layer 3 Up
166,4.15,66.5,166,4.0,4.0,1.65,0.0422,326,4.0,0.0,105.0,-1.95,-27.3,105.0,-2.0,4.0,-7.45,0.126,325,13.7,0.0018638292220113852,31.5,4.0,4.0,31.5,4.0,4.0,0,0,0,0,-35.8,57.3,0.31,-35.4,57.3,4.0,25.270322580645164,0.897,369.3354838709678,120.0,0.19667400379506642,16,1,113,6,Layer 3 Up
166,4.175,79.0,166,4.0,4.0,2.77,0.0407,326,1.9,0.0,105.0,-1.82,198.0,105.0,-2.0,4.0,-8.48,0.124,324,15.7,0.0016582397414611004,31.5,3.975,-2.25,31.5,4.0,4.0,0,0,0,0,-30.5,57.3,-15.2,-30.1,57.3,4.0,22.3004654886148,0.82,369.38719758064514,118.0,0.1806909511385199,16,1,113,6,Layer 3 Up
166,4.125,72.7,166,4.0,4.0,0.549,0.0445,326,4.95,-2.184607803605313e-05,104.0,-1.8,-33.5,104.0,-2.0,4.0,-8.52,0.149,325,15.5,0.0021846078036053132,31.5,4.0,4.0,31.5,4.0,4.0,0,0,0,0,-25.2,57.4,50.1,-24.7,57.3,4.000000954,25.16302182163188,0.926,369.4389112903226,119.0,0.2024479482922201,16,1,115,6,Layer 3 Up
166,-2.15,-77.2,166,-2.0,4.0,-4.52,0.0904,326,13.4,0.0012812058823529412,103.8,4.025,10.25,103.8,4.0,4.0,0.668,0.0193,325,2.89,-2.013323529411765e-06,31.5,3.975,-8.5,31.5,4.0,4.0,0,0,0,0,-19.8,57.3,-38.6,-19.4,57.3,3.999999046,26.19608455882353,1.04,368.34669117647064,117.0,0.2299306985294118,16,1,115,6,Layer 3 Up
165,-1.95,4.0,165,-2.0,4.0,-6.61,0.112,326,14.5,0.0015902905597722959,103.8,4.0,10.25,103.8,4.0,4.0,0.731,0.0298,325,3.25,-2.88311669829222e-06,31.5,4.0,4.0,31.5,4.0,4.0,0,0,0,0,-14.5,57.4,-4.69,-14.1,57.3,4.0,19.106368595825426,0.86,369.5423387096774,116.0,0.18991959203036055,16,1,115,6,Layer 3 Up
165,-1.8,41.5,165,-2.0,4.0,-7.14,0.113,326,13.7,0.0016362832661290323,103.8,3.95,-14.8,103.8,4.0,4.0,2.02,0.0287,325,0.851,4.268067540322581e-06,31.5,4.0,4.0,31.5,4.0,4.0,0,0,0,0,-8.9,57.4,45.0,-8.5,57.3,4.0,18.308064516129033,0.949,361.5842741935484,117.0,0.20596572580645162,16,1,2,6,Layer 3 Up
164,-2.05,4.0,164,-2.0,4.0,-4.05,0.0858,326,14.8,0.0012359672675521824,103.8,4.05,29.0,103.8,4.0,4.0,0.0562,0.0218,325,3.36,0.0,31.5,4.0,4.0,31.5,4.0,4.0,0,0,0,0,-3.83,57.3,-24.8,-3.39,57.3,4.0,25.52043524667932,0.962,368.5013519924099,119.0,0.2128610294117647,16,1,115,6,Layer 3 Up
163,-2.07,16.5,163,-2.0,4.0,-5.2,0.0957,326,13.4,0.0013505976043643264,103.8,3.95,-14.8,103.8,4.0,4.0,0.702,0.0313,325,2.54,0.0,31.5,4.0,4.0,31.5,4.0,4.0,0,0,0,0,1.72,57.2,-50.0,2.16,57.3,4.0,24.608346181214422,1.04,363.9746086337761,121.0,0.22777027395635674,16,1,115,6,Layer 3 Up
163,2.8,-39.8,163,2.77,-4.88,-4.0,0.0988,326,10.4,0.0002701573055028463,104.0,10.13,66.5,104.0,9.87,2.16,2.27,0.0485,325,12.1,0.0006513538425047438,31.5,4.0,4.0,31.5,4.0,4.0,0,0,0,0,6.84,57.2,-10.6,7.28,57.3,3.999999046,30.22098671726755,1.07,368.6044592030361,119.0,0.23810474383301708,16,1,115,6,Layer 3 Up
163,1.95,-14.8,163,1.9,-4.5,-4.51,0.0572,326,6.06,0.0002633257234345351,105.0,9.7,60.3,105.0,9.62,0.84,5.0,0.0947,324,13.1,0.001305179672675522,31.5,3.975,-8.5,31.5,4.0,4.0,0,0,0,0,12.17,57.4,28.0,12.61,57.3,4.0,19.463205645161292,0.915,368.6560128083492,116.0,0.20035652870018977,16,1,117,6,Layer 3 Down
163,1.2,4.0,163,1.04,-3.91,-5.71,0.112,326,11.1,0.0007660414966793169,105.0,9.25,-64.7,105.0,9.22,-0.45,4.13,0.0777,324,13.3,0.0009515403344402277,31.5,4.0,4.0,31.5,4.0,4.0,0,0,0,0,17.7,57.2,-36.7,18.2,57.3,4.0,22.557574715370016,1.08,362.98229364326374,121.0,0.23702629269449713,16,1,117,6,Layer 3 Down
162,0.53,4.0,162,0.32,-3.18,-6.66,0.0989,326,10.3,0.0008508944912239089,106.0,8.68,22.8,106.0,8.74,-1.55,5.09,0.103,324,13.5,0.0011566668050284631,31.5,3.975,-2.25,31.5,4.0,4.0,0,0,0,0,22.8,57.3,-11.3,23.3,57.3,4.0,26.912544473434536,1.04,368.75912001897535,118.0,0.2301881463472486,16,1,117,6,Layer 3 Down
162,-0.22,10.25,162,-0.38,-2.22,-5.83,0.103,326,11.9,0.001101850521821632,106.0,7.92,-52.3,106.0,8.1,-2.6,7.62,0.11,325,10.4,0.001065198529411765,31.5,4.0,4.0,31.5,4.0,4.0,0,0,0,0,28.4,57.4,5.38,28.8,57.3,4.0,19.471370967741937,0.81,364.22917457305505,119.0,0.17867846299810247,16,1,117,6,Layer 3 Down
162,-1.03,10.25,162,-0.97,-1.11,-4.26,0.0756,326,11.6,0.0008854984523244782,107.0,7.5,-27.3,107.0,7.37,-3.49,1.77,0.0325,324,6.99,0.00022567036883301705,31.5,4.0,10.25,31.5,4.0,4.0,0,0,0,0,33.9,57.3,-10.1,34.4,57.3,4.0,28.06560424573055,0.995,368.8622272296015,117.0,0.2199426944971537,16,1,117,6,Layer 3 Down
161,-1.43,-39.8,161,-1.4,0.03,-5.17,0.0913,326,11.8,0.001191522770398482,107.0,6.7,-39.8,107.0,6.61,-4.15,3.53,0.0605,325,6.6,0.00040328462998102466,31.5,4.0,4.0,31.5,4.0,4.0,0,0,0,0,39.1,57.3,-11.4,39.5,57.3,4.0,28.18409629981025,1.02,363.18530597722963,119.0,0.2245562144212524,16,1,117,6,Layer 3 Down
160,-1.57,66.5,160,-1.73,1.3,-4.44,0.0959,326,15.5,0.001363567540322581,107.0,5.73,-14.8,107.0,5.77,-4.66,4.11,0.0726,325,7.63,0.00028875547912713475,31.5,4.0,4.0,31.5,4.0,4.0,0,0,0,0,44.4,57.5,35.7,44.8,57.3,4.0,16.385727585388995,0.863,363.2360590607211,115.0,0.1890660875237192,16,1,2,6,Layer 3 Down
160,-2.07,-14.8,160,-1.94,2.69,-3.74,0.0715,326,13.4,0.0010016172675521822,107.0,4.975,22.8,107.0,4.849,-4.98,2.37,0.0653,325,7.57,0.00014783595825426944,31.5,4.0,4.0,31.5,4.0,4.0,0,0,0,0,49.9,57.4,41.9,50.4,57.3,4.0,23.37870967741935,1.01,370.1629032258065,116.0,0.22232694497153702,16,1,117,6,Layer 3 Down
159,-1.1,198.0,159,4.0,276.0,1.14,0.0559,326,1.12,-0.00013754103415559773,107.0,4.1,22.8,107.0,4.0,3.857,3.82,0.0736,325,5.11,0.0,31.5,4.0,4.0,31.5,4.0,4.0,0,0,0,0,55.3,57.4,26.9,55.7,57.3,4.0,19.37036231024668,0.803,370.2146169354839,118.0,0.1753648185483871,16,1,117,6,Layer 3 Down
159,-1.97,-2.25,159,-2.0,4.0,-5.64,0.104,326,13.9,0.0015590161290322583,107.0,3.925,-33.5,107.0,4.0,4.0,3.42,0.0705,325,4.05,1.226578866223909e-05,31.5,4.0,10.25,31.5,4.0,4.0,0,0,0,0,60.4,57.5,60.9,60.8,57.3,4.000000954,18.799900379506642,0.735,363.38831831119546,119.0,0.15934061907020877,16,1,117,6,Layer 3 Down
158,-2.0,-27.3,158,-2.0,4.0,-6.19,0.103,326,13.2,0.0015133740512333965,107.0,4.1,47.8,107.0,4.0,4.0,2.8,0.0529,325,3.81,-1.8114628795066416e-05,31.5,4.0,4.0,31.5,4.0,4.0,0,0,0,0,65.7,57.2,-38.7,66.2,57.3,4.0,34.05091615275142,1.0,364.58556688804555,118.0,0.21898063923149905,16,1,117,6,Layer 3 Down
158,-1.85,35.3,158,-2.0,4.0,-5.52,0.098,326,14.7,0.0013874532732447817,107.0,4.1,47.8,107.0,4.0,4.0,0.728,0.0517,324,7.17,-8.565517314990512e-06,31.5,4.0,4.0,31.5,4.0,4.0,0,0,0,0,71.3,57.3,-39.2,71.7,57.3,4.0,26.029082068311197,0.981,369.2231024667932,118.0,0.2167179079696395,16,1,117,6,Layer 3 Down
157,-2.13,-21.0,157,-2.0,4.0,-3.64,0.0912,326,14.9,0.0013417743714421251,107.0,3.975,-14.8,107.0,4.0,4.0,3.56,0.0644,325,3.59,3.463383420303605e-05,31.5,4.025,10.25,31.5,4.0,4.0,0,0,0,0,76.4,57.4,36.9,76.8,57.3,4.0,19.151822224857682,0.783,363.5405775616698,118.0,0.17202235531309296,16,1,117,6,Layer 3 Down
156,-2.1,-14.8,156,-2.0,4.0,-5.31,0.0871,326,12.8,0.001238733870967742,107.0,4.075,41.5,107.0,4.0,4.0,3.02,0.0486,325,3.42,-2.5692258064516128e-05,31.5,4.0,4.0,31.5,4.0,4.0,0,0,0,0,81.9,57.3,26.6,82.4,57.3,4.0,25.921653225806452,0.94,370.47318548387096,118.0,0.2064556451612903,16,1,117,6,Layer 3 Down
156,-2.07,-2.25,156,-2.0,4.0,-4.98,0.09,326,13.7,0.0013192062974383303,107.0,4.05,29.0,107.0,4.0,4.0,3.2,0.0556,325,3.73,-2.626941235768501e-05,31.5,4.0,4.0,31.5,4.0,4.0,0,0,0,0,86.8,57.2,-17.8,87.3,57.3,3.999999046,32.92280064041746,1.08,369.3777632827325,116.0,0.23860426944971538,16,1,117,6,Layer 3 Down
155,-1.93,35.3,155,-2.0,4.0,-8.07,0.0989,326,10.9,0.0013652822580645162,107.0,4.075,41.5,107.0,4.0,4.0,2.58,0.0506,325,4.0,-2.5240512333965843e-05,31.5,3.975,-8.5,31.5,4.0,4.0,0,0,0,0,92.6,57.4,31.6,93.0,57.3,3.999999046,21.110246679316884,0.746,370.5766129032258,121.0,0.16176873814041742,16,1,117,6,Layer 3 Down
155,-1.97,35.3,155,-2.0,4.0,-5.81,0.0963,326,13.1,0.0013539982210626187,107.0,4.075,35.3,107.0,4.0,4.0,2.58,0.0504,325,3.89,-1.7900315464895635e-05,31.5,3.975,-2.25,31.5,4.0,4.0,0,0,0,0,97.9,57.3,16.6,98.4,57.3,4.0,30.75182400379507,1.06,369.4808704933586,117.0,0.23408104838709676,16,1,117,6,Layer 3 Down
154,-1.95,-8.5,154,-2.0,4.0,-4.82,0.109,326,16.0,0.0016410912001897536,107.0,3.95,-14.8,107.0,4.0,4.0,3.25,0.0657,325,4.17,5.8528427419354846e-05,31.5,4.0,4.0,31.5,4.0,4.0,0,0,0,0,103.1,57.3,26.8,103.5,57.3,4.0,23.411370967741934,0.893,362.64672675521825,121.0,0.19738999051233397,16,1,2,6,Layer 3 Down
153,-2.0,-39.8,153,-2.0,4.0,-6.89,0.119,326,13.7,0.0017790533088235293,107.0,4.075,35.3,107.0,4.0,4.0,2.67,0.0491,324,3.96,-1.7560977822580645e-05,31.5,4.025,10.25,31.5,4.0,4.0,0,0,0,0,109.0,57.3,-16.9,109.0,57.3,4.0,21.578194971537002,0.779,370.73175403225804,122.0,0.1721664492409867,16,1,117,6,Layer 3 Down
153,-1.9,16.5,153,-2.0,4.0,-6.1,0.102,325,14.5,0.0014578792694497154,107.0,4.075,35.3,107.0,4.0,4.0,1.61,0.0491,324,5.04,-2.536939516129032e-05,31.5,4.0,4.0,31.5,4.0,4.0,0,0,0,0,114.0,57.3,-10.4,114.0,57.3,4.0,28.58361717267552,1.01,369.6355313092979,116.0,0.22269966793168883,16,1,117,6,Layer 3 Down
152,-1.97,-14.8,152,-2.0,4.178,3.17,0.132,325,1.96,0.00018943592860531312,107.0,4.0,22.8,107.0,3.864,-5.07,1.52,0.047,324,4.73,-7.542994248102467e-06,31.5,3.975,-2.25,31.5,4.0,4.0,0,0,0,0,119.0,57.4,43.2,120.0,57.3,3.999999046,20.321308704933585,0.786,370.8351814516129,119.0,0.17221448055028463,16,1,117,6,Layer 3 Down
152,-1.95,-39.8,152,-1.92,5.49,-4.53,0.1,325,14.5,0.0014582859345351044,107.0,3.15,22.8,107.0,3.0,-4.95,-5.86,0.107,324,7.66,0.0002572094876660341,31.5,4.0,4.0,31.5,4.0,4.0,0,0,0,0,124.0,57.5,40.3,125.0,57.3,4.0,15.84594165085389,0.87,362.8490986717267,116.0,0.19061060246679318,16,1,119,6,Layer 3 Down
151,-1.5,54.0,151,-1.7,6.82,-5.15,0.0981,325,12.9,0.001343647592504744,107.0,2.12,-33.5,107.0,2.08,-4.61,-5.78,0.106,324,9.67,0.0005477947877134725,31.5,4.0,4.0,31.5,4.0,4.0,0,0,0,0,130.0,57.2,-22.6,130.0,57.3,4.0,29.284627016129033,0.99,364.04810839658444,119.0,0.2193475984345351,16,1,119,6,Layer 3 Down
151,-1.47,-27.3,150,-1.33,8.14,-3.3,0.0756,326,13.6,0.0009441301707779887,107.0,1.2,-33.5,107.0,1.25,-4.08,-8.26,0.134,324,9.76,0.0009177129032258065,31.5,4.0,4.0,31.5,4.0,4.0,0,0,0,0,135.0,57.4,27.6,136.0,57.3,4.0,19.410948766603415,0.805,370.99032258064517,118.0,0.17573225806451614,16,1,119,6,Layer 3 Down
150,-1.05,-27.3,150,-0.86,9.3,-4.46,0.0888,326,12.5,0.0010625816828747628,106.0,0.45,-27.3,106.0,0.48,-3.36,-7.78,0.148,324,12.9,0.0013210474976280834,31.5,4.0,4.0,31.5,4.0,4.0,0,0,0,0,141.0,57.3,-37.6,141.0,57.3,4.0,23.319360175521822,0.87,369.8932993358634,120.0,0.1929878083491461,16,1,119,6,Layer 3 Down
150,-0.2,66.5,150,-0.27,10.35,-4.98,0.0895,325,12.1,0.0008915441176470588,106.0,-0.07,35.3,106.0,-0.21,-2.48,-4.67,0.0801,324,11.1,0.0007743566176470588,31.5,4.0,4.0,31.5,4.0,4.0,0,0,0,0,146.0,57.4,56.4,146.0,57.3,3.999999046,24.24172794117647,0.929,369.94485294117646,118.0,0.2033547794117647,16,1,119,6,Layer 3 Down
149,0.28,16.5,149,0.41,11.26,-3.71,0.0595,326,8.23,0.0004963926944971537,106.0,-0.43,35.3,106.0,-0.81,-1.45,-6.24,0.101,324,13.2,0.0010743684475806453,31.5,4.0,4.0,31.5,4.0,4.0,0,0,0,0,151.0,57.2,-42.9,152.0,57.3,4.0,26.773031902277044,0.986,369.9964065464896,118.0,0.21832086100569262,16,1,119,6,Layer 3 Down
149,1.2,4.0,149,1.18,11.99,-4.91,0.0849,326,9.19,0.0005481766366223909,105.0,-1.1,97.7,105.0,-1.29,-0.29,-7.31,0.113,324,13.1,0.001356076375711575,31.5,4.0,4.0,31.5,4.0,4.0,0,0,0,0,157.0,57.3,-37.7,157.0,57.3,4.0,14.480137571157494,0.919,370.04796015180267,128.0,0.20341145635673621,16,1,2,6,Layer 3 Down
149,1.85,-14.8,149,2.01,12.55,-5.66,0.0889,326,7.74,0.00043791277870018977,105.0,-1.7,-27.3,105.0,-1.66,0.96,-9.07,0.159,324,14.9,0.002275767196394687,31.5,3.975,-8.5,31.5,4.0,4.0,0,0,0,0,162.0,57.3,32.4,162.0,57.3,4.0,25.975928605313097,0.934,370.09951375711574,119.0,0.205738549573055,16,1,119,6,Layer 3 Down
148,2.75,-27.3,148,2.88,12.91,-3.92,0.0713,326,7.71,0.00018392599620493358,104.0,-1.88,-58.5,104.0,-1.9,2.28,-7.44,0.143,324,15.5,0.002057672082542694,31.5,3.975,-2.25,31.5,4.0,4.0,0,0,0,0,167.0,57.3,-14.4,168.0,57.3,4.0,21.841212049335862,0.896,370.1510673624288,118.0,0.1988699833965844,16,1,119,6,Layer 3 Down
148,3.65,4.0,148,3.784,13.07,-3.05,0.066,326,6.23,0.0,103.4,-1.72,-33.5,103.4,-2.0,3.646,-8.37,0.131,324,13.9,0.0017475403225806453,31.5,3.975,-8.5,31.5,4.0,4.0,0,0,0,0,173.0,57.4,40.1,173.0,57.3,3.999999046,17.8203125,0.73,371.3523185483871,122.0,0.15865826612903228,16,1,119,6,Layer 3 Down
148,3.9,-52.3,148,4.0,4.0,-1.36,0.0562,326,4.29,-4.047499051233397e-05,102.9,-2.07,-21.0,102.9,-2.0,4.0,-3.01,0.0781,324,13.2,0.0010946645161290323,31.5,3.975,-8.5,31.5,4.0,4.0,0,0,0,0,178.0,57.3,18.9,178.0,57.3,4.0,30.126271347248576,1.06,370.254174573055,117.0,0.23572082542694497,16,1,119,6,Layer 3 Down
148,3.875,-52.3,148,4.0,4.0,-1.26,0.0413,325,4.88,-1.3340206356736243e-05,102.3,-1.95,4.0,102.3,-2.0,4.0,-4.87,0.0949,324,14.8,0.001403021703036053,31.5,4.0,4.0,31.5,4.0,4.0,0,0,0,0,183.0,57.4,24.1,184.0,57.3,4.0,17.940277514231497,0.925,370.3057281783681,116.0,0.20355314871916505,16,1,119,6,Layer 3 Down
148,3.875,-52.3,148,4.0,4.0,-0.734,0.0401,326,5.32,-1.276697462049336e-05,101.7,-1.93,91.5,101.7,-2.0,4.0,-5.66,0.0811,324,13.6,0.0010903686432637571,31.5,3.975,-8.5,31.5,4.0,4.0,0,0,0,0,189.0,57.3,-19.6,189.0,57.3,4.0,23.118575664136625,0.792,371.5074596774193,121.0,0.1736768619544592,16,1,119,6,Layer 3 Down
148,3.925,-33.5,148,4.0,4.0,-3.06,0.0459,326,2.11,-3.094409214895636e-05,101.1,-2.22,10.25,101.1,-2.0,4.0,-4.42,0.0831,324,13.6,0.0012078548980075901,31.5,4.0,4.0,31.5,4.0,4.0,0,0,0,0,194.0,57.3,-11.8,194.0,57.3,4.0,28.988517552182163,1.02,370.4088353889943,117.0,0.2254662476280835,16,1,119,6,Layer 3 Down
148,3.925,-33.5,148,4.0,4.0,-2.65,0.0445,325,3.42,-1.4381226280834914e-05,100.5,-2.28,-39.8,100.5,-2.0,4.0,-4.52,0.12,324,15.3,0.001806282020872865,31.5,4.0,-2.25,31.5,4.0,4.0,0,0,0,0,199.0,57.4,42.4,200.0,57.3,3.999999046,20.0186669829222,0.794,370.4603889943074,120.0,0.17372521347248576,16,1,119,6,Layer 3 Down
148,3.95,-21.0,148,4.0,4.0,-3.06,0.0445,326,3.39,-7.214626956831119e-06,99.9,-2.13,-52.3,99.9,-2.0,4.0,-7.34,0.148,324,17.0,0.0022783032495256165,31.5,3.975,-2.25,31.5,4.0,4.0,0,0,0,0,205.0,57.2,-62.4,205.0,57.3,4.0,29.686981736242885,0.925,371.6626008064516,122.0,0.2013651861954459,16,1,119,6,Layer 3 Down
148,4.05,-14.8,148,4.243,13.07,-0.75,0.0254,325,1.24,-6.317992528462999e-06,99.5,-1.9,135.0,99.4,-2.0,4.341,-4.51,0.13,324,15.9,0.0019333747628083493,31.5,3.95,-14.8,31.5,4.0,4.0,0,0,0,0,210.0,57.4,45.1,210.0,57.3,4.0,22.095711574952563,0.997,369.41267789373813,116.0,0.22095711574952565,16,1,2,6,Layer 3 Down
148,5.1,41.5,148,5.14,12.91,2.27,0.0487,325,7.65,8.482710922675521e-05,98.9,-1.95,-27.3,98.8,-1.89,5.7,-5.37,0.109,324,13.2,0.0015653306451612903,31.5,3.975,-2.25,31.5,4.0,4.0,0,0,0,0,215.0,57.4,22.3,216.0,57.3,4.0,19.221339539848195,0.819,370.61504981024666,118.0,0.17955263282732448,16,1,120,6,Layer 3 Down
149,6.0,16.5,149,6.02,12.55,5.31,0.0956,325,8.77,0.0004063518975332068,98.3,-1.53,66.5,98.2,-1.65,7.03,-6.75,0.103,324,12.3,0.0013007865275142315,31.5,4.0,4.0,31.5,4.0,4.0,0,0,0,0,221.0,57.3,-40.4,221.0,57.3,4.0,24.63436432637571,0.872,370.6666034155598,119.0,0.1933912713472486,16,1,120,6,Layer 3 Down
149,6.92,16.5,149,6.85,12.0,3.49,0.0684,325,9.09,0.0004973610056925996,97.7,-1.55,-46.0,97.7,-1.28,8.28,-6.19,0.13,324,14.1,0.001738460922675522,31.5,3.975,-2.25,31.5,4.0,4.0,0,0,0,0,226.0,57.4,51.9,226.0,57.3,3.999999046,24.40753083491461,0.93,370.71815702087287,118.0,0.2060824537476281,16,1,120,6,Layer 3 Down
149,7.75,22.8,149,7.61,11.26,3.56,0.076,325,10.1,0.0006736033562618596,97.2,-0.5,16.5,97.2,-0.79,9.44,-5.47,0.092,324,12.9,0.0010121322224857685,31.5,3.975,-8.5,31.5,4.0,4.0,0,0,0,0,231.0,57.2,-40.8,232.0,57.3,4.0,27.635009487666032,0.997,370.76971062618594,118.0,0.2199286171726755,16,1,120,6,Layer 3 Down
150,8.22,47.8,150,8.29,10.36,4.18,0.107,325,13.8,0.0010687022770398482,96.8,-0.53,22.8,96.7,-0.19,10.47,-3.77,0.0857,324,11.9,0.0009201434475806452,31.5,4.0,4.0,31.5,4.0,4.0,0,0,0,0,237.0,57.3,-36.8,237.0,57.3,4.0,25.565938092979128,0.929,370.8212642314991,118.0,0.2061397711100569,16,1,120,6,Layer 3 Down
150,8.95,16.5,150,8.87,9.32,4.55,0.0872,326,12.3,0.001065395517077799,96.4,0.35,-14.8,96.3,0.5,11.35,-4.89,0.114,324,12.3,0.0010308421489563567,31.5,4.0,4.0,31.5,4.0,4.0,0,0,0,0,242.0,57.3,33.8,242.0,57.3,4.0,24.878425047438334,0.923,372.0245967741936,120.0,0.20501665085388995,16,1,120,6,Layer 3 Down
150,9.45,22.8,151,9.34,8.15,4.99,0.0862,325,11.9,0.0011404196513282732,96.1,1.08,-2.25,96.0,1.27,12.07,-4.06,0.0814,324,9.2,0.0005817292160815939,31.5,4.0,4.0,31.5,4.0,4.0,0,0,0,0,247.0,57.3,-17.0,248.0,57.3,4.0,22.232423505692598,0.905,370.9243714421252,118.0,0.20158933230550283,16,1,120,6,Layer 3 Down
151,9.65,-33.5,151,9.69,6.88,4.97,0.0859,325,13.6,0.001152099146110057,95.8,2.17,47.8,95.8,2.11,12.6,-4.13,0.0877,324,9.77,0.0003859532139468691,31.5,4.0,4.0,31.5,4.0,4.0,0,0,0,0,253.0,57.4,36.9,253.0,57.3,3.999999046,21.544254032258063,0.736,372.1280241935484,119.0,0.16014178130929793,16,1,120,6,Layer 3 Down
152,9.97,66.5,152,9.91,5.56,4.97,0.102,326,14.5,0.0014979370256166984,95.7,2.92,10.25,95.7,2.99,12.94,-5.14,0.0821,324,7.15,0.0002085589243358634,31.5,4.0,4.0,31.5,4.0,4.0,0,0,0,0,258.0,57.3,15.8,258.0,57.3,4.0,30.765321987666034,1.07,371.0274786527514,117.0,0.23851766484819734,16,1,120,6,Layer 3 Down
152,9.82,4.0,152,10.0,4.192,5.93,0.0994,325,14.1,0.0013368064516129032,95.6,3.8,4.0,95.6,3.891,13.07,-5.49,0.102,324,7.86,-1.8899677419354837e-05,31.5,3.975,-8.5,31.5,4.0,4.0,0,0,0,0,263.0,57.4,26.6,264.0,57.3,4.0,16.47959677419355,0.928,369.92661290322576,116.0,0.20397822580645159,16,1,2,6,Layer 3 Down
153,10.15,4.0,153,10.0,4.0,4.44,0.0658,326,12.5,0.0009462677360056926,95.6,4.025,16.5,95.6,4.0,4.0,-5.19,0.0789,324,6.19,-2.8814486480075904e-05,31.5,4.0,4.0,31.5,4.0,4.0,0,0,0,0,269.0,57.3,-19.6,269.0,57.3,4.0,22.59055740037951,0.785,371.13058586337763,121.0,0.1728869188804554,16,1,120,6,Layer 3 Down
153,10.13,66.5,153,10.0,4.0,2.86,0.0889,326,15.7,0.0013371778937381405,95.6,4.0,10.25,95.6,4.0,4.0,-4.44,0.0745,325,6.65,-6.801163425047439e-05,31.5,3.975,-8.5,31.5,4.0,4.0,0,0,0,0,274.0,57.3,-10.4,274.0,57.3,4.0,28.242119307400383,1.02,371.1821394686907,118.0,0.22708969402277043,16,1,121,6,Layer 3 Down
154,9.8,-2.25,154,10.0,4.0,5.67,0.101,325,14.4,0.0014295955882352941,95.6,4.025,22.8,95.6,4.0,4.0,-4.63,0.076,324,6.3,-8.358522592504744e-05,31.5,4.0,4.0,31.5,4.0,4.0,0,0,0,0,279.0,57.4,43.1,280.0,57.3,3.999999046,20.060454222011384,0.792,371.2336930740038,119.0,0.174087849857685,16,1,121,6,Layer 3 Down
154,9.9,-33.5,155,10.0,4.0,4.2,0.0888,326,15.2,0.0011991821631878556,95.6,4.0,10.25,95.6,4.0,4.0,-4.35,0.0724,324,7.32,-2.640506878557875e-05,31.5,4.0,4.0,31.5,4.0,4.0,0,0,0,0,285.0,57.2,-65.1,285.0,57.3,4.0,31.93975569259962,0.926,371.2852466793169,119.0,0.20063240037950664,16,1,121,6,Layer 3 Down
155,10.1,4.0,155,10.0,4.0,3.35,0.0746,326,15.0,0.0010678816057874763,95.6,4.0,10.25,95.6,4.0,4.0,-3.64,0.0737,324,7.81,-4.0593339658444026e-05,31.5,4.0,4.0,31.5,4.0,4.0,0,0,0,0,290.0,57.4,47.4,290.0,57.3,4.0,22.257143619544596,0.993,370.18358040796966,116.0,0.2214182163187856,16,1,121,6,Layer 3 Down
156,10.2,60.3,156,10.0,4.0,3.49,0.0775,325,14.3,0.0011418461812144213,95.6,4.0,10.25,95.6,4.0,4.0,-4.05,0.0728,324,7.63,-4.002228534155598e-05,31.5,4.0,4.0,31.5,4.0,4.0,0,0,0,0,295.0,57.4,23.9,296.0,57.3,4.0,19.03076968690702,0.812,371.38835388994306,119.0,0.17877389705882352,16,1,121,6,Layer 3 Down
156,10.0,47.8,156,10.0,4.0,4.86,0.1,326,14.9,0.001441925106736243,95.6,4.025,22.8,95.6,4.0,4.0,-4.5,0.0757,325,7.12,-4.04892569971537e-05,31.5,4.0,4.0,31.5,4.0,4.0,0,0,0,0,301.0,57.3,-46.4,301.0,57.3,4.0,25.954651921252374,0.89,371.4399074952562,118.0,0.19610181451612904,16,1,121,6,Layer 3 Down
157,9.88,-33.5,157,10.0,4.0,5.48,0.0973,326,14.9,0.001395977229601518,95.6,4.025,22.8,95.6,4.0,4.0,-4.24,0.0734,324,7.15,-5.3300948766603416e-05,31.5,4.0,4.0,31.5,4.0,4.0,0,0,0,0,306.0,57.4,54.6,306.0,57.3,3.999999046,24.112333965844403,0.932,371.49146110056927,119.0,0.20651233396584442,16,1,121,6,Layer 3 Down
157,10.03,-33.5,158,10.0,4.0,4.2,0.0687,326,13.5,0.000964627205882353,95.6,4.025,22.8,95.6,4.0,4.0,-4.44,0.0723,324,7.32,-2.653878676470588e-05,31.5,4.0,4.0,31.5,4.0,4.0,0,0,0,0,311.0,57.2,-46.0,312.0,57.3,4.0,26.884944852941175,1.01,370.3891544117647,118.0,0.22269503676470587,16,1,121,6,Layer 3 Down
158,10.1,16.5,158,10.0,4.0,4.91,0.0834,326,12.7,0.001211721418406072,95.6,4.025,22.8,95.6,4.0,4.0,-3.23,0.0753,324,10.5,-1.3271234582542695e-05,31.5,3.975,-2.25,31.5,4.0,4.0,0,0,0,0,317.0,57.3,-35.5,317.0,57.3,4.0,25.042242647058824,0.931,371.5945683111955,117.0,0.20656965132827323,16,1,121,6,Layer 3 Down
159,9.93,4.0,159,10.0,4.0,6.77,0.104,325,12.9,0.0015004346537001898,95.6,4.025,16.5,95.6,4.0,4.0,-4.14,0.0723,324,7.49,-5.297688508064516e-05,31.5,4.0,4.0,31.5,4.0,4.0,0,0,0,0,322.0,57.3,35.6,322.0,57.3,4.0,25.853643263757117,0.933,371.64612191650855,119.0,0.20659831000948767,16,1,2,6,Layer 3 Down
159,9.95,-27.3,159,10.0,4.0,5.01,0.0912,325,14.3,0.0013274916982922201,95.6,4.025,22.8,95.6,4.0,4.0,-4.44,0.0721,324,6.85,-6.591284867172675e-05,31.5,3.975,-14.8,31.5,4.0,4.0,0,0,0,0,327.0,57.3,-20.1,328.0,57.3,4.0,23.086812144212523,0.907,371.6976755218216,118.0,0.20200960626185957,16,1,121,6,Layer 3 Down
160,9.95,-58.5,160,10.0,4.0,4.15,0.0865,326,15.7,0.0012122257471537002,95.6,4.025,22.8,95.6,4.0,4.0,-4.35,0.0728,324,7.1,-5.2991582661290325e-05,31.5,3.975,-8.5,31.5,4.0,4.0,0,0,0,0,333.0,57.4,38.1,333.0,57.3,3.999999046,20.20376245256167,0.734,372.9037298387097,120.0,0.16047559890891844,16,1,121,6,Layer 3 Down
160,10.22,54.0,161,10.0,4.0,3.22,0.078,326,13.5,0.0011165570090132828,95.6,4.025,22.8,95.6,4.0,4.0,-3.84,0.0736,324,7.57,-3.9604865986717274e-05,31.5,4.0,4.0,31.5,4.0,4.0,0,0,0,0,338.0,57.3,16.4,338.0,57.3,4.0,29.328384724857685,1.07,370.64612191650855,117.0,0.23786012808349147,16,1,121,6,Layer 3 Down
161,10.0,16.5,161,10.0,4.0,5.41,0.107,326,13.7,0.0015474600332068312,95.6,4.025,22.8,95.6,4.0,4.0,-4.68,0.0715,324,7.1,-1.31649584914611e-05,31.5,4.0,-2.25,31.5,4.0,4.0,0,0,0,0,343.0,57.4,24.2,344.0,57.3,4.0,17.322313804554078,0.92,370.6975154174573,116.0,0.2032484819734345,16,1,121,6,Layer 3 Down
162,9.82,-39.8,162,10.0,4.0,6.48,0.106,326,14.9,0.001489925521821632,95.6,4.025,22.8,95.6,4.0,4.0,-4.63,0.0728,324,6.64,-5.278263282732448e-05,31.5,4.0,4.0,31.5,4.0,4.0,0,0,0,0,349.0,57.3,-16.3,349.0,57.3,4.0,28.18153700189753,0.791,371.90388994307403,117.0,0.1744021347248577,16,1,121,6,Layer 3 Down
162,9.97,-46.0,162,10.0,4.0,4.96,0.0819,326,14.2,0.0011666925403225807,95.6,4.05,29.0,95.6,4.0,4.0,-4.4,0.0748,324,7.35,-3.9736854838709686e-05,31.5,3.975,-8.5,31.5,4.0,4.0,0,0,0,0,354.0,57.3,-8.0,354.0,57.3,4.0,27.723387096774196,1.01,371.9554435483871,118.0,0.22525252016129035,16,1,121,6,Layer 3 Down
163,10.1,22.8,163,10.0,4.0,3.71,0.0759,325,14.0,0.0011194868951612904,95.6,4.05,29.0,95.6,4.0,4.0,-4.98,0.073,324,6.68,-1.3285964184060721e-05,31.5,3.975,-8.5,31.5,4.0,4.0,0,0,0,0,359.0,57.4,41.0,360.0,57.3,3.999999046,20.679892077798858,0.8,372.0069971537002,119.0,0.1767610887096774,16,1,121,6,Layer 3 Down
163,10.0,54.0,163,5.53,-918.0,5.59,0.103,326,14.4,0.0015598728059772297,95.6,4.05,35.3,95.6,4.0,4.0,-4.84,0.0729,324,6.7,-2.6806703036053134e-05,31.5,4.0,4.0,31.5,4.0,4.0,0,0,0,0,365.0,57.2,-60.7,365.0,57.3,4.0,31.659640654648957,0.903,372.0585507590133,120.0,0.19758388875711577,16,1,121,6,Layer 3 Down
164,9.9,10.25,164,9.88,1.34,4.3,0.0928,325,14.7,0.0012480711574952563,95.6,2.87,-2.25,95.6,2.81,-9.5,-7.48,0.129,324,8.76,0.00035824264705882356,31.5,4.0,4.0,31.5,4.0,4.0,0,0,0,0,370.0,57.4,40.7,370.0,57.3,4.0,23.80580170777989,1.02,370.9544829222012,115.0,0.22765742409867176,16,1,121,6,Layer 3 Down
165,9.55,-33.5,165,9.46,-1.65,3.59,0.0648,326,13.4,0.0008367858396584441,95.4,1.75,10.25,95.4,1.51,-8.5,-2.88,0.057,324,9.07,0.0002889453866223909,31.5,4.0,4.0,31.5,4.0,4.0,0,0,0,0,375.0,57.4,18.4,376.0,57.3,4.0,19.879442599620493,0.81,372.16165796963946,118.0,0.17914613970588236,16,1,2,6,Layer 3 Down
165,8.9,-8.5,165,8.75,-4.35,3.92,0.0781,326,12.7,0.000883139421252372,95.1,0.33,22.8,95.1,0.33,-6.9,-2.07,0.065,324,10.9,0.0005132380929791272,31.5,4.0,-2.25,31.5,4.0,4.0,0,0,0,0,381.0,57.3,-45.3,381.0,57.3,4.0,26.008687144212526,0.885,372.2132115749526,118.0,0.19651008064516132,16,1,122,6,Layer 3 Down
166,7.78,-64.7,166,7.79,-6.6,6.35,0.0921,326,10.0,0.0007803686847722962,94.7,-0.57,-27.3,94.6,-0.65,-4.74,-7.35,0.134,324,14.0,0.0015029322817836813,31.5,3.975,-2.25,31.5,4.0,4.0,0,0,0,0,386.0,57.4,54.2,386.0,57.3,3.999999046,24.278136859582546,0.924,372.2647651802657,118.0,0.2046300106736243,16,1,122,6,Layer 3 Down
166,6.67,4.0,166,6.64,-8.3,4.37,0.0873,326,11.8,0.0005781309297912714,94.2,-1.45,-58.5,94.1,-1.39,-2.1,-3.32,0.0954,324,13.7,0.0012256375711574951,31.5,4.0,4.0,31.5,4.0,4.0,0,0,0,0,391.0,57.2,-41.4,392.0,57.3,4.0,26.940901328273245,0.995,372.31631878557874,118.0,0.22084601518026564,16,1,122,6,Layer 3 Down
166,5.38,-39.8,166,5.34,-9.4,5.34,0.0941,326,9.47,0.0002972004447343454,93.6,-1.9,47.8,93.6,-1.85,0.86,-8.0,0.0838,324,9.77,0.001167986183586338,31.5,4.0,4.0,31.5,4.0,4.0,0,0,0,0,397.0,57.3,-37.9,397.0,57.3,4.0,36.31164966793169,0.964,372.3678723908919,109.0,0.21509448529411765,16,1,122,6,Layer 3 Down
166,4.075,-33.5,166,4.00212,-4.24,4.43,0.0637,326,5.67,-2.243769212523719e-05,93.0,-2.28,-14.8,93.0,2.33,915.0,-5.46,0.103,324,14.3,0.001561385792220114,31.5,4.0,4.0,31.5,4.0,4.0,0,0,0,0,402.0,57.3,34.4,402.0,57.3,4.0,25.444805502846297,0.931,372.4194259962049,119.0,0.20587160815939276,16,1,122,6,Layer 3 Down
166,3.925,-21.0,166,4.0,4.0,2.21,0.0453,326,6.09,-3.123203866223909e-05,92.5,-1.7,22.8,92.5,-2.0,4.0,-6.3,0.107,324,15.2,0.0015037648244781783,31.5,4.0,4.0,31.5,4.0,4.0,0,0,0,0,407.0,57.3,-16.2,408.0,57.3,4.0,21.74675284629981,0.892,371.3142374288425,117.0,0.19895965370018973,16,1,122,6,Layer 3 Down
166,3.975,-8.5,166,4.0,4.0,4.44,0.0525,326,3.15,-1.5965251423149905e-05,91.9,-1.68,72.7,91.9,-2.0,4.0,-6.18,0.106,324,14.8,0.001480834914611006,31.5,3.975,-8.5,31.5,4.0,4.0,0,0,0,0,413.0,57.4,39.1,413.0,57.3,3.999999046,20.824240986717268,0.733,373.679435483871,121.0,0.16080941650853892,16,1,123,6,Layer 3 Down
166,4.0,4.0,166,4.0,4.0,1.66,0.0424,326,6.06,-3.5174696394686904e-05,91.3,-2.0,60.3,91.3,-2.0,4.0,-3.72,0.0701,324,13.7,0.0009823459618121442,31.5,3.975,-8.5,31.5,4.0,4.0,0,0,0,0,418.0,57.3,16.5,418.0,57.3,4.0,29.157972011385198,1.06,371.41702443074,119.0,0.23719778818785575,16,1,123,6,Layer 3 Down
166,3.975,-14.8,166,4.0,4.0,5.0,0.0442,326,2.91,-2.557461693548387e-05,90.8,-2.3,-52.3,90.8,-2.0,4.0,-3.58,0.139,324,17.7,0.0021408615986717268,31.5,3.975,-2.25,31.5,4.0,4.0,0,0,0,0,423.0,57.4,22.7,424.0,57.3,4.0,16.664003795066414,0.928,371.4684179316888,115.0,0.20482837998102466,16,1,123,6,Layer 3 Down
166,4.0,-2.25,166,4.0,4.0,2.21,0.044,326,5.5,-2.2568960507590132e-05,90.2,-2.1,10.25,90.2,-2.0,4.0,-8.01,0.147,324,15.8,0.002233748398956357,31.5,4.0,4.0,31.5,4.0,4.0,0,0,0,0,429.0,57.3,-21.8,429.0,57.3,4.0,23.031913543643263,0.793,372.67719402277044,122.0,0.17592215370018977,16,1,2,6,Layer 3 Down
166,3.925,-27.3,166,4.0,4.0,3.62,0.0453,326,4.29,-2.9864601518026565e-05,89.6,-2.0,-27.3,89.6,-2.0,4.0,-8.56,0.156,324,16.7,0.002245632827324478,31.5,4.0,-2.25,31.5,4.0,4.0,0,0,0,0,434.0,57.3,-4.69,434.0,57.3,4.0,26.623481973434533,1.0,372.72874762808345,119.0,0.2245632827324478,16,1,125,6,Layer 3 Down
166,4.0,-14.8,166,4.0,4.0,1.93,0.0447,326,5.95,-7.166180324952562e-06,89.0,-1.95,-46.0,89.0,-2.0,4.0,-7.4,0.141,324,16.1,0.0020607109819734343,31.5,4.0,4.0,31.5,4.0,4.0,0,0,0,0,439.0,57.4,45.8,440.0,57.3,3.999999046,20.607109819734347,0.783,372.7803012333966,119.0,0.17249771703036051,16,1,125,6,Layer 3 Down
166,3.975,10.25,166,4.0,4.0,1.92,0.0622,326,3.6,4.365143145161291e-05,88.4,-1.85,-21.0,88.4,-2.0,4.0,-7.8,0.15,324,15.8,0.0022115181451612905,31.5,4.0,4.0,31.5,4.0,4.0,0,0,0,0,445.0,57.4,45.2,445.0,57.3,3.999999046,21.999395161290323,0.977,365.8846774193549,119.0,0.21767822580645163,16,1,125,6,Layer 3 Down
166,3.95,-21.0,166,4.0,4.0,3.05,0.0452,326,4.17,-4.6436722604364326e-05,87.8,-1.75,4.0,87.8,-2.0,4.0,-6.45,0.102,324,13.8,0.0013548869188804555,31.5,4.0,4.0,31.5,4.0,4.0,0,0,0,0,450.0,57.4,42.9,450.0,57.3,4.0,20.728611835863376,1.0,371.72538543643265,118.0,0.22465646347248577,16,1,125,6,Layer 3 Down
166,3.925,-21.0,166,4.0,4.0,1.66,0.0497,326,6.54,-2.953366935483871e-05,87.2,-1.78,123.0,87.2,-2.0,4.0,-4.32,0.0619,324,13.9,0.0008246263757115749,31.5,3.975,-2.25,31.5,4.0,4.0,0,0,0,0,455.0,57.4,23.1,456.0,57.3,4.0,19.689112903225805,0.812,372.93496204933587,118.0,0.17951838235294118,16,1,125,6,Layer 3 Down
166,3.975,-8.5,166,4.0,4.0,-1.1,0.0479,326,9.7,-2.8495243121442128e-05,86.6,-2.25,-14.8,86.6,-2.0,4.0,-3.19,0.0586,325,11.8,0.000832848772533207,31.5,4.0,4.0,31.5,4.0,4.0,0,0,0,0,461.0,57.3,-39.8,461.0,57.3,4.0,25.02021347248577,0.875,372.986515654649,120.0,0.1957600035578748,16,1,125,6,Layer 3 Down
166,3.975,-2.25,166,4.0,4.0,2.22,0.0429,326,5.61,-1.4133740512333966e-05,86.0,-2.28,-109.0,86.0,-2.0,4.0,-3.78,0.081,324,12.9,0.001170088353889943,31.5,3.975,-2.25,31.5,4.0,4.0,0,0,0,0,466.0,57.4,54.8,466.0,57.3,3.999999046,24.32856973434535,0.931,371.8795659392789,119.0,0.20737209440227702,16,1,125,6,Layer 3 Down
166,3.95,-2.25,166,4.0,4.0,3.32,0.0654,326,2.09,4.4608541864326375e-05,85.4,-2.18,-58.5,85.4,-2.0,4.0,-3.99,0.0871,324,13.7,0.0012629431333017079,31.5,4.0,4.0,31.5,4.0,4.0,0,0,0,0,471.0,57.5,64.1,472.0,57.3,3.999999046,19.581411883301705,0.719,367.29630574003795,116.0,0.15873688923149906,16,1,125,6,Layer 3 Down
166,3.925,-39.8,166,4.0,4.0,3.34,0.042,326,4.5,-2.016352941176471e-05,84.8,-1.9,60.3,84.8,-2.0,4.0,-6.0,0.0958,325,14.2,0.0013674117647058826,31.5,3.975,-2.25,31.5,4.0,4.0,0,0,0,0,477.0,57.3,-35.8,477.0,57.3,4.0,23.98764705882353,0.944,373.1411764705883,119.0,0.2109058823529412,16,1,125,6,Layer 3 Down
166,4.0,4.0,166,4.0,4.0,1.94,0.0429,326,5.47,-2.619303012333966e-05,84.2,-2.15,22.8,84.2,-2.0,4.0,-1.62,0.0825,324,18.9,0.0012053429791271345,31.5,4.0,4.0,31.5,4.0,4.0,0,0,0,0,482.0,57.3,35.2,482.0,57.3,4.0,25.84533503320683,0.923,373.1927300759013,119.0,0.20514010317836812,16,1,2,6,Layer 3 Down
166,4.025,10.25,166,4.0,4.0,3.32,0.0561,326,1.51,2.8630850332068314e-05,83.6,-2.13,35.3,83.6,-2.0,4.0,-3.01,0.0802,324,14.8,0.0011452340132827325,31.5,4.0,4.0,31.5,4.0,4.0,0,0,0,0,487.0,57.4,25.2,488.0,57.3,4.0,20.864587286527517,0.772,367.44856499051235,117.0,0.1727124169829222,16,1,125,6,Layer 3 Down
166,4.0,-2.25,166,4.0,4.0,0.837,0.0665,326,4.56,4.3937615630929796e-05,83.0,-1.9,66.5,82.9,-2.0,4.0,-6.0,0.104,324,12.9,0.0014839089184060725,31.5,4.0,4.0,31.5,4.0,4.0,0,0,0,0,493.0,57.4,0.5,494.0,57.3,4.0,20.751538780834913,0.993,366.3400142314991,115.0,0.2214270339184061,16,1,125,6,Layer 3 Down
166,4.0,-2.25,166,4.0,4.0,2.5,0.0426,326,4.36,-2.0406565464895635e-05,82.4,-1.97,-8.5,82.4,-2.0,4.0,-8.45,0.149,324,16.1,0.0022725493358633775,31.5,3.975,-2.25,31.5,4.0,4.0,0,0,0,0,498.0,57.3,15.8,498.0,57.3,4.0,29.334437855787478,1.07,372.18792694497154,118.0,0.23884957305502844,16,1,125,6,Layer 3 Down
166,3.95,-27.3,166,4.0,4.0,2.22,0.0405,326,5.63,-2.6671353178368122e-05,81.8,-1.95,-2.25,81.8,-2.0,4.0,-7.87,0.134,324,17.0,0.001982957127609108,31.5,4.0,4.0,31.5,4.0,4.0,0,0,0,0,503.0,57.4,22.8,504.0,57.3,4.0,17.39436076850095,0.945,372.2393204459203,115.0,0.20989195327324478,16,1,125,6,Layer 3 Down
166,3.975,-21.0,166,4.0,4.0,1.93,0.04,326,5.82,-2.4471445683111954e-05,81.2,-1.88,-21.0,81.2,-2.0,4.0,-7.36,0.131,324,16.0,0.0018904481736242882,31.5,3.975,-8.5,31.5,4.0,4.0,0,0,0,0,509.0,57.3,-18.6,509.0,57.3,4.0,24.123510436432635,0.798,373.4504981024668,121.0,0.1774469758064516,16,1,125,6,Layer 3 Down
166,3.925,-33.5,166,4.0,4.0,4.16,0.0407,326,3.62,-1.3223364563567362e-05,80.7,-2.03,4.0,80.7,-2.0,4.0,-7.03,0.156,324,14.8,0.0024822807163187854,31.5,3.975,-2.25,31.5,4.0,4.0,0,0,0,0,514.0,57.3,-7.4,514.0,57.3,4.0,26.214740275142315,1.01,372.34210744781785,119.0,0.22618913069259963,16,1,125,6,Layer 3 Down
166,4.025,29.0,166,4.0,4.0,3.34,0.0599,326,1.54,4.19957779886148e-05,80.1,-2.25,-52.3,80.0,-2.0,4.0,-4.72,0.091,324,11.6,0.0013689231499051234,31.5,4.0,4.0,31.5,4.0,4.0,0,0,0,0,519.0,57.4,-7.0,520.0,57.3,4.000000954,20.997888994307402,0.798,368.9131878557875,116.0,0.1774959677419355,16,1,125,6,Layer 3 Down
166,4.025,10.25,166,4.0,4.0,2.22,0.0413,326,5.21,-1.9028337286527512e-05,79.5,-1.88,41.5,79.5,-2.0,4.0,-6.35,0.125,324,16.5,0.0017752046370967738,31.5,4.0,-2.25,31.5,4.0,4.0,0,0,0,0,525.0,57.2,-64.2,525.0,57.3,4.0,29.81879684535104,0.939,373.60515891840606,121.0,0.20536681095825424,16,1,125,6,Layer 3 Down
166,3.975,-8.5,166,3.9601,-5.21,3.33,0.0364,326,3.54,-3.063520872865275e-05,79.0,4.7,373.0,79.0,-1.5,-871.0,-3.16,0.0485,325,4.52,-5.0478468927893735e-05,31.5,4.0,-2.25,31.5,4.0,4.0,0,0,0,0,530.0,57.5,75.1,531.0,57.3,3.999999046,17.05824122390892,0.719,373.65671252371914,117.0,0.15549689278937381,16,1,125,6,Layer 3 Down
166,2.67,-33.5,166,2.65,-9.4,-2.75,0.0632,326,4.65,0.0002193505040322581,78.4,-1.85,-83.5,78.4,-1.85,7.03,-6.64,0.132,324,15.6,0.0018801471774193548,31.5,4.0,4.0,31.5,4.0,4.0,0,0,0,0,535.0,57.4,-6.9,536.0,57.3,4.0,21.586875000000003,0.906,367.9053427419355,115.0,0.2031023185483871,16,1,2,6,Layer 3 Down
166,1.3,-58.5,166,1.36,-8.4,-5.67,0.103,326,8.46,0.0007405551707779886,77.9,-1.13,123.0,77.8,-1.39,10.0,-4.54,0.0724,324,13.1,0.0008496651802656546,31.5,4.0,10.25,31.5,4.0,4.0,0,0,0,0,541.0,57.3,8.19,541.0,57.3,4.0,25.76853415559772,0.985,367.9560958254269,120.0,0.21938076375711574,16,1,126,6,Layer 3 Down
166,0.47,-14.8,166,0.25,-6.8,-7.59,0.1,326,10.4,0.000922919384487666,77.4,-0.93,47.8,77.3,-0.68,12.55,-2.98,0.0725,324,13.0,0.0008021852763282733,31.5,3.975,-2.25,31.5,4.0,4.0,0,0,0,0,546.0,57.4,51.5,546.0,57.3,3.999999046,24.959455052182165,0.945,372.6504684535104,118.0,0.21128468927893737,16,1,126,6,Layer 3 Down
165,-0.55,-2.25,165,-0.72,-4.54,-6.47,0.11,326,12.9,0.001230728889943074,76.9,0.37,79.0,76.9,0.29,14.8,-3.51,0.0724,325,12.0,0.0006211697699240987,31.5,4.0,4.0,31.5,4.0,4.0,0,0,0,0,551.0,57.2,-37.3,552.0,57.3,4.0,27.052814278937383,1.0,372.7018619544592,118.0,0.22292447817836814,16,1,126,6,Layer 3 Down
165,-1.28,47.8,165,-1.44,-1.87,-5.34,0.0938,326,14.1,0.0011960618477229602,76.6,1.58,16.5,76.6,1.46,16.4,-4.4,0.0746,324,10.6,0.00047842473908918403,31.5,3.975,-8.5,31.5,4.0,4.0,0,0,0,0,557.0,57.3,-34.2,557.0,57.3,4.0,24.50184950189753,0.928,372.75325545540795,119.0,0.2078592919829222,16,1,126,6,Layer 3 Down
164,-1.93,-33.5,164,-1.87,1.1,-4.61,0.0924,326,13.6,0.0013239791271347247,76.4,2.67,4.0,76.4,2.76,17.4,-6.68,0.098,324,7.65,0.0003066056925996205,31.5,3.975,-2.25,31.5,4.0,4.0,0,0,0,0,562.0,57.3,30.3,562.0,57.3,4.0,25.085920303605313,0.921,373.9660341555977,120.0,0.20556518026565462,16,1,126,6,Layer 3 Down
163,2.4,948.0,163,4.0,4.0,14.7,0.219,326,13.2,0.0008200509843453511,76.4,4.0,22.8,76.4,4.0,4.0,-2.33,0.0517,325,5.88,-9.164592445445921e-06,31.5,3.975,-2.25,31.5,4.0,4.0,0,0,0,0,567.0,57.3,-13.1,568.0,57.3,4.0,22.185515298861482,0.906,372.85604245730553,118.0,0.2032704281309298,16,1,126,6,Layer 3 Down
163,-1.85,16.5,163,-2.0,4.0,-6.62,0.0947,326,14.0,0.0013243441650853888,76.4,4.05,22.8,76.4,4.0,4.0,-2.01,0.0319,325,2.59,-4.925630929791271e-06,31.5,3.95,-14.8,31.5,4.0,4.0,0,0,0,0,573.0,57.4,33.7,573.0,57.3,3.999999046,21.723891129032257,0.75,374.0691413662239,120.0,0.16612387333965842,16,1,127,6,Layer 3 Down
162,-1.82,91.5,162,-2.0,4.0,-5.26,0.0856,326,14.8,0.0012083401328273245,76.4,4.05,29.0,76.4,4.0,4.0,-2.01,0.0324,325,2.62,-5.088970944022771e-06,31.5,4.0,4.0,31.5,4.0,4.0,0,0,0,0,578.0,57.3,13.69,578.0,57.3,4.0,29.97613021821632,1.06,372.95882945920306,119.0,0.23818243002846298,16,1,128,6,Layer 3 Down
162,-2.1,16.5,162,-2.0,4.0,-4.22,0.0704,326,12.9,0.0010272306451612903,76.4,4.075,41.5,76.4,4.0,4.0,-2.53,0.0342,325,2.2,-5.194254506641367e-06,31.5,4.0,4.0,31.5,4.0,4.0,0,0,0,0,583.0,57.4,25.0,584.0,57.3,4.0,16.84937144212524,0.926,373.01022296015185,115.0,0.20567853415559773,16,1,128,6,Layer 3 Down
161,-2.0,-27.3,161,-2.0,4.0,-4.48,0.0843,326,13.5,0.0012319168643263757,76.4,4.025,16.5,76.4,4.0,4.0,-2.89,0.0329,325,2.06,-4.6603647414611e-06,31.5,4.0,4.0,31.5,4.0,4.0,0,0,0,0,589.0,57.3,-26.0,589.0,57.3,4.0,24.986993002846297,0.818,374.2238021821632,120.0,0.18130097248576849,16,1,2,6,Layer 3 Down
161,-1.9,41.5,161,-2.0,4.0,-3.37,0.0936,326,18.3,0.0013134507827324477,76.4,4.05,29.0,76.4,4.0,4.0,-2.4,0.0339,325,1.66,-1.0577347011385198e-05,31.5,4.0,4.0,31.5,4.0,4.0,0,0,0,0,594.0,57.3,-11.0,594.0,57.3,4.0,28.012534392789377,1.02,373.1130099620493,118.0,0.23014447343453512,16,1,128,6,Layer 3 Down
160,-1.9,22.8,160,-2.0,4.0,-5.5,0.101,326,14.3,0.0014298822936432637,76.4,3.95,-14.8,76.4,4.0,4.0,-2.26,0.0357,324,1.55,1.0904305621442126e-05,31.5,4.025,16.5,31.5,4.0,4.0,0,0,0,0,599.0,57.4,-10.4,600.0,57.3,4.000000954,21.50635970113852,0.801,370.8393916034156,116.0,0.1790259131878558,16,1,128,6,Layer 3 Down
159,-2.03,10.25,159,-2.0,4.0,-4.49,0.0821,326,13.5,0.0012091726755218215,76.4,3.975,-14.8,76.4,4.0,4.0,-2.09,0.0375,325,0.824,0.0,31.5,4.0,4.0,31.5,4.0,4.0,0,0,0,0,605.0,57.4,57.5,605.0,57.3,3.999999046,21.509321631878557,0.969,368.5651328273245,119.0,0.21625588235294116,16,1,128,6,Layer 3 Down
159,-2.13,-46.0,159,-2.0,4.0,-4.33,0.096,326,15.2,0.0014651609345351045,76.4,4.025,22.8,76.4,4.0,4.0,-1.77,0.0361,325,3.25,4.465252371916508e-06,31.5,4.0,4.0,31.5,4.0,4.0,0,0,0,0,610.0,57.4,35.5,610.0,57.3,4.0,22.791392314990514,1.0,373.26719046489563,116.0,0.2255882708728653,16,1,128,6,Layer 3 Down
158,-2.18,-64.7,158,-2.0,4.0,-4.28,0.0898,326,13.7,0.0013723237666034157,76.4,3.95,-21.0,76.4,4.0,4.0,-0.819,0.038,324,2.99,1.1432154767552185e-05,31.5,4.0,10.25,31.5,4.0,4.0,0,0,0,0,615.0,57.3,-13.1,616.0,57.3,4.0,23.49232210626186,0.924,369.8296252371917,114.0,0.2070115512333966,16,1,128,6,Layer 3 Down
158,-1.95,-27.3,157,-2.0,4.0,-5.61,0.109,326,14.5,0.001546984641840607,76.4,4.0,-2.25,76.4,4.0,4.0,-0.941,0.0363,325,2.86,1.151514883776091e-05,31.5,3.975,4.0,31.5,4.0,4.0,0,0,0,0,621.0,57.3,9.56,621.0,57.3,4.0,24.542387926944972,0.981,369.8805384250474,121.0,0.21983465962998103,16,1,128,6,Layer 3 Down
157,-1.95,60.3,157,-2.0,4.0,-4.94,0.0885,326,14.2,0.0012447379032258065,76.4,4.05,29.0,76.4,4.0,4.0,-1.13,0.0338,325,4.21,-5.106915322580646e-06,31.5,4.0,4.0,31.5,4.0,4.0,0,0,0,0,626.0,57.4,49.2,626.0,57.3,3.999999046,24.54576612903226,0.938,373.42137096774195,118.0,0.20939516129032257,16,1,128,6,Layer 3 Down
156,-2.0,-21.0,156,-2.0,4.0,-4.29,0.0995,326,14.6,0.0013845252016129034,76.4,4.05,29.0,76.4,4.0,4.0,-0.624,0.0319,325,4.6,-4.7934822106261865e-06,31.5,4.0,4.0,31.5,4.0,4.0,0,0,0,0,631.0,57.3,-38.8,632.0,57.3,4.0,25.8289575426945,1.0,373.47276446869074,118.0,0.2233855787476281,16,1,128,6,Layer 3 Down
156,-2.13,-52.3,156,-2.0,4.0,-5.76,0.0982,326,11.5,0.0014894421252371916,76.4,3.95,-21.0,76.4,4.0,4.0,-0.624,0.038,325,2.81,0.0,31.5,4.025,16.5,31.5,4.0,4.0,0,0,0,0,637.0,57.3,-2.06,637.0,57.3,4.0,28.50885317836812,1.01,370.03327798861477,120.0,0.2245799454459203,16,1,128,6,Layer 3 Down
155,-1.88,-2.25,155,-2.0,4.0,-7.1,0.123,326,14.3,0.0017456801470588236,76.4,3.95,-21.0,76.4,4.0,4.0,-0.819,0.036,325,2.14,-1.1870625000000001e-05,31.5,4.0,4.0,31.5,4.0,4.0,0,0,0,0,642.0,57.4,24.7,643.0,57.3,4.0,18.736966911764707,0.968,368.9204044117647,115.0,0.21646433823529412,16,1,128,6,Layer 3 Down
155,-1.9,79.0,155,-2.0,4.0,-4.29,0.0934,326,16.6,0.0013501783681214422,76.4,4.05,29.0,76.4,4.0,4.0,-0.941,0.0303,325,4.6,0.0,31.5,4.0,4.0,31.5,4.0,4.0,0,0,0,0,647.0,57.3,-10.3,648.0,57.3,4.0,21.765806451612903,0.907,373.62694497153706,118.0,0.20369070208728654,16,1,2,6,Layer 3 Down
154,-2.18,-33.5,154,-2.0,4.0,-5.28,0.0945,326,13.0,0.0014434926470588234,76.4,3.95,-21.0,76.4,4.0,4.0,-0.38,0.0344,324,3.11,0.0,31.5,4.025,16.5,31.5,4.0,4.0,0,0,0,0,653.0,57.3,-30.4,653.0,57.3,4.000000954,23.398550166034155,1.04,371.3501245256167,120.0,0.2351496086337761,16,1,128,6,Layer 3 Down
153,-2.22,-89.7,153,-2.0,4.0,-5.04,0.103,325,13.2,0.00151354720113852,76.4,3.975,-14.8,76.4,4.0,4.0,-0.697,0.0362,325,2.34,0.0,31.5,4.0,4.0,31.5,4.0,4.0,0,0,0,0,658.0,57.4,39.5,659.0,57.3,3.999999046,22.7032080170778,0.883,370.23693074003796,118.0,0.1967611361480076,16,1,128,6,Layer 3 Down
153,-1.82,66.5,153,-2.0,4.0,-6.55,0.098,326,14.4,0.001374024074952562,76.4,4.075,35.3,76.4,4.0,4.0,-2.38,0.0366,325,2.94,-6.089954162713473e-06,31.5,4.0,4.0,31.5,4.0,4.0,0,0,0,0,663.0,57.4,23.3,664.0,57.3,4.0,18.048621323529414,0.933,372.6166982922201,115.0,0.20726803842504746,16,1,128,6,Layer 3 Down
152,-1.9,35.3,152,-2.0,4.0,-5.95,0.0977,325,13.3,0.0014207964895635672,76.4,3.95,-27.3,76.4,4.0,4.0,-1.57,0.0349,324,1.19,0.0,31.5,4.0,4.0,31.5,4.0,4.0,0,0,0,0,669.0,57.3,2.19,669.0,57.3,4.0,22.94236954459203,1.11,370.3387571157495,118.0,0.24805709203036053,16,1,128,6,Layer 3 Down
152,-2.13,-21.0,152,-2.0,4.0,-4.0,0.0755,326,13.5,0.001089038810483871,76.4,4.05,29.0,76.4,4.0,4.0,-3.09,0.0349,324,1.92,-5.590787476280835e-06,31.5,3.975,-2.25,31.5,4.0,4.0,0,0,0,0,674.0,57.3,-10.3,674.0,57.3,4.0,26.206816295066414,1.01,372.719165085389,119.0,0.22712574122390894,16,1,128,6,Layer 3 Down
151,-2.15,-58.5,151,-2.0,4.0,-3.8,0.0912,325,14.0,0.0013512926944971538,76.4,3.975,-14.8,76.4,4.0,4.0,-2.21,0.0357,324,0.498,-5.696397651802657e-06,31.5,4.025,16.5,31.5,4.0,4.0,0,0,0,0,679.0,57.4,45.9,680.0,57.3,3.999999046,20.968334914611006,0.786,371.6054909867173,116.0,0.17590103178368122,16,1,128,6,Layer 3 Down
150,-1.85,35.3,150,-2.0,4.0,-6.19,0.0924,326,14.1,0.0012932250355787477,76.4,4.05,29.0,76.4,4.0,4.0,-2.89,0.0328,325,2.17,-1.032249893263757e-05,31.5,3.975,-2.25,31.5,4.0,4.0,0,0,0,0,685.0,57.2,-62.9,685.0,57.3,4.0,30.175250830170775,0.933,375.15176707779887,121.0,0.20505189753320682,16,1,128,6,Layer 3 Down
150,-1.97,47.8,150,-2.0,4.0,-4.73,0.0804,326,14.3,0.0011395926944971536,76.4,4.05,29.0,76.4,4.0,4.0,-2.28,0.0337,325,2.0,-1.0964792694497154e-05,31.5,3.975,-2.25,31.5,4.0,4.0,0,0,0,0,690.0,57.4,37.8,690.0,57.3,4.0,22.721940227703985,1.0,372.8728652751423,116.0,0.22605417457305504,16,1,128,6,Layer 3 Down
149,-2.03,29.0,149,-2.0,4.0,-4.21,0.0783,326,13.2,0.00113275694971537,76.4,3.95,-21.0,76.4,4.0,4.0,-1.75,0.035,324,2.2,5.617169236242884e-06,31.5,4.0,4.0,31.5,4.0,4.0,0,0,0,0,695.0,57.4,-6.6,696.0,57.3,4.0,20.976980550284633,0.906,371.75871086337764,115.0,0.20277747865275142,16,1,128,6,Layer 3 Down
149,-1.97,-8.5,149,-2.0,4.0,-4.81,0.0989,326,15.2,0.00148024584914611,76.4,4.05,29.0,76.4,4.0,4.0,-3.53,0.0335,325,1.91,-1.561834203036053e-05,31.5,4.0,4.0,31.5,4.0,4.0,0,0,0,0,701.0,57.3,-37.3,701.0,57.3,4.0,25.525499288425046,0.898,374.1408799810247,119.0,0.2016397888994307,16,1,2,6,Layer 3 Down
148,-2.25,-202.0,148,-2.0,4.409,4.03,0.14,326,0.499,3.217354127134725e-05,76.4,4.075,22.8,76.4,4.206,17.7,-1.75,0.0258,325,1.83,-3.345582009013283e-06,31.5,3.975,-2.25,31.5,4.0,4.0,0,0,0,0,706.0,57.4,51.3,706.0,57.3,3.999999046,24.24672675521822,0.932,373.02656546489567,119.0,0.208661735056926,16,1,128,6,Layer 3 Down
147,-1.57,85.2,147,-1.79,7.52,-6.2,0.0882,326,13.8,0.0012008441650853891,76.4,5.42,29.0,76.5,5.56,17.3,4.76,0.083,324,9.14,0.00024016883301707778,31.5,3.975,-2.25,31.5,4.0,4.0,0,0,0,0,711.0,57.3,-37.5,712.0,57.3,4.0,26.115445920303603,0.996,374.24366698292215,118.0,0.22384667931688804,16,1,128,6,Layer 3 Down
147,-1.4,-14.8,147,-1.29,10.44,-4.53,0.0984,326,15.0,0.0012942913306451614,76.7,6.75,29.0,76.7,6.84,16.1,9.19,0.142,325,11.1,0.0009491469758064517,31.5,3.975,-2.25,31.5,4.0,4.0,0,0,0,0,717.0,57.3,-32.4,717.0,57.3,4.0,24.020181451612906,0.929,374.29506048387094,119.0,0.20871905241935482,16,1,128,6,Layer 3 Down
146,-0.45,22.8,146,-0.5,13.03,-6.26,0.107,326,12.5,0.0011230393619544592,77.0,7.92,41.5,77.0,7.96,14.4,6.88,0.142,324,13.9,0.0014110878795066414,31.5,3.975,-8.5,31.5,4.0,4.0,0,0,0,0,722.0,57.3,31.6,722.0,57.3,4.0,25.189667931688806,0.927,374.34645398481973,120.0,0.20758152277039849,16,1,128,6,Layer 3 Down
146,0.55,16.5,146,0.51,15.1,-5.79,0.0921,326,10.6,0.0007534610887096775,77.4,8.85,54.0,77.5,8.88,12.04,4.71,0.11,324,14.0,0.0013413006997153702,31.5,3.975,-2.25,31.5,4.0,4.0,0,0,0,0,727.0,57.3,-9.4,728.0,57.3,4.0,22.277255099620497,0.898,374.3978474857685,117.0,0.20177827917457306,16,1,128,6,Layer 3 Down
146,1.83,60.3,146,1.71,16.7,-6.09,0.0918,326,9.8,0.000495766129032258,77.9,9.72,54.0,78.0,9.55,9.3,8.15,0.138,324,13.1,0.0020063946869070207,31.5,3.975,-8.5,31.5,4.0,4.0,0,0,0,0,733.0,57.4,36.0,733.0,57.3,3.999999046,20.413899430740038,0.751,374.44924098671726,121.0,0.16681072106261857,16,1,128,6,Layer 3 Down
146,3.1,97.7,146,3.033,17.6,-3.98,0.048,326,7.31,0.00012483354482922202,78.5,9.72,10.25,78.6,9.92,6.28,8.75,0.139,324,15.6,0.001960003320683112,31.5,3.975,-2.25,31.5,4.0,4.0,0,0,0,0,738.0,57.3,15.6,738.0,57.3,4.0,28.466714895635675,1.05,374.50063448766605,118.0,0.2345003972960152,16,1,128,6,Layer 3 Down
145,4.125,66.5,145,4.0,4.0,-6.36,0.0562,326,3.84,-3.0104181688804554e-05,79.1,9.65,373.0,79.1,10.0,4.0,7.72,0.109,325,14.7,0.001330184772296015,31.5,3.975,-8.5,31.5,4.0,4.0,0,0,0,0,744.0,57.3,18.7,744.0,57.3,3.999999046,22.986526328273243,0.866,374.5520279886148,120.0,0.19486040085388995,16,1,128,6,Layer 3 Down
145,4.15,97.7,145,4.0,4.0,-3.68,0.0472,326,6.03,-4.1194706475332064e-05,79.6,10.0,16.5,79.7,10.0,4.0,5.15,0.0881,324,13.6,0.0013303672912713472,31.5,4.0,4.0,31.5,4.0,4.0,0,0,0,0,749.0,57.3,-21.6,749.0,57.3,4.0,23.80657258064516,0.809,375.770410341556,121.0,0.18088327205882354,16,1,130,6,Layer 3 Down
145,4.125,72.7,145,4.0,4.0,-3.93,0.0463,326,5.5,-3.162973671726756e-05,80.2,9.95,22.8,80.3,10.0,4.0,5.37,0.097,324,15.4,0.0014005787476280836,31.5,4.0,4.0,31.5,4.0,4.0,0,0,0,0,754.0,57.3,-8.4,754.0,57.3,4.000000954,27.894860056925996,1.01,373.4876660341556,118.0,0.22876119544592033,16,1,2,6,Layer 3 Down
145,4.125,66.5,145,4.0,4.0,-2.33,0.0431,326,7.81,-1.5408479601518028e-05,80.8,4.975,-752.0,80.9,9.5,879.0,6.88,0.0854,325,8.83,0.0001996098493833017,31.5,4.025,10.25,31.5,4.0,4.0,0,0,0,0,760.0,57.2,-33.8,760.0,57.3,4.0,27.548493833017076,0.937,375.87351755218214,120.0,0.21011563092979124,16,1,130,6,Layer 3 Down
145,3.925,-46.0,145,4.0,4.0,-1.6,0.0564,326,3.17,1.0250379269449715e-05,81.4,10.15,66.5,81.4,10.0,4.0,7.07,0.133,324,13.7,0.0019496735056925996,31.5,4.0,4.0,31.5,4.0,4.0,0,0,0,0,765.0,57.4,52.3,765.0,57.3,3.999999046,20.54745730550285,0.985,373.5901328273245,119.0,0.22065167220113852,16,1,130,6,Layer 3 Down
145,4.1,66.5,145,4.0,4.0,-4.23,0.043,326,5.54,-7.367740690227704e-06,81.8,3.825,-52.3,81.8,4.0,4.0,1.38,0.03,324,2.99,-1.366126245256167e-05,31.6,14.9,1114.0,31.7,22.0,1004.0,0,0,0,0,770.0,57.4,43.6,770.0,57.3,4.0,22.301719046489566,0.982,372.47373695445924,116.0,0.22184956119544594,16,1,130,50,end
145,4.175,97.7,145,4.0,4.0,-3.73,0.0479,325,5.97,-2.417324003795066e-05,81.8,4.0,-2.25,81.8,4.0,4.0,1.15,0.0199,323,0.732,0.0,35.8,53.9,10.25,36.3,54.0,4.0,0,0,0,0,775.0,57.4,24.7,776.0,57.3,4.0,18.918187855787476,0.805,373.69259962049335,118.0,0.17983956356736241,16,1,132,50,end
145,3.825,-89.7,145,4.0,4.0,-1.95,0.0538,325,2.17,3.772476814516129e-05,81.8,4.0,10.25,81.8,4.0,4.0,1.46,0.0261,323,0.819,0.0,41.0,54.1,35.3,41.5,54.0,4.0,0,0,0,0,781.0,57.3,3.125,781.0,57.3,4.0,24.059759250474386,0.994,371.40793406072106,122.0,0.22307835033206833,16,1,132,50,end
145,4.175,91.5,145,4.0,4.0,-2.84,0.0522,325,7.39,-1.775526565464896e-05,81.8,3.975,-2.25,81.8,4.0,4.0,0.471,0.0247,323,2.29,5.700374762808349e-06,45.8,54.0,29.0,46.3,54.0,4.0,0,0,0,0,786.0,57.4,52.4,786.0,57.3,3.999999046,23.94624644212524,0.931,372.62695683111957,118.0,0.20909161527514233,16,1,132,50,end
145,3.85,-83.5,145,4.0,4.0,-1.85,0.0522,325,2.69,2.79216455170778e-05,81.8,4.025,10.25,81.8,4.0,4.0,0.919,0.0226,324,0.22,-3.294520517077799e-06,51.0,54.2,60.3,51.5,54.0,4.0,0,0,0,0,791.0,57.5,58.7,792.0,57.3,3.999999046,18.45866105313093,0.72,372.6780301233396,117.0,0.1612212167931689,16,1,132,50,end
145,3.825,-83.5,145,4.0,4.0,-2.2,0.0527,325,2.22,5.444882827324478e-05,81.8,4.025,16.5,81.8,4.0,4.0,1.32,0.0238,323,1.4,3.3650777988614803e-06,56.0,54.2,79.0,56.5,54.0,4.0,0,0,0,0,797.0,57.3,0.37,797.0,57.3,4.0,28.39284392789374,1.0,371.5606736242884,120.0,0.22433851992409867,16,1,132,50,end
145,4.15,91.5,145,4.0,4.0,-4.02,0.0502,326,5.8,-1.68276944971537e-05,81.8,4.025,16.5,81.8,4.0,4.0,1.08,0.0217,325,1.0,0.0,59.5,5.48,348.0,59.5,4.0,4.0,0,0,0,0,802.0,57.3,-29.1,803.0,57.3,4.0,26.17641366223909,0.929,375.11735649905125,120.0,0.2080090014231499,16,1,132,50,end
145,4.175,97.7,145,4.0,4.0,-4.23,0.0547,329,5.97,-1.846625e-05,81.8,3.975,-8.5,81.8,4.0,4.0,1.69,0.0221,327,0.696,0.0,59.5,3.975,-8.5,59.5,4.0,4.0,0,0,0,0,807.0,55.4,-61.1,807.0,4.0,4.0,0.095720625,2.61e-08,383.34999999999997,0.0,0.00114186875,16,1,132,50,end
