X_ActualPosition,X_ActualVelocity,X_ActualAcceleration,X_SetPosition,X_SetVelocity,X_SetAcceleration,X_CurrentFeedback,X_DCBusVoltage,X_OutputCurrent,X_OutputVoltage,X_OutputPower,Y_ActualPosition,Y_ActualVelocity,Y_ActualAcceleration,Y_SetPosition,Y_SetVelocity,Y_SetAcceleration,Y_CurrentFeedback,Y_DCBusVoltage,Y_OutputCurrent,Y_OutputVoltage,Y_OutputPower,Z_ActualPosition,Z_ActualVelocity,Z_ActualAcceleration,Z_SetPosition,Z_SetVelocity,Z_SetAcceleration,Z_CurrentFeedback,Z_DCBusVoltage,Z_OutputCurrent,Z_OutputVoltage,S_ActualPosition,S_ActualVelocity,S_ActualAcceleration,S_SetPosition,S_SetVelocity,S_SetAcceleration,S_CurrentFeedback,S_DCBusVoltage,S_OutputCurrent,S_OutputVoltage,S_OutputPower,S_SystemInertia,M_CURRENT_PROGRAM_NUMBER,M_sequence_number,M_CURRENT_FEEDRATE,Machining_Process
202,4.0,4.0,202,4.0,4.0,0.18,0.0207,329.0,2.77,-1.42e-06,162.0,3.975,-2.25,162.0,4.0,4.0,0.539,0.0167,328.0,1.84,6.43e-07,123.0,4.0,4.0,123.0,4.0,4.0,0,0,0,0,-357.0,4.001,4.25,-357.0,4.0,4.0,0.524,2.74e-19,329,0.0,6.96e-07,16,1,0,50,Starting
202,-6.8,-346.0,202,-9.6,-354.0,-10.9,0.186,328.0,23.3,0.00448,162.0,-15.8,-746.0,161.0,-20.6,-643.0,-14.5,0.281,325.0,37.8,0.0126,123.0,-16.3,-708.0,122.0,-21.6,-670.0,0,0,0,0,-357.0,4.0,4.25,-357.0,4.0,4.0,-0.288,2.74e-19,328,0.0,-5.27e-07,16,1,4,50,Prep
200,-13.8,-2.25,200,-13.9,3.9999046,-8.59,0.14,328.0,30.6,0.00533,158.0,-28.5,4.0,158.0,-28.3,3.9999046,-7.79,0.139,327.0,49.4,0.00943,119.0,-29.7,41.5,119.0,-29.7,3.9999046,0,0,0,0,-357.0,4.0,3.562,-357.0,4.0,4.0,0.524,2.74e-19,328,0.0,9.1e-07,16,1,7,50,Prep
198,-14.0,4.0,198,-13.9,3.9999046,-6.11,0.13,327.0,30.3,0.00489,155.0,-28.6,-58.5,155.0,-28.3,3.9999046,-8.13,0.156,325.0,47.6,0.0105,116.0,-29.7,-2.25,116.0,-29.7,4.0,0,0,0,0,-357.0,3.999,3.75,-357.0,4.0,4.0,-0.18,2.74e-19,328,0.0,1.07e-06,16,1,7,50,Prep
197,-13.9,-14.8,196,-13.9,4.0000954,-5.7,0.114,328.0,30.5,0.00425,152.0,-28.0,142.0,152.0,-28.3,4.0000954,-13.8,0.202,326.0,47.1,0.0135,113.0,-29.6,22.8,112.0,-29.7,4.0,0,0,0,0,-357.0,4.0,3.812,-357.0,4.0,4.0,0.226,2.74e-19,328,0.0,1.96e-06,16,1,7,50,Prep
195,-13.6,85.2,195,-13.9,4.000191,-5.85,0.128,328.0,30.9,0.00474,149.0,-28.4,-8.5,148.0,-28.3,4.0,-9.78,0.166,326.0,49.6,0.0113,109.0,-29.7,-2.25,109.0,-29.7,4.0000954,0,0,0,0,-357.0,4.0,4.0,-357.0,4.0,4.0,0.821,2.74e-19,328,0.0,0.0,16,1,7,50,Prep
193,-13.9,-2.25,193,-13.9,4.0000954,-5.84,0.0955,328.0,29.3,0.00345,145.0,-28.3,85.2,145.0,-28.3,3.9999046,-8.56,0.179,326.0,50.0,0.0124,106.0,-29.5,66.5,106.0,-29.7,4.0000954,0,0,0,0,-357.0,4.00075,3.9375,-357.0,4.0,4.0,0.523,2.74e-19,328,0.0,3.79e-06,16,1,2,50,Prep
191,-13.8,54.0,191,-13.9,3.999809,-7.31,0.117,327.0,29.1,0.00441,142.0,-28.3,54.0,142.0,-28.3,3.9999046,-8.0,0.185,325.0,50.8,0.0128,102.6,-29.7,22.8,102.3,-29.7,4.0,0,0,0,0,-357.0,4.0,4.0,-357.0,4.0,4.0,-0.288,2.74e-19,328,0.0,0.0,16,1,7,50,Prep
189,-13.9,29.0,189,-13.9,4.0,-7.98,0.113,328.0,29.4,0.00417,139.0,-28.3,41.5,139.0,-28.3,4.0,-9.96,0.154,327.0,49.7,0.0102,99.1,-29.6,22.8,98.8,-29.7,4.0000954,0,0,0,0,-357.0,3.99925,3.812,-357.0,4.0,4.0,-0.0997,2.74e-19,328,0.0,-8.36e-08,16,1,7,50,Prep
188,-13.9,16.5,187,-13.9,3.9999046,-7.44,0.138,328.0,29.8,0.00501,136.0,-28.7,-27.3,136.0,-28.3,4.0,-6.29,0.119,325.0,48.1,0.00784,95.8,-29.7,-33.5,95.6,-29.7,4.0000954,0,0,0,0,-357.0,3.999,4.0,-357.0,4.0,4.0,0.118,2.74e-19,328,0.0,0.0,16,1,7,50,Prep
186,-14.1,-52.3,186,-13.9,3.9999046,-4.52,0.114,327.0,31.3,0.0043,133.0,-28.1,117.0,132.0,-28.3,4.0,-8.62,0.186,325.0,48.6,0.0126,92.5,-29.7,-21.0,92.2,-29.7,4.0,0,0,0,0,-357.0,4.0,4.25,-357.0,4.0,4.0,-0.288,2.74e-19,328,0.0,-6.99e-07,16,1,7,50,Prep
184,-13.7,66.5,184,-13.9,4.0000954,-5.53,0.13,328.0,31.6,0.00485,129.0,-28.3,16.5,129.0,-28.3,4.0000954,-10.9,0.181,326.0,50.6,0.0124,89.0,-29.7,4.0,88.7,-29.7,4.0000954,0,0,0,0,-357.0,4.001,4.0625,-357.0,4.0,4.0,0.118,2.74e-19,328,0.0,-1.02e-06,16,1,7,50,Prep
182,-13.9,-33.5,182,-13.9,4.0000954,-7.55,0.122,327.0,30.4,0.00457,126.0,-28.4,-2.25,126.0,-28.3,3.9999046,-10.5,0.174,325.0,50.4,0.012,85.7,-29.6,10.25,85.5,-29.7,3.9999046,0,0,0,0,-357.0,3.99825,3.313,-357.0,4.0,4.0,2.34,2.74e-19,328,0.0,0.0,16,1,7,50,Prep
180,-13.8,110.0,180,-13.9,4.0000954,-8.41,0.133,327.0,28.5,0.005,123.0,-28.3,54.0,123.0,-28.3,3.9999046,-8.39,0.177,325.0,49.4,0.012,82.4,-29.7,-8.5,82.1,-29.7,4.0,0,0,0,0,-357.0,4.004,5.19,-357.0,4.0,4.0,-0.288,2.74e-19,328,0.0,7.61e-06,16,1,7,50,Prep
179,-13.8,47.8,178,-13.9,3.9999046,-8.81,0.131,328.0,30.3,0.00478,120.0,-28.2,135.0,119.0,-28.3,3.9999046,-11.3,0.165,327.0,51.2,0.011,78.9,-29.6,54.0,78.6,-29.7,4.0000954,0,0,0,0,-357.0,4.00075,4.375,-357.0,4.0,4.0,-0.18,2.74e-19,328,0.0,0.0,16,1,7,50,Prep
177,-14.0,-21.0,177,-13.9,4.000191,-5.78,0.127,327.0,29.9,0.00475,116.0,-28.3,41.5,116.0,-28.3,3.999809,-10.8,0.155,325.0,49.3,0.0104,75.6,-29.5,-2.25,75.3,-29.7,4.0000954,0,0,0,0,-357.0,4.0,3.812,-357.0,4.0,4.0,0.821,2.74e-19,328,0.0,2.91e-06,16,1,7,50,Prep
175,-13.8,22.8,175,-13.9,4.0000954,-7.39,0.127,327.0,30.2,0.00468,113.0,-28.2,47.8,113.0,-28.3,3.9999046,-12.8,0.172,325.0,43.2,0.0114,72.3,-29.5,35.3,72.0,-29.7,4.0000954,0,0,0,0,-357.0,3.999,3.75,-357.0,4.0,4.0,0.415,2.74e-19,328,0.0,-1.06e-06,16,1,7,50,Prep
173,-13.9,10.25,173,-13.9,3.9999046,-6.08,0.125,328.0,31.0,0.00472,110.0,-28.3,16.5,110.0,-28.3,4.0,-12.6,0.196,326.0,47.3,0.0134,68.7,-29.8,-46.0,68.5,-29.7,4.0000954,0,0,0,0,-357.0,4.0,4.25,-357.0,4.0,4.0,-0.694,2.74e-19,328,0.0,0.0,16,1,2,50,Prep
171,-13.8,10.25,171,-13.9,3.9999046,-6.89,0.131,327.0,31.8,0.00491,107.0,-28.3,41.5,107.0,-28.3,3.9999046,-11.4,0.185,325.0,50.2,0.0126,65.5,-29.7,-21.0,65.2,-29.7,4.0000954,0,0,0,0,-357.0,3.99675,2.44,-357.0,4.0,4.0,0.00893,2.74e-19,328,0.0,0.0,16,1,7,50,Prep
170,-13.8,54.0,170,-13.9,4.0000954,-6.42,0.11,328.0,29.8,0.0041,103.6,-28.4,4.0,103.3,-28.3,3.999809,-11.0,0.161,326.0,46.6,0.0109,62.1,-29.7,10.25,61.9,-29.7,3.9999046,0,0,0,0,-357.0,4.00025,4.812,-357.0,4.0,4.0,0.00893,2.74e-19,328,0.0,-2.82e-07,16,1,7,50,Prep
168,-13.9,-39.8,168,-13.9,4.000191,-7.26,0.112,328.0,29.8,0.00416,100.2,-28.1,91.5,99.9,-28.3,4.0,-12.2,0.203,326.0,49.4,0.0138,58.6,-29.6,47.8,58.4,-29.7,4.000191,0,0,0,0,-357.0,4.0,4.25,-357.0,4.0,4.0,-0.288,2.74e-19,328,0.0,0.0,16,1,7,50,Prep
166,-14.0,22.8,166,-13.9,3.9999046,-4.17,0.0986,328.0,28.4,0.00361,97.1,-28.1,123.0,96.8,-28.3,3.9999046,-12.3,0.176,325.0,48.6,0.0117,55.4,-29.7,10.25,55.1,-29.7,4.0000954,0,0,0,0,-357.0,3.99875,2.94,-357.0,4.0,4.0,0.118,2.74e-19,328,0.0,0.0,16,1,7,50,Prep
164,-14.1,-89.7,164,-13.9,3.999809,-5.34,0.107,328.0,30.5,0.00394,93.9,-28.3,-14.8,93.6,-28.3,3.9999046,-10.5,0.181,326.0,50.0,0.0123,52.0,-29.7,10.25,51.8,-29.7,4.0,0,0,0,0,-357.0,4.003,4.75,-357.0,4.0,4.0,-0.0997,2.74e-19,328,0.0,8.51e-07,16,1,7,50,Prep
162,-14.0,-33.5,162,-13.9,4.0,-5.22,0.111,328.0,30.1,0.00409,90.5,-28.3,60.3,90.2,-28.3,4.0000954,-10.2,0.19,326.0,47.6,0.013,48.5,-29.7,-8.5,48.3,-29.7,3.9999046,0,0,0,0,-357.0,3.997,2.81,-357.0,4.0,4.0,0.117,2.74e-19,328,0.0,-2.29e-07,16,1,7,50,Prep
161,-13.9,-8.5,161,-13.9,3.9999046,-6.7,0.132,328.0,30.7,0.00494,87.4,-28.2,22.8,87.1,-28.3,3.9999046,-14.6,0.202,326.0,43.8,0.0139,45.3,-29.8,10.25,45.0,-29.7,4.0000954,0,0,0,0,-357.0,4.001,4.5,-357.0,4.0,4.0,0.524,2.74e-19,328,0.0,0.0,16,1,7,50,Prep
159,-13.7,22.8,159,-13.9,3.9999046,-7.03,0.139,328.0,30.3,0.00518,84.1,-28.5,-64.7,83.9,-28.3,3.9999046,-9.87,0.174,326.0,48.9,0.0119,41.9,-29.6,16.5,41.7,-29.7,4.0,0,0,0,0,-357.0,3.99925,3.625,-357.0,4.0,4.0,0.306,2.74e-19,328,0.0,-5.2e-07,16,1,7,50,Prep
157,-13.8,-21.0,157,-13.9,4.0000954,-8.66,0.134,328.0,30.7,0.00498,80.8,-28.0,123.0,80.5,-28.3,3.9999046,-9.71,0.208,326.0,50.2,0.0144,38.4,-29.8,-58.5,38.2,-29.7,3.9999046,0,0,0,0,-357.0,3.99925,3.812,-357.0,4.0,4.0,0.00893,2.74e-19,328,0.0,9.84e-07,16,1,7,50,Prep
155,-13.2,192.0,155,-10.3,362.0,-1.97,0.0687,328.0,23.5,0.00212,77.7,-26.9,423.0,77.5,-21.9,651.0,-3.21,0.0867,326.0,40.6,0.00515,35.2,-28.8,254.0,35.0,-23.0,678.0,0,0,0,0,-357.0,3.99825,3.562,-357.0,4.0,4.0,0.821,2.74e-19,328,0.0,0.0,16,1,2,50,Prep
155,4.1,35.3,155,4.0,4.0,1.17,0.033,329.0,1.81,1.33e-05,77.0,4.05,10.25,77.0,4.0,4.0,1.18,0.0235,328.0,0.991,0.0,34.5,4.05,4.0,34.5,4.0,4.0,0,0,0,0,-357.0,4.003,5.19,-357.0,4.0,4.0,0.415,0.0447,329,1.19,0.0,16,1,7,50,Prep
155,3.925,-33.5,155,4.0,4.0,0.45,0.0276,329.0,4.82,-1.44e-05,77.0,3.975,-8.5,77.0,4.0,4.0,0.7,0.017,328.0,3.32,-1.54e-06,34.5,3.975,-8.5,34.5,4.0,4.0,0,0,0,0,-357.0,4.00225,5.38,-357.0,4.0,4.0,-0.0997,0.034,329,1.29,0.0,16,1,9,50,Prep
155,4.075,47.8,155,4.0,4.0,0.651,0.0402,328.0,2.0,1.1e-05,77.0,4.025,29.0,77.0,4.0,4.0,-1.54,0.0205,327.0,4.47,2.77e-06,34.5,4.05,29.0,34.5,4.0,4.0,0,0,0,0,-357.0,9.73,105.0,-357.0,10.6,104.0,60.1,2.61,322,26.5,0.0576,16,1,9,50,Prep
155,4.075,41.5,155,4.0,4.0,0.878,0.0377,327.0,1.56,7.5e-06,77.0,4.025,10.25,77.0,4.0,4.0,-0.1,0.0184,325.0,1.82,1.77e-06,34.2,-1.88,-21.0,34.1,-2.0,4.0,0,0,0,0,-356.0,19.8,102.3,-356.0,20.6,104.0,56.7,2.56,318,44.9,0.15,16,1,12,6,Layer 1 Up
155,3.925,-33.5,155,4.0,4.0,0.664,0.0332,325.0,4.3,3.56e-06,77.0,3.925,-27.3,77.0,4.0,4.0,1.98,0.0194,324.0,0.51,-3.39e-06,33.5,-1.8,-8.5,33.5,1.33,782.0,0,0,0,0,-354.0,30.3,92.5,-354.0,31.0,104.0,54.7,2.41,317,72.8,0.231,16,1,14,6,Layer 1 Up
155,-2.0,10.25,154,-2.0,4.0,-8.1,0.0983,323.0,10.2,0.00126,77.0,4.05,29.0,77.0,4.0,4.0,-0.0991,0.0258,322.0,1.1,1.7e-06,33.5,4.0,4.0,33.5,4.0,4.0,0,0,0,0,-351.0,39.9,102.9,-350.0,40.6,104.0,62.0,2.61,309,88.4,0.341,16,1,14,6,Layer 1 Up
154,-2.15,-39.8,154,-2.0,4.0,-6.42,0.101,322.0,11.5,0.00126,77.0,4.05,22.8,77.0,4.0,4.0,0.22,0.034,322.0,1.29,-3.55e-06,33.5,4.0,4.0,33.5,4.0,4.0,0,0,0,0,-347.0,49.9,129.0,-346.0,50.6,104.0,59.0,2.65,306,109.0,0.441,16,1,14,6,Layer 1 Up
153,-1.93,66.5,153,-2.0,4.0,-6.67,0.098,325.0,14.2,0.00118,77.0,3.9,-46.0,77.0,4.0,4.0,1.18,0.0209,324.0,2.25,-1.26e-06,33.5,4.0,4.0,33.5,4.0,4.0,0,0,0,0,-341.0,57.7,-47.0,-341.0,57.3,3.999999046,9.37,0.389,324,112.0,0.0746,16,1,14,6,Layer 1 Up
153,-1.93,-8.5,153,-2.0,4.0,-5.99,0.113,325.0,13.6,0.00144,77.0,4.05,35.3,77.0,4.0,4.0,-5.37,0.0413,325.0,8.21,0.0,33.5,4.0,4.0,33.5,4.0,4.0,0,0,0,0,-336.0,57.2,-50.8,-336.0,57.3,4.0,27.3,1.2,320,117.0,0.231,16,1,14,6,Layer 1 Up
152,-1.9,16.5,152,-2.0,4.0,-5.65,0.0976,326.0,13.9,0.00121,77.0,4.05,29.0,77.0,4.0,4.0,6.29,0.0396,325.0,6.91,1.69e-07,33.5,4.0,4.0,33.5,4.0,4.0,0,0,0,0,-331.0,57.3,14.3,-331.0,57.3,4.0,22.8,0.917,319,116.0,0.176,16,1,2,6,Layer 1 Up
152,-1.82,66.5,151,-2.0,4.0,-5.9,0.0915,326.0,14.6,0.00111,77.0,3.975,-8.5,77.0,4.0,4.0,1.98,0.0201,325.0,0.263,-3.05e-07,33.5,4.0,4.0,33.5,4.0,4.0,0,0,0,0,-325.0,57.3,-17.8,-325.0,57.3,4.0,20.6,0.872,322,120.0,0.168,16,1,14,6,Layer 1 Up
151,-2.2,-71.0,151,-2.0,4.0,-3.92,0.0813,326.0,12.7,0.00104,77.0,4.025,16.5,77.0,4.0,4.0,1.66,0.0375,325.0,0.731,-6.28e-07,33.5,4.0,4.0,33.5,4.0,4.0,0,0,0,0,-320.0,57.3,25.8,-320.0,57.3,3.999999046,21.9,0.979,320,117.0,0.189,16,1,14,6,Layer 1 Up
150,-1.9,-21.0,150,-2.0,4.0,-6.86,0.123,326.0,14.6,0.00154,77.0,4.0,4.0,77.0,4.0,4.0,6.13,0.0553,325.0,7.42,-2.01e-06,33.5,4.0,4.0,33.5,4.0,4.0,0,0,0,0,-315.0,57.3,-9.3,-315.0,57.3,4.0,27.0,0.906,319,119.0,0.172,16,1,14,6,Layer 1 Up
150,-2.03,-14.8,150,-1.97,4.731,-4.75,0.0939,326.0,14.3,0.00122,77.0,4.5,-14.8,77.0,4.595,11.52,3.38,0.0394,325.0,5.11,2.04e-05,33.5,4.0,4.0,33.5,4.0,4.0,0,0,0,0,-309.0,57.3,-8.4,-309.0,57.3,4.0,25.0,0.884,322,122.0,0.167,16,1,14,6,Layer 1 Up
149,-1.82,10.25,149,-1.86,5.63,-5.25,0.0894,326.0,13.5,0.00107,77.1,5.4,47.8,77.1,5.31,11.38,3.09,0.0682,325.0,6.47,0.000196,33.5,4.0,4.0,33.5,4.0,4.0,0,0,0,0,-304.0,57.2,-15.7,-304.0,57.3,4.0,23.2,1.04,320,118.0,0.201,16,1,15,6,Layer 1 Up
149,-1.82,-64.7,149,-1.64,6.55,-3.16,0.0814,326.0,13.1,0.00102,77.3,5.92,10.25,77.3,6.04,11.12,7.05,0.129,324.0,10.8,0.000516,33.5,4.0,4.0,33.5,4.0,4.0,0,0,0,0,-299.0,57.3,-13.3,-299.0,57.3,4.000000954,23.1,0.876,319,117.0,0.168,16,1,15,6,Layer 1 Up
148,-1.2,54.0,148,-1.33,7.46,-4.73,0.0836,326.0,14.5,0.000854,77.5,6.65,10.25,77.5,6.76,10.72,4.96,0.0862,325.0,9.64,0.00049,33.5,4.0,4.0,33.5,4.0,4.0,0,0,0,0,-293.0,57.2,-67.4,-293.0,57.3,4.000000954,24.3,0.923,321,121.0,0.176,16,1,15,6,Layer 1 Up
148,-1.07,10.25,148,-0.96,8.24,-4.78,0.0729,326.0,10.7,0.000777,77.8,7.1,16.5,77.8,7.38,10.26,4.35,0.0704,325.0,9.82,0.000428,33.5,4.0,4.0,33.5,4.0,4.0,0,0,0,0,-288.0,57.3,0.0,-288.0,57.3,4.0,25.0,0.91,321,120.0,0.175,16,1,15,6,Layer 1 Up
147,-0.47,-8.5,147,-0.49,8.99,-6.44,0.109,326.0,11.3,0.000986,78.2,7.95,22.8,78.2,7.98,9.67,5.97,0.0993,324.0,11.3,0.000847,33.5,4.0,4.0,33.5,4.0,4.0,0,0,0,0,-283.0,57.3,3.063,-283.0,57.3,4.0,21.2,1.02,319,115.0,0.198,16,1,15,6,Layer 1 Up
147,-0.05,10.25,147,0.06,9.69,-4.21,0.0801,326.0,11.3,0.00067,78.6,8.63,-33.5,78.6,8.53,8.97,1.96,0.0815,325.0,15.0,0.000773,33.5,4.0,4.0,33.5,4.0,4.0,0,0,0,0,-277.0,57.2,-68.7,-277.0,57.3,4.0,26.3,1.03,321,120.0,0.196,16,1,2,6,Layer 1 Up
146,0.8,54.0,146,0.64,10.25,-4.98,0.0847,326.0,10.5,0.000558,79.1,8.6,-58.5,79.1,8.97,8.25,4.74,0.0771,324.0,12.4,0.000751,33.5,4.0,4.0,33.5,4.0,4.0,0,0,0,0,-272.0,57.2,-59.9,-272.0,57.3,4.000000954,23.7,1.04,321,118.0,0.2,16,1,15,6,Layer 1 Up
146,1.3,-14.8,146,1.29,10.74,-3.38,0.0743,326.0,9.91,0.000463,79.6,9.18,-71.0,79.6,9.35,7.43,4.39,0.0806,324.0,15.0,0.000862,33.5,4.0,4.0,33.5,4.0,4.0,0,0,0,0,-267.0,57.4,31.9,-267.0,57.3,3.999999046,20.4,0.854,320,118.0,0.164,16,1,15,6,Layer 1 Up
146,1.97,47.8,146,2.01,11.13,-5.54,0.0892,326.0,9.21,0.000354,80.2,9.78,-2.25,80.2,9.66,6.52,6.22,0.114,324.0,14.1,0.00146,33.5,4.0,4.0,33.5,4.0,4.0,0,0,0,0,-261.0,57.4,9.25,-261.0,57.3,3.999999046,18.9,0.835,321,120.0,0.161,16,1,15,6,Layer 1 Up
146,2.55,-64.7,146,2.71,11.38,-3.81,0.0727,326.0,5.95,0.000174,80.7,9.72,35.3,80.8,9.86,5.64,7.9,0.128,324.0,15.0,0.00152,33.5,4.0,4.0,33.5,4.0,4.0,0,0,0,0,-256.0,57.1,-59.0,-256.0,57.3,4.0,27.3,1.23,320,117.0,0.235,16,1,15,6,Layer 1 Up
145,3.2,-102.0,145,3.458,11.53,-1.65,0.078,326.0,6.14,4.9e-05,81.3,9.8,29.0,81.3,9.98,4.702,6.48,0.104,324.0,13.8,0.00125,33.5,4.0,4.0,33.5,4.0,4.0,0,0,0,0,-251.0,57.4,21.5,-251.0,57.3,4.0,22.5,0.904,320,117.0,0.175,16,1,15,6,Layer 1 Up
145,4.125,66.5,145,4.0,4.0,-3.59,0.0653,326.0,7.62,-4.96e-05,81.8,5.7,398.0,81.8,10.0,129.0,15.6,0.238,325.0,14.0,0.00183,33.5,4.0,4.0,33.5,4.0,4.0,0,0,0,0,-245.0,57.3,-25.6,-245.0,57.3,4.0,21.0,0.893,321,120.0,0.172,16,1,15,6,Layer 1 Up
146,10.07,-27.3,146,10.0,4.0,3.17,0.0552,326.0,12.2,0.000644,81.9,3.975,22.8,81.9,4.0,4.0,0.182,0.0181,325.0,1.5,-3.8e-07,33.5,4.0,4.0,33.5,4.0,4.0,0,0,0,0,-240.0,57.3,-0.13,-240.0,57.3,4.000000954,19.6,0.932,321,120.0,0.179,16,1,17,6,Layer 1 Up
146,9.97,16.5,147,10.0,4.0,3.66,0.0875,326.0,14.6,0.0011,81.9,4.0,-2.25,81.9,4.0,4.0,-0.677,0.0233,324.0,3.42,0.0,33.5,4.0,4.0,33.5,4.0,4.0,0,0,0,0,-235.0,57.3,-7.3,-235.0,57.3,4.0,26.9,0.903,320,119.0,0.173,16,1,17,6,Layer 1 Up
147,9.7,-71.0,147,10.0,4.0,6.68,0.099,326.0,13.7,0.00122,81.9,4.0,4.0,81.9,4.0,4.0,-0.229,0.0241,325.0,6.73,1.08e-06,33.5,4.0,4.0,33.5,4.0,4.0,0,0,0,0,-229.0,57.3,-3.44,-229.0,57.3,4.0,24.6,0.873,322,123.0,0.166,16,1,17,6,Layer 1 Up
148,10.18,16.5,148,10.0,4.0,4.14,0.0765,326.0,12.7,0.000967,81.9,3.95,-21.0,81.9,4.0,4.0,0.0386,0.0136,325.0,1.87,0.0,33.5,4.0,4.0,33.5,4.0,4.0,0,0,0,0,-224.0,57.3,-9.1,-224.0,57.3,4.0,23.2,1.03,321,117.0,0.197,16,1,2,6,Layer 1 Up
148,10.1,60.3,148,10.0,4.0,6.74,0.0984,326.0,11.3,0.00128,81.9,3.975,-14.8,81.9,4.0,4.0,-0.808,0.0216,324.0,0.558,-2.4e-06,33.5,4.0,4.0,33.5,4.0,4.0,0,0,0,0,-219.0,57.3,-15.1,-219.0,57.3,4.000000954,23.3,0.894,320,117.0,0.172,16,1,17,6,Layer 1 Up
148,5.2,-52.3,148,5.41,12.82,5.59,0.0959,326.0,9.75,0.000275,81.5,-1.85,-39.8,81.5,-1.83,6.11,-8.49,0.146,325.0,16.2,0.00179,33.5,4.0,4.0,33.5,4.0,4.0,0,0,0,0,-213.0,57.2,-59.2,-213.0,57.3,4.000000954,22.7,0.904,321,122.0,0.173,16,1,17,6,Layer 1 Up
149,6.05,10.25,149,6.24,12.43,9.78,0.117,326.0,3.33,0.000452,81.0,-1.25,110.0,80.9,-1.57,7.36,-5.27,0.0865,325.0,13.8,0.000927,33.5,4.0,4.0,33.5,4.0,4.0,0,0,0,0,-208.0,57.3,3.625,-208.0,57.3,4.0,24.2,0.903,321,119.0,0.172,16,1,19,6,Layer 1 Up
149,7.1,79.0,149,7.05,11.82,7.14,0.103,326.0,8.31,0.000652,80.4,-1.07,-8.5,80.4,-1.17,8.59,-5.8,0.109,324.0,14.9,0.00117,33.5,4.0,4.0,33.5,4.0,4.0,0,0,0,0,-203.0,57.3,-5.31,-203.0,57.3,4.0,22.2,1.02,321,115.0,0.197,16,1,19,6,Layer 1 Up
149,7.92,22.8,149,7.82,11.01,4.83,0.0757,326.0,10.0,0.000558,79.9,-0.65,4.0,79.9,-0.62,9.76,-8.44,0.151,325.0,13.6,0.00156,33.5,4.0,4.0,33.5,4.0,4.0,0,0,0,0,-197.0,57.2,-68.7,-197.0,57.3,4.0,26.5,1.02,321,121.0,0.195,16,1,19,6,Layer 1 Up
150,8.6,104.0,150,8.45,10.1,6.99,0.0881,326.0,8.66,0.000805,79.5,-0.07,-39.8,79.5,-0.02,10.71,-7.25,0.132,324.0,12.0,0.0011,33.5,4.0,4.0,33.5,4.0,4.0,0,0,0,0,-192.0,57.2,-57.0,-192.0,57.3,4.000000954,23.5,1.04,321,117.0,0.199,16,1,19,6,Layer 1 Up
150,8.9,-8.5,150,9.01,9.02,5.05,0.0889,326.0,12.7,0.000898,79.1,0.7,47.8,79.1,0.69,11.55,-3.18,0.0506,324.0,7.2,0.00028,33.5,4.0,4.0,33.5,4.0,4.0,0,0,0,0,-187.0,57.4,31.1,-187.0,57.3,3.999999046,20.4,0.845,320,118.0,0.162,16,1,19,6,Layer 1 Up
151,9.28,-46.0,151,9.46,7.78,5.91,0.099,326.0,14.0,0.00106,78.8,1.62,72.7,78.8,1.52,12.25,-2.04,0.0431,325.0,9.01,0.000196,33.5,4.0,4.0,33.5,4.0,4.0,0,0,0,0,-181.0,57.3,1.37,-181.0,57.3,3.999999046,18.7,0.848,320,120.0,0.163,16,1,19,6,Layer 1 Up
151,9.75,47.8,151,9.76,6.54,6.11,0.101,326.0,13.0,0.00124,78.6,2.3,-2.25,78.6,2.34,12.71,-2.73,0.0726,324.0,7.4,0.000226,33.5,4.0,4.0,33.5,4.0,4.0,0,0,0,0,-176.0,57.1,-56.9,-176.0,57.3,4.0,27.8,1.2,321,116.0,0.229,16,1,19,6,Layer 1 Up
152,10.05,22.8,152,9.95,5.2,4.21,0.0939,326.0,14.4,0.0012,78.5,3.05,-39.8,78.5,3.223,12.99,-3.08,0.0633,325.0,5.57,0.000119,33.5,4.0,4.0,33.5,4.0,4.0,0,0,0,0,-171.0,57.4,18.7,-171.0,57.3,4.0,21.2,0.885,321,118.0,0.171,16,1,2,6,Layer 1 Up
152,7.4,1034.0,152,10.0,129.0,17.1,0.206,326.0,18.0,0.00142,78.5,4.075,41.5,78.5,4.0,4.0,-4.15,0.0812,325.0,8.09,1.29e-05,33.5,4.0,4.0,33.5,4.0,4.0,0,0,0,0,-165.0,57.3,-20.4,-165.0,57.3,4.0,20.5,0.879,321,120.0,0.17,16,1,19,6,Layer 1 Up
153,10.05,10.25,153,10.0,4.0,4.7,0.0853,326.0,13.1,0.00107,78.5,3.875,-58.5,78.5,4.0,4.0,-3.38,0.0682,325.0,3.11,1.05e-05,33.5,4.0,4.0,33.5,4.0,4.0,0,0,0,0,-160.0,57.3,22.2,-160.0,57.3,3.999999046,21.4,0.975,322,117.0,0.187,16,1,19,6,Layer 1 Up
153,10.18,79.0,154,10.0,4.0,4.04,0.0809,326.0,13.4,0.00102,78.5,3.875,-58.5,78.5,4.0,4.0,-3.21,0.0669,324.0,3.45,3.13e-05,33.5,4.0,4.0,33.5,4.0,4.0,0,0,0,0,-155.0,57.3,-9.9,-155.0,57.3,4.0,25.6,0.878,321,120.0,0.167,16,1,19,6,Layer 1 Up
154,10.13,60.3,154,10.0,4.0,5.51,0.0932,326.0,13.7,0.00121,78.5,4.125,66.5,78.5,4.0,4.0,-3.66,0.0661,325.0,7.61,-2.05e-05,33.5,4.0,4.0,33.5,4.0,4.0,0,0,0,0,-149.0,57.3,-1.13,-149.0,57.3,4.0,25.2,0.863,322,122.0,0.163,16,1,19,6,Layer 1 Up
155,9.88,-2.25,155,10.0,4.0,6.1,0.102,326.0,13.7,0.00122,78.5,3.875,-64.7,78.5,4.0,4.0,-2.43,0.0664,324.0,4.16,0.0,33.5,4.0,4.0,33.5,4.0,4.0,0,0,0,0,-144.0,57.3,-6.2,-144.0,57.3,4.0,21.7,1.0,322,118.0,0.192,16,1,19,6,Layer 1 Up
155,10.05,-27.3,155,10.0,4.0,3.84,0.0736,326.0,13.3,0.000863,78.5,3.875,-58.5,78.5,4.0,4.0,-3.05,0.065,325.0,3.61,2.02e-05,33.5,4.0,4.0,33.5,4.0,4.0,0,0,0,0,-139.0,57.3,-12.1,-139.0,57.3,4.000000954,21.5,0.872,321,119.0,0.168,16,1,19,6,Layer 1 Up
156,9.93,-71.0,156,10.0,4.0,4.11,0.0726,326.0,14.0,0.000853,78.5,4.15,72.7,78.5,4.0,4.0,-3.99,0.0664,325.0,7.23,0.0,33.5,4.0,4.0,33.5,4.0,4.0,0,0,0,0,-133.0,57.2,-62.7,-133.0,57.3,4.000000954,23.4,0.919,321,122.0,0.177,16,1,19,6,Layer 1 Up
156,10.07,47.8,157,10.0,4.0,4.43,0.0853,326.0,12.8,0.00114,78.5,3.85,-64.7,78.5,4.0,4.0,-3.06,0.0626,325.0,3.47,1.95e-05,33.5,4.0,4.0,33.5,4.0,4.0,0,0,0,0,-128.0,57.3,9.75,-128.0,57.3,4.0,23.8,0.889,322,119.0,0.169,16,1,19,6,Layer 1 Up
157,9.93,-8.5,157,10.0,4.0,3.63,0.0903,324.0,15.7,0.00113,78.5,3.875,-52.3,78.5,4.0,4.0,-3.22,0.0655,324.0,2.86,9.87e-06,33.5,4.0,4.0,33.5,4.0,4.0,0,0,0,0,-123.0,57.3,-4.94,-123.0,57.3,4.0,20.9,1.01,319,116.0,0.196,16,1,19,6,Layer 1 Up
158,9.8,-58.5,158,10.0,4.0,5.0,0.0864,324.0,15.6,0.00108,78.5,4.15,72.7,78.5,4.0,4.0,-3.52,0.0653,323.0,6.94,-3.99e-05,33.5,4.0,4.0,33.5,4.0,4.0,0,0,0,0,-117.0,57.2,-65.0,-117.0,57.3,4.0,25.3,1.01,319,122.0,0.194,16,1,2,6,Layer 1 Up
158,10.3,72.7,158,10.0,4.0,4.3,0.0889,325.0,12.8,0.00111,78.5,3.85,-71.0,78.5,4.0,4.0,-2.89,0.0625,324.0,3.58,1.96e-05,33.5,4.0,4.0,33.5,4.0,4.0,0,0,0,0,-112.0,57.2,-62.0,-112.0,57.3,4.000000954,24.2,1.03,321,118.0,0.198,16,1,19,6,Layer 1 Up
159,10.15,97.7,159,10.0,4.0,5.12,0.101,326.0,13.4,0.00135,78.5,3.9,-46.0,78.5,4.0,4.0,-3.08,0.0634,324.0,3.46,1.99e-05,33.5,4.0,4.0,33.5,4.0,4.0,0,0,0,0,-107.0,57.4,25.6,-107.0,57.3,3.999999046,19.7,0.845,321,118.0,0.162,16,1,19,6,Layer 1 Up
159,9.57,-121.0,159,9.99,3.655,8.1,0.164,326.0,15.7,0.00211,78.5,4.275,91.5,78.5,4.246,13.06,-2.47,0.0425,325.0,3.72,-1.75e-05,33.5,4.0,4.0,33.5,4.0,4.0,0,0,0,0,-101.0,57.3,6.69,-101.0,57.3,3.999999046,18.0,0.848,320,120.0,0.163,16,1,19,6,Layer 1 Up
160,9.85,-8.5,160,9.9,2.35,4.68,0.0976,326.0,15.0,0.00105,78.5,5.1,29.0,78.5,5.11,12.92,6.52,0.128,324.0,8.7,0.000286,33.5,4.0,4.0,33.5,4.0,4.0,0,0,0,0,-96.0,57.1,-56.3,-95.8,57.3,4.0,28.6,1.21,322,116.0,0.23,16,1,21,6,Layer 1 Up
161,9.88,79.0,161,9.66,1.02,2.51,0.0866,326.0,14.2,0.000987,78.7,6.05,35.3,78.7,5.99,12.57,5.85,0.0955,324.0,6.55,0.000428,33.5,4.0,4.0,33.5,4.0,4.0,0,0,0,0,-90.9,57.3,15.7,-90.5,57.3,4.0,25.1,0.902,321,114.0,0.173,16,1,21,6,Layer 1 Up
161,9.13,-77.2,161,9.28,-0.28,13.5,0.105,326.0,5.99,0.00109,78.9,6.63,-39.8,78.9,6.85,12.0,3.53,0.0741,324.0,10.2,0.000424,33.5,4.0,4.0,33.5,4.0,4.0,0,0,0,0,-85.4,57.3,-17.8,-85.0,57.3,4.0,21.9,0.874,320,119.0,0.167,16,1,21,6,Layer 1 Up
162,9.0,22.8,162,8.81,-1.39,4.14,0.0911,325.0,12.3,0.000864,79.2,7.65,-14.8,79.3,7.58,11.29,2.45,0.0861,324.0,12.7,0.000634,33.5,4.0,4.0,33.5,4.0,4.0,0,0,0,0,-80.3,57.3,22.8,-79.8,57.3,3.999999046,21.1,0.977,322,117.0,0.188,16,1,21,6,Layer 1 Up
162,8.15,-21.0,162,8.22,-2.43,4.91,0.0834,326.0,12.0,0.000717,79.6,8.32,66.5,79.6,8.27,10.4,4.51,0.1,324.0,11.0,0.000918,33.5,4.0,4.0,33.5,4.0,4.0,0,0,0,0,-74.9,57.3,-11.0,-74.5,57.3,4.0,25.9,0.892,321,120.0,0.169,16,1,21,6,Layer 1 Up
162,7.35,-46.0,163,7.5,-3.35,5.47,0.0848,326.0,10.5,0.00059,80.1,8.78,-14.8,80.1,8.87,9.31,7.09,0.119,324.0,13.8,0.00114,33.5,4.0,4.0,33.5,4.0,4.0,0,0,0,0,-69.4,57.3,1.69,-69.0,57.3,4.0,23.6,0.859,320,123.0,0.163,16,1,21,6,Layer 1 Up
163,6.8,72.7,163,6.76,-4.04,4.07,0.0791,325.0,9.42,0.000392,80.6,9.53,91.5,80.6,9.33,8.19,3.7,0.0974,324.0,13.3,0.00112,33.5,4.0,4.0,33.5,4.0,4.0,0,0,0,0,-64.3,57.3,-11.3,-63.8,57.3,4.0,22.7,1.01,322,118.0,0.194,16,1,2,6,Layer 1 Up
163,6.15,54.0,163,5.92,-4.58,5.29,0.0995,325.0,7.46,0.000439,81.1,9.78,-39.8,81.2,9.68,6.93,9.44,0.0957,324.0,7.85,0.00114,33.5,4.0,4.0,33.5,4.0,4.0,0,0,0,0,-58.9,57.3,-9.4,-58.5,57.3,4.000000954,21.3,0.864,321,118.0,0.166,16,1,21,6,Layer 1 Up
163,4.85,-96.0,163,5.01,-4.94,4.5,0.0734,326.0,8.1,0.000122,81.7,10.25,10.25,81.8,9.91,5.55,5.81,0.1,324.0,12.7,0.00131,33.5,4.0,4.0,33.5,4.0,4.0,0,0,0,0,-53.4,57.2,-60.9,-53.0,57.3,4.000000954,23.7,0.915,320,121.0,0.175,16,1,21,6,Layer 1 Up
163,4.35,54.0,163,4.144,-5.07,4.51,0.0786,325.0,3.63,6.01e-05,82.3,10.0,47.8,82.3,10.0,4.246,9.32,0.155,324.0,15.1,0.00196,33.5,4.0,4.0,33.5,4.0,4.0,0,0,0,0,-48.3,57.3,14.0,-47.8,57.3,4.0,24.0,0.884,321,120.0,0.169,16,1,21,6,Layer 1 Up
163,4.175,91.5,163,4.0,4.0,2.78,0.0456,325.0,1.43,0.0,82.8,9.72,-27.3,82.9,10.0,4.0,5.16,0.0874,324.0,14.4,0.00104,33.5,4.0,4.0,33.5,4.0,4.0,0,0,0,0,-42.9,57.3,-2.06,-42.5,57.3,4.0,22.2,1.02,321,115.0,0.196,16,1,21,6,Layer 1 Up
163,3.825,-77.2,163,4.0,4.0,3.9,0.0504,326.0,5.32,-1.51e-05,83.4,9.82,-77.2,83.5,10.0,4.0,4.62,0.0741,324.0,13.0,0.00083,33.5,4.0,4.0,33.5,4.0,4.0,0,0,0,0,-37.4,57.2,-63.8,-37.0,57.3,4.0,26.5,1.01,320,121.0,0.192,16,1,21,6,Layer 1 Up
163,4.225,123.0,163,4.0,4.0,1.5,0.0467,326.0,2.39,5.83e-06,84.0,10.15,41.5,84.1,10.0,4.0,3.76,0.0801,324.0,12.7,0.00102,33.5,4.0,4.0,33.5,4.0,4.0,0,0,0,0,-32.3,57.2,-61.0,-31.8,57.3,4.000000954,23.5,1.04,322,118.0,0.2,16,1,21,6,Layer 1 Up
163,4.15,85.2,163,4.0,4.0,1.96,0.0469,325.0,2.24,1.41e-05,84.6,9.95,35.3,84.7,10.0,4.0,6.14,0.1,324.0,12.6,0.00126,33.5,4.0,4.0,33.5,4.0,4.0,0,0,0,0,-26.9,57.4,27.7,-26.5,57.3,3.999999046,21.2,0.858,321,117.0,0.164,16,1,21,6,Layer 1 Up
163,3.875,-58.5,163,4.0,4.0,2.75,0.0531,326.0,5.49,-7.4e-06,85.2,9.97,10.25,85.3,10.0,4.0,5.07,0.0921,324.0,13.9,0.00119,33.5,4.0,4.0,33.5,4.0,4.0,0,0,0,0,-21.4,57.3,6.75,-21.0,57.3,3.999999046,18.2,0.849,320,120.0,0.163,16,1,21,6,Layer 1 Up
163,4.175,85.2,163,4.0,4.0,0.975,0.0428,326.0,3.35,6.01e-06,85.8,10.07,-33.5,85.9,10.0,4.0,4.76,0.0766,324.0,12.9,0.000907,33.5,4.0,4.0,33.5,4.0,4.0,0,0,0,0,-16.3,57.2,-51.0,-15.8,57.3,4.0,27.8,1.18,322,116.0,0.227,16,1,21,6,Layer 1 Up
163,4.0,-8.5,163,4.0,4.0,1.64,0.0353,325.0,5.96,-1.5e-05,86.7,10.03,35.3,86.7,10.0,4.0,9.26,0.145,324.0,14.2,0.00182,33.5,4.0,4.0,33.5,4.0,4.0,0,0,0,0,-8.6,57.3,7.44,-8.2,57.3,4.0,21.2,0.823,322,120.0,0.157,16,1,2,6,Layer 1 Up
163,4.05,29.0,163,4.0,4.0,1.09,0.0586,326.0,4.13,3.51e-05,87.3,9.82,16.5,87.3,10.0,4.0,7.88,0.125,324.0,14.4,0.00151,33.5,4.0,4.0,33.5,4.0,4.0,0,0,0,0,-3.47,57.3,-14.7,-3.04,57.3,4.000000954,21.5,0.8,317,118.0,0.153,16,1,21,6,Layer 1 Up
163,4.025,29.0,163,4.0,4.0,2.25,0.0626,326.0,2.94,2.53e-05,87.9,9.82,10.25,87.9,10.0,4.0,5.66,0.0988,324.0,13.9,0.0012,33.5,4.0,4.0,33.5,4.0,4.0,0,0,0,0,1.86,57.3,-9.4,2.3,57.3,3.999999046,21.7,1.06,316,118.0,0.205,16,1,21,6,Layer 1 Up
163,3.975,-14.8,163,4.0,4.0,1.79,0.0399,325.0,5.94,-2.08e-05,88.5,9.8,22.8,88.5,10.0,4.0,6.45,0.104,324.0,13.8,0.00126,33.5,4.0,4.0,33.5,4.0,4.0,0,0,0,0,7.41,57.3,-23.8,7.84,57.3,3.999999046,17.7,0.913,321,117.0,0.177,16,1,21,6,Layer 1 Up
163,4.0,-2.25,163,4.0,4.0,0.629,0.0365,325.0,7.48,-2.04e-05,89.1,9.68,-64.7,89.1,10.0,4.0,6.03,0.0885,324.0,13.7,0.00101,33.5,4.0,4.0,33.5,4.0,4.0,0,0,0,0,12.74,57.3,10.38,13.18,57.3,4.0,19.4,0.995,320,120.0,0.191,16,1,21,6,Layer 1 Up
163,3.925,-2.25,163,3.9751,-1.86,1.12,0.0643,325.0,4.74,3.74e-05,89.5,3.325,-240.0,89.6,9.5,879.0,1.08,0.0287,324.0,0.299,2.14e-05,33.5,4.0,4.0,33.5,4.0,4.0,0,0,0,0,17.9,57.4,48.8,18.3,57.3,4.0,19.7,0.99,316,118.0,0.191,16,1,21,6,Layer 1 Up
163,3.2,41.5,163,3.035,-4.96,-4.52,0.0534,325.0,6.11,5.62e-05,90.1,10.32,72.7,90.2,9.92,2.57,3.69,0.0944,324.0,14.3,0.00117,33.5,4.0,4.0,33.5,4.0,4.0,0,0,0,0,23.4,57.4,4.0,23.8,57.3,4.0,19.5,0.834,322,118.0,0.161,16,1,23,6,Layer 1 Up
163,2.3,29.0,163,2.15,-4.64,-4.92,0.0778,325.0,9.33,0.000246,90.7,9.65,22.8,90.8,9.71,1.23,8.04,0.147,324.0,15.9,0.0018,33.5,4.0,4.0,33.5,4.0,4.0,0,0,0,0,28.7,57.3,-5.0,29.2,57.3,4.000000954,21.4,0.948,321,120.0,0.183,16,1,23,6,Layer 1 Up
163,1.42,-39.8,163,1.35,-4.15,-5.07,0.101,325.0,9.34,0.000596,91.3,9.15,-46.0,91.3,9.38,0.01,5.04,0.0835,324.0,12.3,0.00091,33.5,4.0,4.0,33.5,4.0,4.0,0,0,0,0,33.9,57.4,65.8,34.3,57.3,4.0,17.0,0.904,316,119.0,0.171,16,1,23,6,Layer 1 Up
163,0.7,-8.5,163,0.54,-3.43,-7.54,0.108,325.0,10.7,0.000754,91.8,8.97,47.8,91.8,8.9,-1.21,5.48,0.109,324.0,12.2,0.00115,33.5,4.0,4.0,33.5,4.0,4.0,0,0,0,0,39.4,57.5,64.4,39.8,57.3,4.0,14.4,0.744,321,118.0,0.14,16,1,23,6,Layer 1 Up
162,-0.25,-33.5,162,-0.13,-2.59,-3.9,0.0877,325.0,10.4,0.000743,92.3,8.45,10.25,92.3,8.35,-2.23,5.71,0.107,323.0,12.0,0.000982,33.5,4.0,4.0,33.5,4.0,4.0,0,0,0,0,44.5,57.3,-5.0,45.0,57.3,4.0,21.7,0.855,318,119.0,0.165,16,1,2,6,Layer 1 Up
162,-0.75,-8.5,162,-0.74,-1.58,-5.49,0.0786,325.0,9.95,0.000794,92.7,8.0,10.25,92.7,7.68,-3.15,3.2,0.0713,324.0,10.2,0.000588,33.5,4.0,4.0,33.5,4.0,4.0,0,0,0,0,49.9,57.4,50.6,50.3,57.3,4.000000954,21.1,0.94,316,119.0,0.181,16,1,23,6,Layer 1 Up
161,-1.3,16.5,161,-1.26,-0.39,-3.2,0.0669,325.0,13.1,0.000706,93.0,6.72,-27.3,93.0,6.89,-3.94,8.28,0.108,324.0,8.64,0.000585,33.5,4.0,4.0,33.5,4.0,4.0,0,0,0,0,55.4,57.3,-3.13,55.8,57.3,4.000000954,16.7,0.794,322,121.0,0.152,16,1,23,6,Layer 1 Up
161,-1.7,-14.8,161,-1.62,0.81,-6.98,0.0949,325.0,10.6,0.00108,93.2,6.33,16.5,93.3,6.1,-4.49,7.08,0.109,324.0,7.6,0.000555,33.5,4.0,4.0,33.5,4.0,4.0,0,0,0,0,60.5,57.5,42.8,61.0,57.3,4.0,15.9,0.743,318,115.0,0.141,16,1,23,6,Layer 1 Up
160,-1.95,-46.0,160,-1.88,2.17,-6.07,0.106,325.0,12.7,0.00137,93.4,5.17,-14.8,93.4,5.19,-4.89,3.44,0.0546,324.0,8.23,0.000105,33.5,4.0,4.0,33.5,4.0,4.0,0,0,0,0,66.1,57.4,48.8,66.5,57.3,4.0,18.8,0.835,321,121.0,0.158,16,1,23,6,Layer 1 Up
160,-1.8,41.5,159,-1.99,3.534,-6.37,0.115,325.0,14.9,0.0014,93.5,4.425,10.25,93.5,4.29,-5.06,6.22,0.0987,324.0,7.29,7.92e-05,33.5,4.0,4.0,33.5,4.0,4.0,0,0,0,0,71.4,57.3,5.25,71.8,57.3,4.0,22.5,0.834,322,119.0,0.16,16,1,23,6,Layer 1 Up
159,-1.85,41.5,159,-2.0,4.0,-6.93,0.123,325.0,15.5,0.0015,93.5,3.95,-27.3,93.5,4.0,4.0,5.97,0.0802,324.0,7.15,-2.54e-05,33.5,4.0,4.0,33.5,4.0,4.0,0,0,0,0,76.7,57.3,-5.75,77.2,57.3,4.0,22.4,1.01,321,119.0,0.195,16,1,23,6,Layer 1 Up
158,-1.85,35.3,158,-2.0,4.0,-6.16,0.106,325.0,15.1,0.00123,93.5,3.925,-27.3,93.5,4.0,4.0,5.95,0.0815,324.0,6.54,-3.83e-05,33.5,4.0,4.0,33.5,4.0,4.0,0,0,0,0,82.1,57.3,17.8,82.5,57.3,4.000000954,20.3,0.87,321,121.0,0.168,16,1,23,6,Layer 1 Up
158,-2.1,16.5,158,-2.0,4.0,-4.86,0.0835,326.0,13.7,0.00108,93.5,3.925,-39.8,93.5,4.0,4.0,5.12,0.0799,324.0,7.11,-5.05e-05,33.5,4.0,4.0,33.5,4.0,4.0,0,0,0,0,87.4,57.3,-22.6,87.8,57.3,3.999999046,18.3,0.915,321,116.0,0.177,16,1,23,6,Layer 1 Up
157,-2.07,-46.0,157,-2.0,4.0,-4.99,0.0961,325.0,14.0,0.00123,93.5,3.95,-21.0,93.5,4.0,4.0,5.14,0.0793,324.0,7.59,0.0,33.5,4.0,4.0,33.5,4.0,4.0,0,0,0,0,92.7,57.3,9.0,93.2,57.3,4.0,19.0,0.996,320,120.0,0.19,16,1,23,6,Layer 1 Up
157,-1.88,35.3,157,-2.0,4.0,-6.47,0.108,326.0,14.8,0.00135,93.5,3.95,-27.3,93.5,4.0,4.0,5.7,0.0786,324.0,7.01,-1.24e-05,33.5,4.0,4.0,33.5,4.0,4.0,0,0,0,0,98.1,57.2,-29.9,98.5,57.3,4.0,26.1,0.974,321,120.0,0.187,16,1,2,6,Layer 1 Up
156,-1.93,60.3,156,-2.0,4.0,-5.31,0.0845,326.0,14.8,0.000982,93.5,3.9,-46.0,93.5,4.0,4.0,5.12,0.078,324.0,7.38,-4.98e-05,33.5,4.0,4.0,33.5,4.0,4.0,0,0,0,0,103.4,57.4,6.13,103.8,57.3,4.0,19.4,0.838,322,118.0,0.162,16,1,23,6,Layer 1 Up
155,-2.05,47.8,155,-2.0,4.0,-4.21,0.0733,325.0,14.2,0.000889,93.5,3.9,-39.8,93.5,4.0,4.0,5.69,0.0779,324.0,6.7,-6.09e-05,33.5,4.0,4.0,33.5,4.0,4.0,0,0,0,0,109.0,57.3,-2.31,109.0,57.3,4.000000954,21.6,0.96,321,120.0,0.185,16,1,23,6,Layer 1 Up
155,-2.25,-89.7,155,-2.0,4.0,-3.99,0.0795,325.0,13.8,0.000957,93.5,3.9,-39.8,93.5,4.0,4.0,6.23,0.0788,324.0,5.93,-6.24e-05,33.5,4.0,4.0,33.5,4.0,4.0,0,0,0,0,114.0,57.3,-31.3,115.0,57.3,3.999999046,20.0,0.979,321,118.0,0.19,16,1,23,6,Layer 1 Up
154,-1.85,-2.25,154,-2.0,4.0,-7.07,0.103,325.0,13.5,0.00131,93.5,3.9,-46.0,93.5,4.0,4.0,5.12,0.0764,324.0,7.54,-3.61e-05,33.5,4.0,4.0,33.5,4.0,4.0,0,0,0,0,119.0,57.5,60.9,120.0,57.3,4.0,14.7,0.742,321,118.0,0.141,16,1,23,6,Layer 1 Up
154,-1.8,54.0,154,-2.0,4.0,-6.89,0.105,325.0,15.4,0.00122,93.5,3.925,-33.5,93.5,4.0,4.0,6.24,0.0807,324.0,6.42,-1.24e-05,33.5,4.0,4.0,33.5,4.0,4.0,0,0,0,0,125.0,57.2,-19.2,125.0,57.3,4.0,24.3,1.04,320,121.0,0.2,16,1,23,6,Layer 1 Up
153,-1.93,60.3,153,-2.0,4.0,-4.17,0.0777,325.0,14.8,0.000957,93.5,3.925,-33.5,93.5,4.0,4.0,4.28,0.077,324.0,8.64,0.0,33.5,4.0,4.0,33.5,4.0,4.0,0,0,0,0,130.0,57.3,-7.4,131.0,57.3,4.0,22.3,0.942,321,120.0,0.183,16,1,23,6,Layer 1 Up
152,-2.15,-21.0,152,-2.0,4.0,-4.81,0.0841,325.0,12.4,0.00101,93.5,3.9,-52.3,93.5,4.0,4.0,5.69,0.078,324.0,6.56,-3.69e-05,33.5,4.0,4.0,33.5,4.0,4.0,0,0,0,0,135.0,57.3,-11.9,136.0,57.3,4.000000954,20.4,0.839,322,118.0,0.159,16,1,23,6,Layer 1 Up
152,-1.95,-8.5,152,-2.0,4.0,-6.66,0.101,326.0,12.9,0.00126,93.5,3.9,-46.0,93.5,4.0,4.0,5.96,0.0785,324.0,6.45,-4.92e-05,33.5,4.0,4.0,33.5,4.0,4.0,0,0,0,0,141.0,57.2,-76.1,141.0,57.3,3.999999046,24.2,1.11,320,118.0,0.213,16,1,23,6,Layer 1 Up
151,-1.8,60.3,151,-2.0,4.0,-5.43,0.0974,325.0,15.8,0.00115,93.5,3.9,-46.0,93.5,4.0,4.0,5.12,0.0852,324.0,7.49,-1.31e-05,33.5,4.0,4.0,33.5,4.0,4.0,0,0,0,0,146.0,57.4,51.6,147.0,57.3,4.0,17.4,0.842,320,122.0,0.16,16,1,23,6,Layer 1 Up
151,-2.05,35.3,151,-2.0,4.0,-4.65,0.0835,325.0,14.3,0.00101,93.5,3.9,-46.0,93.5,4.0,4.0,6.52,0.08,324.0,5.74,-5.04e-05,33.5,4.0,4.0,33.5,4.0,4.0,0,0,0,0,151.0,57.3,4.0,152.0,57.3,4.0,19.6,0.841,322,123.0,0.161,16,1,2,6,Layer 1 Up
150,-2.05,-2.25,150,-2.0,4.0,-5.16,0.0937,325.0,14.7,0.00115,93.5,3.9,-52.3,93.5,4.0,4.0,4.84,0.0822,324.0,7.59,-1.28e-05,33.5,4.0,4.0,33.5,4.0,4.0,0,0,0,0,157.0,57.3,-4.19,157.0,57.3,4.0,22.1,1.02,320,119.0,0.197,16,1,23,6,Layer 1 Up
149,-1.95,-8.5,149,-2.0,4.0,-5.4,0.106,325.0,15.0,0.00132,93.5,3.9,-52.3,93.5,4.0,4.0,5.96,0.0791,324.0,6.54,-2.5e-05,33.5,4.0,4.0,33.5,4.0,4.0,0,0,0,0,162.0,57.3,16.4,163.0,57.3,4.000000954,21.3,0.869,321,120.0,0.167,16,1,23,6,Layer 1 Up
149,-1.88,29.0,149,-2.0,4.0,-5.89,0.107,326.0,15.4,0.00132,93.5,3.9,-46.0,93.5,4.0,4.0,5.96,0.0773,324.0,6.46,-3.63e-05,33.5,4.0,4.0,33.5,4.0,4.0,0,0,0,0,167.0,57.3,-31.0,168.0,57.3,3.999999046,18.0,0.932,321,117.0,0.181,16,1,23,6,Layer 1 Up
148,-1.93,66.5,148,-2.0,4.0,-4.14,0.0843,325.0,15.4,0.001,93.5,3.9,-46.0,93.5,4.0,4.0,5.67,0.0835,324.0,6.41,-2.59e-05,33.5,4.0,4.0,33.5,4.0,4.0,0,0,0,0,173.0,57.3,11.0,173.0,57.3,4.0,19.5,1.0,319,119.0,0.191,16,1,23,6,Layer 1 Up
148,-1.85,29.0,148,-1.93,6.04,-4.85,0.101,326.0,15.3,0.00128,93.5,4.75,-14.8,93.5,4.917,17.6,8.72,0.139,324.0,8.92,0.000224,33.5,4.0,4.0,33.5,4.0,4.0,0,0,0,0,178.0,57.2,-25.9,179.0,57.3,4.0,25.0,0.982,321,121.0,0.189,16,1,23,6,Layer 1 Up
147,-1.55,47.8,147,-1.57,9.07,-4.43,0.0783,326.0,14.4,0.000903,93.7,6.2,10.25,93.7,6.24,16.8,3.68,0.0697,324.0,9.05,0.000312,33.5,4.0,4.0,33.5,4.0,4.0,0,0,0,0,183.0,57.4,-0.44,184.0,57.3,4.0,18.8,0.85,321,119.0,0.165,16,1,25,6,Layer 1 Up
147,-0.82,60.3,147,-0.91,11.84,-6.03,0.0868,326.0,12.4,0.000833,94.0,7.33,47.8,94.0,7.45,15.3,5.91,0.106,324.0,11.7,0.000786,33.5,4.0,4.0,33.5,4.0,4.0,0,0,0,0,189.0,57.3,1.56,189.0,57.3,4.000000954,22.0,0.957,321,119.0,0.185,16,1,25,6,Layer 1 Up
146,-0.05,-8.5,146,0.0,14.2,-4.31,0.0927,326.0,12.7,0.000771,94.4,8.2,-89.7,94.4,8.47,13.21,3.68,0.0562,324.0,10.7,0.000496,33.5,4.0,4.0,33.5,4.0,4.0,0,0,0,0,194.0,57.3,-29.3,195.0,57.3,3.999999046,20.8,0.995,320,117.0,0.193,16,1,25,6,Layer 1 Up
146,1.2,117.0,146,1.12,16.0,-5.2,0.0722,326.0,9.15,0.000412,94.8,9.53,35.3,94.9,9.26,10.66,6.28,0.105,324.0,12.0,0.00118,33.5,4.0,4.0,33.5,4.0,4.0,0,0,0,0,199.0,57.5,62.5,200.0,57.3,4.0,13.5,0.745,321,118.0,0.141,16,1,25,6,Layer 1 Up
146,2.48,72.7,146,2.39,17.2,-5.91,0.0796,326.0,8.1,0.000234,95.4,9.53,-8.5,95.4,9.78,7.75,9.28,0.134,324.0,14.7,0.0016,33.5,4.0,4.0,33.5,4.0,4.0,0,0,0,0,205.0,57.2,-24.0,205.0,57.3,4.0,24.1,1.05,320,120.0,0.202,16,1,2,6,Layer 1 Up
145,3.775,85.2,145,3.744,17.7,-6.54,0.0741,326.0,5.48,1.15e-05,96.0,9.75,10.25,96.0,9.99,4.65,6.43,0.102,324.0,14.2,0.00125,33.5,4.0,4.0,33.5,4.0,4.0,0,0,0,0,210.0,57.3,-8.2,211.0,57.3,4.0,22.7,0.946,321,118.0,0.183,16,1,25,6,Layer 1 Up
145,4.1,72.7,145,4.0,4.0,-3.59,0.0548,326.0,6.11,-7.54e-06,96.5,10.32,97.7,96.6,10.0,4.0,1.67,0.0676,324.0,13.7,0.000846,33.5,4.0,4.0,33.5,4.0,4.0,0,0,0,0,215.0,57.3,-15.9,216.0,57.3,4.000000954,18.6,0.812,322,120.0,0.156,16,1,25,6,Layer 1 Up
145,4.15,85.2,145,4.0,4.0,-4.53,0.0525,326.0,5.4,-2.95e-05,97.1,10.0,22.8,97.2,10.0,4.0,3.97,0.0792,324.0,14.4,0.000966,33.5,4.0,4.0,33.5,4.0,4.0,0,0,0,0,221.0,57.2,-70.1,221.0,57.3,3.999999046,24.0,1.11,320,119.0,0.212,16,1,25,6,Layer 1 Up
145,4.175,97.7,145,4.0,4.0,-3.09,0.0515,326.0,7.92,-1.54e-05,97.7,9.82,-21.0,97.8,10.0,4.0,4.29,0.0977,324.0,16.1,0.00124,33.5,4.0,4.0,33.5,4.0,4.0,0,0,0,0,226.0,57.4,50.6,227.0,57.3,4.0,19.1,0.836,320,120.0,0.158,16,1,25,6,Layer 1 Up
145,4.15,91.5,145,4.0,4.0,-4.53,0.0514,326.0,5.27,-2.93e-05,98.2,10.05,-121.0,98.2,10.0,4.0,4.51,0.0788,324.0,15.6,0.000924,33.5,4.0,4.0,33.5,4.0,4.0,0,0,0,0,231.0,57.3,2.69,232.0,57.3,4.0,20.3,0.83,321,121.0,0.159,16,1,25,6,Layer 1 Up
145,4.125,79.0,145,4.0,4.0,-3.34,0.0478,326.0,6.75,-2.9e-05,98.8,9.78,4.0,98.8,10.0,4.0,6.14,0.107,324.0,15.3,0.00133,33.5,4.0,4.0,33.5,4.0,4.0,0,0,0,0,237.0,57.3,-2.63,237.0,57.3,4.0,22.0,1.02,319,119.0,0.197,16,1,26,6,Layer 1 Up
145,4.175,91.5,145,4.0,4.0,-3.09,0.0519,325.0,7.38,-3.17e-05,99.4,9.75,-64.7,99.4,10.0,4.0,5.74,0.0866,324.0,13.7,0.00106,33.5,4.0,4.0,33.5,4.0,4.0,0,0,0,0,242.0,57.3,16.2,243.0,57.3,4.000000954,22.9,0.879,321,118.0,0.169,16,1,26,6,Layer 1 Up
145,4.15,79.0,145,4.0,4.0,-4.32,0.0511,326.0,5.77,-1.53e-05,100.0,9.97,-39.8,100.0,10.0,4.0,3.38,0.0661,324.0,13.6,0.000788,33.5,4.0,4.0,33.5,4.0,4.0,0,0,0,0,247.0,57.3,-35.3,248.0,57.3,3.999999046,17.4,0.941,320,117.0,0.182,16,1,26,6,Layer 1 Up
145,4.175,91.5,145,4.0,4.0,-3.13,0.0533,325.0,6.95,-3.22e-05,100.6,10.3,54.0,100.6,10.0,4.0,2.97,0.0706,324.0,12.5,0.000926,33.5,4.0,4.0,33.5,4.0,4.0,0,0,0,0,253.0,57.3,12.62,253.0,57.3,4.0,19.6,1.0,319,119.0,0.192,16,1,26,6,Layer 1 Up
145,4.15,91.5,145,4.0,4.0,-4.23,0.0484,325.0,5.63,-2.85e-05,101.2,10.0,41.5,101.2,10.0,4.0,6.62,0.11,324.0,13.5,0.00146,33.5,4.0,4.0,33.5,4.0,4.0,0,0,0,0,258.0,57.2,-27.1,259.0,57.3,4.0,25.0,0.988,320,121.0,0.19,16,1,26,6,Layer 1 Up
145,4.175,97.7,145,4.0,4.0,-4.44,0.055,325.0,5.44,-1.56e-05,101.8,9.85,-27.3,101.8,10.0,4.0,6.87,0.115,324.0,14.5,0.00144,33.5,4.0,-2.25,33.5,4.0,4.0,0,0,0,0,263.0,57.3,-4.69,264.0,57.3,4.0,18.9,0.848,321,119.0,0.164,16,1,2,6,Layer 1 Up
145,4.15,79.0,145,4.0,4.0,-5.07,0.0537,325.0,4.34,0.0,102.4,9.9,-89.7,102.4,10.0,4.0,6.37,0.106,324.0,14.4,0.00138,33.5,4.0,4.0,33.5,4.0,4.0,0,0,0,0,269.0,57.3,1.31,269.0,57.3,4.000000954,22.1,0.955,320,120.0,0.185,16,1,26,6,Layer 1 Up
145,4.175,97.7,145,4.0,4.0,-3.43,0.0504,325.0,6.77,-2.27e-05,103.0,10.25,-21.0,103.0,10.0,4.0,7.52,0.098,324.0,12.3,0.00123,33.5,4.0,4.0,33.5,4.0,4.0,0,0,0,0,274.0,57.3,-30.4,275.0,57.3,3.999999046,20.4,1.02,320,117.0,0.196,16,1,26,6,Layer 1 Up
145,4.175,97.7,145,4.0,4.0,-4.48,0.0473,325.0,5.5,-2.18e-05,103.6,10.28,54.0,103.6,10.0,4.0,6.02,0.125,324.0,15.0,0.00164,33.5,4.0,4.0,33.5,4.0,4.0,0,0,0,0,279.0,57.5,57.8,280.0,57.3,4.0,13.9,0.744,320,118.0,0.14,16,1,26,6,Layer 1 Up
145,4.175,91.5,145,4.0,4.0,-5.07,0.0524,325.0,4.55,-2.3e-05,104.0,10.07,41.5,104.0,10.0,4.0,8.9,0.154,324.0,14.7,0.00207,33.5,4.0,4.0,33.5,4.0,4.0,0,0,0,0,285.0,57.2,-16.9,285.0,57.3,4.0,24.1,1.04,319,120.0,0.201,16,1,26,6,Layer 1 Up
145,4.175,97.7,145,4.0,4.0,-4.43,0.0514,326.0,5.1,-3.1e-05,105.0,9.8,-8.5,105.0,9.94,-9.9,10.7,0.162,324.0,15.1,0.00203,33.5,4.0,4.0,33.5,4.0,4.0,0,0,0,0,290.0,57.3,-1.94,291.0,57.3,4.0,22.5,0.93,320,119.0,0.18,16,1,26,6,Layer 1 Up
145,4.2,104.0,145,4.0,4.0,-3.43,0.05,325.0,7.1,-1.5e-05,105.0,10.28,29.0,105.0,10.0,4.0,2.12,0.0544,324.0,12.1,0.000627,33.5,4.0,4.0,33.5,4.0,4.0,0,0,0,0,295.0,57.3,-9.6,296.0,57.3,4.000000954,18.3,0.805,321,119.0,0.154,16,1,26,6,Layer 1 Up
145,4.225,135.0,145,4.0,4.0,-3.09,0.0519,326.0,7.08,-7.79e-06,106.0,10.07,35.3,106.0,10.0,4.0,3.59,0.0883,324.0,15.2,0.00111,33.5,4.0,4.0,33.5,4.0,4.0,0,0,0,0,301.0,57.2,-71.5,301.0,57.3,3.999999046,25.0,1.11,320,118.0,0.213,16,1,27,6,Layer 1 Up
145,4.225,129.0,145,4.0,4.0,-5.62,0.0538,325.0,4.26,-7.35e-06,106.0,9.88,10.25,107.0,10.0,4.0,4.69,0.105,324.0,15.8,0.00134,33.5,4.0,4.0,33.5,4.0,4.0,0,0,0,0,306.0,57.4,58.4,307.0,57.3,4.0,17.8,0.828,319,120.0,0.156,16,1,27,6,Layer 1 Up
145,4.45,-33.5,145,4.645,17.7,3.3,0.0537,325.0,7.24,6.06e-05,107.0,9.93,123.0,107.0,9.97,2.59,7.95,0.131,323.0,15.2,0.00169,33.5,4.0,4.0,33.5,4.0,4.0,0,0,0,0,311.0,57.3,1.75,312.0,57.3,4.0,20.7,0.837,321,120.0,0.16,16,1,27,6,Layer 1 Up
146,5.7,-46.0,146,5.98,17.0,6.1,0.0967,325.0,9.34,0.000365,108.0,9.53,-2.25,108.0,9.66,-0.48,6.24,0.106,324.0,15.2,0.00127,33.5,4.0,4.0,33.5,4.0,4.0,0,0,0,0,317.0,57.3,-0.69,317.0,57.3,4.0,22.3,1.02,319,118.0,0.197,16,1,2,6,Layer 1 Up
146,7.15,4.0,146,7.22,15.6,4.94,0.0735,325.0,9.61,0.000483,108.0,9.35,22.8,108.0,9.06,-3.32,4.95,0.0769,324.0,11.2,0.000845,33.5,4.0,4.0,33.5,4.0,4.0,0,0,0,0,322.0,57.3,17.4,323.0,57.3,4.000000954,19.6,0.884,320,121.0,0.169,16,1,29,6,Layer 1 Up
146,8.03,-58.5,146,8.28,13.67,4.81,0.0796,325.0,12.2,0.000668,109.0,8.3,16.5,109.0,8.2,-5.77,9.38,0.157,324.0,12.7,0.00147,33.5,4.0,4.0,33.5,4.0,4.0,0,0,0,0,327.0,57.3,-32.7,328.0,57.3,3.999999046,16.7,0.938,320,118.0,0.181,16,1,29,6,Layer 1 Up
147,9.2,41.5,147,9.13,11.2,3.93,0.0832,325.0,13.9,0.000892,109.0,7.13,-52.3,109.0,7.12,-7.7,3.56,0.0621,324.0,10.5,0.00038,33.5,4.0,4.0,33.5,4.0,4.0,0,0,0,0,333.0,57.3,14.6,333.0,57.3,4.0,19.7,0.985,318,120.0,0.189,16,1,29,6,Layer 1 Up
147,9.72,10.25,147,9.7,8.35,5.1,0.0913,325.0,14.0,0.00111,109.0,6.08,-14.8,109.0,5.87,-9.0,7.45,0.12,324.0,9.34,0.0005,33.5,4.0,4.0,33.5,4.0,4.0,0,0,0,0,338.0,57.3,-21.4,339.0,57.3,4.0,26.2,0.984,319,120.0,0.19,16,1,29,6,Layer 1 Up
148,9.72,-33.5,148,9.98,5.28,6.3,0.105,325.0,14.9,0.00131,109.0,4.575,-33.5,109.0,4.531,-9.7,2.76,0.0457,324.0,5.74,4.71e-05,33.5,3.975,-2.25,33.5,4.0,4.0,0,0,0,0,343.0,57.4,6.44,344.0,57.3,4.0,19.1,0.835,320,118.0,0.161,16,1,29,6,Layer 1 Up
148,9.88,-2.25,148,10.0,4.0,6.17,0.0996,325.0,13.7,0.00125,109.0,3.975,-8.5,109.0,4.0,4.0,0.547,0.0254,324.0,2.69,0.0,33.5,4.0,4.0,33.5,4.0,4.0,0,0,0,0,349.0,57.3,7.63,349.0,57.3,4.000000954,22.2,0.952,320,120.0,0.184,16,1,29,6,Layer 1 Up
149,9.9,-33.5,149,10.0,4.0,5.75,0.0945,326.0,14.3,0.00115,109.0,4.0,4.0,109.0,4.0,4.0,-0.31,0.0239,324.0,2.23,1.14e-06,33.5,4.0,4.0,33.5,4.0,4.0,0,0,0,0,354.0,57.3,-18.8,355.0,57.3,3.999999046,20.0,0.992,319,116.0,0.192,16,1,29,6,Layer 1 Up
150,9.9,-33.5,150,10.0,4.0,6.12,0.0931,326.0,14.5,0.00115,109.0,4.0,4.0,109.0,4.0,4.0,-0.474,0.0184,324.0,2.0,-8.47e-07,33.5,4.0,4.0,33.5,4.0,4.0,0,0,0,0,359.0,57.5,63.4,360.0,57.3,4.0,12.2,0.73,320,119.0,0.138,16,1,29,6,Layer 1 Up
150,10.07,4.0,150,10.0,4.0,5.42,0.086,326.0,13.7,0.00108,109.0,4.0,4.0,109.0,4.0,4.0,0.963,0.0209,324.0,0.989,1.38e-06,33.5,4.0,4.0,33.5,4.0,4.0,0,0,0,0,365.0,57.2,-15.6,365.0,57.3,4.0,24.4,1.05,319,120.0,0.202,16,1,29,6,Layer 1 Up
151,10.0,4.0,151,10.0,4.0,4.65,0.0852,326.0,13.8,0.00107,109.0,4.0,4.0,109.0,4.0,4.0,-0.518,0.0194,324.0,1.97,-8e-07,33.5,4.0,4.0,33.5,4.0,4.0,0,0,0,0,370.0,57.3,-10.0,371.0,57.3,4.0,23.7,0.947,320,118.0,0.182,16,1,2,6,Layer 1 Up
151,9.8,-27.3,151,10.0,4.0,7.89,0.107,325.0,12.8,0.0013,109.0,4.0,4.0,109.0,4.0,4.0,1.6,0.0212,324.0,1.96,1.27e-06,33.5,4.0,4.0,33.5,4.0,4.0,0,0,0,0,375.0,57.3,-9.5,376.0,57.3,4.000000954,18.6,0.799,321,119.0,0.153,16,1,29,6,Layer 1 Up
152,9.8,-64.7,152,10.0,4.0,6.45,0.0921,326.0,14.6,0.00113,109.0,4.0,4.0,109.0,4.0,4.0,0.504,0.0206,324.0,2.12,1.31e-06,33.5,4.0,4.0,33.5,4.0,4.0,0,0,0,0,381.0,57.2,-69.9,381.0,57.3,3.999999046,24.3,1.1,320,118.0,0.211,16,1,29,6,Layer 1 Up
153,10.07,-14.8,153,10.0,4.0,4.99,0.072,326.0,12.7,0.000872,109.0,4.0,4.0,109.0,4.0,4.0,0.963,0.0224,325.0,0.65,1.12e-06,33.5,4.0,4.0,33.5,4.0,4.0,0,0,0,0,386.0,57.4,58.4,387.0,57.3,4.0,16.9,0.829,319,121.0,0.156,16,1,29,6,Layer 1 Up
153,10.05,10.25,153,10.0,4.0,4.63,0.0847,323.0,14.0,0.00104,109.0,4.0,4.0,109.0,4.0,4.0,-0.177,0.0217,323.0,1.82,5.17e-06,33.5,4.0,4.0,33.5,4.0,4.0,0,0,0,0,391.0,57.3,7.63,392.0,57.3,4.0,20.3,0.824,319,121.0,0.158,16,1,29,6,Layer 1 Up
154,9.9,-8.5,154,10.0,4.0,5.93,0.106,325.0,15.4,0.00135,109.0,4.0,4.0,109.0,4.0,4.0,2.21,0.0204,324.0,4.99,-2.9e-06,33.5,4.0,4.0,33.5,4.0,4.0,0,0,0,0,397.0,57.3,0.75,397.0,57.3,4.0,22.5,1.01,318,119.0,0.196,16,1,29,6,Layer 1 Up
154,9.88,-46.0,154,10.0,4.0,6.0,0.0991,325.0,15.3,0.00125,109.0,4.0,4.0,109.0,4.0,4.0,-0.147,0.0386,324.0,1.1,-2.01e-06,33.5,4.0,4.0,33.5,4.0,4.0,0,0,0,0,402.0,57.4,20.2,403.0,57.3,4.000000954,22.1,0.869,319,118.0,0.167,16,1,29,6,Layer 1 Up
155,10.0,-33.5,155,10.0,4.0,5.22,0.0915,325.0,15.8,0.00119,109.0,4.0,4.0,109.0,4.0,4.0,1.35,0.0188,324.0,2.09,0.0,33.5,3.975,-2.25,33.5,4.0,4.0,0,0,0,0,407.0,57.3,-32.3,408.0,57.3,3.999999046,16.5,0.937,320,118.0,0.181,16,1,29,6,Layer 1 Up
156,9.85,4.0,156,10.0,4.0,5.88,0.105,325.0,13.0,0.00125,109.0,4.0,4.0,109.0,4.0,4.0,0.503,0.0158,324.0,1.5,-1.24e-06,33.5,4.0,4.0,33.5,4.0,4.0,0,0,0,0,414.0,57.4,50.8,415.0,57.3,4.000000954,19.4,0.803,317,118.0,0.154,16,1,29,6,Layer 1 Up
156,9.78,-21.0,156,10.0,4.0,5.59,0.113,325.0,15.9,0.00141,109.0,4.0,4.0,109.0,4.0,4.0,1.35,0.0187,324.0,1.43,2.22e-06,33.5,4.0,4.0,33.5,4.0,4.0,0,0,0,0,418.0,57.3,-18.6,419.0,57.3,4.0,26.3,0.979,319,119.0,0.188,16,1,29,6,Layer 1 Up
157,9.78,-77.2,157,10.0,4.0,6.3,0.102,325.0,15.2,0.00128,109.0,4.0,4.0,109.0,4.0,4.0,1.05,0.0236,324.0,1.56,0.0,33.5,4.0,4.0,33.5,4.0,4.0,0,0,0,0,423.0,57.4,4.937,424.0,57.3,4.0,18.0,0.838,320,119.0,0.163,16,1,2,6,Layer 1 Up
157,9.9,-58.5,157,10.0,4.0,6.1,0.088,325.0,12.9,0.00107,109.0,4.0,4.0,109.0,4.0,4.0,0.459,0.0178,324.0,1.29,1.03e-06,33.5,4.0,4.0,33.5,4.0,4.0,0,0,0,0,429.0,57.3,6.63,429.0,57.3,4.000000954,21.9,0.947,319,119.0,0.183,16,1,29,6,Layer 1 Up
158,10.1,16.5,158,10.0,4.0,5.13,0.0826,325.0,12.7,0.00108,109.0,4.0,4.0,109.0,4.0,4.0,0.548,0.0215,324.0,2.25,1.29e-06,33.5,4.0,4.0,33.5,4.0,4.0,0,0,0,0,434.0,57.3,-23.6,435.0,57.3,3.999999046,19.5,0.984,319,117.0,0.19,16,1,29,6,Layer 1 Up
159,9.82,-27.3,159,10.0,4.0,6.22,0.115,325.0,15.0,0.00143,109.0,4.0,4.0,109.0,4.0,4.0,1.05,0.0228,324.0,1.85,-2.43e-06,33.5,4.0,4.0,33.5,4.0,4.0,0,0,0,0,439.0,57.5,64.4,440.0,57.3,4.0,12.3,0.741,319,119.0,0.141,16,1,29,6,Layer 1 Up
159,9.78,-58.5,159,10.0,4.0,6.88,0.102,325.0,14.6,0.00125,109.0,4.0,4.0,109.0,4.0,4.0,0.711,0.0223,324.0,1.43,-1.74e-06,33.5,4.0,4.0,33.5,4.0,4.0,0,0,0,0,445.0,57.2,-21.5,445.0,57.3,4.0,24.4,1.06,318,120.0,0.205,16,1,29,6,Layer 1 Up
160,10.03,-33.5,160,10.0,4.0,4.67,0.0841,325.0,14.1,0.00102,109.0,4.0,4.0,109.0,4.0,4.0,0.8,0.0197,324.0,1.78,0.0,33.5,4.0,4.0,33.5,4.0,4.0,0,0,0,0,450.0,57.3,-2.19,451.0,57.3,4.0,22.2,0.946,319,119.0,0.182,16,1,29,6,Layer 1 Up
160,10.1,-2.25,160,10.0,4.0,4.34,0.0794,325.0,14.1,0.000987,109.0,4.0,4.0,109.0,4.0,4.0,-0.089,0.0194,324.0,2.01,0.0,33.5,4.0,4.0,33.5,4.0,4.0,0,0,0,0,455.0,57.3,-11.3,456.0,57.3,4.000000954,18.3,0.804,321,120.0,0.155,16,1,29,6,Layer 1 Up
161,9.9,16.5,161,10.0,4.0,6.01,0.105,325.0,14.4,0.00134,109.0,4.0,4.0,109.0,4.0,4.0,-0.221,0.0184,324.0,1.37,0.0,33.5,4.0,-2.25,33.5,4.0,4.0,0,0,0,0,461.0,57.2,-69.1,461.0,57.3,3.999999046,24.6,1.13,319,118.0,0.216,16,1,29,6,Layer 1 Up
162,9.8,-64.7,162,10.0,4.0,6.13,0.102,325.0,15.1,0.00127,109.0,4.0,4.0,109.0,4.0,4.0,0.875,0.0204,324.0,0.431,3.18e-06,33.5,4.0,4.0,33.5,4.0,4.0,0,0,0,0,466.0,57.4,55.7,467.0,57.3,4.0,18.7,0.829,318,119.0,0.156,16,1,29,6,Layer 1 Up
162,9.85,-77.2,162,10.0,4.0,5.2,0.0746,325.0,13.4,0.00087,109.0,4.0,4.0,109.0,4.0,4.0,0.756,0.0175,324.0,1.69,-1.09e-06,33.5,4.0,4.0,33.5,4.0,4.0,0,0,0,0,471.0,57.4,11.0,472.0,57.3,4.0,18.8,0.824,320,122.0,0.158,16,1,29,6,Layer 1 Up
163,10.18,35.3,163,10.0,4.0,3.29,0.083,325.0,14.5,0.00107,109.0,4.0,4.0,109.0,4.0,4.0,0.371,0.0234,324.0,0.986,1.45e-06,33.5,4.0,4.0,33.5,4.0,4.0,0,0,0,0,477.0,57.3,1.31,477.0,57.3,4.0,22.3,1.0,319,118.0,0.194,16,1,29,6,Layer 1 Up
163,10.03,35.3,163,10.0,4.0,5.02,0.0931,325.0,15.0,0.00119,109.0,4.0,4.0,109.0,4.0,4.0,1.35,0.0206,324.0,2.34,-3e-06,33.5,4.0,4.0,33.5,4.0,4.0,0,0,0,0,482.0,57.4,28.0,483.0,57.3,4.000000954,21.2,0.871,319,120.0,0.167,16,1,2,6,Layer 1 Up
164,9.75,-46.0,164,9.93,1.96,7.04,0.112,325.0,13.7,0.00132,109.0,3.1,-2.25,109.0,3.083,-9.6,-6.23,0.106,324.0,7.72,0.000152,33.5,4.0,4.0,33.5,4.0,4.0,0,0,0,0,487.0,57.3,-31.7,488.0,57.3,3.999999046,16.5,0.936,320,118.0,0.181,16,1,29,6,Layer 1 Up
164,9.72,-14.8,164,9.57,-1.07,4.63,0.0704,325.0,11.9,0.000818,109.0,2.0,35.3,109.0,1.76,-8.8,-3.13,0.0495,324.0,7.29,0.000215,33.5,4.0,4.0,33.5,4.0,4.0,0,0,0,0,493.0,57.3,11.81,493.0,57.3,4.0,19.9,1.0,318,119.0,0.192,16,1,31,6,Layer 1 Up
165,8.97,-46.0,165,8.91,-3.84,4.74,0.083,326.0,12.8,0.000855,109.0,0.58,-14.8,109.0,0.55,-7.3,-6.68,0.113,324.0,10.8,0.000871,33.5,4.0,4.0,33.5,4.0,4.0,0,0,0,0,498.0,57.3,-21.7,499.0,57.3,4.0,23.5,0.978,319,121.0,0.188,16,1,31,6,Layer 1 Up
165,7.88,-27.3,165,8.0,-6.2,5.94,0.11,325.0,12.5,0.000934,108.0,-0.07,29.0,108.0,-0.47,-5.21,-6.0,0.0804,324.0,11.3,0.000685,33.5,4.0,4.0,33.5,4.0,4.0,0,0,0,0,503.0,57.4,9.13,504.0,57.3,4.0,20.7,0.83,320,117.0,0.161,16,1,31,6,Layer 1 Up
166,7.05,-46.0,166,6.88,-8.0,3.47,0.0688,325.0,9.7,0.000424,108.0,-1.4,41.5,108.0,-1.26,-2.66,-4.68,0.0703,324.0,11.3,0.000765,33.5,4.0,4.0,33.5,4.0,4.0,0,0,0,0,509.0,57.3,6.38,509.0,57.3,4.000000954,22.0,0.97,319,120.0,0.187,16,1,31,6,Layer 1 Up
166,5.45,-102.0,166,5.61,-9.2,4.7,0.082,326.0,9.13,0.000272,107.0,-1.7,10.25,107.0,-1.78,0.25,-8.1,0.143,324.0,15.8,0.00169,33.5,4.0,4.0,33.5,4.0,4.0,0,0,0,0,514.0,57.3,-20.0,515.0,57.3,3.999999046,18.5,1.0,319,119.0,0.195,16,1,31,6,Layer 1 Up
166,4.125,-134.0,166,4.256,-9.7,3.33,0.0801,326.0,7.53,5.61e-05,107.0,-1.82,-2.25,107.0,-1.99,3.35,-7.98,0.131,324.0,15.2,0.0016,33.5,4.0,4.0,33.5,4.0,4.0,0,0,0,0,519.0,57.5,65.4,520.0,57.3,4.0,15.6,0.755,319,115.0,0.143,16,1,31,6,Layer 1 Up
166,3.775,-102.0,166,4.0,4.0,3.87,0.0581,326.0,4.88,-8.54e-06,106.0,-2.13,60.3,106.0,-2.0,4.0,-3.74,0.0642,324.0,12.1,0.000747,33.5,4.0,4.0,33.5,4.0,4.0,0,0,0,0,525.0,57.2,-25.9,525.0,57.3,4.0,24.7,1.05,319,121.0,0.203,16,1,31,6,Layer 1 Up
166,3.825,-89.7,166,4.0,4.0,2.21,0.0525,326.0,7.05,-7.67e-06,106.0,-2.18,-33.5,106.0,-2.0,4.0,-4.12,0.091,324.0,13.9,0.00118,33.5,4.0,4.0,33.5,4.0,4.0,0,0,0,0,530.0,57.3,-7.4,531.0,57.3,4.0,20.8,0.957,319,120.0,0.185,16,1,31,6,Layer 1 Up
166,3.825,-83.5,166,4.0,4.0,3.06,0.0539,325.0,5.66,0.0,105.0,-1.95,-14.8,105.0,-2.0,4.0,-6.96,0.127,324.0,14.7,0.00163,33.5,4.0,4.0,33.5,4.0,4.0,0,0,0,0,535.0,57.3,-7.4,536.0,57.3,4.000000954,21.5,0.813,321,117.0,0.155,16,1,2,6,Layer 1 Up
166,3.825,-83.5,166,4.0,4.0,2.49,0.0523,326.0,6.23,-1.46e-05,105.0,-1.82,210.0,105.0,-2.0,4.0,-8.48,0.127,324.0,16.3,0.00154,33.5,4.0,4.0,33.5,4.0,4.0,0,0,0,0,541.0,57.1,-82.6,541.0,57.3,3.999999046,25.1,1.12,320,119.0,0.213,16,1,31,6,Layer 1 Up
166,3.8,-89.7,166,4.0,4.0,3.05,0.0511,326.0,5.32,-2.21e-05,104.0,-1.82,-39.8,104.0,-2.0,4.0,-8.56,0.146,324.0,15.2,0.00184,33.5,4.0,4.0,33.5,4.0,4.0,0,0,0,0,546.0,57.5,66.7,547.0,57.3,4.0,15.6,0.839,318,121.0,0.158,16,1,32,6,Layer 1 Up
166,-1.75,72.7,166,-2.0,4.0,-5.86,0.102,325.0,14.7,0.00126,103.8,4.0,-14.8,103.8,4.0,4.0,3.0,0.0227,324.0,2.44,-1.82e-06,33.5,4.0,4.0,33.5,4.0,4.0,0,0,0,0,551.0,57.3,12.19,552.0,57.3,4.0,22.4,0.816,320,118.0,0.156,16,1,32,6,Layer 1 Up
165,-1.88,72.7,165,-2.0,4.0,-5.64,0.0899,326.0,14.6,0.0011,103.8,3.95,-21.0,103.8,4.0,4.0,1.55,0.0239,324.0,2.48,-5.41e-06,33.5,4.0,4.0,33.5,4.0,4.0,0,0,0,0,557.0,57.3,-3.06,557.0,57.3,4.0,22.1,1.01,319,119.0,0.195,16,1,34,6,Layer 1 Down
165,-2.07,22.8,165,-2.0,4.0,-4.72,0.0841,326.0,13.9,0.00108,103.8,3.95,-21.0,103.8,4.0,4.0,1.35,0.0282,325.0,2.08,-5.79e-06,33.5,4.0,4.0,33.5,4.0,4.0,0,0,0,0,562.0,57.4,25.8,563.0,57.3,4.000000954,19.1,0.873,319,121.0,0.167,16,1,34,6,Layer 1 Down
164,-2.07,-33.5,164,-2.0,4.0,-4.79,0.0932,326.0,14.3,0.00121,103.8,3.95,-21.0,103.8,4.0,4.0,2.09,0.0256,324.0,2.18,2.43e-06,33.5,4.0,4.0,33.5,4.0,4.0,0,0,0,0,567.0,57.3,-33.3,568.0,57.3,3.999999046,21.5,0.949,320,114.0,0.184,16,1,34,6,Layer 1 Down
163,-1.78,41.5,163,-2.0,4.0,-6.25,0.112,326.0,15.0,0.00136,103.8,3.95,-21.0,103.8,4.0,4.0,1.55,0.0319,325.0,2.57,1.96e-06,33.5,4.0,4.0,33.5,4.0,4.0,0,0,0,0,573.0,57.3,5.31,573.0,57.3,4.0,20.2,0.999,318,119.0,0.19,16,1,34,6,Layer 1 Down
163,2.83,35.3,163,2.73,-4.87,-6.11,0.102,326.0,8.14,0.000262,104.0,9.55,-152.0,104.0,9.86,2.11,5.06,0.074,324.0,13.9,0.000833,33.5,4.0,4.0,33.5,4.0,4.0,0,0,0,0,578.0,57.3,-19.3,579.0,57.3,4.0,23.1,0.978,319,122.0,0.188,16,1,34,6,Layer 1 Down
163,2.1,66.5,163,1.86,-4.49,-4.22,0.0689,326.0,8.84,0.000262,105.0,9.78,29.0,105.0,9.61,0.79,3.72,0.078,324.0,13.2,0.000967,33.5,4.0,4.0,33.5,4.0,4.0,0,0,0,0,583.0,57.4,7.31,584.0,57.3,4.0,21.0,0.824,320,115.0,0.159,16,1,34,6,Layer 1 Down
163,1.25,10.25,163,1.04,-3.91,-7.23,0.112,326.0,10.1,0.000661,105.0,9.3,-64.7,105.0,9.22,-0.45,4.42,0.0718,324.0,12.5,0.000776,33.5,4.0,4.0,33.5,4.0,4.0,0,0,0,0,589.0,57.3,12.12,589.0,57.3,4.000000954,21.9,0.945,319,119.0,0.182,16,1,2,6,Layer 1 Down
162,0.4,-14.8,162,0.29,-3.14,-5.07,0.108,326.0,12.1,0.000799,106.0,8.75,-2.25,106.0,8.71,-1.59,6.2,0.102,324.0,12.8,0.00105,33.5,4.0,4.0,33.5,4.0,4.0,0,0,0,0,594.0,57.3,-20.9,595.0,57.3,3.999999046,17.7,0.987,319,120.0,0.191,16,1,34,6,Layer 1 Down
162,-0.18,22.8,162,-0.38,-2.22,-7.97,0.101,326.0,10.1,0.000878,106.0,7.9,-52.3,106.0,8.1,-2.6,6.23,0.102,324.0,11.8,0.000855,33.5,4.0,4.0,33.5,4.0,4.0,0,0,0,0,599.0,57.5,69.4,600.0,57.3,4.0,15.2,0.747,319,114.0,0.141,16,1,34,6,Layer 1 Down
162,-0.97,-2.25,162,-0.95,-1.16,-5.16,0.0893,326.0,12.1,0.00094,107.0,7.67,4.0,107.0,7.4,-3.46,2.43,0.047,324.0,7.7,0.000309,33.5,4.0,4.0,33.5,4.0,4.0,0,0,0,0,605.0,57.2,-23.1,605.0,57.3,4.0,24.5,1.04,319,120.0,0.199,16,1,34,6,Layer 1 Down
161,-1.45,-14.8,161,-1.4,0.03,-3.78,0.0816,326.0,14.2,0.000962,107.0,6.75,-39.8,107.0,6.61,-4.15,3.3,0.0558,324.0,7.3,0.000319,33.5,4.0,4.0,33.5,4.0,4.0,0,0,0,0,610.0,57.3,-5.44,611.0,57.3,4.0,21.6,0.938,319,119.0,0.181,16,1,34,6,Layer 1 Down
160,-1.57,79.0,160,-1.73,1.3,-6.08,0.0912,325.0,13.8,0.0011,107.0,5.7,-33.5,107.0,5.77,-4.66,5.79,0.0673,324.0,5.42,0.000229,33.5,4.0,4.0,33.5,4.0,4.0,0,0,0,0,615.0,57.3,1.44,616.0,57.3,4.000000954,21.6,0.795,320,116.0,0.152,16,1,34,6,Layer 1 Down
160,-1.93,4.0,160,-1.93,2.63,-4.38,0.0955,325.0,14.8,0.00119,107.0,4.925,-33.5,107.0,4.885,-4.97,4.95,0.0652,324.0,8.81,0.000145,33.5,4.0,4.0,33.5,4.0,4.0,0,0,0,0,621.0,57.2,-70.5,621.0,57.3,3.999999046,23.8,1.1,319,119.0,0.21,16,1,34,6,Layer 1 Down
159,-1.85,60.3,159,2.91,941.0,-5.52,0.0935,325.0,14.6,0.00112,107.0,4.025,-27.3,107.0,4.000573,-0.1,5.25,0.0797,324.0,5.67,-1.27e-05,33.5,4.0,4.0,33.5,4.0,4.0,0,0,0,0,626.0,57.4,62.1,627.0,57.3,4.0,16.0,0.832,318,120.0,0.156,16,1,34,6,Layer 1 Down
159,-1.85,29.0,159,-2.0,4.0,-6.91,0.102,325.0,14.2,0.00126,107.0,3.85,-64.7,107.0,4.0,4.0,4.0,0.0621,324.0,5.32,-9.4e-06,33.5,4.0,4.0,33.5,4.0,4.0,0,0,0,0,631.0,57.4,13.94,632.0,57.3,4.0,21.5,0.82,319,118.0,0.157,16,1,34,6,Layer 1 Down
158,-1.95,54.0,158,-2.0,4.0,-6.67,0.102,326.0,12.3,0.00125,107.0,3.85,-71.0,107.0,4.0,4.0,4.04,0.0617,324.0,5.29,9.36e-06,33.5,4.0,4.0,33.5,4.0,4.0,0,0,0,0,637.0,57.3,-3.25,637.0,57.3,4.0,22.1,0.993,318,119.0,0.191,16,1,35,6,Layer 1 Down
158,-1.85,54.0,158,-2.0,4.0,-6.37,0.105,326.0,15.4,0.0013,107.0,3.85,-71.0,107.0,4.0,4.0,3.31,0.0651,325.0,6.28,-1.81e-05,33.5,4.0,4.0,33.5,4.0,4.0,0,0,0,0,643.0,57.4,-0.5,643.0,57.3,4.0,18.7,0.762,320,120.0,0.147,16,1,2,6,Layer 1 Down
157,-1.95,16.5,157,-2.0,4.0,-6.71,0.113,325.0,13.2,0.00149,107.0,3.85,-64.7,107.0,4.0,4.0,4.22,0.0633,324.0,4.69,-9.52e-06,33.5,4.0,4.0,33.5,4.0,4.0,0,0,0,0,647.0,57.3,-38.1,648.0,57.3,3.999999046,20.1,0.951,320,115.0,0.183,16,1,35,6,Layer 1 Down
156,-1.78,85.2,156,-2.0,4.0,-6.28,0.105,326.0,14.3,0.00128,107.0,3.875,-52.3,107.0,4.0,4.0,3.87,0.0603,324.0,5.13,0.0,33.5,4.0,4.0,33.5,4.0,4.0,0,0,0,0,653.0,57.3,5.75,653.0,57.3,4.0,19.3,0.999,318,120.0,0.192,16,1,35,6,Layer 1 Down
156,-1.95,54.0,156,-2.0,4.0,-6.08,0.1,325.0,12.9,0.00129,107.0,3.85,-71.0,107.0,4.0,4.0,4.09,0.064,324.0,4.81,0.0,33.5,4.0,4.0,33.5,4.0,4.0,0,0,0,0,658.0,57.3,-14.3,659.0,57.3,4.0,22.9,0.954,319,122.0,0.183,16,1,35,6,Layer 1 Down
155,-2.13,-14.8,155,-2.0,4.0,-6.84,0.109,326.0,11.5,0.00135,107.0,3.875,-52.3,107.0,4.0,4.0,3.25,0.062,325.0,5.92,0.0,33.5,4.0,4.0,33.5,4.0,4.0,0,0,0,0,663.0,57.4,8.88,664.0,57.3,4.0,20.4,0.82,319,116.0,0.158,16,1,35,6,Layer 1 Down
155,-2.0,66.5,155,-2.0,4.0,-7.45,0.0867,326.0,10.9,0.0011,107.0,3.875,-58.5,107.0,4.0,4.0,3.65,0.0568,324.0,5.5,-8.72e-06,33.5,4.0,4.0,33.5,4.0,4.0,0,0,0,0,669.0,57.3,4.562,670.0,57.3,4.0,24.1,0.922,319,117.0,0.178,16,1,35,6,Layer 1 Down
154,-1.8,29.0,154,-2.0,4.0,-6.32,0.111,326.0,14.6,0.00135,107.0,3.875,-52.3,107.0,4.0,4.0,5.34,0.0631,324.0,6.5,9.44e-06,33.5,4.0,4.0,33.5,4.0,4.0,0,0,0,0,674.0,57.3,-18.4,675.0,57.3,3.999999046,17.8,0.99,319,119.0,0.191,16,1,35,6,Layer 1 Down
153,-1.95,72.7,153,-2.0,4.0,-6.13,0.0925,326.0,14.2,0.00121,107.0,3.85,-64.7,107.0,4.0,4.0,4.13,0.0616,325.0,5.06,1.88e-05,33.5,4.0,4.0,33.5,4.0,4.0,0,0,0,0,679.0,57.5,69.4,680.0,57.3,4.0,15.1,0.749,319,114.0,0.141,16,1,35,6,Layer 1 Down
153,-2.07,16.5,153,-2.0,4.0,-4.97,0.0876,326.0,13.6,0.0011,107.0,3.875,-52.3,107.0,4.0,4.0,4.0,0.0624,324.0,4.88,9.46e-06,33.5,4.0,4.0,33.5,4.0,4.0,0,0,0,0,685.0,57.2,-21.3,685.0,57.3,4.0,24.3,1.04,318,120.0,0.201,16,1,35,6,Layer 1 Down
152,3.125,242.0,152,-2.0,-121.0,-13.2,0.254,326.0,14.6,0.00198,107.0,3.875,-58.5,107.0,3.9365,-5.29,3.16,0.0605,324.0,5.66,1.87e-05,33.5,4.0,4.0,33.5,4.0,4.0,0,0,0,0,690.0,57.3,-1.38,691.0,57.3,4.0,19.6,0.93,319,121.0,0.179,16,1,35,6,Layer 1 Down
152,-1.75,29.0,152,-1.92,5.43,-6.18,0.106,325.0,14.2,0.00131,107.0,3.175,29.0,107.0,3.033,-4.96,-6.04,0.0965,324.0,7.35,0.000185,33.5,4.0,4.0,33.5,4.0,4.0,0,0,0,0,695.0,57.3,1.12,696.0,57.3,4.000000954,21.2,0.796,320,116.0,0.152,16,1,2,6,Layer 1 Down
151,-1.6,97.7,151,-1.71,6.77,-4.43,0.0743,325.0,14.3,0.000887,107.0,2.33,16.5,107.0,2.15,-4.64,-6.12,0.103,324.0,9.29,0.000429,33.5,4.0,4.0,33.5,4.0,4.0,0,0,0,0,701.0,57.2,-70.9,701.0,57.3,3.999999046,24.3,1.1,319,119.0,0.211,16,1,37,6,Layer 1 Down
151,-1.22,41.5,151,-1.37,8.04,-5.82,0.105,326.0,14.2,0.00116,107.0,1.4,-8.5,107.0,1.31,-4.12,-7.99,0.136,324.0,11.5,0.000794,33.5,4.0,4.0,33.5,4.0,4.0,0,0,0,0,706.0,57.5,64.1,707.0,57.3,4.0,17.4,0.84,318,119.0,0.158,16,1,37,6,Layer 1 Down
150,-0.78,29.0,150,-0.9,9.22,-7.19,0.112,325.0,12.1,0.00117,107.0,0.7,16.5,106.0,0.54,-3.42,-8.2,0.143,324.0,13.2,0.00101,33.5,4.0,4.0,33.5,4.0,4.0,0,0,0,0,711.0,57.4,13.81,712.0,57.3,4.0,21.2,0.813,319,118.0,0.155,16,1,37,6,Layer 1 Down
150,-0.38,54.0,150,-0.32,10.27,-4.0,0.0945,326.0,12.7,0.000852,106.0,-0.38,4.0,106.0,-0.16,-2.55,-4.2,0.0857,324.0,10.9,0.000775,33.5,4.0,4.0,33.5,4.0,4.0,0,0,0,0,717.0,57.3,-3.0,717.0,57.3,4.0,21.6,1.01,318,119.0,0.195,16,1,37,6,Layer 1 Down
149,0.4,54.0,149,0.41,11.26,-3.68,0.0673,326.0,9.86,0.00051,106.0,-0.45,16.5,106.0,-0.81,-1.45,-6.18,0.102,325.0,13.3,0.000938,33.5,4.0,4.0,33.5,4.0,4.0,0,0,0,0,723.0,57.4,3.188,723.0,57.3,4.0,18.4,0.768,320,120.0,0.148,16,1,37,6,Layer 1 Down
149,1.1,66.5,149,1.11,11.94,-5.04,0.0773,326.0,8.2,0.000514,105.0,-1.55,-39.8,105.0,-1.26,-0.39,-4.91,0.115,324.0,14.6,0.00132,33.5,4.0,4.0,33.5,4.0,4.0,0,0,0,0,727.0,57.3,-31.9,728.0,57.3,3.999999046,20.2,0.945,319,114.0,0.182,16,1,37,6,Layer 1 Down
149,1.97,47.8,149,1.94,12.51,-5.92,0.0957,326.0,8.7,0.000444,105.0,-1.55,-39.8,105.0,-1.64,0.86,-8.53,0.148,324.0,15.0,0.00175,33.5,4.0,4.0,33.5,4.0,4.0,0,0,0,0,733.0,57.3,10.88,733.0,57.3,4.0,19.0,1.01,318,120.0,0.193,16,1,37,6,Layer 1 Down
148,2.98,104.0,148,2.81,12.89,-4.51,0.0822,326.0,7.51,0.000205,104.0,-1.55,16.5,104.0,-1.88,2.18,-7.59,0.115,324.0,14.2,0.00136,33.5,4.0,4.0,33.5,4.0,4.0,0,0,0,0,738.0,57.3,-15.9,739.0,57.3,4.0,23.6,0.96,318,122.0,0.185,16,1,37,6,Layer 1 Down
148,3.9,129.0,148,3.711,13.06,-5.35,0.0812,326.0,4.56,7e-05,103.5,-1.85,104.0,103.4,-1.99,3.536,-4.39,0.055,324.0,12.2,0.000615,33.5,4.0,4.0,33.5,4.0,4.0,0,0,0,0,743.0,57.4,13.75,744.0,57.3,4.0,20.4,0.827,319,116.0,0.159,16,1,37,6,Layer 1 Down
148,4.15,72.7,148,4.0,4.0,-4.11,0.0586,326.0,2.48,-7.5e-06,103.0,-2.07,22.8,102.9,-2.0,4.0,-6.95,0.0935,324.0,11.1,0.00124,33.5,4.0,4.0,33.5,4.0,4.0,0,0,0,0,749.0,57.3,10.25,749.0,57.3,4.000000954,21.4,0.964,318,120.0,0.186,16,1,2,6,Layer 1 Down
148,4.15,79.0,148,4.0,4.0,-3.8,0.0528,326.0,2.94,2.16e-05,102.4,-2.22,16.5,102.3,-2.0,4.0,-5.21,0.089,324.0,12.5,0.00108,33.5,4.0,4.0,33.5,4.0,4.0,0,0,0,0,754.0,57.3,-21.4,755.0,57.3,3.999999046,19.5,1.01,318,117.0,0.195,16,1,37,6,Layer 1 Down
148,4.125,66.5,148,4.0,4.0,-3.15,0.055,326.0,2.94,-5.98e-06,101.8,-2.3,-39.8,101.7,-2.0,4.0,-1.36,0.112,324.0,20.1,0.00149,33.5,4.0,4.0,33.5,4.0,4.0,0,0,0,0,759.0,57.5,63.9,760.0,57.3,4.0,15.2,0.756,318,115.0,0.143,16,1,37,6,Layer 1 Down
148,4.1,47.8,148,4.0,4.0,1.9,0.0578,326.0,9.32,2.14e-05,101.2,-2.13,-33.5,101.1,-2.0,4.0,-7.56,0.14,324.0,14.6,0.00183,33.5,4.0,4.0,33.5,4.0,4.0,0,0,0,0,765.0,57.2,-19.0,765.0,57.3,4.0,23.5,1.05,318,121.0,0.203,16,1,37,6,Layer 1 Down
148,4.125,60.3,148,4.0,4.0,-3.16,0.0493,326.0,2.59,0.0,100.6,-2.0,10.25,100.5,-2.0,4.0,-9.08,0.142,324.0,14.5,0.00183,33.5,4.0,4.0,33.5,4.0,4.0,0,0,0,0,770.0,57.3,0.5,771.0,57.3,4.0,20.8,0.924,318,120.0,0.179,16,1,37,6,Layer 1 Down
148,3.875,-58.5,148,4.0,4.0,-1.05,0.0379,326.0,2.29,-9.51e-06,99.9,-1.93,16.5,99.9,-2.0,4.0,-9.45,0.16,324.0,16.5,0.00207,33.5,4.0,4.0,33.5,4.0,4.0,0,0,0,0,776.0,57.3,-17.9,776.0,57.3,4.0,22.6,0.905,323,120.0,0.174,16,1,37,6,Layer 1 Down
148,3.95,-39.8,148,4.207,13.07,-0.752,0.0225,326.0,0.57,-4.57e-06,99.5,-2.32,-377.0,99.4,-2.0,4.286,-6.6,0.0913,324.0,15.4,0.00102,33.5,4.0,4.0,33.5,4.0,4.0,0,0,0,0,781.0,57.4,58.9,781.0,57.3,4.000000954,20.2,0.875,323,119.0,0.168,16,1,37,6,Layer 1 Down
148,4.8,-77.2,148,5.07,12.93,3.55,0.0672,325.0,6.25,0.000112,98.9,-1.8,72.7,98.9,-1.9,5.59,-7.23,0.111,324.0,13.2,0.00135,33.5,4.0,4.0,33.5,4.0,4.0,0,0,0,0,786.0,57.5,62.8,787.0,57.3,4.0,17.7,0.84,316,119.0,0.158,16,1,38,6,Layer 1 Down
149,5.75,-21.0,149,5.95,12.59,7.73,0.121,325.0,6.98,0.000536,98.3,-1.95,16.5,98.3,-1.67,6.92,-5.92,0.102,324.0,12.0,0.00117,33.5,4.0,4.0,33.5,4.0,4.0,0,0,0,0,791.0,57.4,20.3,792.0,57.3,4.0,20.3,0.808,318,119.0,0.155,16,1,38,6,Layer 1 Down
149,6.92,47.8,149,6.81,12.03,4.0,0.0806,326.0,9.26,0.000501,97.8,-1.43,-21.0,97.7,-1.3,8.23,-7.59,0.147,324.0,14.7,0.00169,33.5,4.0,4.0,33.5,4.0,4.0,0,0,0,0,797.0,57.3,-1.19,797.0,57.3,4.0,24.9,0.94,322,120.0,0.181,16,1,38,6,Layer 1 Down
149,7.55,41.5,149,7.55,11.33,6.4,0.108,325.0,10.6,0.000818,97.3,-0.95,66.5,97.2,-0.84,9.35,-2.35,0.0442,324.0,10.0,0.000381,33.5,4.0,4.0,33.5,4.0,4.0,0,0,0,0,802.0,57.4,23.8,803.0,57.3,4.000000954,20.1,0.868,317,121.0,0.167,16,1,2,6,Layer 1 Down
149,8.05,-27.3,150,8.24,10.44,4.33,0.0857,325.0,12.6,0.000708,96.8,-0.35,-8.5,96.8,-0.25,10.39,-8.12,0.146,324.0,12.3,0.00131,33.5,4.0,4.0,33.5,4.0,4.0,0,0,0,0,807.0,57.3,-32.5,808.0,57.3,3.999999046,19.8,0.936,319,115.0,0.181,16,1,38,6,Layer 1 Down
150,8.88,-21.0,150,8.87,9.32,5.39,0.0934,326.0,12.2,0.00101,96.4,0.3,-21.0,96.3,0.5,11.35,-5.38,0.111,324.0,11.1,0.000847,33.5,4.0,4.0,33.5,4.0,4.0,0,0,0,0,813.0,57.3,4.687,813.0,57.3,3.999999046,19.9,0.986,322,116.0,0.189,16,1,38,6,Layer 1 Down
150,9.35,-2.25,151,9.34,8.15,4.76,0.102,326.0,13.9,0.00114,96.1,1.17,35.3,96.0,1.27,12.07,-4.54,0.0819,324.0,8.9,0.000511,33.5,4.0,4.0,33.5,4.0,4.0,0,0,0,0,819.0,57.2,-77.2,819.0,57.3,3.999999046,22.6,0.931,320,117.0,0.178,16,1,38,6,Layer 1 Down
151,9.8,41.5,151,9.68,6.94,4.85,0.0875,326.0,12.8,0.00107,95.8,2.05,35.3,95.8,2.08,12.58,-6.73,0.0829,324.0,5.05,0.000326,33.5,4.0,4.0,33.5,4.0,4.0,0,0,0,0,824.0,57.2,-41.3,824.0,57.3,4.0,25.6,0.907,322,122.0,0.173,16,1,38,6,Layer 1 Down
152,9.78,35.3,152,9.91,5.61,5.74,0.108,326.0,15.1,0.0013,95.7,2.87,-14.8,95.7,2.95,12.93,-6.51,0.0874,324.0,7.96,0.000205,33.5,4.0,4.0,33.5,4.0,4.0,0,0,0,0,829.0,57.3,6.75,829.0,57.3,4.0,21.4,0.959,322,118.0,0.185,16,1,38,6,Layer 1 Down
152,9.78,-21.0,152,10.0,4.192,6.35,0.106,326.0,14.3,0.0013,95.6,3.85,29.0,95.6,3.891,13.07,-7.13,0.113,324.0,6.62,3.63e-05,33.5,4.0,4.0,33.5,4.0,4.0,0,0,0,0,835.0,57.4,8.81,835.0,57.3,4.0,17.5,0.779,319,119.0,0.15,16,1,38,6,Layer 1 Down
153,10.2,79.0,153,10.0,4.0,4.92,0.0875,326.0,12.5,0.00117,95.6,3.9,-39.8,95.6,4.0,4.0,-5.53,0.0921,324.0,5.86,0.0,33.5,4.0,4.0,33.5,4.0,4.0,0,0,0,0,840.0,57.2,-89.3,840.0,57.3,3.999999046,25.0,1.04,322,119.0,0.198,16,1,38,6,Layer 1 Down
153,10.07,29.0,153,10.0,4.0,5.24,0.0892,326.0,12.4,0.00115,95.6,4.075,41.5,95.6,4.0,4.0,-5.24,0.091,324.0,6.39,0.0,33.5,4.0,4.0,33.5,4.0,4.0,0,0,0,0,845.0,57.3,-38.9,846.0,57.3,3.999999046,22.2,1.06,318,115.0,0.204,16,1,39,6,Layer 1 Down
154,9.78,-21.0,154,10.0,4.0,6.44,0.114,326.0,14.1,0.00142,95.6,4.1,54.0,95.6,4.0,4.0,-5.58,0.0899,325.0,6.02,4.28e-05,33.5,4.0,4.0,33.5,4.0,4.0,0,0,0,0,851.0,57.4,19.9,851.0,57.3,4.0,14.1,0.816,319,118.0,0.155,16,1,39,6,Layer 1 Down
154,9.75,-83.5,155,10.0,4.0,5.95,0.0937,326.0,13.6,0.00109,95.6,4.1,54.0,95.6,4.0,4.0,-5.14,0.0893,324.0,6.41,2.83e-05,33.5,4.0,4.0,33.5,4.0,4.0,0,0,0,0,856.0,57.3,2.81,856.0,57.3,4.0,26.2,1.02,318,118.0,0.197,16,1,2,6,Layer 1 Down
155,10.03,-14.8,155,10.0,4.0,5.0,0.0881,326.0,14.1,0.00109,95.6,4.1,47.8,95.6,4.0,4.0,-5.28,0.0901,325.0,5.8,0.0,33.5,4.0,4.0,33.5,4.0,4.0,0,0,0,0,861.0,57.3,-10.1,862.0,57.3,4.0,23.4,0.935,318,116.0,0.181,16,1,39,6,Layer 1 Down
156,10.03,35.3,156,10.0,4.0,4.86,0.095,326.0,14.0,0.00118,95.6,3.9,-46.0,95.6,4.0,4.0,-4.1,0.0775,325.0,5.38,-2.46e-05,33.5,4.0,4.0,33.5,4.0,4.0,0,0,0,0,866.0,57.4,58.4,867.0,57.3,4.0,14.8,0.921,322,119.0,0.177,16,1,39,6,Layer 1 Down
156,9.88,-2.25,156,10.0,4.0,5.65,0.0942,326.0,13.7,0.0011,95.6,3.9,-39.8,95.6,4.0,4.0,-5.03,0.0897,325.0,6.31,1.42e-05,33.5,4.0,4.0,33.5,4.0,4.0,0,0,0,0,872.0,57.4,0.12,872.0,57.3,4.0,17.5,0.872,322,118.0,0.167,16,1,39,6,Layer 1 Down
157,10.07,10.25,157,10.0,4.0,5.03,0.0858,326.0,13.7,0.00104,95.6,3.9,-39.8,95.6,4.0,4.0,-3.5,0.0758,324.0,5.96,-2.4e-05,33.5,4.0,4.0,33.5,4.0,4.0,0,0,0,0,877.0,57.3,3.313,877.0,57.3,4.0,26.1,0.942,322,119.0,0.181,16,1,39,6,Layer 1 Down
157,9.95,-71.0,158,10.0,4.0,5.58,0.0766,326.0,12.8,0.000956,95.6,4.1,54.0,95.6,4.0,4.0,-5.09,0.0916,325.0,6.07,1.44e-05,33.5,4.0,4.0,33.5,4.0,4.0,0,0,0,0,883.0,57.4,2.19,883.0,57.3,4.0,18.3,0.776,319,120.0,0.149,16,1,39,6,Layer 1 Down
158,9.8,-58.5,158,10.0,4.0,7.29,0.0985,325.0,11.5,0.00124,95.6,4.1,54.0,95.6,4.0,4.0,-4.98,0.0897,324.0,5.88,2.88e-05,33.5,4.0,4.0,33.5,4.0,4.0,0,0,0,0,887.0,57.3,-28.5,888.0,57.3,3.999999046,19.5,0.94,318,115.0,0.181,16,1,39,6,Layer 1 Down
159,9.9,-21.0,159,10.0,4.0,6.41,0.111,326.0,13.2,0.00145,95.6,4.125,54.0,95.6,4.0,4.0,-4.7,0.091,324.0,7.1,2.88e-05,33.5,4.0,4.0,33.5,4.0,4.0,0,0,0,0,893.0,57.4,12.69,894.0,57.3,4.000000954,21.3,0.911,318,117.0,0.176,16,1,39,6,Layer 1 Down
159,10.15,35.3,159,10.0,4.0,5.05,0.0932,325.0,12.6,0.00119,95.6,4.1,47.8,95.6,4.0,4.0,-5.49,0.0896,324.0,5.1,1.43e-05,33.5,4.0,4.0,33.5,4.0,4.0,0,0,0,0,898.0,57.3,-16.6,899.0,57.3,4.0,22.6,0.948,318,122.0,0.182,16,1,39,6,Layer 1 Down
160,10.13,47.8,160,10.0,4.0,5.26,0.0875,326.0,12.9,0.00116,95.6,4.1,54.0,95.6,4.0,4.0,-5.39,0.0888,325.0,5.34,1.41e-05,33.5,4.0,4.0,33.5,4.0,4.0,0,0,0,0,904.0,57.2,-37.4,904.0,57.3,4.0,25.5,0.907,323,122.0,0.172,16,1,39,6,Layer 1 Down
160,10.2,10.25,161,10.0,4.0,4.45,0.0797,325.0,12.0,0.00103,95.6,4.1,54.0,95.6,4.0,4.0,-5.09,0.0881,324.0,6.05,2.82e-05,33.5,4.0,4.0,33.5,4.0,4.0,0,0,0,0,909.0,57.3,7.25,910.0,57.3,4.0,23.9,0.929,318,117.0,0.179,16,1,2,6,Layer 1 Down
161,9.93,-39.8,161,10.0,4.0,5.17,0.0912,325.0,14.4,0.00115,95.6,4.05,29.0,95.6,4.0,4.0,-4.64,0.0898,324.0,6.28,4.24e-05,33.5,4.0,4.0,33.5,4.0,4.0,0,0,0,0,914.0,57.3,-21.1,915.0,57.3,3.999999046,16.3,0.997,317,120.0,0.192,16,1,39,6,Layer 1 Down
162,9.8,-58.5,162,10.0,4.0,7.82,0.118,326.0,13.8,0.00148,95.6,4.1,47.8,95.6,4.0,4.0,-4.84,0.0888,325.0,6.29,2.81e-05,33.5,4.0,4.0,33.5,4.0,4.0,0,0,0,0,920.0,57.4,61.8,920.0,57.3,4.000000954,19.4,0.939,316,120.0,0.181,16,1,39,6,Layer 1 Down
162,10.15,35.3,162,10.0,4.0,4.67,0.0849,325.0,13.3,0.0011,95.6,3.925,-33.5,95.6,4.0,4.0,-3.41,0.0761,324.0,6.66,-2.41e-05,33.5,4.0,4.0,33.5,4.0,4.0,0,0,0,0,925.0,57.4,53.7,925.0,57.3,4.0,17.2,0.873,322,117.0,0.166,16,1,39,6,Layer 1 Down
163,10.1,10.25,163,10.0,4.0,4.86,0.0808,326.0,12.7,0.00104,95.6,4.1,47.8,95.6,4.0,4.0,-5.0,0.093,325.0,6.21,4.35e-05,33.5,4.0,4.0,33.5,4.0,4.0,0,0,0,0,931.0,57.4,24.6,931.0,57.3,4.0,13.9,0.81,318,118.0,0.153,16,1,39,6,Layer 1 Down
163,9.95,16.5,163,5.53,-918.0,5.49,0.105,326.0,13.6,0.00135,95.6,4.1,47.8,95.6,4.0,4.0,-4.94,0.0884,324.0,5.8,1.4e-05,33.5,4.0,4.0,33.5,4.0,4.0,0,0,0,0,936.0,57.3,2.81,936.0,57.3,4.0,24.1,1.02,317,120.0,0.198,16,1,39,6,Layer 1 Down
164,9.72,-58.5,164,9.89,1.46,5.44,0.0876,325.0,13.7,0.00103,95.6,2.95,-14.8,95.6,2.87,-9.5,-7.6,0.14,324.0,9.13,0.000314,33.5,4.0,4.0,33.5,4.0,4.0,0,0,0,0,941.0,57.4,54.8,941.0,57.3,4.000000954,17.7,0.897,322,122.0,0.172,16,1,39,6,Layer 1 Down
165,9.5,-21.0,165,9.46,-1.65,5.52,0.0893,326.0,11.8,0.00103,95.4,1.83,35.3,95.4,1.51,-8.5,-4.32,0.0658,325.0,7.67,0.000303,33.5,4.0,4.0,33.5,4.0,4.0,0,0,0,0,947.0,57.4,13.25,947.0,57.3,4.000000954,18.3,0.744,319,119.0,0.142,16,1,40,6,Layer 1 Down
165,9.0,29.0,165,8.78,-4.25,4.25,0.0852,325.0,11.9,0.00092,95.1,0.25,-27.3,95.1,0.38,-7.0,-4.6,0.0849,324.0,9.08,0.000691,33.5,4.0,4.0,33.5,4.0,4.0,0,0,0,0,952.0,57.3,-4.37,952.0,57.3,4.0,18.3,0.879,322,119.0,0.168,16,1,40,6,Layer 1 Down
165,8.05,16.5,166,7.83,-6.5,4.99,0.0737,326.0,9.08,0.000602,94.7,-0.47,-39.8,94.7,-0.61,-4.83,-7.56,0.131,324.0,12.8,0.00122,33.5,4.0,4.0,33.5,4.0,4.0,0,0,0,0,957.0,57.3,-0.94,957.0,57.3,4.0,25.2,0.948,323,120.0,0.182,16,1,40,6,Layer 1 Down
166,6.6,-27.3,166,6.64,-8.3,5.13,0.0972,326.0,10.2,0.000578,94.2,-1.4,-52.3,94.1,-1.39,-2.1,-4.78,0.102,324.0,13.6,0.00117,33.5,4.0,4.0,33.5,4.0,4.0,0,0,0,0,963.0,57.4,1.94,963.0,57.3,4.0,18.3,0.77,319,120.0,0.148,16,1,40,6,Layer 1 Down
166,5.4,-39.8,166,5.34,-9.4,7.59,0.107,326.0,5.92,0.000395,93.6,-1.85,60.3,93.6,-1.85,0.86,-4.95,0.0859,324.0,13.8,0.00109,33.5,4.0,4.0,33.5,4.0,4.0,0,0,0,0,968.0,57.3,23.1,968.0,57.3,4.0,20.0,1.0,317,120.0,0.193,16,1,2,6,Layer 1 Down
166,3.95,-89.7,166,4.00212,-4.24,5.25,0.0807,326.0,3.36,2.51e-05,93.0,-2.2,10.25,93.0,2.33,915.0,-5.88,0.108,324.0,13.7,0.0014,33.5,4.0,4.0,33.5,4.0,4.0,0,0,0,0,973.0,57.4,11.5,974.0,57.3,4.000000954,21.7,0.902,318,116.0,0.174,16,1,40,6,Layer 1 Down
166,3.85,-77.2,166,4.0,4.0,3.59,0.0621,326.0,4.24,9.51e-06,92.5,-1.7,16.5,92.5,-2.0,4.0,-6.23,0.111,324.0,15.1,0.00135,33.5,4.0,4.0,33.5,4.0,4.0,0,0,0,0,979.0,57.2,-72.6,979.0,57.3,3.999999046,21.3,0.912,319,118.0,0.175,16,1,40,6,Layer 1 Down
166,4.175,85.2,166,4.0,4.0,1.94,0.0435,326.0,2.99,-6.12e-06,91.9,-1.93,72.7,91.9,-2.0,4.0,-4.64,0.076,324.0,13.3,0.000873,33.5,4.0,4.0,33.5,4.0,4.0,0,0,0,0,984.0,57.2,-35.9,984.0,57.3,4.0,25.7,0.895,323,122.0,0.17,16,1,41,6,Layer 1 Down
166,3.875,-58.5,166,4.0,4.0,4.16,0.0617,326.0,2.8,1.83e-05,91.3,-2.03,60.3,91.3,-2.0,4.0,-4.56,0.0717,324.0,12.6,0.000868,33.5,4.0,4.0,33.5,4.0,4.0,0,0,0,0,989.0,57.3,4.5,990.0,57.3,4.0,24.0,0.939,317,117.0,0.18,16,1,41,6,Layer 1 Down
166,3.85,-77.2,166,4.0,4.0,3.31,0.0675,326.0,3.45,1.98e-05,90.8,-2.38,-71.0,90.8,-2.0,4.0,-6.07,0.125,324.0,14.5,0.00169,33.5,4.0,4.0,33.5,4.0,4.0,0,0,0,0,995.0,57.4,6.25,995.0,57.3,4.0,18.2,0.766,318,119.0,0.148,16,1,41,6,Layer 1 Down
166,4.175,85.2,166,4.0,4.0,1.65,0.0391,326.0,3.29,0.0,90.3,-2.03,-8.5,90.2,-2.0,4.0,-8.81,0.155,324.0,16.0,0.00198,33.5,4.0,4.0,33.5,4.0,4.0,0,0,0,0,1000.0,57.1,-91.0,1000.0,57.3,3.999999046,25.2,1.03,322,119.0,0.197,16,1,43,6,Layer 1 Down
166,3.875,-46.0,166,4.0,4.0,4.71,0.0676,326.0,0.985,1.02e-05,89.7,-1.65,16.5,89.6,-2.0,4.0,-9.7,0.149,324.0,14.8,0.0018,33.5,4.0,4.0,33.5,4.0,4.0,0,0,0,0,1004.0,57.2,-16.4,1004.0,57.3,4.0,23.5,1.05,317,120.0,0.202,16,1,43,6,Layer 1 Down
166,3.9,-52.3,166,4.0,4.0,3.05,0.0564,326.0,3.86,1.71e-05,89.0,-1.97,-52.3,89.0,-2.0,4.0,-7.66,0.142,324.0,16.5,0.00184,33.5,4.0,4.0,33.5,4.0,4.0,0,0,0,0,1014.0,57.4,21.7,1014.0,57.3,4.0,14.3,0.803,318,117.0,0.152,16,1,43,6,Layer 1 Down
166,3.9,-39.8,166,4.0,4.0,3.88,0.0614,326.0,2.2,3.52e-05,88.5,-1.78,97.7,88.4,-2.0,4.0,-4.15,0.0682,324.0,13.6,0.000804,33.5,4.0,4.0,33.5,4.0,4.0,0,0,0,0,1014.0,57.3,0.75,1014.0,57.3,4.000000954,20.4,0.797,318,118.0,0.152,16,1,43,6,Layer 1 Down
166,3.9,-39.8,166,4.0,4.0,3.59,0.0663,326.0,2.86,6.04e-05,87.9,-2.18,-27.3,87.8,-2.0,4.0,-3.74,0.0628,324.0,11.4,0.00079,33.5,4.0,4.0,33.5,4.0,4.0,0,0,0,0,1024.0,57.2,-65.6,1024.0,57.3,3.999999046,23.4,1.09,318,119.0,0.209,16,1,2,6,Layer 1 Down
166,3.95,-21.0,166,4.0,4.0,4.43,0.0615,326.0,0.835,5.19e-05,87.3,-2.1,-27.3,87.2,-2.0,4.0,-4.03,0.0842,324.0,12.9,0.00109,33.5,4.0,4.0,33.5,4.0,4.0,0,0,0,0,1024.0,57.5,63.8,1024.0,57.3,4.0,15.4,0.832,316,122.0,0.156,16,1,43,6,Layer 1 Down
166,3.875,-46.0,166,4.0,4.0,3.32,0.0664,326.0,3.04,3.05e-05,86.7,-1.9,-2.25,86.6,-2.0,4.0,-6.13,0.108,324.0,13.4,0.00135,33.5,4.0,4.0,33.5,4.0,4.0,0,0,0,0,1034.0,57.4,18.8,1034.0,57.3,4.0,21.3,0.815,317,118.0,0.156,16,1,43,6,Layer 1 Down
166,4.125,66.5,166,4.0,4.0,1.94,0.0418,326.0,3.35,-1.1e-05,86.1,-1.9,-8.5,86.0,-2.0,4.0,-5.97,0.109,324.0,14.9,0.0014,33.5,4.0,4.0,33.5,4.0,4.0,0,0,0,0,1034.0,57.3,-1.13,1034.0,57.3,4.0,23.1,0.962,322,122.0,0.185,16,1,43,6,Layer 1 Down
166,3.85,-52.3,166,4.0,4.0,4.71,0.0666,326.0,1.39,0.0,85.5,-2.13,41.5,85.4,-2.0,4.0,-4.39,0.0944,324.0,14.3,0.00118,33.5,4.0,4.0,33.5,4.0,4.0,0,0,0,0,1044.0,57.4,23.2,1044.0,57.3,4.000000954,20.3,0.877,316,120.0,0.169,16,1,43,6,Layer 1 Down
166,3.825,-77.2,166,4.0,4.0,4.15,0.0639,326.0,3.21,8.54e-06,84.8,-1.9,47.8,84.8,-2.0,4.0,-6.23,0.1,324.0,14.0,0.0013,33.5,4.0,4.0,33.5,4.0,4.0,0,0,0,0,1044.0,57.3,17.3,1044.0,57.3,4.0,20.6,1.01,317,120.0,0.196,16,1,43,6,Layer 1 Down
166,3.85,-64.7,166,4.0,4.0,2.76,0.0639,326.0,4.33,2.67e-05,84.2,-2.2,16.5,84.2,-2.0,4.0,-4.68,0.0888,324.0,13.6,0.00115,33.5,4.0,4.0,33.5,4.0,4.0,0,0,0,0,1054.0,57.3,12.56,1054.0,57.3,4.000000954,21.4,0.902,317,117.0,0.174,16,1,43,6,Layer 1 Down
166,3.9,-52.3,166,4.0,4.0,1.93,0.0585,326.0,4.69,8.82e-06,83.6,-2.22,10.25,83.6,-2.0,4.0,-4.76,0.0933,324.0,13.6,0.00119,33.5,4.0,4.0,33.5,4.0,4.0,0,0,0,0,1054.0,57.2,-72.0,1054.0,57.3,3.999999046,22.1,0.925,319,117.0,0.177,16,1,43,6,Layer 1 Down
166,3.9,-46.0,166,4.0,4.0,2.49,0.0602,326.0,4.08,1.79e-05,83.0,-2.15,-33.5,83.0,-2.0,4.0,-6.91,0.136,324.0,14.6,0.00178,33.5,4.0,4.0,33.5,4.0,4.0,0,0,0,0,1064.0,57.4,44.4,1064.0,57.3,4.0,17.6,0.994,316,119.0,0.19,16,1,43,6,Layer 1 Down
166,3.85,-71.0,166,4.0,4.0,2.21,0.0632,326.0,4.69,0.0,82.4,-1.97,4.0,82.4,-2.0,4.0,-8.23,0.153,324.0,15.4,0.00199,33.5,4.0,4.0,33.5,4.0,4.0,0,0,0,0,1074.0,57.3,5.69,1074.0,57.3,4.0,23.6,0.928,317,117.0,0.178,16,1,43,6,Layer 1 Down
166,3.9,-39.8,166,4.0,4.0,4.71,0.0591,326.0,1.9,4.47e-05,81.8,-1.95,-8.5,81.8,-2.0,4.0,-8.16,0.137,324.0,15.9,0.00173,33.5,4.0,4.0,33.5,4.0,4.0,0,0,0,0,1074.0,57.4,8.5,1074.0,57.3,4.0,17.8,0.772,318,119.0,0.149,16,1,43,6,Layer 1 Down
166,3.875,-64.7,166,4.0,4.0,2.76,0.0576,326.0,4.43,1.73e-05,81.2,-1.85,-27.3,81.2,-2.0,4.0,-7.5,0.136,324.0,15.1,0.00171,33.5,4.0,4.0,33.5,4.0,4.0,0,0,0,0,1084.0,57.4,59.6,1084.0,57.3,4.000000954,20.0,0.941,316,119.0,0.182,16,1,2,6,Layer 1 Down
166,3.875,-58.5,166,4.0,4.0,3.34,0.0588,326.0,3.16,8.87e-06,80.7,-1.97,66.5,80.7,-2.0,4.0,-8.27,0.163,324.0,13.6,0.00223,33.5,4.0,4.0,33.5,4.0,4.0,0,0,0,0,1084.0,57.3,-29.3,1084.0,57.3,3.999999046,21.9,1.04,317,115.0,0.201,16,1,43,6,Layer 1 Down
166,3.875,-58.5,166,4.0,4.0,3.88,0.064,326.0,2.9,4.66e-05,80.1,-2.1,-52.3,80.1,-2.0,4.0,-7.39,0.125,325.0,12.9,0.00163,33.5,4.0,4.0,33.5,4.0,4.0,0,0,0,0,1094.0,57.4,22.1,1094.0,57.3,4.0,14.7,0.802,317,117.0,0.152,16,1,43,6,Layer 1 Down
166,3.85,-64.7,166,4.0,4.0,4.71,0.0608,326.0,1.77,3.59e-05,79.5,-1.93,16.5,79.5,-2.0,4.0,-7.2,0.13,324.0,14.4,0.00167,33.5,4.0,4.0,33.5,4.0,4.0,0,0,0,0,1094.0,57.3,0.81,1094.0,57.3,4.0,23.6,1.03,316,121.0,0.198,16,1,43,6,Layer 1 Down
166,3.9,-52.3,166,4.0,4.0,5.27,0.0605,326.0,0.775,1.82e-05,79.0,3.0,-452.0,79.0,4.0,4.0,-8.27,0.121,324.0,9.01,0.000366,33.5,4.0,4.0,33.5,4.0,4.0,0,0,0,0,1104.0,57.3,-1.94,1104.0,57.3,4.0,22.8,0.933,317,117.0,0.181,16,1,43,6,Layer 1 Down
166,2.87,47.8,166,2.7,-9.4,-4.48,0.066,326.0,4.09,0.000184,78.5,-1.55,-14.8,78.4,-1.86,6.91,-7.87,0.126,324.0,13.2,0.00141,33.5,4.0,4.0,33.5,4.0,4.0,0,0,0,0,1104.0,57.4,18.3,1104.0,57.3,4.000000954,17.7,0.729,318,120.0,0.139,16,1,44,6,Layer 1 Down
166,1.53,16.5,166,1.41,-8.4,-6.3,0.108,326.0,8.98,0.000623,77.9,-1.57,41.5,77.8,-1.41,9.88,-1.8,0.0492,325.0,12.2,0.000539,33.5,4.0,4.0,33.5,4.0,4.0,0,0,0,0,1114.0,57.2,-21.9,1114.0,57.3,3.999999046,24.2,1.06,317,119.0,0.205,16,1,45,6,Layer 1 Down
166,0.47,-8.5,166,0.25,-6.8,-5.73,0.103,326.0,11.5,0.000775,77.4,-0.8,85.2,77.3,-0.68,12.55,-4.15,0.0785,324.0,12.5,0.000761,33.5,4.0,4.0,33.5,4.0,4.0,0,0,0,0,1114.0,57.5,57.3,1114.0,57.3,4.0,16.0,0.845,316,117.0,0.159,16,1,45,6,Layer 1 Down
165,-0.5,4.0,165,-0.72,-4.54,-6.79,0.116,325.0,12.7,0.00114,76.9,0.33,60.3,76.9,0.29,14.8,-3.72,0.0636,324.0,10.0,0.000452,33.5,4.0,4.0,33.5,4.0,4.0,0,0,0,0,1124.0,57.4,8.69,1124.0,57.3,4.0,18.6,0.769,318,120.0,0.148,16,1,45,6,Layer 1 Down
165,-1.22,54.0,165,-1.44,-1.87,-6.25,0.101,326.0,12.6,0.00109,76.6,1.67,54.0,76.6,1.46,16.4,-5.43,0.0869,325.0,9.19,0.000432,33.5,4.0,4.0,33.5,4.0,4.0,0,0,0,0,1124.0,57.3,20.1,1124.0,57.3,4.0,20.6,0.995,317,119.0,0.192,16,1,45,6,Layer 1 Down
164,-1.93,-64.7,164,-1.87,1.1,-5.18,0.103,326.0,13.5,0.00128,76.4,2.67,22.8,76.4,2.76,17.4,-6.4,0.105,324.0,7.02,0.000279,33.5,4.0,4.0,33.5,4.0,4.0,0,0,0,0,1134.0,57.4,14.3,1134.0,57.3,4.000000954,22.1,0.902,317,116.0,0.175,16,1,2,6,Layer 1 Down
163,4.875,648.0,163,-1.5,-871.0,-2.07,0.156,326.0,4.69,0.00032,76.4,3.925,-21.0,76.4,4.0,4.0,-4.15,0.0558,324.0,2.85,8.57e-06,33.5,4.0,4.0,33.5,4.0,4.0,0,0,0,0,1134.0,57.3,16.1,1144.0,57.3,4.000000954,24.8,0.908,323,119.0,0.175,16,1,45,6,Layer 1 Down
163,-2.0,-33.5,163,-2.0,4.0,-7.38,0.115,326.0,12.0,0.00152,76.4,4.0,-2.25,76.4,4.0,4.0,-1.89,0.0355,325.0,1.42,0.0,33.5,4.0,4.0,33.5,4.0,4.0,0,0,0,0,1144.0,57.4,45.4,1144.0,57.3,4.0,16.5,0.98,316,120.0,0.186,16,1,45,6,Layer 1 Down
162,-1.85,22.8,162,-2.0,4.0,-5.69,0.0993,325.0,14.9,0.00131,76.4,4.0,4.0,76.4,4.0,4.0,-1.26,0.0335,324.0,2.27,4.77e-06,33.5,4.0,4.0,33.5,4.0,4.0,0,0,0,0,1154.0,57.3,6.25,1154.0,57.3,4.0,24.2,0.924,316,117.0,0.179,16,1,45,6,Layer 1 Down
162,-1.85,79.0,162,-2.0,4.0,-5.82,0.0841,326.0,12.4,0.00103,76.4,4.0,10.25,76.4,4.0,4.0,-1.33,0.0347,324.0,2.64,5.11e-06,33.5,4.0,4.0,33.5,4.0,4.0,0,0,0,0,1154.0,57.4,8.25,1154.0,57.3,4.0,18.0,0.772,318,119.0,0.148,16,1,45,6,Layer 1 Down
161,-2.1156224999999997,-14.8,161,-2.0,4.0,-4.52,0.0849,348.00499999999994,12.3,0.001142225,76.4,3.973,4.0,76.4,4.0,4.0,-1.14,0.0382,345.86999999999995,2.86,1.1422249999999997e-05,33.5,4.0,4.0,33.5,4.0,4.0,0,0,0,0,1164.0,57.4,59.7,1164.0,57.3,4.000000954,20.0,0.923,315,118.0,0.177,16,1,45,6,Layer 1 Down
161,-1.9865,-21.0,160,-2.0,4.0,-5.43,0.1,346.93749999999994,12.9,0.0013770749999999997,76.4,3.973,4.0,76.4,4.0,4.0,-1.21,0.0379,345.86999999999995,2.75,1.1529e-05,33.5,4.0,4.0,33.5,4.0,4.0,0,0,0,0,1164.0,57.3,-32.3,1164.0,57.3,3.999999046,22.3,1.05,317,114.0,0.202,16,1,45,6,Layer 1 Down
160,-1.8375125,47.8,160,-2.0,4.0,-2.94,0.105,346.93749999999994,18.8,0.0013877499999999999,76.4,3.94816875,-2.25,76.4,4.0,4.0,-2.09,0.0385,345.86999999999995,1.25,5.668424999999999e-06,33.5,4.0,4.0,33.5,4.0,4.0,0,0,0,0,1174.0,57.4,23.9,1174.0,57.3,4.0,14.3,0.797,317,118.0,0.152,16,1,45,6,Layer 1 Down
159,-1.9169725,60.3,159,-2.0,4.0,-5.18,0.0905,348.00499999999994,14.0,0.001184925,76.4,3.973,4.0,76.4,4.0,4.0,-1.57,0.039,346.93749999999994,1.78,0.0,33.5,4.0,4.0,33.5,4.0,4.0,0,0,0,0,1174.0,57.3,0.69,1174.0,57.3,4.0,24.6,1.01,316,119.0,0.195,16,1,45,6,Layer 1 Down
159,-2.1156224999999997,10.25,159,-2.0,4.0,-4.55,0.0741,348.00499999999994,12.4,0.0009938425,76.4,3.973,10.25,76.4,4.0,4.0,-2.33,0.0364,346.93749999999994,1.53,2.2417499999999997e-05,33.5,4.0,4.0,33.5,4.0,4.0,0,0,0,0,1184.0,57.3,-6.8,1184.0,57.3,4.0,23.1,0.939,317,116.0,0.182,16,1,45,6,Layer 1 Down
158,-2.1354875,-46.0,158,-2.0,4.0,-5.14,0.0986,348.00499999999994,13.5,0.0013877499999999999,76.4,3.973,4.0,76.4,4.0,4.0,-1.7,0.0375,346.93749999999994,1.99,5.956649999999999e-06,33.5,4.0,4.0,33.5,4.0,4.0,0,0,0,0,1184.0,57.4,13.87,1184.0,57.3,4.000000954,18.2,0.725,318,119.0,0.139,16,1,2,6,Layer 1 Down
158,-1.8871749999999998,10.25,157,-2.0,4.0,-5.93,0.112,348.00499999999994,14.8,0.001526525,76.4,3.9978312500000004,16.5,76.4,4.0,4.0,-1.57,0.0382,346.93749999999994,1.95,0.0,33.5,4.0,4.0,33.5,4.0,4.0,0,0,0,0,1194.0,57.3,-17.6,1194.0,57.3,3.999999046,24.2,1.04,316,118.0,0.201,16,1,45,6,Layer 1 Down
157,-1.8871749999999998,41.5,157,-2.0,4.0,-5.27,0.104,348.00499999999994,14.5,0.0013984249999999998,76.4,3.94816875,-2.25,76.4,4.0,4.0,-1.7,0.0423,346.93749999999994,2.05,1.81475e-05,33.5,4.0,4.0,33.5,4.0,4.0,0,0,0,0,1194.0,57.5,57.1,1194.0,57.3,4.0,16.8,0.842,316,115.0,0.159,16,1,45,6,Layer 1 Down
156,-2.0162975,22.8,156,-2.0,4.0,-4.69,0.0875,348.00499999999994,13.5,0.0012062749999999997,76.4,3.973,4.0,76.4,4.0,4.0,-1.89,0.0402,346.93749999999994,1.64,5.625725e-06,33.5,4.0,4.0,33.5,4.0,4.0,0,0,0,0,1204.0,57.4,7.44,1204.0,57.3,4.0,18.6,0.765,318,120.0,0.147,16,1,45,6,Layer 1 Down
156,-2.0361624999999997,-27.3,156,-2.0,4.0,-5.19,0.108,348.00499999999994,13.7,0.0014518,76.4,3.94816875,-8.5,76.4,4.0,4.0,-0.868,0.0373,346.93749999999994,3.24,2.8395499999999996e-05,33.5,4.0,4.0,33.5,4.0,4.0,0,0,0,0,1204.0,57.3,20.8,1204.0,57.3,4.0,20.2,1.01,316,119.0,0.195,16,1,45,6,Layer 1 Down
155,-1.8375125,10.25,155,-2.0,4.0,-6.71,0.125,348.00499999999994,14.5,0.0016652999999999998,76.4,3.973,4.0,76.4,4.0,4.0,-1.26,0.0367,346.93749999999994,2.44,1.0781749999999999e-05,33.5,4.0,4.0,33.5,4.0,4.0,0,0,0,0,1214.0,57.4,13.94,1214.0,57.3,4.000000954,21.6,0.895,316,117.0,0.173,16,1,45,6,Layer 1 Down
155,-1.9567025,22.8,154,-2.0,4.0,-4.51,0.0953,348.00499999999994,14.0,0.0012916749999999997,76.4,3.973,10.25,76.4,4.0,4.0,-1.7,0.0392,346.93749999999994,2.14,1.1529e-05,33.5,4.0,4.0,33.5,4.0,4.0,0,0,0,0,1214.0,57.2,-65.6,1214.0,57.3,3.999999046,21.9,0.912,318,118.0,0.175,16,1,45,6,Layer 1 Down
154,-2.0560275,-2.25,154,-2.0,4.0,-4.76,0.0921,348.00499999999994,14.9,0.0012276249999999998,76.4,3.9978312500000004,10.25,76.4,4.0,4.0,-1.77,0.0345,346.93749999999994,1.96,-1.60125e-05,33.5,3.975,-2.25,33.5,4.0,4.0,0,0,0,0,1224.0,57.3,-25.8,1224.0,57.3,3.999999046,23.1,0.998,322,117.0,0.193,16,1,45,6,Layer 1 Down
153,-1.9567025,41.5,153,-2.0,4.0,-5.87,0.11,348.00499999999994,15.5,0.0014518,76.4,3.9978312500000004,16.5,76.4,4.0,4.0,-3.09,0.0334,345.86999999999995,1.34,-9.938425e-06,33.5,4.0,4.0,33.5,4.0,4.0,0,0,0,0,1234.0,57.5,40.6,1234.0,57.3,4.0,15.4,0.798,323,114.0,0.151,16,1,45,6,Layer 1 Down
153,-1.8871749999999998,-2.25,153,-2.0,4.0,-5.75,0.114,348.00499999999994,14.2,0.0015798999999999998,76.4,3.94816875,-8.5,76.4,4.0,4.0,-2.33,0.0361,346.93749999999994,1.55,1.0301375e-05,33.5,4.0,4.0,33.5,4.0,4.0,0,0,0,0,1234.0,57.4,10.63,1234.0,57.3,4.0,17.1,0.757,318,120.0,0.145,16,1,45,6,Layer 1 Down
152,-1.9169725,-8.5,152,-2.0,4.0,-5.86,0.108,348.00499999999994,14.5,0.001441125,76.4,3.9978312500000004,16.5,76.4,4.0,4.0,-1.57,0.0342,346.93749999999994,2.63,-1.0397449999999998e-05,33.5,4.0,4.0,33.5,4.0,4.0,0,0,0,0,1244.0,57.3,-19.6,1244.0,57.3,4.0,23.1,0.936,322,119.0,0.18,16,1,45,6,Layer 1 Down
152,-1.8871749999999998,16.5,151,-2.0,4.0,-5.7,0.0976,348.00499999999994,14.2,0.00125965,76.4,3.9978312500000004,10.25,76.4,4.0,4.0,-2.33,0.0343,345.86999999999995,1.87,-1.55855e-05,33.5,4.0,4.0,33.5,4.0,4.0,0,0,0,0,1244.0,57.4,37.4,1244.0,57.3,4.000000954,20.3,0.728,323,117.0,0.138,16,1,2,6,Layer 1 Down
151,-2.1354875,-52.3,151,-2.0,4.0,-4.21,0.091,348.00499999999994,13.4,0.00125965,76.4,3.973,-2.25,76.4,4.0,4.0,-1.7,0.0373,346.93749999999994,2.19,1.68665e-05,33.5,4.0,4.0,33.5,4.0,4.0,0,0,0,0,1254.0,57.4,15.0,1254.0,57.3,4.0,14.1,0.808,317,117.0,0.153,16,1,45,6,Layer 1 Down
150,-2.18515,-83.5,150,-2.0,4.0,-5.27,0.103,348.00499999999994,13.4,0.0014091,76.4,3.973,10.25,76.4,4.0,4.0,-2.5,0.0332,346.93749999999994,2.76,0.0,33.5,4.0,4.0,33.5,4.0,4.0,0,0,0,0,1254.0,57.4,44.5,1254.0,57.3,4.0,16.1,0.843,322,118.0,0.16,16,1,45,6,Layer 1 Down
150,-1.9567025,-27.3,150,-2.0,4.0,-6.03,0.105,348.00499999999994,13.9,0.0014624749999999998,76.4,3.9978312500000004,16.5,76.4,4.0,4.0,-2.7,0.0345,346.93749999999994,2.2,-9.863699999999998e-06,33.5,4.0,4.0,33.5,4.0,4.0,0,0,0,0,1264.0,57.4,19.4,1264.0,57.3,4.0,20.1,0.741,323,118.0,0.141,16,1,45,6,Layer 1 Down
149,-1.9169725,-27.3,149,-2.0,4.0,-5.77,0.111,348.00499999999994,14.2,0.0014944999999999997,76.4,3.973,-2.25,76.4,4.0,4.0,-1.26,0.0432,346.93749999999994,2.41,1.3343749999999999e-05,33.5,4.0,4.0,33.5,4.0,4.0,0,0,0,0,1264.0,57.3,21.7,1264.0,57.3,4.0,25.0,0.961,315,117.0,0.185,16,1,45,6,Layer 1 Down
148,-1.78785,54.0,148,-2.0,4.0,-6.32,0.107,348.00499999999994,14.6,0.0014944999999999997,76.4,3.973,4.0,76.4,4.0,4.0,-1.45,0.0375,345.86999999999995,1.88,5.924625e-06,33.5,4.0,4.0,33.5,4.0,4.0,0,0,0,0,1274.0,57.4,8.19,1274.0,57.3,4.0,18.5,0.842,317,119.0,0.163,16,1,45,6,Layer 1 Down
148,-1.291225,298.0,148,-1.99,4.787,-7.67,0.139,348.00499999999994,16.0,0.0017827249999999998,76.4,4.1468187499999996,29.0,76.4,4.371,17.7,0.968,0.0247,346.93749999999994,2.82,8.657425e-06,33.5,4.0,4.0,33.5,4.0,4.0,0,0,0,0,1274.0,57.3,-8.2,1274.0,57.3,4.0,21.2,1.03,322,121.0,0.198,16,1,45,6,Layer 1 Down
147,-1.9567025,-52.3,147,-1.76,7.76,-3.19,0.0803,348.00499999999994,13.4,0.001078175,76.5,5.542335,10.25,76.5,5.67,17.2,4.7,0.0909,345.86999999999995,8.51,0.0003576125,33.5,4.0,4.0,33.5,4.0,4.0,0,0,0,0,1284.0,57.3,0.87,1284.0,57.3,3.999999046,25.8,1.03,316,116.0,0.198,16,1,47,6,Layer 1 Down
147,-1.31109,16.5,147,-1.23,10.67,-4.98,0.0929,348.00499999999994,12.4,0.00108885,76.7,6.87329,29.0,76.7,6.93,16.0,7.73,0.155,345.86999999999995,11.6,0.001078175,33.5,4.0,4.0,33.5,4.0,4.0,0,0,0,0,1284.0,57.5,54.3,1284.0,57.3,4.0,12.7,0.827,316,115.0,0.154,16,1,47,6,Layer 1 Down
146,-0.5264225,16.5,146,-0.39,13.31,-4.44,0.0772,348.00499999999994,10.5,0.0007226974999999999,77.0,8.0949875,-27.3,77.1,8.09,14.1,1.97,0.0643,345.86999999999995,12.3,0.000548695,33.5,4.0,4.0,33.5,4.0,4.0,0,0,0,0,1294.0,57.3,16.8,1294.0,57.3,4.0,18.6,0.992,322,119.0,0.192,16,1,47,6,Layer 1 Down
146,0.4469625,-2.25,146,0.6,15.3,-5.46,0.0956,348.00499999999994,9.55,0.0008027599999999999,77.5,8.969047499999999,-33.5,77.5,8.95,11.83,2.38,0.0472,345.86999999999995,10.1,0.00046436249999999996,33.5,4.0,4.0,33.5,4.0,4.0,0,0,0,0,1294.0,57.3,12.87,1304.0,57.3,4.0,23.7,0.971,316,116.0,0.186,16,1,2,6,Layer 1 Down
146,1.7083899999999999,16.5,146,1.82,16.8,-5.5,0.105,348.00499999999994,9.41,0.0005615049999999999,78.0,9.654390000000001,-21.0,78.0,9.59,9.06,5.86,0.0923,345.86999999999995,11.6,0.0011528999999999999,33.5,4.0,4.0,33.5,4.0,4.0,0,0,0,0,1304.0,57.4,40.1,1304.0,57.3,4.000000954,17.8,0.809,316,118.0,0.155,16,1,47,6,Layer 1 Down
146,2.97975,-39.8,145,3.196,17.6,-1.18,0.044,348.00499999999994,7.66,8.507974999999999e-05,78.6,10.230475,47.8,78.6,9.95,5.9,2.27,0.117,346.93749999999994,18.2,0.0016332749999999998,33.5,4.0,4.0,33.5,4.0,4.0,0,0,0,0,1314.0,57.4,52.2,1314.0,57.3,4.000000954,22.6,0.919,323,118.0,0.177,16,1,47,6,Layer 1 Down
145,3.9978312500000004,10.25,145,4.0,4.0,-4.23,0.0816,348.00499999999994,3.59,6.9174e-05,79.1,9.25709,-14.8,79.2,10.0,4.0,11.7,0.2,346.93749999999994,15.3,0.0026474,33.5,4.0,4.0,33.5,4.0,4.0,0,0,0,0,1314.0,57.4,69.4,1314.0,57.3,4.0,18.1,0.924,314,116.0,0.175,16,1,47,6,Layer 1 Down
145,4.0226625,22.8,145,4.0,4.0,-4.53,0.0729,348.00499999999994,2.78,3.6722e-05,79.7,9.73385,-14.8,79.8,10.0,4.0,4.76,0.0872,345.86999999999995,14.0,0.0011101999999999998,33.5,4.0,4.0,33.5,4.0,4.0,0,0,0,0,1324.0,57.4,33.4,1324.0,57.3,4.0,17.2,0.806,317,119.0,0.154,16,1,47,6,Layer 1 Down
145,3.8985062499999996,-33.5,145,4.0,4.0,-3.73,0.0545,348.00499999999994,3.98,-1.6652999999999998e-05,80.3,9.783512499999999,-8.5,80.4,10.0,4.0,4.44,0.0798,346.93749999999994,13.8,0.0009714249999999999,33.5,4.0,4.0,33.5,4.0,4.0,0,0,0,0,1324.0,57.3,-3.87,1324.0,57.3,4.0,23.8,0.946,323,122.0,0.182,16,1,47,6,Layer 1 Down
145,3.94816875,-8.5,145,4.0,4.0,-3.04,0.0504,348.00499999999994,5.61,-2.4872749999999997e-05,80.8,4.891756249999999,4.0,80.8,6.0,504.0,-1.84,0.0753,346.93749999999994,3.11,5.380199999999999e-05,33.5,4.0,4.0,33.5,4.0,4.0,0,0,0,0,1334.0,57.3,-22.4,1334.0,57.3,4.0,24.5,0.947,322,118.0,0.183,16,1,47,6,Layer 1 Down
145,4.04749375,35.3,145,4.0,4.0,-3.34,0.074,348.00499999999994,3.8,7.472499999999999e-05,81.4,10.111284999999999,60.3,81.4,10.0,4.0,7.25,0.124,345.86999999999995,13.7,0.0017720499999999998,33.5,4.0,4.0,33.5,4.0,4.0,0,0,0,0,1334.0,57.3,-30.8,1334.0,57.3,3.999999046,20.4,0.974,317,117.0,0.188,16,1,48,6,Layer 1 Down
145,3.9233375,-14.8,145,4.0,4.0,-2.84,0.0512,348.00499999999994,5.24,-2.444575e-05,81.8,3.9978312500000004,35.3,81.8,4.0,4.0,1.53,0.028,346.93749999999994,0.293,1.355725e-05,33.5,4.0,4.0,33.5,4.0,4.0,0,0,0,0,1344.0,57.2,-12.3,1344.0,57.3,3.999999046,25.4,1.07,322,120.0,0.207,16,1,48,6,Layer 1 Down
145,3.9978312500000004,16.5,145,4.0,4.0,-5.21,0.0696,346.93749999999994,2.49,6.757274999999998e-05,81.8,3.973,16.5,81.8,4.0,4.0,0.308,0.0205,345.86999999999995,0.929,-5.881924999999999e-06,36.2,53.9,-109.0,36.7,54.0,4.0,0,0,0,0,1344.0,57.3,28.0,1344.0,57.3,4.0,24.5,0.946,314,118.0,0.182,16,1,51,50,Repositioning
145,3.973,-2.25,145,4.0,4.0,-3.09,0.0717,346.93749999999994,3.81,8.358525e-05,81.8,3.9978312500000004,16.5,81.8,4.0,4.0,0.237,0.0279,344.80249999999995,1.72,2.8929249999999995e-06,41.3,54.0,-46.0,41.7,54.0,4.0,0,0,0,0,1354.0,57.4,7.69,1354.0,57.3,4.0,19.3,0.837,316,117.0,0.161,16,1,2,50,Repositioning
145,3.9978312500000004,10.25,145,4.0,4.0,-2.79,0.0536,346.93749999999994,6.06,-3.52275e-05,81.8,4.0226625,16.5,81.8,4.0,4.0,-0.465,0.0215,345.86999999999995,1.92,1.7506999999999998e-06,46.4,53.9,-8.5,46.9,54.0,4.0,0,0,0,0,1354.0,57.3,-9.3,1354.0,57.3,4.0,21.7,1.03,321,119.0,0.198,16,1,52,50,Repositioning
145,3.973,4.0,145,4.0,4.0,-2.88,0.0715,346.93749999999994,3.88,3.640175e-05,81.8,3.94816875,-2.25,81.8,4.0,4.0,1.84,0.026,344.80249999999995,0.247,1.355725e-05,51.3,54.0,-21.0,51.7,54.0,4.0,0,0,0,0,1364.0,57.3,-2.06,1364.0,57.3,3.999999046,26.6,1.03,314,116.0,0.199,16,1,52,50,Repositioning
145,3.94816875,-8.5,145,4.0,4.0,-3.09,0.0702,346.93749999999994,3.51,3.448024999999999e-05,81.8,3.973,4.0,81.8,4.0,4.0,2.0,0.0263,344.80249999999995,1.17,-2.45525e-06,56.2,54.0,-39.8,56.7,54.0,4.0,0,0,0,0,1364.0,57.5,58.4,1364.0,57.3,4.0,13.0,0.831,315,115.0,0.154,16,1,52,50,Repositioning
146,23.738674999999997,941.0,146,30.8,898.0,17.5,0.269,346.93749999999994,37.3,0.012596499999999998,81.6,-6.058825,-483.0,81.5,-9.4,-443.0,-10.1,0.172,345.86999999999995,21.4,0.004131225,58.5,3.875,-2.25,58.5,4.0,4.0,0,0,0,0,1374.0,57.4,21.2,1374.0,57.3,4.0,19.2,0.981,322,117.0,0.189,16,1,52,50,Repositioning
150,48.27195,-27.3,150,48.7,4.0000954,10.5,0.187,345.86999999999995,64.8,0.01868125,79.5,-18.07715,4.0,79.4,-18.4,4.0,-8.35,0.177,344.80249999999995,35.2,0.008977675,58.5,3.975,-2.25,58.5,4.0,4.0,0,0,0,0,1384.0,57.3,1.31,1384.0,57.3,4.0,23.5,0.871,322,119.0,0.167,16,1,52,50,Repositioning
154,44.199625,-758.0,154,37.1,-890.0,-8.17,0.108,345.86999999999995,36.7,-0.005134674999999999,77.4,-15.892,504.0,77.3,-12.5,451.0,-0.0482,0.0512,344.80249999999995,25.3,0.001675975,58.5,4.0,4.0,58.5,4.0,4.0,0,0,0,0,1384.0,57.4,42.0,1384.0,57.3,4.000000954,19.0,0.8,315,117.0,0.153,16,1,52,50,Repositioning
155,3.9978312500000004,29.0,155,4.0,4.0,0.0391,0.0168,348.00499999999994,1.33,2.2844499999999998e-06,77.0,3.9978312500000004,16.5,77.0,4.0,4.0,1.18,0.0198,346.93749999999994,0.673,-9.415349999999999e-07,57.5,-38.1,-1006.0,57.2,-45.5,-871.0,0,0,0,0,1394.0,57.4,50.1,1394.0,57.3,4.000000954,22.0,0.915,322,118.0,0.176,16,1,52,50,Repositioning
155,3.94816875,-8.5,155,4.0,4.0,1.06,0.0215,348.00499999999994,0.749,-1.932175e-06,77.0,3.973,4.0,77.0,4.0,4.0,-0.0996,0.0226,346.93749999999994,1.23,1.505175e-06,52.8,-46.0,16.5,52.4,-46.0,4.0,0,0,0,0,1394.0,57.4,61.8,1394.0,57.3,4.0,18.4,0.93,315,116.0,0.176,16,1,54,50,Repositioning
155,3.94816875,-8.5,155,4.0,4.0,0.748,0.0204,348.00499999999994,1.27,-1.8147499999999999e-06,77.0,3.973,4.0,77.0,4.0,4.0,0.22,0.0173,346.93749999999994,0.876,-5.924625e-07,47.8,-46.1,-39.8,47.4,-46.0,4.0,0,0,0,0,1404.0,57.4,34.1,1404.0,57.3,4.0,19.0,0.809,316,118.0,0.155,16,1,54,50,Repositioning
155,3.9978312500000004,16.5,155,4.0,4.0,0.238,0.0187,349.0725,0.792,-2.4018749999999998e-06,77.0,3.973,4.0,77.0,4.0,4.0,0.379,0.0155,346.93749999999994,0.859,5.1667e-07,43.5,-4.02,991.0,43.5,3.5,879.0,0,0,0,0,1404.0,57.3,-8.3,1404.0,57.3,4.0,25.1,0.966,323,121.0,0.184,16,1,2,50,Repositioning
155,3.94816875,-8.5,155,4.0,4.0,0.747,0.0227,348.00499999999994,0.58,-7.4938499999999986e-06,77.0,3.973,4.0,77.0,4.0,4.0,0.0599,0.0164,346.93749999999994,0.758,0.0,43.0,-1.75,142.0,43.0,-2.0,4.0,0,0,0,0,1414.0,57.4,65.4,1414.0,57.3,4.000000954,23.4,0.919,315,114.0,0.176,16,1,54,6,Layer 2 Up
155,3.94816875,-8.5,155,4.0,4.0,0.664,0.0207,348.00499999999994,1.4,6.469049999999999e-06,77.0,3.973,4.0,77.0,4.0,4.0,0.54,0.0161,346.93749999999994,0.41,1.547875e-06,42.4,-2.15,22.8,42.4,-2.0,4.0,0,0,0,0,1414.0,57.3,-25.1,1414.0,57.3,3.999999046,21.7,0.979,317,115.0,0.189,16,1,54,6,Layer 2 Up
155,3.9978312500000004,16.5,155,4.0,4.0,0.223,0.0176,349.0725,1.97,1.08885e-06,77.0,3.973,4.0,77.0,4.0,4.0,1.18,0.0193,346.93749999999994,0.401,0.0,41.8,-2.35,-14.8,41.8,-2.0,4.0,0,0,0,0,1424.0,57.2,-15.7,1424.0,57.3,3.999999046,25.6,1.09,322,119.0,0.21,16,1,54,6,Layer 2 Up
155,3.94816875,-8.5,155,4.0,4.0,-0.159,0.0211,349.0725,2.26,2.1243249999999998e-06,77.0,3.9978312500000004,16.5,77.0,4.0,4.0,-0.0999,0.0176,346.93749999999994,0.907,3.4373499999999995e-07,41.2,-1.8,-8.5,41.2,-2.0,4.0,0,0,0,0,1424.0,57.3,20.9,1424.0,57.3,4.0,25.8,0.959,316,117.0,0.185,16,1,54,6,Layer 2 Up
155,3.94816875,-2.25,155,4.0,4.0,0.435,0.029,348.00499999999994,0.813,-4.099199999999999e-06,77.0,3.973,4.0,77.0,4.0,4.0,-0.899,0.0198,346.93749999999994,2.58,-6.319599999999999e-07,40.6,-1.72,142.0,40.6,-2.0,4.0,0,0,0,0,1434.0,57.4,7.69,1434.0,57.3,4.0,19.3,0.837,317,118.0,0.161,16,1,54,6,Layer 2 Up
155,3.9978312500000004,16.5,155,4.0,4.0,-0.303,0.0289,349.0725,2.77,1.7506999999999998e-06,77.0,3.973,4.0,77.0,4.0,4.0,0.0598,0.0181,346.93749999999994,1.4,1.7079999999999998e-06,40.0,-1.75,123.0,40.0,-2.0,4.0,0,0,0,0,1434.0,57.3,-10.1,1434.0,57.3,4.0,25.1,1.04,322,117.0,0.2,16,1,54,6,Layer 2 Up
155,3.94816875,-8.5,155,4.0,4.0,1.19,0.0237,348.00499999999994,1.12,0.0,77.0,3.9978312500000004,16.5,77.0,4.0,4.0,0.38,0.0178,346.93749999999994,0.406,0.0,39.4,-2.2,-102.0,39.4,-2.0,4.0,0,0,0,0,1444.0,57.3,-3.5,1444.0,57.3,3.999999046,27.9,1.05,316,114.0,0.202,16,1,54,6,Layer 2 Up
155,3.94816875,-8.5,155,4.0,4.0,0.154,0.0247,348.00499999999994,2.1,4.697e-06,77.0,3.973,4.0,77.0,4.0,4.0,-0.1,0.0169,346.93749999999994,1.45,-1.3237e-07,38.8,-1.8,-39.8,38.8,-2.0,4.0,0,0,0,0,1444.0,57.5,64.2,1444.0,57.3,4.0,14.9,0.84,316,112.0,0.156,16,1,54,6,Layer 2 Up
155,3.9978312500000004,16.5,155,4.0,4.0,1.06,0.0223,349.0725,0.921,-9.084424999999999e-07,77.0,3.94816875,-8.5,77.0,4.0,4.0,0.0608,0.0215,346.93749999999994,2.22,-1.569225e-07,38.2,-1.7,-2.25,38.2,-2.0,4.0,0,0,0,0,1454.0,57.3,18.4,1454.0,57.3,4.0,21.8,0.987,322,116.0,0.191,16,1,54,6,Layer 2 Up
155,3.94816875,-2.25,155,4.0,4.0,0.748,0.022,348.00499999999994,1.11,0.0,77.0,3.973,4.0,77.0,4.0,4.0,-0.1,0.0131,346.93749999999994,1.82,-3.757599999999999e-07,37.6,-2.25,72.7,37.6,-2.0,4.0,0,0,0,0,1454.0,57.3,12.94,1464.0,57.3,4.0,21.0,0.968,316,118.0,0.187,16,1,2,6,Layer 2 Up
155,3.94816875,-8.5,155,4.0,4.0,0.55,0.0236,348.00499999999994,0.615,-2.2417499999999998e-06,77.0,3.973,4.0,77.0,4.0,4.0,0.539,0.0194,346.93749999999994,1.13,9.308599999999999e-07,37.0,-2.47,-152.0,37.0,-2.0,4.0,0,0,0,0,1464.0,57.4,40.5,1464.0,57.3,4.000000954,20.9,0.803,316,114.0,0.154,16,1,54,6,Layer 2 Up
155,3.9978312500000004,16.5,155,4.0,4.0,-0.189,0.019,348.00499999999994,1.5,-3.1491249999999997e-06,77.0,3.94816875,-2.25,77.0,4.0,4.0,0.38,0.0166,346.93749999999994,1.76,0.0,36.4,-2.57,-171.0,36.4,-2.0,4.0,0,0,0,0,1474.0,57.4,41.4,1474.0,57.3,4.000000954,22.4,0.927,322,117.0,0.177,16,1,54,6,Layer 2 Up
155,3.94816875,-8.5,155,4.0,4.0,1.08,0.024,348.00499999999994,0.13,-4.643624999999999e-06,77.0,3.973,4.0,77.0,4.0,4.0,1.34,0.0232,346.93749999999994,1.33,2.0709499999999996e-07,35.8,-1.65,97.7,35.8,-2.0,4.0,0,0,0,0,1474.0,57.4,57.1,1474.0,57.3,4.0,15.7,0.948,315,119.0,0.182,16,1,54,6,Layer 2 Up
155,3.94816875,-2.25,155,4.0,4.0,0.581,0.0231,348.00499999999994,2.18,2.3164749999999997e-06,77.0,3.9978312500000004,16.5,77.0,4.0,4.0,-0.579,0.0182,346.93749999999994,1.85,0.0,35.2,-2.1,97.7,35.2,-2.0,4.0,0,0,0,0,1484.0,57.4,33.8,1484.0,57.3,4.0,20.1,0.804,317,115.0,0.153,16,1,54,6,Layer 2 Up
155,3.9978312500000004,16.5,155,4.0,4.0,0.123,0.0209,348.00499999999994,1.39,-2.2631e-06,77.0,3.973,4.0,77.0,4.0,4.0,-0.26,0.0172,346.93749999999994,1.89,0.0,34.6,-2.07,123.0,34.6,-2.0,4.0,0,0,0,0,1484.0,57.3,-4.87,1484.0,57.3,4.0,24.0,0.941,322,120.0,0.18,16,1,54,6,Layer 2 Up
155,3.94816875,-2.25,155,4.0,4.0,0.664,0.0266,348.00499999999994,0.728,2.3912e-06,77.0,3.973,4.0,77.0,4.0,4.0,-0.579,0.0164,346.93749999999994,1.74,-1.334375e-07,34.0,-1.88,-77.2,34.0,-2.0,4.0,0,0,0,0,1494.0,57.4,73.7,1494.0,57.3,4.000000954,18.9,0.934,315,119.0,0.18,16,1,54,6,Layer 2 Up
155,3.94816875,-8.5,155,4.0,4.0,0.993,0.0222,348.00499999999994,1.33,7.931524999999999e-06,77.0,3.973,4.0,77.0,4.0,4.0,0.0605,0.0279,346.93749999999994,0.534,9.917074999999999e-07,33.4,-1.57,47.8,33.4,-2.0,4.0,0,0,0,0,1494.0,57.3,-27.7,1494.0,57.3,3.999999046,23.6,0.977,317,114.0,0.189,16,1,54,6,Layer 2 Up
155,3.9978312500000004,16.5,155,4.0,4.0,0.208,0.0203,348.00499999999994,2.87,-7.49385e-07,77.0,3.94816875,-8.5,77.0,4.0,4.0,0.22,0.0198,346.93749999999994,1.47,-4.302025e-09,32.8,-1.43,117.0,32.8,-2.0,4.0,0,0,0,0,1504.0,57.2,-26.1,1504.0,57.3,3.999999046,27.5,1.11,322,119.0,0.214,16,1,54,6,Layer 2 Up
155,-2.3639349999999997,22.8,155,-2.0,4.0,-3.15,0.0725,348.00499999999994,13.6,0.0010045174999999999,77.0,3.973,-2.25,77.0,4.0,4.0,-0.739,0.0165,346.93749999999994,2.38,3.52275e-07,32.5,4.05,-2.25,32.5,4.0,4.0,0,0,0,0,1504.0,57.3,30.1,1504.0,57.3,4.0,22.3,0.958,315,120.0,0.185,16,1,54,6,Layer 2 Up
154,-1.8871749999999998,35.3,154,-2.0,4.0,-4.48,0.0869,348.00499999999994,13.7,0.001099525,77.0,3.9978312500000004,16.5,77.0,4.0,4.0,-1.38,0.0228,345.86999999999995,2.69,0.0,32.5,4.025,16.5,32.5,4.0,4.0,0,0,0,0,1514.0,57.4,10.63,1514.0,57.3,4.0,20.8,0.842,317,115.0,0.162,16,1,2,6,Layer 2 Up
154,-1.807715,60.3,154,-2.0,4.0,-4.12,0.0887,348.00499999999994,16.6,0.0011528999999999999,77.0,3.94816875,-2.25,77.0,4.0,4.0,0.0602,0.0142,346.93749999999994,1.98,5.380199999999999e-07,32.5,3.975,-14.8,32.5,4.0,4.0,0,0,0,0,1514.0,57.3,-23.4,1514.0,57.3,4.0,24.5,1.05,321,117.0,0.202,16,1,55,6,Layer 2 Up
153,-2.0361624999999997,-27.3,153,-2.0,4.0,-4.89,0.0916,348.00499999999994,12.9,0.00125965,77.0,3.973,4.0,77.0,4.0,4.0,-0.739,0.0157,346.93749999999994,1.76,1.953525e-07,32.5,4.0,10.25,32.5,4.0,4.0,0,0,0,0,1524.0,57.3,-0.13,1524.0,57.3,3.999999046,25.5,1.06,316,118.0,0.204,16,1,55,6,Layer 2 Up
152,-1.9169725,-2.25,152,-2.0,4.0,-6.2,0.103,348.00499999999994,12.7,0.0014091,77.0,3.9978312500000004,16.5,77.0,4.0,4.0,0.22,0.0153,346.93749999999994,0.438,0.0,32.5,4.0,4.0,32.5,4.0,4.0,0,0,0,0,1524.0,57.5,57.8,1524.0,57.3,4.0,15.3,0.848,317,113.0,0.159,16,1,55,6,Layer 2 Up
152,-1.8871749999999998,4.0,152,-2.0,4.0,-5.51,0.102,348.00499999999994,14.7,0.00134505,77.0,3.973,4.0,77.0,4.0,4.0,-0.26,0.0182,346.93749999999994,2.37,6.810649999999999e-07,32.5,4.0,4.0,32.5,4.0,4.0,0,0,0,0,1534.0,57.3,15.4,1534.0,57.3,4.0,21.3,0.997,321,116.0,0.192,16,1,55,6,Layer 2 Up
151,-1.8375125,72.7,151,-2.0,4.0,-5.13,0.0846,348.00499999999994,14.7,0.001078175,77.0,3.973,-2.25,77.0,4.0,4.0,-0.579,0.0177,346.93749999999994,2.99,1.98555e-06,32.5,4.0,-2.25,32.5,4.0,4.0,0,0,0,0,1544.0,57.3,-5.87,1544.0,57.3,4.0,23.8,0.892,322,119.0,0.172,16,1,55,6,Layer 2 Up
151,-2.18515,-64.7,151,-2.0,4.0,-4.35,0.0971,348.00499999999994,13.3,0.0012489749999999998,77.0,3.973,4.0,77.0,4.0,4.0,1.34,0.0242,346.93749999999994,1.43,4.1205499999999997e-07,32.5,4.05,22.8,32.5,4.0,4.0,0,0,0,0,1544.0,57.4,44.2,1544.0,57.3,4.000000954,21.4,0.813,317,114.0,0.156,16,1,55,6,Layer 2 Up
150,-1.6388624999999999,66.5,150,-2.0,4.237,-7.88,0.171,348.00499999999994,16.7,0.002359175,77.0,4.0226625,-14.8,77.0,4.203,11.56,1.34,0.026,346.93749999999994,3.74,-2.6367249999999997e-06,32.5,3.975,-14.8,32.5,4.0,4.0,0,0,0,0,1554.0,57.4,46.5,1554.0,57.3,4.000000954,21.9,0.919,322,118.0,0.176,16,1,55,6,Layer 2 Up
150,-1.9169725,16.5,149,-1.93,5.15,-5.86,0.0959,348.00499999999994,12.7,0.0012489749999999998,77.1,4.817262499999999,22.8,77.1,4.925,11.47,5.5,0.0696,345.86999999999995,3.1,0.00013023499999999998,32.5,4.025,16.5,32.5,4.0,4.0,0,0,0,0,1554.0,57.4,58.6,1554.0,57.3,4.0,16.5,0.963,316,118.0,0.184,16,1,57,6,Layer 2 Up
149,-1.9368375,-46.0,149,-1.77,6.08,-4.18,0.0961,348.00499999999994,13.2,0.00125965,77.2,5.542335,35.3,77.2,5.66,11.27,3.99,0.0703,346.93749999999994,5.92,0.00024445749999999996,32.5,4.0,4.0,32.5,4.0,4.0,0,0,0,0,1564.0,57.4,38.9,1564.0,57.3,4.0,20.8,0.824,317,115.0,0.158,16,1,57,6,Layer 2 Up
148,-1.370685,29.0,148,-1.5,7.01,-6.26,0.112,348.00499999999994,14.4,0.0013343749999999998,77.4,6.178014999999999,4.0,77.4,6.4,10.94,8.54,0.109,346.93749999999994,6.32,0.0005412224999999999,32.5,3.975,-8.5,32.5,4.0,4.0,0,0,0,0,1564.0,57.3,-6.3,1564.0,57.3,4.0,25.1,0.959,321,120.0,0.184,16,1,57,6,Layer 2 Up
148,-1.0627775,16.5,148,-1.17,7.82,-5.37,0.0958,348.00499999999994,12.2,0.00101626,77.6,7.1216025,-2.25,77.7,7.05,10.52,3.68,0.0853,346.93749999999994,10.1,0.0006084749999999999,32.5,4.025,10.25,32.5,4.0,4.0,0,0,0,0,1574.0,57.4,69.9,1574.0,57.3,4.000000954,19.0,0.948,316,119.0,0.182,16,1,2,6,Layer 2 Up
147,-0.6754100000000001,16.5,147,-0.74,8.61,-5.03,0.077,348.00499999999994,11.3,0.0007995575,78.0,7.66789,-21.0,78.0,7.67,9.99,7.21,0.0894,345.86999999999995,6.86,0.0006896049999999999,32.5,4.0,4.0,32.5,4.0,4.0,0,0,0,0,1574.0,57.3,-29.8,1574.0,57.3,3.999999046,25.1,1.0,318,113.0,0.194,16,1,57,6,Layer 2 Up
147,-0.3476375,4.0,147,-0.22,9.36,-4.47,0.0854,348.00499999999994,12.0,0.0007888824999999999,78.4,8.4128275,10.25,78.4,8.26,9.34,3.15,0.0589,346.93749999999994,9.38,0.0005550999999999999,32.5,3.975,-8.5,32.5,4.0,4.0,0,0,0,0,1584.0,57.2,-25.4,1584.0,57.3,3.999999046,27.2,1.1,321,118.0,0.211,16,1,57,6,Layer 2 Up
146,0.3476375,-14.8,146,0.32,9.96,-6.41,0.108,348.00499999999994,11.2,0.0008881599999999998,78.8,8.66114,10.25,78.9,8.74,8.65,5.94,0.104,345.86999999999995,12.4,0.0011101999999999998,32.5,4.05,22.8,32.5,4.0,4.0,0,0,0,0,1584.0,57.3,20.6,1584.0,57.3,4.0,22.2,0.983,317,120.0,0.19,16,1,57,6,Layer 2 Up
146,0.695275,-21.0,146,0.95,10.5,-3.85,0.078,348.00499999999994,8.72,0.0005615049999999999,79.3,9.137899999999998,66.5,79.3,9.16,7.86,6.08,0.119,345.86999999999995,12.9,0.0014091,32.5,4.0,4.0,32.5,4.0,4.0,0,0,0,0,1594.0,57.4,5.94,1594.0,57.3,4.0,21.6,0.857,318,115.0,0.165,16,1,57,6,Layer 2 Up
146,1.5395375,-2.25,146,1.65,10.95,-5.99,0.099,348.00499999999994,9.69,0.000544425,79.9,9.73385,-8.5,79.9,9.52,6.98,3.63,0.0913,346.93749999999994,14.9,0.001163575,32.5,4.0,4.0,32.5,4.0,4.0,0,0,0,0,1594.0,57.3,-19.1,1594.0,57.3,4.0,24.2,1.05,320,117.0,0.202,16,1,57,6,Layer 2 Up
146,2.2149475,-33.5,146,2.33,11.26,-5.26,0.103,348.00499999999994,7.24,0.00044728249999999997,80.4,9.4855375,22.8,80.4,9.76,6.12,9.04,0.155,345.86999999999995,15.4,0.0019214999999999998,32.5,4.0,4.0,32.5,4.0,4.0,0,0,0,0,1604.0,57.3,2.69,1604.0,57.3,3.999999046,25.2,1.06,317,117.0,0.204,16,1,57,6,Layer 2 Up
146,2.8307625,-52.3,146,3.067,11.46,-2.87,0.0664,348.00499999999994,4.1,0.00016653,81.0,9.634524999999998,16.5,81.0,9.93,5.19,6.35,0.107,345.86999999999995,14.3,0.0013237,32.5,4.025,16.5,32.5,4.0,4.0,0,0,0,0,1604.0,57.5,59.3,1604.0,57.3,4.0,15.4,0.854,318,112.0,0.16,16,1,57,6,Layer 2 Up
145,3.873675,85.2,145,3.85,11.56,-3.01,0.0799,348.00499999999994,9.23,0.0,81.6,9.73385,16.5,81.7,10.0,4.208,5.48,0.1,346.93749999999994,14.6,0.0012916749999999997,32.5,4.0,4.0,32.5,4.0,4.0,0,0,0,0,1614.0,57.3,19.4,1614.0,57.3,4.0,21.6,1.01,320,116.0,0.195,16,1,57,6,Layer 2 Up
146,10.746965,516.0,146,10.0,4.0,1.95,0.0525,348.00499999999994,13.2,0.00043340499999999993,81.9,3.79918125,-33.5,81.9,4.0,4.0,0.617,0.0178,346.93749999999994,1.32,-2.8288749999999997e-06,32.5,4.025,16.5,32.5,4.0,4.0,0,0,0,0,1614.0,57.3,9.06,1624.0,57.3,4.0,20.7,0.989,318,119.0,0.191,16,1,57,6,Layer 2 Up
146,9.9325,41.5,146,10.0,4.0,5.58,0.102,348.00499999999994,12.1,0.0013664,81.9,3.9233375,-27.3,81.9,4.0,4.0,-0.555,0.024,346.93749999999994,0.763,3.821649999999999e-06,32.5,4.025,16.5,32.5,4.0,4.0,0,0,0,0,1624.0,57.4,40.3,1624.0,57.3,4.000000954,21.3,0.836,318,115.0,0.161,16,1,2,6,Layer 2 Up
147,9.962297499999998,22.8,147,10.0,4.0,5.76,0.0978,348.00499999999994,14.0,0.0013664,81.9,3.9978312500000004,16.5,81.9,4.0,4.0,-0.522,0.0195,346.93749999999994,1.16,-8.059624999999999e-07,32.5,4.0,-2.25,32.5,4.0,4.0,0,0,0,0,1634.0,57.4,48.2,1634.0,57.3,4.000000954,22.4,0.927,321,118.0,0.179,16,1,59,6,Layer 2 Up
147,9.962297499999998,4.0,147,10.0,4.0,-1.13,0.0925,348.00499999999994,21.5,0.0011955999999999998,81.9,3.9233375,-21.0,81.9,4.0,4.0,-0.457,0.0192,346.93749999999994,1.24,-2.15635e-06,32.5,4.0,10.25,32.5,4.0,4.0,0,0,0,0,1634.0,57.4,61.5,1634.0,57.3,4.0,16.0,0.96,318,118.0,0.183,16,1,59,6,Layer 2 Up
148,10.1808125,66.5,148,10.0,4.0,3.67,0.0843,348.00499999999994,12.8,0.0011315499999999998,81.9,3.9233375,-21.0,81.9,4.0,4.0,-0.457,0.016,346.93749999999994,1.41,1.441125e-06,32.5,4.025,16.5,32.5,4.0,4.0,0,0,0,0,1644.0,57.4,34.6,1644.0,57.3,4.0,21.0,0.837,319,115.0,0.161,16,1,59,6,Layer 2 Up
148,4.9414187499999995,-33.5,148,5.09,12.92,3.35,0.0552,348.00499999999994,8.2,8.038274999999999e-05,81.7,-2.7016400000000003,-196.0,81.7,-1.9,5.62,-3.27,0.103,345.86999999999995,13.8,0.0015158499999999998,32.5,4.0,4.0,32.5,4.0,4.0,0,0,0,0,1644.0,57.3,-2.5,1644.0,57.3,4.0,24.8,0.959,321,121.0,0.185,16,1,59,6,Layer 2 Up
149,5.7906474999999995,47.8,149,5.93,12.6,5.82,0.115,348.00499999999994,8.31,0.0004494174999999999,81.2,-1.6686599999999998,-8.5,81.1,-1.68,6.9,-8.95,0.154,345.86999999999995,14.5,0.0019428499999999999,32.5,4.025,16.5,32.5,4.0,4.0,0,0,0,0,1654.0,57.4,65.4,1654.0,57.3,4.000000954,18.6,0.957,318,120.0,0.184,16,1,59,6,Layer 2 Up
149,6.754099999999999,47.8,149,6.77,12.06,5.55,0.106,346.93749999999994,10.1,0.0006735924999999999,80.6,-1.211765,-46.0,80.6,-1.32,8.16,-7.5,0.13,345.86999999999995,13.8,0.0015158499999999998,32.5,4.025,16.5,32.5,4.0,4.0,0,0,0,0,1654.0,57.3,-36.8,1654.0,57.3,3.999999046,25.0,1.02,319,114.0,0.196,16,1,59,6,Layer 2 Up
149,7.548699999999999,47.8,149,7.57,11.31,5.89,0.102,348.00499999999994,11.0,0.0008048949999999999,80.1,-1.211765,-71.0,80.1,-0.82,9.37,-1.64,0.0931,345.86999999999995,14.0,0.0010386775,32.5,3.975,-2.25,32.5,4.0,4.0,0,0,0,0,1664.0,57.2,-15.8,1664.0,57.3,3.999999046,27.6,1.07,320,118.0,0.208,16,1,59,6,Layer 2 Up
149,8.0155275,-27.3,149,8.23,10.46,4.28,0.0748,348.00499999999994,11.2,0.0006810649999999999,79.7,-0.297975,10.25,79.6,-0.26,10.37,-7.41,0.137,345.86999999999995,13.7,0.0013130249999999998,32.5,4.025,16.5,32.5,4.0,4.0,0,0,0,0,1664.0,57.3,30.5,1664.0,57.3,4.0,22.6,0.961,318,119.0,0.185,16,1,59,6,Layer 2 Up
150,8.66114,41.5,150,8.82,9.42,6.75,0.111,346.93749999999994,12.7,0.0012383,79.3,0.2483125,54.0,79.2,0.43,11.27,-4.46,0.0741,345.86999999999995,9.62,0.0006095425,32.5,4.025,10.25,32.5,4.0,4.0,0,0,0,0,1674.0,57.4,5.56,1674.0,57.3,4.0,20.9,0.861,320,115.0,0.166,16,1,59,6,Layer 2 Up
150,9.157765,10.25,150,9.32,8.22,7.49,0.11,348.00499999999994,12.1,0.0013130249999999998,78.9,1.3408875,22.8,78.9,1.23,12.03,-5.02,0.099,345.86999999999995,11.6,0.0005550999999999999,32.5,3.975,-14.8,32.5,4.0,4.0,0,0,0,0,1674.0,57.3,-15.6,1674.0,57.3,4.0,24.8,1.05,320,117.0,0.203,16,1,2,6,Layer 2 Up
151,9.4855375,29.0,151,9.67,7.01,5.08,0.0997,348.00499999999994,13.9,0.0012383,78.7,1.8375125,-27.3,78.7,2.02,12.56,-6.99,0.129,345.86999999999995,10.0,0.0005775175,32.5,4.025,10.25,32.5,4.0,4.0,0,0,0,0,1684.0,57.3,-0.5,1684.0,57.3,3.999999046,25.2,1.06,319,117.0,0.204,16,1,59,6,Layer 2 Up
152,9.8629725,-14.8,152,9.9,5.69,4.14,0.0719,348.00499999999994,13.2,0.0009628849999999999,78.5,2.7811,-14.8,78.5,2.9,12.91,-1.8,0.041,345.86999999999995,3.69,0.0001120875,32.5,4.025,16.5,32.5,4.0,4.0,0,0,0,0,1684.0,57.5,52.1,1684.0,57.3,4.0,14.9,0.853,319,112.0,0.16,16,1,59,6,Layer 2 Up
152,9.8629725,-58.5,152,10.0,4.273,4.12,0.067,348.00499999999994,14.0,0.0008209075,78.5,3.79918125,41.5,78.5,3.837,13.07,-5.46,0.0846,346.93749999999994,6.9,4.3340499999999996e-05,32.5,4.0,4.0,32.5,4.0,4.0,0,0,0,0,1694.0,57.3,21.6,1694.0,57.3,4.0,19.0,1.01,320,118.0,0.195,16,1,59,6,Layer 2 Up
153,10.0814875,54.0,153,10.0,4.0,3.57,0.0817,346.93749999999994,13.3,0.001078175,78.5,3.84884375,-58.5,78.5,4.0,4.0,-3.21,0.0671,345.86999999999995,3.33,2.2204e-05,32.5,4.0,4.0,32.5,4.0,4.0,0,0,0,0,1694.0,57.3,6.06,1704.0,57.3,4.0,20.5,0.993,320,119.0,0.191,16,1,59,6,Layer 2 Up
153,9.833175,-8.5,153,10.0,4.0,5.3,0.0967,348.00499999999994,14.0,0.0012916749999999997,78.5,3.873675,-52.3,78.5,4.0,4.0,-2.6,0.0678,345.86999999999995,3.72,2.135e-05,32.5,4.025,10.25,32.5,4.0,4.0,0,0,0,0,1704.0,57.4,39.9,1704.0,57.3,4.000000954,19.6,0.828,320,116.0,0.159,16,1,61,6,Layer 2 Up
154,9.783512499999999,-2.25,154,10.0,4.0,5.49,0.106,348.00499999999994,15.6,0.0013877499999999999,78.5,4.072324999999999,54.0,78.5,4.0,4.0,-4.66,0.0636,346.93749999999994,5.03,-3.0316999999999995e-05,32.5,3.975,-2.25,32.5,4.0,4.0,0,0,0,0,1714.0,57.4,44.0,1714.0,57.3,4.000000954,22.6,0.932,320,118.0,0.179,16,1,61,6,Layer 2 Up
155,10.111284999999999,66.5,155,10.0,4.0,4.64,0.0854,348.00499999999994,13.6,0.00117425,78.5,3.873675,-46.0,78.5,4.0,4.0,-2.88,0.0643,346.93749999999994,3.65,2.1136499999999997e-05,32.5,4.025,16.5,32.5,4.0,4.0,0,0,0,0,1724.0,57.4,31.2,1724.0,57.3,4.0,19.6,0.842,320,116.0,0.16,16,1,61,6,Layer 2 Up
156,10.0616225,35.3,156,10.0,4.0,4.33,0.0804,348.00499999999994,14.2,0.00108885,78.5,4.09715625,66.5,78.5,4.0,4.0,-4.02,0.0618,346.93749999999994,6.06,-2.0389249999999998e-05,32.5,3.975,-14.8,32.5,4.0,4.0,0,0,0,0,1724.0,57.3,-5.94,1724.0,57.3,4.0,25.3,0.979,320,120.0,0.189,16,1,2,6,Layer 2 Up
156,10.031825,-21.0,156,10.0,4.0,3.21,0.0693,348.00499999999994,14.8,0.0008988349999999998,78.5,4.072324999999999,54.0,78.5,4.0,4.0,-4.33,0.0575,346.93749999999994,5.54,-3.7469249999999994e-05,32.5,3.975,-2.25,32.5,4.0,4.0,0,0,0,0,1734.0,57.3,-35.5,1734.0,57.3,4.0,23.2,0.924,321,115.0,0.177,16,1,61,6,Layer 2 Up
157,9.982162500000001,10.25,157,10.0,4.0,5.3,0.0917,348.00499999999994,13.0,0.0012276249999999998,78.5,3.84884375,-58.5,78.5,4.0,4.0,-2.89,0.0624,345.86999999999995,3.35,-2.0068999999999997e-05,32.5,4.0,4.0,32.5,4.0,4.0,0,0,0,0,1734.0,57.3,1.06,1734.0,57.3,4.000000954,17.5,0.791,322,121.0,0.151,16,1,61,6,Layer 2 Up
157,10.111284999999999,47.8,157,10.0,4.0,4.52,0.0814,348.00499999999994,12.8,0.0011101999999999998,78.5,3.8240125,-71.0,78.5,4.0,4.0,-3.07,0.0593,346.93749999999994,2.93,0.0,32.5,4.0,4.0,32.5,4.0,4.0,0,0,0,0,1744.0,57.2,-63.2,1744.0,57.3,3.999999046,24.1,1.1,322,119.0,0.211,16,1,61,6,Layer 2 Up
158,10.0814875,66.5,158,10.0,4.0,5.94,0.0916,348.00499999999994,10.2,0.0012489749999999998,78.5,3.8240125,-64.7,78.5,4.0,4.0,-3.05,0.0586,346.93749999999994,3.37,-9.58615e-06,32.5,4.0,4.0,32.5,4.0,4.0,0,0,0,0,1744.0,57.5,64.0,1744.0,57.3,4.0,18.0,0.838,322,118.0,0.158,16,1,61,6,Layer 2 Up
159,9.882837499999999,16.5,159,10.0,4.0,6.83,0.115,348.00499999999994,14.1,0.0016332749999999998,78.5,4.1219875,79.0,78.5,4.0,4.0,-4.51,0.069,346.93749999999994,5.32,0.0,32.5,4.0,4.0,32.5,4.0,4.0,0,0,0,0,1754.0,57.3,-5.06,1754.0,57.3,4.0,18.4,0.902,320,119.0,0.174,16,1,61,6,Layer 2 Up
159,10.0616225,72.7,159,10.0,4.0,5.06,0.0973,348.00499999999994,12.6,0.001355725,78.5,3.8240125,-71.0,78.5,4.0,4.0,-3.2,0.0598,346.93749999999994,3.34,2.9783249999999996e-05,32.5,4.025,16.5,32.5,4.0,4.0,0,0,0,0,1754.0,57.5,57.8,1754.0,57.3,4.0,13.1,0.849,322,119.0,0.161,16,1,61,6,Layer 2 Up
160,10.0616225,97.7,160,9.96,2.94,4.4,0.0965,348.00499999999994,13.9,0.00134505,78.5,4.7179375,41.5,78.5,4.716,13.01,4.05,0.0761,346.93749999999994,5.51,0.00013023499999999998,32.5,4.025,16.5,32.5,4.0,4.0,0,0,0,0,1764.0,57.4,0.5,1764.0,57.3,4.0,19.1,0.774,322,118.0,0.148,16,1,61,6,Layer 2 Up
160,9.465672499999998,-109.0,160,9.79,1.65,5.51,0.0843,348.00499999999994,13.6,0.0010215975,78.6,5.44301,-2.25,78.6,5.57,12.76,5.37,0.0851,346.93749999999994,7.94,0.00030317,32.5,4.0,4.0,32.5,4.0,4.0,0,0,0,0,1764.0,57.3,-4.87,1764.0,57.3,4.000000954,22.9,0.85,321,123.0,0.162,16,1,61,6,Layer 2 Up
161,9.316685,-14.8,161,9.5,0.41,6.9,0.0965,348.00499999999994,11.8,0.001163575,78.8,6.3568,29.0,78.8,6.39,12.33,4.65,0.0863,346.93749999999994,9.07,0.0004697,32.5,4.0,4.0,32.5,4.0,4.0,0,0,0,0,1774.0,57.3,5.94,1774.0,57.3,4.0,18.2,1.04,323,120.0,0.198,16,1,61,6,Layer 2 Up
161,9.038575,41.5,161,9.08,-0.8,5.75,0.101,348.00499999999994,11.9,0.001120875,79.0,6.9030875,29.0,79.1,7.19,11.69,3.5,0.062,346.93749999999994,8.38,0.0003704224999999999,32.5,4.0,4.0,32.5,4.0,4.0,0,0,0,0,1774.0,57.3,-19.9,1774.0,57.3,4.0,28.9,0.964,322,118.0,0.185,16,1,61,6,Layer 2 Up
162,8.5916125,4.0,162,8.54,-1.91,3.6,0.0858,348.00499999999994,13.7,0.0008657424999999999,79.4,7.82681,72.7,79.4,7.92,10.88,5.31,0.0997,345.86999999999995,11.0,0.0008721474999999999,32.5,4.0,4.0,32.5,4.0,4.0,0,0,0,0,1784.0,57.4,18.3,1784.0,57.3,4.0,16.4,0.814,323,120.0,0.157,16,1,61,6,Layer 2 Up
162,7.797012499999999,-2.25,162,7.9,-2.88,5.34,0.0864,348.00499999999994,10.5,0.0006799975,79.8,8.790262499999999,72.7,79.9,8.56,9.91,5.41,0.134,345.86999999999995,14.4,0.0014838249999999998,32.5,4.0,4.0,32.5,4.0,4.0,0,0,0,0,1784.0,57.3,23.0,1794.0,57.3,4.000000954,21.1,0.94,323,120.0,0.181,16,1,61,6,Layer 2 Up
163,7.1514,-2.25,163,7.11,-3.75,3.29,0.0603,348.00499999999994,7.91,0.00035440999999999994,80.3,8.839925000000001,29.0,80.4,9.13,8.72,6.06,0.0988,345.86999999999995,12.6,0.001099525,32.5,4.025,16.5,32.5,4.0,4.0,0,0,0,0,1794.0,57.4,11.0,1794.0,57.3,4.0,18.1,0.77,322,118.0,0.148,16,1,61,6,Layer 2 Up
163,6.456125,66.5,163,6.36,-4.33,4.37,0.0963,348.00499999999994,9.81,0.0005284125,80.8,9.316685,-39.8,80.9,9.51,7.6,6.12,0.0881,346.93749999999994,12.4,0.001048285,32.5,4.0,4.0,32.5,4.0,4.0,0,0,0,0,1804.0,57.5,65.3,1804.0,57.3,4.0,12.7,0.763,323,118.0,0.144,16,1,61,6,Layer 2 Up
163,5.6913225,72.7,163,5.51,-4.77,4.57,0.0878,348.00499999999994,7.26,0.0003149125,81.4,9.982162500000001,54.0,81.4,9.81,6.3,4.63,0.102,345.86999999999995,14.4,0.0013770749999999997,32.5,4.0,4.0,32.5,4.0,4.0,0,0,0,0,1804.0,57.2,-20.4,1804.0,57.3,4.0,24.0,1.05,322,120.0,0.201,16,1,2,6,Layer 2 Up
163,4.79243125,54.0,163,4.615,-5.02,5.76,0.0913,348.00499999999994,5.27,0.0001078175,82.0,9.8629725,22.8,82.0,9.97,4.957,8.25,0.136,346.93749999999994,15.2,0.0018894749999999998,32.5,4.0,4.0,32.5,4.0,4.0,0,0,0,0,1814.0,57.3,-9.6,1814.0,57.3,4.0,23.3,0.952,322,118.0,0.184,16,1,61,6,Layer 2 Up
163,4.1219875,79.0,163,4.0,4.0,2.22,0.054,348.00499999999994,3.26,-2.6473999999999998e-05,82.4,5.4628749999999995,410.0,82.5,10.0,129.0,12.1,0.203,346.93749999999994,14.1,0.001718675,32.5,4.0,4.0,32.5,4.0,4.0,0,0,0,0,1814.0,57.4,3.375,1814.0,57.3,4.000000954,17.4,0.779,323,121.0,0.149,16,1,61,6,Layer 2 Up
163,4.17165,97.7,163,4.0,4.0,1.15,0.0395,348.00499999999994,3.51,6.084749999999999e-06,83.0,9.73385,-58.5,83.1,10.0,4.0,6.52,0.116,345.86999999999995,14.7,0.001526525,32.5,4.0,4.0,32.5,4.0,4.0,0,0,0,0,1824.0,57.2,-61.9,1824.0,57.3,3.999999046,24.8,1.09,322,118.0,0.208,16,1,63,6,Layer 2 Up
163,4.1468187499999996,97.7,163,4.0,4.0,2.28,0.043,348.00499999999994,1.86,6.372974999999999e-06,83.6,9.982162500000001,-46.0,83.7,10.0,4.0,7.92,0.1,345.86999999999995,11.7,0.00134505,32.5,4.0,4.0,32.5,4.0,4.0,0,0,0,0,1824.0,57.4,56.7,1824.0,57.3,4.0,18.3,0.853,323,119.0,0.16,16,1,63,6,Layer 2 Up
163,4.1219875,85.2,163,4.0,4.0,0.946,0.0476,348.00499999999994,4.1,0.0,84.2,10.3595975,29.0,84.3,10.0,4.0,5.57,0.0992,346.93749999999994,11.2,0.001355725,32.5,4.0,4.0,32.5,4.0,4.0,0,0,0,0,1834.0,57.4,13.19,1834.0,57.3,4.0,17.9,0.804,323,122.0,0.154,16,1,63,6,Layer 2 Up
163,4.1468187499999996,91.5,163,4.0,4.0,1.44,0.0425,348.00499999999994,3.22,-1.8361e-05,84.8,10.25034,72.7,84.9,10.0,4.0,5.62,0.131,345.86999999999995,14.7,0.0018360999999999998,32.5,4.0,4.0,32.5,4.0,4.0,0,0,0,0,1834.0,57.3,-0.38,1834.0,57.3,4.0,21.5,1.01,323,119.0,0.194,16,1,63,6,Layer 2 Up
163,4.19648125,110.0,163,4.0,4.0,0.656,0.0427,348.00499999999994,3.85,-4.697e-06,85.4,9.982162500000001,66.5,85.5,10.0,4.0,8.34,0.157,346.93749999999994,16.5,0.0021777,32.5,4.0,4.0,32.5,4.0,4.0,0,0,0,0,1844.0,57.4,21.3,1844.0,57.3,4.000000954,22.5,0.875,323,119.0,0.168,16,1,63,6,Layer 2 Up
163,4.1219875,79.0,163,4.0,4.0,0.307,0.0387,348.00499999999994,4.7,-1.1422249999999997e-05,86.0,9.833175,47.8,86.1,10.0,4.0,8.65,0.147,346.93749999999994,15.3,0.0020282499999999997,32.5,4.0,4.0,32.5,4.0,4.0,0,0,0,0,1844.0,57.3,-34.4,1844.0,57.3,3.999999046,22.7,0.963,323,113.0,0.186,16,1,63,6,Layer 2 Up
163,3.79918125,-77.2,163,4.0,4.0,3.38,0.057,348.00499999999994,4.92,1.81475e-05,86.7,9.8629725,10.25,86.7,10.0,4.0,7.74,0.138,345.86999999999995,16.8,0.0019108249999999997,32.5,4.0,4.0,32.5,4.0,4.0,0,0,0,0,1854.0,57.3,9.88,1854.0,57.3,3.999999046,17.4,1.02,318,121.0,0.197,16,1,63,6,Layer 2 Up
163,4.1219875,72.7,163,4.0,4.0,-0.0124,0.0522,348.00499999999994,4.39,-1.7720499999999997e-05,87.2,9.753715,10.25,87.3,10.0,4.0,6.31,0.104,346.93749999999994,14.2,0.0013770749999999997,32.5,4.0,4.0,32.5,4.0,4.0,0,0,0,0,1854.0,57.3,-23.4,1854.0,57.3,4.0,25.9,0.964,322,120.0,0.185,16,1,2,6,Layer 2 Up
163,3.7743499999999996,-89.7,163,4.0,4.0,4.54,0.0571,348.00499999999994,3.28,0.0,87.9,9.783512499999999,10.25,87.9,10.0,4.0,5.78,0.0979,346.93749999999994,14.3,0.0013023499999999999,32.5,4.0,4.0,32.5,4.0,4.0,0,0,0,0,1864.0,57.2,-37.6,1864.0,57.3,4.0,25.1,0.917,320,123.0,0.175,16,1,63,6,Layer 2 Up
163,3.8240125,-71.0,163,4.0,4.0,2.25,0.0573,348.00499999999994,5.65,1.7827249999999998e-05,88.5,9.6841875,-58.5,88.5,10.0,4.0,5.89,0.0821,346.93749999999994,13.3,0.0010472175,32.5,4.0,4.0,32.5,4.0,4.0,0,0,0,0,1864.0,57.3,7.94,1874.0,57.3,4.0,18.4,0.99,318,121.0,0.192,16,1,63,6,Layer 2 Up
163,4.1219875,72.7,163,4.0,4.0,0.831,0.0413,348.00499999999994,3.49,-1.932175e-05,89.0,10.131149999999998,4.0,89.1,10.0,4.0,3.12,0.053,346.93749999999994,11.6,0.0006970775,32.5,4.0,4.0,32.5,4.0,4.0,0,0,0,0,1874.0,57.3,-20.3,1874.0,57.3,3.999999046,21.0,0.981,322,116.0,0.189,16,1,63,6,Layer 2 Up
163,4.072324999999999,60.3,163,3.9017,-5.07,2.75,0.0414,348.00499999999994,1.73,-5.1667e-06,89.6,9.237225,554.0,89.6,10.0,3.879,26.8,0.336,345.86999999999995,22.8,0.0043874249999999995,32.5,4.0,4.0,32.5,4.0,4.0,0,0,0,0,1884.0,57.5,61.4,1884.0,57.3,4.0,12.2,0.759,323,119.0,0.143,16,1,63,6,Layer 2 Up
163,3.2528937499999997,104.0,163,2.96,-4.94,-5.21,0.0795,348.00499999999994,6.18,0.00019962249999999997,90.2,9.833175,-58.5,90.2,9.91,2.46,4.21,0.0796,346.93749999999994,14.2,0.0010344075,32.5,4.0,4.0,32.5,4.0,4.0,0,0,0,0,1884.0,57.4,58.5,1884.0,57.3,4.0,14.5,0.89,317,119.0,0.17,16,1,63,6,Layer 2 Up
163,2.1354875,-39.8,163,2.12,-4.62,-4.05,0.0876,348.00499999999994,9.35,0.0003170475,90.8,9.8629725,47.8,90.8,9.7,1.18,6.93,0.128,345.86999999999995,13.9,0.001718675,32.5,4.0,4.0,32.5,4.0,4.0,0,0,0,0,1894.0,57.3,-2.31,1894.0,57.3,4.0,23.1,0.944,322,118.0,0.182,16,1,63,6,Layer 2 Up
163,1.211765,10.25,163,1.25,-4.08,-4.69,0.087,348.00499999999994,9.05,0.0005775175,91.3,9.157765,-14.8,91.4,9.33,-0.13,6.78,0.122,346.93749999999994,15.2,0.0014624749999999998,32.5,4.0,4.0,32.5,4.0,4.0,0,0,0,0,1894.0,57.3,-17.1,1894.0,57.3,4.0,21.4,0.919,319,121.0,0.177,16,1,63,6,Layer 2 Up
163,0.3973,-39.8,162,0.48,-3.36,-5.56,0.0975,348.00499999999994,9.92,0.0007984899999999999,91.8,9.0087775,-64.7,91.9,8.86,-1.3,1.56,0.0404,346.93749999999994,9.69,0.00038750249999999997,32.5,4.0,4.0,32.5,4.0,4.0,0,0,0,0,1904.0,57.4,60.4,1904.0,57.3,4.000000954,19.8,0.903,317,119.0,0.174,16,1,63,6,Layer 2 Up
162,-0.099325,-33.5,162,-0.24,-2.44,-6.72,0.116,348.00499999999994,11.8,0.0010525549999999997,92.3,8.5916125,91.5,92.4,8.25,-2.39,7.0,0.14,345.86999999999995,12.4,0.0015478749999999998,32.5,4.0,4.0,32.5,4.0,4.0,0,0,0,0,1904.0,57.4,12.5,1904.0,57.3,4.000000954,19.2,0.73,323,118.0,0.14,16,1,63,6,Layer 2 Up
162,-0.695275,-2.25,162,-0.81,-1.45,-6.28,0.11,348.00499999999994,10.7,0.001184925,92.7,7.35005,-8.5,92.7,7.59,-3.25,6.29,0.108,345.86999999999995,11.8,0.000868945,32.5,4.0,4.0,32.5,4.0,4.0,0,0,0,0,1914.0,57.3,-3.31,1914.0,57.3,4.0,17.4,0.901,318,119.0,0.173,16,1,63,6,Layer 2 Up
161,-1.1919,16.5,161,-1.28,-0.34,-4.01,0.0732,348.00499999999994,13.4,0.0008102325,93.0,6.7044375,-2.25,93.0,6.86,-3.97,8.06,0.121,345.86999999999995,9.66,0.0007728699999999999,32.5,4.0,4.0,32.5,4.0,4.0,0,0,0,0,1914.0,57.3,-2.75,1914.0,57.3,4.0,21.6,1.01,322,120.0,0.195,16,1,2,6,Layer 2 Up
161,-1.5892,-14.8,161,-1.65,0.91,-6.03,0.106,348.00499999999994,14.3,0.0012916749999999997,93.3,6.178014999999999,-14.8,93.3,6.03,-4.53,3.9,0.0682,345.86999999999995,7.43,0.0003085074999999999,32.5,3.975,-8.5,32.5,4.0,4.0,0,0,0,0,1924.0,57.3,15.9,1924.0,57.3,4.000000954,22.3,0.886,322,119.0,0.17,16,1,63,6,Layer 2 Up
160,-2.0361624999999997,-8.5,160,-1.89,2.23,-4.99,0.0893,348.00499999999994,12.8,0.00117425,93.4,5.36355,91.5,93.4,5.15,-4.9,1.81,0.0613,346.93749999999994,7.69,0.00016866499999999997,32.5,4.0,4.0,32.5,4.0,4.0,0,0,0,0,1924.0,57.3,-39.3,1924.0,57.3,3.999999046,18.0,0.95,322,118.0,0.183,16,1,63,6,Layer 2 Up
159,-2.0560275,-2.25,159,-2.0,3.644,-5.41,0.0932,348.00499999999994,13.1,0.0012489749999999998,93.5,4.24614375,-33.5,93.5,4.218,-5.07,7.06,0.112,346.93749999999994,6.4,5.7538249999999994e-05,32.5,4.0,4.0,32.5,4.0,4.0,0,0,0,0,1934.0,57.3,13.44,1934.0,57.3,3.999999046,18.5,1.02,316,120.0,0.197,16,1,63,6,Layer 2 Up
159,-2.0361624999999997,-14.8,159,-2.0,4.0,-4.51,0.0836,348.00499999999994,14.3,0.001099525,93.5,4.04749375,41.5,93.5,4.0,4.0,4.58,0.0815,346.93749999999994,5.61,-1.3877499999999997e-05,32.5,3.975,-8.5,32.5,4.0,4.0,0,0,0,0,1934.0,57.3,-21.6,1934.0,57.3,4.0,26.3,0.972,322,120.0,0.185,16,1,63,6,Layer 2 Up
158,-2.165285,-71.0,158,-2.0,4.0,-4.51,0.0913,348.00499999999994,13.5,0.00125965,93.5,4.072324999999999,54.0,93.5,4.0,4.0,4.0,0.0795,346.93749999999994,6.1,-1.313025e-05,32.5,4.0,4.0,32.5,4.0,4.0,0,0,0,0,1944.0,57.4,15.3,1944.0,57.3,4.0,16.6,0.808,323,120.0,0.156,16,1,65,6,Layer 2 Up
158,-1.9169725,-27.3,158,-2.0,4.0,-5.26,0.1,348.00499999999994,14.8,0.0013343749999999998,93.5,4.072324999999999,54.0,93.5,4.0,4.0,3.73,0.0799,346.93749999999994,6.04,-2.6900999999999995e-05,32.5,4.0,4.0,32.5,4.0,4.0,0,0,0,0,1944.0,57.3,14.9,1954.0,57.3,4.000000954,21.9,0.934,323,120.0,0.18,16,1,65,6,Layer 2 Up
157,-1.78785,47.8,157,-2.0,4.0,-6.01,0.116,346.93749999999994,14.4,0.0014944999999999997,93.5,3.873675,-39.8,93.5,4.0,4.0,5.38,0.0949,345.86999999999995,6.11,8.080974999999999e-05,32.5,4.0,4.0,32.5,4.0,4.0,0,0,0,0,1954.0,57.3,-27.1,1954.0,57.3,3.999999046,21.2,1.01,322,117.0,0.194,16,1,65,6,Layer 2 Up
157,-2.085825,4.0,157,-2.0,4.0,-1.86,0.0818,348.00499999999994,16.0,0.0010674999999999999,93.5,4.04749375,41.5,93.5,4.0,4.0,1.76,0.0766,345.86999999999995,9.12,-2.5726749999999996e-05,32.5,3.975,-8.5,32.5,4.0,4.0,0,0,0,0,1964.0,57.5,66.0,1964.0,57.3,4.0,12.8,0.766,323,117.0,0.143,16,1,65,6,Layer 2 Up
156,-2.18515,-77.2,156,-2.0,4.0,-4.0,0.0839,348.00499999999994,13.4,0.00117425,93.5,4.072324999999999,47.8,93.5,4.0,4.0,1.76,0.0767,345.86999999999995,8.73,-3.8536749999999997e-05,32.5,3.975,-8.5,32.5,4.0,4.0,0,0,0,0,1964.0,57.2,-27.2,1964.0,57.3,4.0,23.8,1.06,322,121.0,0.203,16,1,65,6,Layer 2 Up
155,-2.1156224999999997,4.0,155,-2.0,4.0,-3.37,0.0766,348.00499999999994,14.4,0.00103334,93.5,4.04749375,41.5,93.5,4.0,4.0,4.02,0.0795,345.86999999999995,5.61,-1.3450499999999998e-05,32.5,4.0,4.0,32.5,4.0,4.0,0,0,0,0,1974.0,57.4,19.4,1974.0,57.3,4.0,20.9,0.811,323,117.0,0.154,16,1,2,6,Layer 2 Up
155,-1.807715,47.8,155,-2.0,4.0,-5.45,0.094,348.00499999999994,14.1,0.001142225,93.5,4.072324999999999,47.8,93.5,4.0,4.0,3.17,0.0755,346.93749999999994,6.84,-3.8323249999999996e-05,32.5,4.0,4.0,32.5,4.0,4.0,0,0,0,0,1974.0,57.4,6.19,1974.0,57.3,4.000000954,18.0,0.791,323,120.0,0.151,16,1,65,6,Layer 2 Up
154,-2.0162975,41.5,154,-2.0,4.0,-3.32,0.0637,348.00499999999994,13.2,0.0008209075,93.5,4.072324999999999,47.8,93.5,4.0,4.0,3.73,0.0751,346.93749999999994,6.24,-3.82165e-05,32.5,3.975,-8.5,32.5,4.0,4.0,0,0,0,0,1984.0,57.2,-71.3,1984.0,57.3,3.999999046,24.8,1.09,322,119.0,0.208,16,1,65,6,Layer 2 Up
154,-2.165285,-46.0,154,-2.0,4.0,-2.29,0.0789,348.00499999999994,15.5,0.0010674999999999999,93.5,4.04749375,35.3,93.5,4.0,4.0,4.02,0.0739,346.93749999999994,6.11,-3.7469249999999994e-05,32.5,3.975,-8.5,32.5,4.0,4.0,0,0,0,0,1984.0,57.4,57.6,1984.0,57.3,4.0,17.0,0.843,322,120.0,0.158,16,1,65,6,Layer 2 Up
153,-1.9865,-27.3,153,-2.0,4.0,-4.49,0.0969,348.00499999999994,15.7,0.0012809999999999998,93.5,4.0226625,29.0,93.5,4.0,4.0,4.29,0.0755,346.93749999999994,6.04,-1.281e-05,32.5,3.975,-8.5,32.5,4.0,4.0,0,0,0,0,1994.0,57.4,13.56,1994.0,57.3,4.0,18.5,0.805,323,121.0,0.154,16,1,65,6,Layer 2 Up
152,-1.8871749999999998,29.0,152,-2.0,4.0,-5.18,0.0938,348.00499999999994,14.2,0.0012062749999999997,93.5,4.0226625,22.8,93.5,4.0,4.0,3.72,0.0762,346.93749999999994,6.47,-6.405e-05,32.5,4.0,4.0,32.5,4.0,4.0,0,0,0,0,1994.0,57.3,-5.19,1994.0,57.3,4.0,21.9,1.01,322,120.0,0.195,16,1,65,6,Layer 2 Up
152,-2.0162975,-52.3,152,-2.0,4.0,-4.79,0.0959,348.00499999999994,14.3,0.0013023499999999999,93.5,4.04749375,41.5,93.5,4.0,4.0,3.46,0.0767,345.86999999999995,6.5,-3.875025e-05,32.5,4.0,4.0,32.5,4.0,4.0,0,0,0,0,2004.0,57.4,-5.19,2004.0,57.3,4.0,19.7,0.773,323,119.0,0.148,16,1,65,6,Layer 2 Up
151,-1.9368375,60.3,151,-2.0,4.0,-4.94,0.0866,348.00499999999994,13.4,0.001142225,93.5,3.8985062499999996,-33.5,93.5,4.0,4.0,5.97,0.0936,346.93749999999994,4.43,6.330275e-05,32.5,4.0,4.0,32.5,4.0,4.0,0,0,0,0,2004.0,57.3,2.62,2004.0,57.3,4.000000954,22.8,0.837,318,122.0,0.159,16,1,65,6,Layer 2 Up
151,-2.0560275,16.5,151,-2.0,4.0,-4.1,0.0907,348.00499999999994,13.9,0.001142225,93.5,4.04749375,41.5,93.5,4.0,4.0,5.43,0.0765,345.86999999999995,4.72,-2.4766e-05,32.5,4.0,4.0,32.5,4.0,4.0,0,0,0,0,2014.0,57.3,6.44,2014.0,57.3,4.000000954,19.4,0.912,322,120.0,0.176,16,1,65,6,Layer 2 Up
150,-2.2348125,-58.5,150,-2.0,4.0,-5.24,0.0957,348.00499999999994,13.5,0.0013343749999999998,93.5,4.04749375,41.5,93.5,4.0,4.0,3.16,0.0794,345.86999999999995,6.7,-3.939075e-05,32.5,4.0,4.0,32.5,4.0,4.0,0,0,0,0,2014.0,57.2,-79.4,2014.0,57.3,3.999999046,22.9,0.919,322,117.0,0.176,16,1,65,6,Layer 2 Up
149,-2.0162975,-58.5,149,-2.0,4.0,-5.23,0.107,346.93749999999994,14.7,0.0014731499999999997,93.5,4.04749375,41.5,93.5,4.0,4.0,4.02,0.076,345.86999999999995,5.58,-6.447699999999999e-05,32.5,4.0,4.0,32.5,4.0,4.0,0,0,0,0,2024.0,57.4,40.3,2024.0,57.3,4.0,23.1,0.995,322,115.0,0.19,16,1,2,6,Layer 2 Up
149,-1.9169725,47.8,149,-2.0,4.0,-5.52,0.101,348.00499999999994,14.3,0.0013877499999999999,93.5,3.9233375,-21.0,93.5,4.0,4.0,4.86,0.0749,345.86999999999995,5.15,-3.789625e-05,32.5,4.0,4.0,32.5,4.0,4.0,0,0,0,0,2024.0,57.3,15.3,2034.0,57.3,4.0,20.0,0.979,316,119.0,0.189,16,1,65,6,Layer 2 Up
148,-2.0162975,16.5,148,-2.0,4.0,-5.23,0.0962,348.00499999999994,13.4,0.0012383,93.5,4.0226625,29.0,93.5,4.0,4.0,3.73,0.0776,346.93749999999994,6.51,-3.885699999999999e-05,32.5,4.0,4.0,32.5,4.0,4.0,0,0,0,0,2034.0,57.4,5.19,2034.0,57.3,4.0,19.1,0.765,323,117.0,0.147,16,1,65,6,Layer 2 Up
148,-1.807715,16.5,148,-1.9,6.41,-5.56,0.0918,348.00499999999994,13.6,0.001184925,93.5,5.0159125,35.3,93.6,5.08,17.5,7.55,0.141,346.93749999999994,9.15,0.0003416,32.5,4.0,4.0,32.5,4.0,4.0,0,0,0,0,2044.0,57.4,60.1,2044.0,57.3,4.000000954,21.4,0.92,323,119.0,0.177,16,1,65,6,Layer 2 Up
147,-1.4203474999999999,22.8,147,-1.52,9.31,-6.11,0.111,346.93749999999994,13.1,0.0013664,93.7,6.1283525,-27.3,93.7,6.39,16.7,2.64,0.0511,346.93749999999994,7.2,0.00023805249999999997,32.5,4.0,4.0,32.5,4.0,4.0,0,0,0,0,2044.0,57.5,64.1,2044.0,57.3,4.0,14.8,0.866,315,118.0,0.165,16,1,65,6,Layer 2 Up
147,-1.0627775,-39.8,147,-0.82,12.15,-4.75,0.0924,348.00499999999994,12.0,0.0010087874999999999,94.0,7.6976875,54.0,94.0,7.58,15.1,2.15,0.0687,345.86999999999995,9.8,0.0005241425,32.5,4.0,4.0,32.5,4.0,4.0,0,0,0,0,2054.0,57.4,9.63,2054.0,57.3,4.0,15.9,0.813,323,117.0,0.155,16,1,65,6,Layer 2 Up
146,0.029797499999999998,60.3,146,0.12,14.5,-3.88,0.0637,348.00499999999994,10.5,0.0005625725,94.4,8.3730975,41.5,94.4,8.58,12.93,5.83,0.105,346.93749999999994,12.5,0.00105042,32.5,4.0,4.0,32.5,4.0,4.0,0,0,0,0,2054.0,57.3,-8.9,2054.0,57.3,4.0,21.4,0.906,318,121.0,0.175,16,1,65,6,Layer 2 Up
146,1.1919,-14.8,146,1.26,16.2,-5.61,0.0924,348.00499999999994,9.45,0.0005839224999999999,94.9,9.038575,-21.0,94.9,9.34,10.32,6.58,0.118,345.86999999999995,13.6,0.0013664,32.5,4.0,4.0,32.5,4.0,4.0,0,0,0,0,2064.0,57.3,-9.8,2064.0,57.3,4.0,21.3,0.936,322,118.0,0.181,16,1,65,6,Layer 2 Up
146,2.3341375,-8.5,146,2.55,17.3,-4.05,0.074,348.00499999999994,8.5,0.0002487275,95.5,10.0814875,60.3,95.5,9.82,7.39,5.59,0.117,345.86999999999995,14.2,0.0016225999999999999,32.5,3.975,-8.5,32.5,4.0,4.0,0,0,0,0,2064.0,57.4,12.06,2064.0,57.3,4.000000954,18.9,0.724,323,119.0,0.138,16,1,65,6,Layer 2 Up
145,3.7246875,4.0,145,3.9086,17.7,-3.93,0.0655,348.00499999999994,6.47,0.0,96.1,9.882837499999999,22.8,96.1,10.0,4.272,8.3,0.159,345.86999999999995,16.3,0.0021456749999999997,32.5,4.0,4.0,32.5,4.0,4.0,0,0,0,0,2074.0,57.4,2.87,2074.0,57.3,4.0,17.9,0.891,317,120.0,0.172,16,1,65,6,Layer 2 Up
145,3.94816875,-8.5,145,4.0,4.0,-3.34,0.0421,348.00499999999994,4.2,-6.714574999999999e-06,96.5,10.151015000000001,4.0,96.6,10.0,4.0,1.64,0.0407,345.86999999999995,11.5,0.0004889149999999999,32.5,3.975,-8.5,32.5,4.0,4.0,0,0,0,0,2074.0,57.5,48.9,2074.0,57.3,4.0,16.6,0.845,322,117.0,0.16,16,1,65,6,Layer 2 Up
145,3.8985062499999996,-27.3,145,4.0,4.0,-2.49,0.0438,348.00499999999994,4.68,-2.081625e-05,97.1,10.0616225,41.5,97.2,10.0,4.0,2.63,0.0751,345.86999999999995,14.4,0.001005585,32.5,4.0,-2.25,32.5,4.0,4.0,0,0,0,0,2084.0,57.4,-5.75,2084.0,57.3,4.0,20.3,0.775,323,119.0,0.148,16,1,2,6,Layer 2 Up
145,4.04749375,29.0,145,4.0,4.0,-3.34,0.0687,348.00499999999994,3.2,3.3092499999999995e-05,97.7,9.8629725,-14.8,97.8,10.0,4.0,4.98,0.0961,345.86999999999995,14.1,0.0012916749999999997,32.5,4.0,10.25,32.5,4.0,4.0,0,0,0,0,2084.0,57.3,4.625,2084.0,57.3,4.000000954,23.1,0.844,317,122.0,0.161,16,1,66,6,Layer 2 Up
145,3.973,-2.25,145,4.0,4.0,-2.24,0.0638,348.00499999999994,4.1,3.191824999999999e-05,98.2,9.33655,-184.0,98.3,10.0,4.0,10.2,0.152,345.86999999999995,16.2,0.0019001499999999998,32.5,4.0,10.25,32.5,4.0,4.0,0,0,0,0,2094.0,57.3,13.94,2094.0,57.3,3.999999046,19.2,0.999,314,119.0,0.193,16,1,66,6,Layer 2 Up
145,3.8985062499999996,-27.3,145,4.0,4.0,-0.804,0.0398,348.00499999999994,6.98,-1.7827249999999998e-05,98.8,9.882837499999999,47.8,98.9,10.0,4.0,7.16,0.13,346.93749999999994,16.5,0.0018040749999999998,32.5,4.0,4.0,32.5,4.0,4.0,0,0,0,0,2094.0,57.2,-83.1,2094.0,57.3,3.999999046,23.7,0.957,322,117.0,0.183,16,1,67,6,Layer 2 Up
145,3.94816875,-14.8,145,4.0,4.0,-2.54,0.0651,348.00499999999994,3.35,5.465599999999999e-05,99.4,9.783512499999999,16.5,99.5,10.0,4.0,5.43,0.0978,346.93749999999994,14.1,0.0013023499999999999,32.5,4.025,22.8,32.5,4.0,4.0,0,0,0,0,2104.0,57.2,-36.5,2104.0,57.3,4.0,25.5,0.919,318,123.0,0.175,16,1,67,6,Layer 2 Up
145,3.9978312500000004,-2.25,145,4.0,4.0,-2.49,0.0667,348.00499999999994,3.77,6.7466e-05,100.0,9.813310000000001,-33.5,100.1,10.0,4.0,4.5,0.0735,346.93749999999994,12.2,0.0009767625,32.5,4.025,10.25,32.5,4.0,4.0,0,0,0,0,2104.0,57.3,18.0,2114.0,57.3,4.0,18.1,0.953,316,120.0,0.184,16,1,67,6,Layer 2 Up
145,3.94816875,-2.25,145,4.0,4.0,-3.09,0.0439,348.00499999999994,4.69,-2.5726749999999996e-05,100.6,9.713985,-52.3,100.7,10.0,4.0,4.56,0.0778,345.86999999999995,13.9,0.0009831675,32.5,3.975,-8.5,32.5,4.0,4.0,0,0,0,0,2114.0,57.4,1.81,2114.0,57.3,4.0,18.7,0.768,323,118.0,0.148,16,1,67,6,Layer 2 Up
145,4.0226625,10.25,145,4.0,4.0,-2.29,0.0665,348.00499999999994,3.91,3.3199249999999996e-05,101.2,10.25034,72.7,101.3,10.0,4.0,2.69,0.0774,345.86999999999995,12.8,0.0010674999999999999,32.5,4.0,4.0,32.5,4.0,4.0,0,0,0,0,2124.0,57.2,-83.9,2124.0,57.3,3.999999046,26.0,1.05,317,120.0,0.201,16,1,67,6,Layer 2 Up
145,3.973,-8.5,145,4.0,4.0,-3.93,0.0622,348.00499999999994,1.66,4.0991999999999996e-05,101.8,10.0616225,72.7,101.9,10.0,4.0,5.48,0.101,345.86999999999995,13.1,0.001441125,32.5,4.0,4.0,32.5,4.0,4.0,0,0,0,0,2124.0,57.5,62.8,2124.0,57.3,4.0,15.7,0.871,314,118.0,0.165,16,1,67,6,Layer 2 Up
145,3.94816875,-2.25,145,4.0,4.0,-1.99,0.0407,348.00499999999994,5.59,-2.4338999999999995e-05,102.4,10.0020275,47.8,102.5,10.0,4.0,4.54,0.104,345.86999999999995,14.6,0.0014091,32.5,3.975,-2.25,32.5,4.0,4.0,0,0,0,0,2134.0,57.4,13.81,2134.0,57.3,4.0,16.3,0.813,322,116.0,0.155,16,1,67,6,Layer 2 Up
145,3.973,-2.25,145,4.0,4.0,-2.04,0.0659,348.00499999999994,3.47,5.0492749999999995e-05,103.0,10.0020275,-46.0,103.1,10.0,4.0,4.74,0.109,345.86999999999995,14.9,0.00143045,32.5,4.0,10.25,32.5,4.0,4.0,0,0,0,0,2134.0,57.3,-15.9,2134.0,57.3,4.0,22.7,0.92,317,120.0,0.177,16,1,2,6,Layer 2 Up
145,3.94816875,-21.0,145,4.0,4.0,-3.09,0.0614,348.00499999999994,1.98,4.0885249999999996e-05,103.6,10.210609999999999,-2.25,103.7,10.0,4.0,6.14,0.107,345.86999999999995,12.8,0.0015051749999999999,32.5,4.0,10.25,32.5,4.0,4.0,0,0,0,0,2144.0,57.4,61.6,2144.0,57.3,4.000000954,17.6,0.904,315,121.0,0.174,16,1,67,6,Layer 2 Up
145,3.973,16.5,145,4.0,4.0,-1.99,0.0425,348.00499999999994,6.23,-3.0850749999999996e-05,104.0,10.25034,10.25,104.0,10.0,4.0,3.66,0.0925,345.86999999999995,15.5,0.0012276249999999998,32.5,4.0,4.0,32.5,4.0,4.0,0,0,0,0,2144.0,57.4,4.0625,2144.0,57.3,4.000000954,19.4,0.731,323,119.0,0.14,16,1,67,6,Layer 2 Up
145,3.973,-8.5,145,4.0,4.0,-1.7,0.0621,348.00499999999994,3.84,4.0031249999999994e-05,105.0,10.031825,54.0,105.0,7.33,-649.0,8.77,0.162,345.86999999999995,14.6,0.00232715,32.5,4.0,4.0,32.5,4.0,4.0,0,0,0,0,-2146.0,57.4,3.75,-2146.0,57.3,4.0,18.6,0.897,317,118.0,0.172,16,1,67,6,Layer 2 Up
145,3.9233375,-27.3,145,4.0,4.0,-3.34,0.0416,348.00499999999994,4.74,-1.2703249999999999e-05,105.0,9.5649975,-83.5,105.0,10.0,4.0,5.74,0.0878,345.86999999999995,14.1,0.001078175,32.5,4.0,4.0,32.5,4.0,4.0,0,0,0,0,-2136.0,57.3,3.875,-2136.0,57.3,4.0,24.6,0.956,315,120.0,0.184,16,1,67,6,Layer 2 Up
145,3.973,16.5,145,4.0,4.0,-2.84,0.0493,348.00499999999994,4.61,-4.0564999999999995e-05,106.0,9.8629725,-71.0,106.0,10.0,4.0,3.37,0.0587,345.86999999999995,13.6,0.0007216299999999999,32.5,4.0,-2.25,32.5,4.0,4.0,0,0,0,0,-2136.0,57.4,-7.0,-2136.0,57.3,4.0,19.5,0.779,323,120.0,0.15,16,1,68,6,Layer 2 Up
145,3.9978312500000004,22.8,145,4.0,4.0,-1.79,0.0458,348.00499999999994,6.87,-2.7754999999999994e-05,107.0,10.1808125,29.0,107.0,10.0,4.0,2.08,0.0516,345.86999999999995,12.6,0.000676795,32.5,4.0,4.0,32.5,4.0,4.0,0,0,0,0,-2126.0,57.3,4.438,-2126.0,57.3,4.0,23.1,1.03,321,118.0,0.198,16,1,68,6,Layer 2 Up
145,4.643443749999999,4.0,145,4.754,17.6,1.94,0.0445,348.00499999999994,7.77,4.20595e-05,107.0,10.111284999999999,54.0,107.0,9.95,2.33,4.37,0.122,345.86999999999995,17.0,0.001718675,32.5,3.975,-8.5,32.5,4.0,4.0,0,0,0,0,-2126.0,57.3,7.5,-2126.0,57.3,4.000000954,21.2,0.917,322,119.0,0.177,16,1,68,6,Layer 2 Up
146,5.939635,10.25,146,6.09,16.9,5.56,0.0967,348.00499999999994,10.4,0.00044835,108.0,9.5649975,41.5,108.0,9.63,-0.72,7.16,0.129,345.86999999999995,15.1,0.0016332749999999998,32.5,4.0,4.0,32.5,4.0,4.0,0,0,0,0,-2116.0,57.2,-78.2,-2116.0,57.3,3.999999046,23.2,0.936,322,118.0,0.18,16,1,70,6,Layer 2 Up
146,7.23086,4.0,146,7.31,15.5,2.64,0.0572,348.00499999999994,9.49,0.00035440999999999994,108.0,8.8697225,-71.0,108.0,9.0,-3.53,4.19,0.0668,345.86999999999995,11.5,0.0006864025,32.5,4.0,-2.25,32.5,4.0,4.0,0,0,0,0,-2116.0,57.4,39.8,-2106.0,57.3,4.0,18.7,0.988,321,118.0,0.188,16,1,70,6,Layer 2 Up
146,8.0751225,16.5,146,8.32,13.58,5.37,0.0971,348.00499999999994,11.4,0.0009063074999999999,109.0,8.472422499999999,54.0,109.0,8.16,-5.86,6.61,0.135,345.86999999999995,11.5,0.0010023824999999997,32.5,4.0,-2.25,32.5,4.0,4.0,0,0,0,0,-2106.0,57.3,9.94,-2106.0,57.3,4.0,21.6,0.983,316,118.0,0.191,16,1,2,6,Layer 2 Up
147,8.969047499999999,-46.0,147,9.18,10.98,3.88,0.0805,348.00499999999994,13.8,0.0008742824999999998,109.0,6.922952499999999,22.8,109.0,7.02,-7.8,6.22,0.0965,345.86999999999995,10.4,0.000668255,32.5,3.975,-2.25,32.5,4.0,4.0,0,0,0,0,-2096.0,57.4,2.69,-2096.0,57.3,4.0,18.6,0.775,322,118.0,0.149,16,1,70,6,Layer 2 Up
147,9.713985,16.5,147,9.72,8.23,4.67,0.0887,348.00499999999994,13.6,0.001163575,109.0,6.1084875,10.25,109.0,5.82,-9.1,5.23,0.104,345.86999999999995,7.56,0.00046542999999999997,32.5,3.975,-8.5,32.5,4.0,4.0,0,0,0,0,-2096.0,57.2,-75.9,-2096.0,57.3,3.999999046,25.8,1.05,318,120.0,0.2,16,1,70,6,Layer 2 Up
148,9.9027025,47.8,148,9.98,5.15,5.42,0.105,348.00499999999994,13.3,0.0013770749999999997,109.0,4.5192875,-8.5,109.0,4.421,-9.7,2.29,0.0378,346.93749999999994,3.8,2.8608999999999997e-05,32.5,4.0,4.0,32.5,4.0,4.0,0,0,0,0,-2086.0,57.5,67.6,-2086.0,57.3,4.0,14.6,0.861,316,119.0,0.163,16,1,70,6,Layer 2 Up
148,9.9027025,-46.0,148,10.0,4.0,4.41,0.0777,348.00499999999994,14.5,0.0009981125,109.0,3.94816875,-8.5,109.0,4.0,4.0,2.32,0.022,346.93749999999994,2.93,-4.878475e-06,32.5,3.975,-8.5,32.5,4.0,4.0,0,0,0,0,-2086.0,57.4,8.69,-2086.0,57.3,4.0,15.5,0.816,322,118.0,0.155,16,1,70,6,Layer 2 Up
149,10.0616225,16.5,149,10.0,4.0,4.77,0.0803,348.00499999999994,13.4,0.001099525,109.0,3.973,4.0,109.0,4.0,4.0,1.18,0.0203,346.93749999999994,2.94,0.0,32.5,3.975,-8.5,32.5,4.0,4.0,0,0,0,0,-2076.0,57.3,-1.5,-2076.0,57.3,4.0,25.8,1.02,321,119.0,0.197,16,1,70,6,Layer 2 Up
150,9.9325,29.0,150,10.0,4.0,5.32,0.0989,348.00499999999994,13.6,0.0013664,109.0,3.973,4.0,109.0,4.0,4.0,1.26,0.0208,346.93749999999994,0.826,0.0,32.5,4.025,10.25,32.5,4.0,4.0,0,0,0,0,-2076.0,57.4,61.8,-2076.0,57.3,4.000000954,20.3,0.905,317,118.0,0.174,16,1,70,6,Layer 2 Up
150,9.833175,-39.8,150,10.0,4.0,6.16,0.0911,348.00499999999994,13.9,0.0012169499999999998,109.0,3.973,-2.25,109.0,4.0,4.0,0.548,0.0221,345.86999999999995,2.35,-1.6226e-06,32.5,4.0,4.0,32.5,4.0,4.0,0,0,0,0,-2066.0,57.4,6.06,-2066.0,57.3,4.000000954,19.2,0.725,323,119.0,0.139,16,1,70,6,Layer 2 Up
151,10.0814875,35.3,151,10.0,4.0,3.99,0.0828,348.00499999999994,13.6,0.0011528999999999999,109.0,3.973,4.0,109.0,4.0,4.0,0.667,0.0187,346.93749999999994,0.596,0.0,32.5,4.025,10.25,32.5,4.0,4.0,0,0,0,0,-2066.0,57.4,5.25,-2066.0,57.3,4.0,18.9,0.905,319,118.0,0.174,16,1,70,6,Layer 2 Up
151,10.0020275,66.5,151,10.0,4.0,4.41,0.0992,348.00499999999994,13.9,0.0013237,109.0,3.9978312500000004,10.25,109.0,4.0,4.0,0.459,0.0191,346.93749999999994,1.14,1.8681249999999998e-06,32.5,4.025,16.5,32.5,4.0,4.0,0,0,0,0,-2056.0,57.3,-2.31,-2056.0,57.3,4.0,25.2,0.973,317,121.0,0.187,16,1,70,6,Layer 2 Up
152,10.0020275,47.8,152,10.0,4.0,5.74,0.103,348.00499999999994,13.5,0.0013877499999999999,109.0,3.973,4.0,109.0,4.0,4.0,0.251,0.0185,346.93749999999994,2.13,-1.7933999999999998e-06,32.5,4.0,4.0,32.5,4.0,4.0,0,0,0,0,-2056.0,57.4,-6.8,-2056.0,57.3,4.0,19.7,0.773,322,119.0,0.149,16,1,2,6,Layer 2 Up
153,9.753715,-52.3,153,10.0,4.0,5.6,0.0943,348.00499999999994,13.5,0.001184925,109.0,3.973,4.0,109.0,4.0,4.0,0.163,0.0168,346.93749999999994,1.21,-3.86435e-06,32.5,4.0,4.0,32.5,4.0,4.0,0,0,0,0,-2046.0,57.3,6.94,-2046.0,57.3,4.000000954,24.0,0.845,319,120.0,0.159,16,1,70,6,Layer 2 Up
153,9.9027025,-8.5,153,10.0,4.0,5.98,0.0826,348.00499999999994,12.1,0.0010109225,109.0,3.973,4.0,109.0,4.0,4.0,0.163,0.0208,346.93749999999994,1.74,0.0,32.5,4.0,-2.25,32.5,4.0,4.0,0,0,0,0,-2046.0,57.3,3.75,-2046.0,57.3,4.000000954,22.1,0.926,321,118.0,0.179,16,1,70,6,Layer 2 Up
154,10.0616225,-8.5,154,10.0,4.0,4.6,0.0759,348.00499999999994,13.6,0.00100772,109.0,3.973,4.0,109.0,4.0,4.0,1.1,0.0179,345.86999999999995,2.01,1.5905749999999998e-06,32.5,4.0,4.0,32.5,4.0,4.0,0,0,0,0,-2036.0,57.2,-80.6,-2036.0,57.3,3.999999046,23.2,0.937,322,118.0,0.18,16,1,70,6,Layer 2 Up
154,9.9027025,41.5,154,10.0,4.0,5.57,0.109,348.00499999999994,14.6,0.0014731499999999997,109.0,3.973,4.0,109.0,4.0,4.0,1.05,0.0182,345.86999999999995,1.24,2.92495e-06,32.5,4.0,4.0,32.5,4.0,4.0,0,0,0,0,-2036.0,57.2,-37.1,-2026.0,57.3,4.0,26.9,0.94,319,121.0,0.178,16,1,70,6,Layer 2 Up
155,9.882837499999999,-27.3,155,10.0,4.0,4.89,0.0985,348.00499999999994,14.5,0.0013023499999999999,109.0,3.973,4.0,109.0,4.0,4.0,0.207,0.0197,345.86999999999995,1.54,-3.4907249999999995e-06,32.5,4.0,4.0,32.5,4.0,4.0,0,0,0,0,-2026.0,57.3,11.19,-2026.0,57.3,4.0,19.6,0.984,318,119.0,0.19,16,1,70,6,Layer 2 Up
156,9.833175,-46.0,156,10.0,4.0,5.16,0.0876,348.00499999999994,15.3,0.001142225,109.0,3.94816875,-8.5,109.0,4.0,4.0,0.844,0.0189,346.93749999999994,2.18,-1.1529e-06,32.5,3.975,-8.5,32.5,4.0,4.0,0,0,0,0,-2016.0,57.4,-2.19,-2016.0,57.3,4.0,18.9,0.781,322,118.0,0.15,16,1,70,6,Layer 2 Up
156,10.031825,-2.25,156,10.0,4.0,4.5,0.0756,348.00499999999994,13.4,0.0009031049999999999,109.0,3.94816875,-2.25,109.0,4.0,4.0,1.02,0.0201,346.93749999999994,4.11,0.0,32.5,3.975,-2.25,32.5,4.0,4.0,0,0,0,0,-2016.0,57.4,56.0,-2016.0,57.3,4.000000954,22.3,0.93,321,119.0,0.18,16,1,70,6,Layer 2 Up
157,10.0616225,54.0,157,10.0,4.0,5.05,0.0952,348.00499999999994,14.0,0.0013130249999999998,109.0,3.973,4.0,109.0,4.0,4.0,0.296,0.0205,345.86999999999995,2.36,1.08885e-06,32.5,4.0,4.0,32.5,4.0,4.0,0,0,0,0,-2006.0,57.3,-42.0,-2006.0,57.3,3.999999046,22.0,1.07,320,116.0,0.205,16,1,70,6,Layer 2 Up
157,9.9,-14.8,157,10.0,4.0,4.98,0.0978,326.0,14.3,0.00118,109.0,3.975,-8.5,109.0,4.0,4.0,0.889,0.0224,324.0,2.62,1.52e-06,32.5,3.975,-8.5,32.5,4.0,4.0,0,0,0,0,-2006.0,57.4,11.81,-2006.0,57.3,4.0,15.1,0.811,321,117.0,0.154,16,1,70,6,Layer 2 Up
158,9.8,-64.7,158,10.0,4.0,4.67,0.0981,326.0,15.7,0.00106,109.0,4.0,4.0,109.0,4.0,4.0,0.888,0.022,325.0,2.69,2.88e-06,32.5,3.975,-2.25,32.5,4.0,4.0,0,0,0,0,-1996.0,57.3,-5.87,-1996.0,57.3,4.0,26.2,1.02,320,119.0,0.198,16,1,2,6,Layer 2 Up
159,10.07,-2.25,159,10.0,4.0,4.99,0.089,326.0,13.9,0.00112,109.0,3.975,-8.5,109.0,4.0,4.0,0.34,0.0234,325.0,2.91,9.12e-07,32.5,4.0,4.0,32.5,4.0,4.0,0,0,0,0,-1996.0,57.3,-8.3,-1996.0,57.3,4.0,20.1,0.936,321,119.0,0.181,16,1,70,6,Layer 2 Up
159,10.1,22.8,159,10.0,4.0,5.0,0.0938,326.0,14.1,0.00122,109.0,4.0,4.0,109.0,4.0,4.0,1.02,0.0214,325.0,4.17,1.68e-06,32.5,3.975,-2.25,32.5,4.0,4.0,0,0,0,0,-1986.0,57.4,12.0,-1986.0,57.3,4.000000954,19.1,0.725,322,118.0,0.138,16,1,70,6,Layer 2 Up
160,9.9,10.25,160,10.0,4.0,6.07,0.107,326.0,14.8,0.00133,109.0,4.0,4.0,109.0,4.0,4.0,0.977,0.0191,325.0,3.35,-9.91e-07,32.5,3.975,-2.25,32.5,4.0,4.0,0,0,0,0,-1986.0,57.2,-26.6,-1986.0,57.3,3.999999046,25.0,1.06,321,119.0,0.205,16,1,70,6,Layer 2 Up
160,9.8,-39.8,160,10.0,4.0,2.44,0.0979,326.0,19.8,0.00113,109.0,4.0,-2.25,109.0,4.0,4.0,2.15,0.0215,325.0,2.52,1.35e-06,32.5,3.975,-8.5,32.5,4.0,4.0,0,0,0,0,-1976.0,57.5,49.9,-1976.0,57.3,4.0,15.0,0.837,320,118.0,0.159,16,1,70,6,Layer 2 Up
161,10.0,-33.5,161,10.0,4.0,4.67,0.0899,326.0,15.4,0.00112,109.0,3.975,-2.25,109.0,4.0,4.0,1.19,0.0181,325.0,3.03,-2.43e-06,32.5,4.0,4.0,32.5,4.0,4.0,0,0,0,0,-1976.0,57.4,-3.31,-1976.0,57.3,4.0,19.9,0.775,322,118.0,0.149,16,1,70,6,Layer 2 Up
162,10.1,41.5,162,10.0,4.0,5.04,0.1,326.0,15.2,0.00125,109.0,4.0,4.0,109.0,4.0,4.0,0.503,0.0208,325.0,1.73,-1.51e-06,32.5,3.975,-2.25,32.5,4.0,4.0,0,0,0,0,-1966.0,57.3,15.1,-1966.0,57.3,4.0,23.7,1.02,320,117.0,0.198,16,1,70,6,Layer 2 Up
162,9.93,35.3,162,10.0,4.0,5.55,0.103,326.0,14.9,0.00127,109.0,4.0,-2.25,109.0,4.0,4.0,0.548,0.0186,325.0,2.53,1.21e-06,32.5,4.0,4.0,32.5,4.0,4.0,0,0,0,0,-1966.0,57.3,7.38,-1966.0,57.3,4.000000954,20.3,0.929,321,119.0,0.179,16,1,70,6,Layer 2 Up
163,9.8,-64.7,163,10.0,4.0,5.54,0.0867,326.0,14.7,0.00106,109.0,4.0,4.0,109.0,4.0,4.0,-0.0008,0.0191,325.0,2.31,-6.29e-07,32.5,3.975,-2.25,32.5,4.0,4.0,0,0,0,0,-1956.0,57.2,-77.7,-1956.0,57.3,3.999999046,23.6,0.935,322,116.0,0.179,16,1,70,6,Layer 2 Up
163,9.93,-52.3,163,10.0,4.0,4.92,0.0802,326.0,14.4,0.000933,109.0,4.0,4.0,109.0,4.0,4.0,0.548,0.0185,325.0,2.1,-1.57e-06,32.5,3.975,-8.5,32.5,4.0,4.0,0,0,0,0,-1956.0,57.4,46.8,-1946.0,57.3,4.0,20.8,1.0,319,116.0,0.191,16,1,70,6,Layer 2 Up
164,10.1,10.25,164,9.91,1.71,4.54,0.0813,326.0,13.2,0.001,109.0,2.98,10.25,109.0,2.97,-9.6,-6.11,0.0924,324.0,6.81,0.000203,32.5,4.0,4.0,32.5,4.0,4.0,0,0,0,0,-1946.0,57.3,-2.63,-1946.0,57.3,4.0,22.9,0.945,320,119.0,0.182,16,1,70,6,Layer 2 Up
164,9.4,-27.3,165,9.52,-1.31,3.8,0.0934,326.0,16.2,0.00106,109.0,1.92,16.5,109.0,1.66,-8.7,-2.89,0.0588,324.0,10.0,0.000243,32.5,4.0,-2.25,32.5,4.0,4.0,0,0,0,0,-1936.0,57.4,4.375,-1936.0,57.3,4.0,18.6,0.78,321,117.0,0.15,16,1,2,6,Layer 2 Up
165,8.8,-27.3,165,8.85,-4.05,5.89,0.101,326.0,13.0,0.00103,109.0,0.42,29.0,109.0,0.47,-7.1,-2.5,0.0626,325.0,9.41,0.000422,32.5,4.0,-2.25,32.5,4.0,4.0,0,0,0,0,-1936.0,57.4,56.6,-1936.0,57.3,4.000000954,22.0,0.934,320,118.0,0.18,16,1,72,6,Layer 2 Up
165,8.03,-21.0,165,7.92,-6.4,4.81,0.0989,326.0,12.7,0.00084,108.0,-0.38,-39.8,108.0,-0.54,-5.03,-6.99,0.121,324.0,13.0,0.00111,32.5,3.975,-2.25,32.5,4.0,4.0,0,0,0,0,-1926.0,57.3,-37.6,-1926.0,57.3,3.999999046,20.4,1.07,320,117.0,0.206,16,1,72,6,Layer 2 Up
166,6.7,-89.7,166,6.78,-8.1,4.17,0.061,326.0,9.78,0.00032,108.0,-1.0,54.0,108.0,-1.31,-2.43,-6.71,0.0939,324.0,13.1,0.000993,32.5,4.0,4.0,32.5,4.0,4.0,0,0,0,0,-1926.0,57.4,14.3,-1926.0,57.3,4.0,15.6,0.808,320,117.0,0.154,16,1,72,6,Layer 2 Up
166,5.4,-83.5,166,5.5,-9.3,5.8,0.0891,326.0,8.9,0.00028,107.0,-2.03,-46.0,107.0,-1.81,0.49,-6.82,0.123,324.0,13.5,0.00159,32.5,4.0,4.0,32.5,4.0,4.0,0,0,0,0,-1916.0,57.3,-1.5,-1916.0,57.3,4.0,26.1,1.04,319,119.0,0.202,16,1,72,6,Layer 2 Up
166,4.1,-83.5,166,4.146,-9.7,4.15,0.0723,326.0,7.09,-1.1e-05,107.0,-1.95,16.5,107.0,-2.0,3.602,-11.0,0.154,324.0,13.9,0.00199,32.5,4.0,4.0,32.5,4.0,4.0,0,0,0,0,-1916.0,57.3,-11.9,-1916.0,57.3,4.0,20.3,0.967,320,119.0,0.187,16,1,72,6,Layer 2 Up
166,3.825,-83.5,166,4.0,4.0,2.21,0.0489,326.0,6.34,-2.02e-05,106.0,-1.7,29.0,106.0,-2.0,4.0,-6.5,0.102,324.0,14.4,0.00119,32.5,4.0,-2.25,32.5,4.0,4.0,0,0,0,0,-1906.0,57.4,8.69,-1906.0,57.3,4.000000954,19.4,0.731,322,118.0,0.14,16,1,72,6,Layer 2 Up
166,3.85,-77.2,166,4.0,4.0,4.71,0.0491,326.0,2.91,-2.62e-05,106.0,-1.8,97.7,106.0,-2.0,4.0,-4.82,0.0813,324.0,14.3,0.000954,32.5,4.0,4.0,32.5,4.0,4.0,0,0,0,0,-1906.0,57.3,-19.6,-1906.0,57.3,3.999999046,25.9,1.06,320,117.0,0.205,16,1,72,6,Layer 2 Up
166,3.875,-52.3,166,4.0,4.0,3.34,0.0457,326.0,4.74,-1.31e-05,105.0,-2.18,16.5,105.0,-2.0,4.0,-3.74,0.0708,324.0,13.0,0.000876,32.5,4.0,-2.25,32.5,4.0,4.0,0,0,0,0,-1896.0,57.5,52.4,-1896.0,57.3,4.0,14.7,0.828,319,118.0,0.157,16,1,72,6,Layer 2 Up
166,3.8,-89.7,166,4.0,4.0,4.16,0.0528,326.0,4.25,-3.07e-05,105.0,-2.25,-121.0,105.0,-2.0,4.0,-8.45,0.153,324.0,15.0,0.00207,32.5,4.0,4.0,32.5,4.0,4.0,0,0,0,0,-1896.0,57.4,-4.81,-1896.0,57.3,4.0,18.6,0.778,321,120.0,0.15,16,1,72,6,Layer 2 Up
166,3.825,-89.7,166,4.0,4.0,3.59,0.0519,326.0,4.93,0.0,104.0,-2.03,-8.5,104.0,-2.0,4.0,-8.91,0.15,324.0,16.5,0.00192,32.5,3.975,-2.25,32.5,4.0,4.0,0,0,0,0,-1886.0,57.3,8.19,-1886.0,57.3,4.0,20.8,1.01,319,120.0,0.196,16,1,2,6,Layer 2 Up
166,-1.95,47.8,166,-2.0,4.0,-4.43,0.0893,326.0,15.4,0.00112,103.8,3.925,-21.0,103.8,4.0,4.0,1.85,0.0272,325.0,3.24,3.52e-06,32.5,3.975,-2.25,32.5,4.0,4.0,0,0,0,0,-1886.0,57.3,12.37,-1886.0,57.3,4.000000954,19.7,0.927,320,119.0,0.179,16,1,73,6,Layer 2 Up
165,-2.0,-21.0,165,-2.0,4.0,-6.29,0.115,326.0,14.0,0.00145,103.8,3.95,-27.3,103.8,4.0,4.0,0.836,0.0304,325.0,3.56,-2.34e-06,32.5,3.975,-2.25,32.5,4.0,4.0,0,0,0,0,-1876.0,57.2,-78.5,-1876.0,57.3,3.999999046,22.3,0.928,321,119.0,0.178,16,1,75,6,Layer 2 Up
165,-1.75,60.3,165,-2.0,4.0,-6.5,0.11,326.0,15.5,0.00135,103.8,3.95,-27.3,103.8,4.0,4.0,1.24,0.0226,325.0,2.69,0.0,32.5,4.0,4.0,32.5,4.0,4.0,0,0,0,0,-1876.0,57.4,45.0,-1866.0,57.3,4.0,18.4,0.997,318,118.0,0.19,16,1,75,6,Layer 2 Up
164,-1.88,41.5,164,-2.0,4.0,-5.25,0.0995,326.0,15.9,0.0012,103.8,3.95,-27.3,103.8,4.0,4.0,0.939,0.022,325.0,3.01,-2.07e-06,32.5,4.0,4.0,32.5,4.0,4.0,0,0,0,0,-1866.0,57.3,-2.81,-1866.0,57.3,4.0,23.8,0.939,320,118.0,0.181,16,1,75,6,Layer 2 Up
163,-2.1,16.5,163,-2.0,4.0,-5.45,0.0926,326.0,14.1,0.0012,103.8,3.95,-27.3,103.8,4.0,4.0,1.55,0.0227,325.0,2.14,-4.51e-06,32.5,4.0,4.0,32.5,4.0,4.0,0,0,0,0,-1856.0,57.4,1.0,-1856.0,57.3,4.0,17.3,0.776,320,119.0,0.15,16,1,75,6,Layer 2 Up
163,2.8,22.8,163,2.66,-4.85,-5.72,0.115,326.0,10.1,0.000314,104.0,9.75,16.5,104.0,9.85,2.0,6.29,0.0993,324.0,13.8,0.0012,32.5,4.0,4.0,32.5,4.0,4.0,0,0,0,0,-1856.0,57.4,63.2,-1856.0,57.3,4.000000954,18.5,0.927,319,121.0,0.179,16,1,75,6,Layer 2 Up
163,2.05,54.0,163,1.79,-4.45,-4.97,0.0821,326.0,9.09,0.000361,105.0,9.43,-77.2,105.0,9.58,0.69,4.23,0.0633,325.0,13.0,0.00071,32.5,3.975,-2.25,32.5,4.0,4.0,0,0,0,0,-1846.0,57.5,66.7,-1846.0,57.3,4.0,15.9,0.875,322,115.0,0.165,16,1,75,6,Layer 2 Up
163,0.97,-8.5,163,0.98,-3.85,-5.66,0.111,326.0,11.3,0.000715,105.0,9.07,16.5,105.0,9.18,-0.54,7.07,0.108,325.0,13.1,0.00118,32.5,4.0,4.0,32.5,4.0,4.0,0,0,0,0,-1846.0,57.4,9.44,-1846.0,57.3,4.0,14.3,0.822,320,118.0,0.157,16,1,75,6,Layer 2 Up
162,0.22,22.8,162,0.23,-3.08,-4.79,0.0764,326.0,10.1,0.000563,106.0,8.63,-14.8,106.0,8.67,-1.67,9.34,0.134,324.0,11.8,0.00127,32.5,4.0,4.0,32.5,4.0,4.0,0,0,0,0,-1836.0,57.3,-1.25,-1836.0,57.3,4.0,23.0,1.04,319,121.0,0.2,16,1,75,6,Layer 2 Up
162,-0.38,-21.0,162,-0.43,-2.14,-6.5,0.112,326.0,11.8,0.00105,106.0,8.05,16.5,106.0,8.05,-2.68,6.19,0.117,325.0,12.7,0.00104,32.5,4.0,4.0,32.5,4.0,4.0,0,0,0,0,-1836.0,57.3,-10.2,-1836.0,57.3,4.0,23.0,0.936,319,116.0,0.182,16,1,2,6,Layer 2 Up
162,-0.85,54.0,161,-0.99,-1.07,-5.01,0.0831,326.0,12.9,0.000873,107.0,7.17,-71.0,107.0,7.34,-3.52,3.48,0.0499,324.0,9.16,0.000287,32.5,4.0,4.0,32.5,4.0,4.0,0,0,0,0,-1826.0,57.4,15.0,-1826.0,57.3,4.000000954,17.7,0.732,321,120.0,0.14,16,1,75,6,Layer 2 Up
161,-1.32,72.7,161,-1.43,0.13,-3.95,0.0715,326.0,13.0,0.000748,107.0,6.53,-58.5,107.0,6.55,-4.2,2.93,0.0414,325.0,7.21,0.000186,32.5,4.0,4.0,32.5,4.0,4.0,0,0,0,0,-1826.0,57.2,-23.4,-1826.0,57.3,3.999999046,24.1,1.05,319,120.0,0.202,16,1,75,6,Layer 2 Up
160,-1.7,-2.25,160,-1.75,1.4,-5.92,0.114,326.0,14.3,0.0013,107.0,5.67,-8.5,107.0,5.7,-4.69,4.95,0.0792,325.0,8.25,0.00029,32.5,4.0,4.0,32.5,4.0,4.0,0,0,0,0,-1816.0,57.5,50.8,-1816.0,57.3,4.0,16.4,0.838,318,116.0,0.159,16,1,75,6,Layer 2 Up
160,-1.88,54.0,160,-1.94,2.74,-4.43,0.0827,325.0,13.6,0.00101,107.0,4.85,-39.8,107.0,4.813,-4.98,4.53,0.0727,324.0,7.63,0.000166,32.5,3.975,-2.25,32.5,4.0,4.0,0,0,0,0,-1816.0,57.4,1.87,-1816.0,57.3,4.0,17.6,0.761,320,120.0,0.147,16,1,75,6,Layer 2 Up
159,2.87,1034.0,159,4.0,4.0,17.5,0.245,326.0,13.0,0.000665,107.0,3.95,-33.5,107.0,4.0,4.0,4.27,0.0815,324.0,7.02,-1.29e-05,32.5,4.0,4.0,32.5,4.0,4.0,0,0,0,0,-1806.0,57.3,5.88,-1806.0,57.3,4.0,18.3,1.03,318,121.0,0.199,16,1,75,6,Layer 2 Up
159,-2.15,-33.5,159,-2.0,4.0,-4.98,0.0956,326.0,13.7,0.00122,107.0,3.875,-58.5,107.0,4.0,4.0,4.26,0.0627,325.0,4.59,-9.53e-06,32.5,4.0,4.0,32.5,4.0,4.0,0,0,0,0,-1806.0,57.3,11.25,-1806.0,57.3,4.000000954,22.3,0.922,319,118.0,0.179,16,1,75,6,Layer 2 Up
158,-1.9,16.5,158,-2.0,4.0,-6.38,0.111,325.0,14.4,0.00147,107.0,3.875,-58.5,107.0,4.0,4.0,3.65,0.0627,324.0,5.57,0.0,32.5,4.0,4.0,32.5,4.0,4.0,0,0,0,0,-1796.0,57.2,-77.9,-1796.0,57.3,3.999999046,22.1,0.925,320,119.0,0.177,16,1,77,6,Layer 2 Down
158,-1.95,35.3,158,-2.0,4.0,-6.11,0.0905,326.0,12.4,0.00111,107.0,4.1,54.0,107.0,4.0,4.0,2.5,0.0531,325.0,3.4,-1.64e-05,32.5,4.0,4.0,32.5,4.0,4.0,0,0,0,0,-1796.0,57.2,-39.7,-1786.0,57.3,4.0,25.5,0.897,323,123.0,0.171,16,1,77,6,Layer 2 Down
157,-2.15,-39.8,157,-2.0,4.0,-5.11,0.094,326.0,12.8,0.0012,107.0,4.125,60.3,107.0,4.0,4.0,2.27,0.054,325.0,3.83,8.12e-06,32.5,4.0,4.0,32.5,4.0,4.0,0,0,0,0,-1786.0,57.3,6.31,-1786.0,57.3,4.0,21.3,0.967,322,118.0,0.187,16,1,77,6,Layer 2 Down
156,-2.05,-14.8,156,-2.0,4.0,-5.62,0.101,326.0,13.4,0.00128,107.0,3.85,-64.7,107.0,4.0,4.0,3.78,0.0625,324.0,5.06,9.64e-06,32.5,4.0,4.0,32.5,4.0,4.0,0,0,0,0,-1776.0,57.4,-1.88,-1776.0,57.3,4.0,17.3,0.789,319,120.0,0.153,16,1,77,6,Layer 2 Down
156,-1.95,-2.25,156,-2.0,4.0,-4.83,0.0959,326.0,15.0,0.0012,107.0,4.125,66.5,107.0,4.0,4.0,2.89,0.0513,325.0,2.86,-1.59e-05,32.5,4.0,4.0,32.5,4.0,4.0,0,0,0,0,-1776.0,57.1,-90.4,-1776.0,57.3,3.999999046,25.1,1.04,322,121.0,0.198,16,1,2,6,Layer 2 Down
155,-2.13,22.8,155,-2.0,4.0,-4.98,0.0878,326.0,13.6,0.00113,107.0,4.1,54.0,107.0,4.0,4.0,2.23,0.0537,324.0,4.8,0.0,32.5,4.0,4.0,32.5,4.0,4.0,0,0,0,0,-1766.0,57.4,57.1,-1766.0,57.3,4.0,16.5,0.862,322,117.0,0.163,16,1,77,6,Layer 2 Down
155,-1.95,79.0,155,-2.0,4.0,-5.55,0.0887,326.0,14.3,0.00111,107.0,3.875,-52.3,107.0,4.0,4.0,4.22,0.0615,324.0,4.02,-9.54e-06,32.5,4.0,4.0,32.5,4.0,4.0,0,0,0,0,-1766.0,57.4,13.94,-1766.0,57.3,4.0,14.3,0.818,319,118.0,0.156,16,1,77,6,Layer 2 Down
154,-2.07,-52.3,154,-2.0,4.0,-5.77,0.106,326.0,14.1,0.00131,107.0,4.1,54.0,107.0,4.0,4.0,2.01,0.0531,325.0,4.08,-1.59e-05,32.5,4.0,4.0,32.5,4.0,4.0,0,0,0,0,-1756.0,57.3,-13.6,-1756.0,57.3,4.0,21.7,0.895,323,120.0,0.172,16,1,77,6,Layer 2 Down
153,-1.88,35.3,153,-2.0,4.0,-7.03,0.112,326.0,13.7,0.00137,107.0,4.075,41.5,107.0,4.0,4.0,2.45,0.0528,324.0,3.61,-1.64e-05,32.5,4.0,4.0,32.5,4.0,4.0,0,0,0,0,-1756.0,57.4,54.8,-1756.0,57.3,4.000000954,20.5,0.921,323,119.0,0.177,16,1,77,6,Layer 2 Down
153,-1.82,54.0,153,-2.0,4.0,-6.09,0.109,325.0,14.6,0.0013,107.0,3.875,-52.3,107.0,4.0,4.0,3.65,0.0633,324.0,4.88,9.74e-06,32.5,4.0,4.0,32.5,4.0,4.0,0,0,0,0,-1746.0,57.4,21.3,-1746.0,57.3,4.000000954,17.0,0.723,319,120.0,0.138,16,1,77,6,Layer 2 Down
152,-0.22,516.0,152,-2.0,4.233,-4.42,0.153,325.0,11.8,0.00167,107.0,3.825,-52.3,107.0,3.828,-5.07,3.54,0.0544,324.0,3.9,2.43e-05,32.5,4.0,4.0,32.5,4.0,4.0,0,0,0,0,-1746.0,57.2,-17.9,-1746.0,57.3,3.999999046,23.8,1.03,318,119.0,0.199,16,1,77,6,Layer 2 Down
152,-2.1,-39.8,152,-1.91,5.54,-4.56,0.0805,326.0,12.9,0.00098,107.0,2.95,-52.3,107.0,2.96,-4.94,-4.9,0.105,324.0,9.6,0.000218,32.5,4.0,4.0,32.5,4.0,4.0,0,0,0,0,-1736.0,57.3,0.62,-1736.0,57.3,4.0,25.7,0.946,323,120.0,0.182,16,1,77,6,Layer 2 Down
151,-1.88,-46.0,151,-1.67,6.92,-5.72,0.0932,325.0,11.7,0.00118,107.0,2.23,29.0,107.0,2.05,-4.59,-6.52,0.109,324.0,8.31,0.000347,32.5,4.0,4.0,32.5,4.0,4.0,0,0,0,0,-1736.0,57.4,0.37,-1736.0,57.3,4.0,17.7,0.774,319,120.0,0.149,16,1,77,6,Layer 2 Down
150,-1.28,72.7,150,-1.32,8.18,-4.15,0.0818,326.0,12.7,0.0009,107.0,1.12,-14.8,107.0,1.22,-4.05,-7.71,0.123,324.0,8.49,0.000828,32.5,4.0,4.0,32.5,4.0,4.0,0,0,0,0,-1726.0,57.3,12.12,-1726.0,57.3,4.0,20.6,1.02,317,119.0,0.196,16,1,77,6,Layer 2 Down
150,-0.9,29.0,150,-0.84,9.35,-3.68,0.082,326.0,12.6,0.000823,106.0,0.25,-39.8,106.0,0.45,-3.33,-7.0,0.136,324.0,11.3,0.00115,32.5,4.0,4.0,32.5,4.0,4.0,0,0,0,0,-1726.0,57.3,11.81,-1726.0,57.3,4.000000954,21.1,0.918,318,118.0,0.178,16,1,2,6,Layer 2 Down
150,-0.1,35.3,149,-0.25,10.39,-6.15,0.108,326.0,12.7,0.00095,106.0,0.05,35.3,106.0,-0.24,-2.44,-6.65,0.0969,324.0,11.2,0.000831,32.5,4.0,4.0,32.5,4.0,4.0,0,0,0,0,-1716.0,57.2,-76.6,-1716.0,57.3,3.999999046,21.8,0.919,320,119.0,0.176,16,1,77,6,Layer 2 Down
149,0.58,79.0,149,0.44,11.29,-5.03,0.0801,326.0,10.1,0.00058,106.0,-0.53,-14.8,106.0,-0.83,-1.4,-7.34,0.13,324.0,13.2,0.00124,32.5,4.0,4.0,32.5,4.0,4.0,0,0,0,0,-1716.0,57.4,46.5,-1706.0,57.3,4.0,17.5,0.986,316,118.0,0.187,16,1,77,6,Layer 2 Down
149,1.33,29.0,149,1.21,12.02,-6.02,0.105,326.0,10.5,0.000617,105.0,-1.03,29.0,105.0,-1.31,-0.24,-7.5,0.132,324.0,14.1,0.00149,32.5,4.0,4.0,32.5,4.0,4.0,0,0,0,0,-1706.0,57.3,7.19,-1706.0,57.3,4.0,23.5,0.927,318,117.0,0.179,16,1,77,6,Layer 2 Down
149,1.9,16.5,149,2.04,12.57,-4.18,0.0854,326.0,8.49,0.000397,105.0,-1.93,-46.0,105.0,-1.67,1.01,-7.16,0.132,324.0,13.7,0.00171,32.5,4.025,16.5,32.5,4.0,4.0,0,0,0,0,-1696.0,57.4,5.25,-1696.0,57.3,4.0,16.8,0.773,319,120.0,0.149,16,1,77,6,Layer 2 Down
148,3.05,97.7,148,2.92,12.92,-5.57,0.0972,326.0,7.23,0.000263,104.0,-1.88,-2.25,104.0,-1.9,2.34,-8.27,0.151,324.0,16.3,0.00191,32.5,4.0,4.0,32.5,4.0,4.0,0,0,0,0,-1696.0,57.4,63.3,-1696.0,57.3,4.000000954,19.3,0.924,316,120.0,0.178,16,1,77,6,Layer 2 Down
148,3.925,91.5,148,3.82,13.07,-4.72,0.0877,326.0,4.84,5.43e-05,103.4,-1.95,-52.3,103.4,-2.0,3.701,-7.71,0.143,324.0,15.7,0.0018,32.5,4.0,4.0,32.5,4.0,4.0,0,0,0,0,-1686.0,57.3,-35.4,-1686.0,57.3,3.999999046,23.6,1.07,318,115.0,0.206,16,1,77,6,Layer 2 Down
148,4.15,66.5,148,4.0,4.0,-3.68,0.0713,326.0,3.51,0.0,103.0,-2.0,41.5,102.9,-2.0,4.0,-5.67,0.0886,324.0,13.0,0.00114,32.5,4.0,10.25,32.5,4.0,4.0,0,0,0,0,-1686.0,57.4,13.69,-1686.0,57.3,4.0,14.1,0.805,318,118.0,0.153,16,1,77,6,Layer 2 Down
148,4.15,72.7,148,4.0,4.0,-7.15,0.0676,326.0,2.28,1.02e-05,102.4,-2.18,29.0,102.3,-2.0,4.0,-4.42,0.0876,324.0,14.2,0.0011,32.5,4.0,4.0,32.5,4.0,4.0,0,0,0,0,-1676.0,57.3,-2.5,-1676.0,57.3,4.0,24.2,1.01,317,120.0,0.194,16,1,79,6,Layer 2 Down
148,4.15,66.5,148,4.0,4.0,-3.67,0.0639,326.0,3.61,2.92e-05,101.8,-2.32,-46.0,101.7,-2.0,4.0,-4.51,0.112,324.0,15.0,0.00147,32.5,4.0,4.0,32.5,4.0,4.0,0,0,0,0,-1676.0,57.3,-3.5,-1676.0,57.3,4.0,21.3,0.93,317,117.0,0.179,16,1,79,6,Layer 2 Down
148,4.175,91.5,148,4.0,4.0,-4.73,0.0637,326.0,2.04,0.0,101.2,-2.1,-14.8,101.1,-2.0,4.0,-7.56,0.135,324.0,15.0,0.0018,32.5,4.0,4.0,32.5,4.0,4.0,0,0,0,0,-1666.0,57.4,17.1,-1666.0,57.3,4.000000954,17.3,0.728,319,120.0,0.139,16,1,2,6,Layer 2 Down
148,4.1,47.8,148,4.0,4.0,-4.52,0.0603,326.0,2.32,3.74e-05,100.6,-2.0,-14.8,100.5,-2.0,4.0,-8.73,0.143,324.0,15.1,0.00183,32.5,4.0,4.0,32.5,4.0,4.0,0,0,0,0,-1666.0,57.2,-18.3,-1666.0,57.3,3.999999046,23.5,1.05,317,119.0,0.202,16,1,79,6,Layer 2 Down
148,4.1,47.8,148,4.0,4.0,-4.62,0.0667,326.0,1.72,3.03e-05,100.0,-1.85,10.25,99.9,-2.0,4.0,-8.4,0.144,324.0,15.6,0.00179,32.5,4.0,4.0,32.5,4.0,4.0,0,0,0,0,-1656.0,57.5,58.3,-1656.0,57.3,4.0,16.5,0.841,317,115.0,0.157,16,1,79,6,Layer 2 Down
148,4.225,60.3,148,4.243,13.07,-2.32,0.0351,326.0,1.35,4.98e-06,99.5,-1.93,91.5,99.4,-2.0,4.341,-7.65,0.133,324.0,16.1,0.0017,32.5,4.0,4.0,32.5,4.0,4.0,0,0,0,0,-1656.0,57.4,0.75,-1656.0,57.3,4.0,17.9,0.772,318,120.0,0.148,16,1,79,6,Layer 2 Down
148,4.95,-33.5,148,5.14,12.91,3.93,0.0737,326.0,5.88,0.000173,98.9,-1.97,-58.5,98.8,-1.89,5.7,-4.73,0.117,324.0,15.0,0.00151,32.5,4.0,4.0,32.5,4.0,4.0,0,0,0,0,-1646.0,57.3,14.3,-1646.0,57.3,4.0,20.5,1.01,317,120.0,0.194,16,1,79,6,Layer 2 Down
149,6.0,41.5,149,5.98,12.57,6.04,0.104,326.0,8.6,0.000381,98.3,-1.75,60.3,98.3,-1.66,6.97,-5.3,0.0901,324.0,13.9,0.00111,32.5,4.0,4.0,32.5,4.0,4.0,0,0,0,0,-1646.0,57.3,-5.62,-1646.0,57.3,3.999999046,20.7,1.03,322,118.0,0.2,16,1,79,6,Layer 2 Down
149,6.8,-27.3,149,6.85,12.0,4.33,0.0794,326.0,8.36,0.000483,97.7,-1.47,-21.0,97.7,-1.28,8.28,-6.99,0.133,324.0,13.5,0.00151,32.5,4.025,10.25,32.5,4.0,4.0,0,0,0,0,-1636.0,57.2,-75.9,-1636.0,57.3,3.999999046,21.3,0.913,319,119.0,0.175,16,1,79,6,Layer 2 Down
149,7.7,10.25,149,7.61,11.26,3.81,0.0807,326.0,9.85,0.000659,97.2,-0.53,10.25,97.2,-0.79,9.44,-5.71,0.0931,324.0,12.1,0.000868,32.5,4.0,4.0,32.5,4.0,4.0,0,0,0,0,-1636.0,57.4,-42.1,-1626.0,57.3,4.0,18.9,0.993,315,118.0,0.19,16,1,79,6,Layer 2 Down
149,8.07,22.8,150,8.26,10.4,5.16,0.0988,326.0,12.5,0.000839,96.8,-0.55,-33.5,96.7,-0.22,10.43,-4.99,0.111,324.0,12.1,0.00105,32.5,4.0,4.0,32.5,4.0,4.0,0,0,0,0,-1626.0,57.3,0.5,-1626.0,57.3,4.0,21.7,0.972,322,118.0,0.188,16,1,79,6,Layer 2 Down
150,8.85,-14.8,150,8.87,9.32,5.1,0.0927,326.0,12.0,0.001,96.4,0.4,-2.25,96.3,0.5,11.35,-5.21,0.116,324.0,11.6,0.000838,32.5,4.0,4.0,32.5,4.0,4.0,0,0,0,0,-1616.0,57.4,5.88,-1616.0,57.3,4.0,17.4,0.771,318,118.0,0.148,16,1,79,6,Layer 2 Down
150,9.35,54.0,150,9.33,8.2,6.57,0.108,326.0,11.6,0.00125,96.1,1.08,-27.3,96.0,1.24,12.04,-5.0,0.0985,325.0,9.66,0.000617,32.5,4.0,-2.25,32.5,4.0,4.0,0,0,0,0,-1616.0,57.1,-88.4,-1616.0,57.3,3.999999046,25.6,1.04,322,120.0,0.198,16,1,79,6,Layer 2 Down
151,9.7,4.0,151,9.69,6.88,5.23,0.0923,326.0,12.7,0.00105,95.8,2.12,16.5,95.8,2.11,12.6,-4.84,0.0935,324.0,8.01,0.000401,32.5,4.0,4.0,32.5,4.0,4.0,0,0,0,0,-1606.0,57.3,-32.8,-1606.0,57.3,3.999999046,23.2,1.05,317,115.0,0.203,16,1,2,6,Layer 2 Down
152,9.97,60.3,152,9.91,5.56,5.53,0.104,326.0,13.0,0.00126,95.7,2.95,10.25,95.7,2.99,12.94,-5.06,0.0942,324.0,7.05,0.000196,32.5,4.0,4.0,32.5,4.0,4.0,0,0,0,0,-1606.0,57.4,16.9,-1606.0,57.3,4.0,14.2,0.804,317,117.0,0.152,16,1,79,6,Layer 2 Down
152,9.75,-27.3,152,10.0,4.192,5.81,0.105,326.0,14.7,0.00133,95.6,3.825,16.5,95.6,3.891,13.07,-6.6,0.117,325.0,6.56,5.63e-05,32.5,4.025,10.25,32.5,4.0,4.0,0,0,0,0,-1596.0,57.3,8.38,-1596.0,57.3,4.0,23.7,1.0,316,121.0,0.194,16,1,79,6,Layer 2 Down
153,10.15,-2.25,153,10.0,4.0,4.73,0.0701,326.0,11.4,0.00091,95.6,4.0,4.0,95.6,4.0,4.0,-4.99,0.0924,325.0,5.3,1.47e-05,32.5,4.025,10.25,32.5,4.0,4.0,0,0,0,0,-1596.0,57.3,-6.6,-1596.0,57.3,4.0,23.7,0.943,317,116.0,0.183,16,1,79,6,Layer 2 Down
153,10.15,60.3,153,10.0,4.0,5.04,0.0897,326.0,11.9,0.00115,95.6,4.025,4.0,95.6,4.0,4.0,-5.03,0.094,325.0,4.75,1.5e-05,32.5,4.025,22.8,32.5,4.0,4.0,0,0,0,0,-1586.0,57.4,22.3,-1586.0,57.3,4.000000954,17.2,0.718,317,119.0,0.137,16,1,81,6,Layer 2 Down
154,9.88,4.0,154,10.0,4.0,5.61,0.107,326.0,13.9,0.00135,95.6,4.0,-2.25,95.6,4.0,4.0,-4.89,0.0909,324.0,4.56,1.44e-05,32.5,4.0,10.25,32.5,4.0,4.0,0,0,0,0,-1586.0,57.3,-15.4,-1586.0,57.3,3.999999046,24.7,1.05,316,118.0,0.203,16,1,81,6,Layer 2 Down
154,9.85,-64.7,155,10.0,4.0,5.29,0.0946,326.0,14.5,0.0012,95.6,4.0,-2.25,95.6,4.0,4.0,-5.24,0.0918,324.0,4.13,1.46e-05,32.5,4.0,4.0,32.5,4.0,4.0,0,0,0,0,-1576.0,57.5,56.0,-1576.0,57.3,4.0,15.2,0.846,315,117.0,0.16,16,1,81,6,Layer 2 Down
155,10.05,-8.5,155,10.0,4.0,5.56,0.0871,326.0,12.2,0.00106,95.6,4.0,-2.25,95.6,4.0,4.0,-5.18,0.0903,324.0,4.3,1.43e-05,32.5,4.0,4.0,32.5,4.0,4.0,0,0,0,0,-1576.0,57.4,3.188,-1576.0,57.3,4.0,17.9,0.76,317,120.0,0.146,16,1,81,6,Layer 2 Down
156,10.13,35.3,156,10.0,4.0,3.28,0.0791,326.0,13.7,0.001,95.6,4.0,-2.25,95.6,4.0,4.0,-4.74,0.0905,324.0,4.64,1.44e-05,32.5,4.025,16.5,32.5,4.0,4.0,0,0,0,0,-1566.0,57.3,17.5,-1566.0,57.3,4.0,20.4,0.991,316,119.0,0.192,16,1,81,6,Layer 2 Down
156,9.97,41.5,156,10.0,4.0,5.57,0.104,326.0,14.0,0.00133,95.6,3.975,-14.8,95.6,4.0,4.0,-4.98,0.0893,324.0,4.28,1.43e-05,32.5,4.025,10.25,32.5,4.0,4.0,0,0,0,0,-1566.0,57.4,14.6,-1566.0,57.3,4.000000954,23.7,0.906,315,115.0,0.175,16,1,81,6,Layer 2 Down
157,9.88,-27.3,157,10.0,4.0,6.37,0.111,325.0,14.2,0.0014,95.6,4.0,-2.25,95.6,4.0,4.0,-4.59,0.0899,324.0,4.91,2.88e-05,32.5,4.0,4.0,32.5,4.0,4.0,0,0,0,0,-1556.0,57.2,-63.4,-1556.0,57.3,3.999999046,22.1,0.904,318,118.0,0.173,16,1,2,6,Layer 2 Down
157,10.03,-21.0,158,10.0,4.0,5.04,0.0809,326.0,12.9,0.000997,95.6,3.95,-21.0,95.6,4.0,4.0,-4.59,0.0895,325.0,4.74,2.82e-05,32.5,4.025,10.25,32.5,4.0,4.0,0,0,0,0,-1556.0,57.4,49.8,-1546.0,57.3,4.0,18.4,0.992,315,118.0,0.189,16,1,81,6,Layer 2 Down
158,10.13,47.8,158,10.0,4.0,4.33,0.0896,326.0,12.5,0.00113,95.6,3.95,-21.0,95.6,4.0,4.0,-4.35,0.0893,325.0,4.83,1.42e-05,32.5,4.0,4.0,32.5,4.0,4.0,0,0,0,0,-1546.0,57.3,3.75,-1546.0,57.3,4.0,24.0,0.93,316,118.0,0.179,16,1,81,6,Layer 2 Down
159,9.95,10.25,159,10.0,4.0,6.9,0.107,326.0,12.2,0.00139,95.6,4.0,-2.25,95.6,4.0,4.0,-4.5,0.088,324.0,5.3,1.41e-05,32.5,4.0,10.25,32.5,4.0,4.0,0,0,0,0,-1536.0,57.4,9.0,-1536.0,57.3,4.0,17.8,0.769,318,118.0,0.148,16,1,81,6,Layer 2 Down
159,9.95,-8.5,159,10.0,4.0,4.77,0.0996,326.0,13.9,0.00122,95.6,3.975,-14.8,95.6,4.0,4.0,-4.99,0.0887,324.0,4.39,0.0,32.5,4.025,16.5,32.5,4.0,4.0,0,0,0,0,-1536.0,57.4,66.1,-1536.0,57.3,4.000000954,18.7,0.938,315,120.0,0.181,16,1,81,6,Layer 2 Down
160,10.07,-2.25,160,10.0,4.0,4.98,0.0819,325.0,12.3,0.00103,95.6,3.95,-21.0,95.6,4.0,4.0,-4.94,0.0883,324.0,4.15,1.38e-05,32.5,4.025,10.25,32.5,4.0,4.0,0,0,0,0,-1526.0,57.3,-33.6,-1526.0,57.3,3.999999046,23.5,1.05,316,114.0,0.202,16,1,81,6,Layer 2 Down
160,10.2,54.0,161,10.0,4.0,4.91,0.1,325.0,12.8,0.0013,95.6,3.975,-14.8,95.6,4.0,4.0,-5.24,0.0882,324.0,4.11,4.22e-05,32.5,4.0,4.0,32.5,4.0,4.0,0,0,0,0,-1526.0,57.4,18.5,-1526.0,57.3,4.0,15.4,0.811,317,116.0,0.154,16,1,81,6,Layer 2 Down
161,9.9,-21.0,161,10.0,4.0,7.39,0.1,326.0,13.0,0.00128,95.6,4.05,29.0,95.6,4.0,4.0,-5.03,0.0741,325.0,6.79,-1.16e-05,32.5,3.975,-2.25,32.5,4.0,4.0,0,0,0,0,-1516.0,57.3,-19.9,-1516.0,57.3,4.0,22.4,0.915,322,120.0,0.177,16,1,81,6,Layer 2 Down
162,9.82,-33.5,162,10.0,4.0,6.39,0.118,326.0,14.8,0.0015,95.6,3.95,-27.3,95.6,4.0,4.0,-3.84,0.0871,324.0,4.96,2.77e-05,32.5,4.0,4.0,32.5,4.0,4.0,0,0,0,0,-1516.0,57.3,-5.37,-1516.0,57.3,4.0,24.1,0.945,317,115.0,0.183,16,1,81,6,Layer 2 Down
162,9.97,-33.5,162,10.0,4.0,4.69,0.088,326.0,13.7,0.00111,95.6,3.95,-21.0,95.6,4.0,4.0,-4.59,0.0866,325.0,4.41,2.77e-05,32.5,4.025,10.25,32.5,4.0,4.0,0,0,0,0,-1506.0,57.4,27.8,-1506.0,57.3,4.000000954,18.5,0.714,317,118.0,0.136,16,1,81,6,Layer 2 Down
163,10.05,60.3,163,10.0,4.0,4.14,0.0923,326.0,14.8,0.00116,95.6,4.05,35.3,95.6,4.0,4.0,-5.48,0.0765,325.0,6.26,-4.83e-05,32.5,3.975,-8.5,32.5,4.0,4.0,0,0,0,0,-1506.0,57.3,-10.3,-1506.0,57.3,4.0,19.0,0.897,321,119.0,0.173,16,1,81,6,Layer 2 Down
163,3.2,-596.0,164,9.5,879.0,3.53,0.16,326.0,3.97,0.000259,95.6,4.05,29.0,95.6,3.9601,-5.21,-4.45,0.0747,324.0,7.2,-4.69e-05,32.5,4.0,-2.25,32.5,4.0,4.0,0,0,0,0,-1496.0,57.3,-15.0,-1496.0,57.3,4.0,23.6,1.04,321,118.0,0.2,16,1,2,6,Layer 2 Down
164,10.03,54.0,164,9.87,1.22,4.05,0.0791,326.0,12.5,0.000986,95.6,2.87,10.25,95.6,2.76,-9.5,-7.28,0.135,324.0,9.17,0.000302,32.5,4.025,10.25,32.5,4.0,4.0,0,0,0,0,-1496.0,57.4,1.62,-1496.0,57.3,4.0,20.0,0.777,317,118.0,0.149,16,1,81,6,Layer 2 Down
165,9.43,-21.0,165,9.43,-1.77,4.58,0.0768,326.0,12.5,0.000856,95.4,1.65,-33.5,95.4,1.46,-8.5,-3.77,0.0777,324.0,8.33,0.000351,32.5,4.025,16.5,32.5,4.0,4.0,0,0,0,0,-1486.0,57.3,17.8,-1486.0,57.3,4.0,22.9,1.02,317,117.0,0.197,16,1,81,6,Layer 2 Down
165,8.78,-27.3,165,8.72,-4.45,5.38,0.0835,326.0,11.2,0.000823,95.1,0.47,41.5,95.0,0.29,-6.8,-3.47,0.0697,324.0,10.7,0.000501,32.5,4.0,4.0,32.5,4.0,4.0,0,0,0,0,-1486.0,57.4,16.4,-1486.0,57.3,4.000000954,23.3,0.913,316,115.0,0.176,16,1,81,6,Layer 2 Down
166,7.7,4.0,166,7.71,-6.8,7.9,0.102,326.0,10.3,0.000795,94.6,-0.6,4.0,94.6,-0.72,-4.54,-9.06,0.155,324.0,15.0,0.00148,32.5,4.0,-2.25,32.5,4.0,4.0,0,0,0,0,-1476.0,57.3,21.1,-1476.0,57.3,4.000000954,23.1,0.919,322,120.0,0.177,16,1,81,6,Layer 2 Down
166,6.72,22.8,166,6.59,-8.4,5.21,0.0948,326.0,9.26,0.000502,94.2,-1.63,-52.3,94.1,-1.41,-1.99,-2.78,0.0659,324.0,11.1,0.000727,32.5,4.025,16.5,32.5,4.0,4.0,0,0,0,0,-1476.0,57.4,51.6,-1466.0,57.3,4.0,15.2,1.0,317,121.0,0.191,16,1,81,6,Layer 2 Down
166,5.48,22.8,166,5.29,-9.4,5.0,0.105,326.0,6.88,0.000319,93.6,-1.78,29.0,93.5,-1.86,0.98,-5.15,0.0945,324.0,13.1,0.00115,32.5,4.025,10.25,32.5,4.0,4.0,0,0,0,0,-1466.0,57.3,5.63,-1466.0,57.3,4.0,31.2,0.958,317,110.0,0.184,16,1,81,6,Layer 2 Down
166,4.125,41.5,166,4.0,3.469,2.21,0.0736,326.0,3.31,3.42e-05,93.0,-1.68,160.0,93.0,4.0,421.0,0.864,0.0368,324.0,5.78,8.6e-05,32.5,4.0,4.0,32.5,4.0,4.0,0,0,0,0,-1456.0,57.4,9.81,-1456.0,57.3,4.0,18.9,0.781,319,118.0,0.15,16,1,81,6,Layer 2 Down
166,3.95,-27.3,166,4.0,4.0,1.66,0.0415,326.0,6.32,-3.51e-05,92.5,-1.82,-14.8,92.4,-2.0,4.0,-7.92,0.128,325.0,15.8,0.00159,32.5,4.0,4.0,32.5,4.0,4.0,0,0,0,0,-1456.0,57.3,-21.1,-1456.0,57.3,4.0,25.1,0.948,321,117.0,0.182,16,1,81,6,Layer 2 Down
166,4.0,-8.5,166,4.0,4.0,1.38,0.0386,326.0,6.5,-2.7e-05,91.9,-1.82,-27.3,91.8,-2.0,4.0,-6.81,0.121,325.0,15.1,0.00145,32.5,3.975,-8.5,32.5,4.0,4.0,0,0,0,0,-1446.0,57.4,42.4,-1446.0,57.3,4.000000954,18.8,0.717,323,118.0,0.136,16,1,82,6,Layer 2 Down
166,4.0,-8.5,166,4.0,4.0,3.04,0.0433,326.0,3.53,-2.16e-05,91.3,-1.65,91.5,91.2,-2.0,4.0,-6.15,0.0996,325.0,14.9,0.00122,32.5,3.975,-2.25,32.5,4.0,4.0,0,0,0,0,-1446.0,57.1,-68.7,-1446.0,57.3,3.999999046,28.6,1.1,321,117.0,0.21,16,1,2,6,Layer 2 Down
166,3.95,-21.0,166,4.0,4.0,3.05,0.0378,326.0,4.55,-1.06e-05,90.8,-2.35,4.0,90.8,-2.0,4.0,-4.53,0.0952,325.0,14.5,0.00127,32.5,3.975,-8.5,32.5,4.0,4.0,0,0,0,0,-1436.0,57.4,37.1,-1436.0,57.3,4.0,17.9,0.865,321,116.0,0.165,16,1,82,6,Layer 2 Down
166,4.0,-8.5,166,4.0,4.0,1.94,0.0351,326.0,5.31,-1.51e-05,90.2,-2.28,-14.8,90.2,-2.0,4.0,-8.0,0.121,325.0,12.1,0.00161,32.5,3.95,-14.8,32.5,4.0,4.0,0,0,0,0,-1436.0,57.4,18.9,-1436.0,57.3,4.0,19.7,0.752,322,119.0,0.144,16,1,84,6,Layer 2 Down
166,3.95,-27.3,166,4.0,4.0,1.37,0.0438,326.0,6.26,-2.87e-05,89.6,-2.1,-21.0,89.6,-2.0,4.0,-9.2,0.164,325.0,15.1,0.00209,32.5,3.975,-2.25,32.5,4.0,4.0,0,0,0,0,-1426.0,57.2,-36.4,-1426.0,57.3,4.0,24.2,1.04,321,118.0,0.199,16,1,84,6,Layer 2 Down
166,3.9,-58.5,166,4.0,4.0,2.77,0.0524,326.0,5.52,-2.08e-05,89.0,-2.0,-2.25,89.0,-2.0,4.0,-7.81,0.143,325.0,17.2,0.00178,32.5,3.975,-2.25,32.5,4.0,4.0,0,0,0,0,-1426.0,57.4,31.6,-1426.0,57.3,4.000000954,22.1,0.87,322,118.0,0.168,16,1,84,6,Layer 2 Down
166,3.95,-27.3,166,4.0,4.0,-2.21,0.0498,326.0,11.0,-1.65e-05,88.4,-1.82,-14.8,88.4,-2.0,4.0,-7.84,0.143,325.0,16.2,0.00183,32.5,3.975,-8.5,32.5,4.0,4.0,0,0,0,0,-1416.0,57.3,-44.4,-1416.0,57.3,3.999999046,21.4,0.945,322,116.0,0.182,16,1,84,6,Layer 2 Down
166,3.95,-33.5,166,4.0,4.0,0.827,0.0411,326.0,6.89,-2.9e-05,87.8,-1.68,22.8,87.8,-2.0,4.0,-8.13,0.133,324.0,15.3,0.00162,32.5,4.0,4.0,32.5,4.0,4.0,0,0,0,0,-1416.0,57.3,-18.4,-1416.0,57.3,4.0,20.6,1.02,321,116.0,0.195,16,1,84,6,Layer 2 Down
166,3.925,-33.5,166,4.0,4.0,2.22,0.0419,326.0,5.54,-1.83e-05,87.2,-1.65,66.5,87.2,-2.0,4.0,-5.41,0.0971,325.0,15.2,0.00117,32.5,3.975,-2.25,32.5,4.0,4.0,0,0,0,0,-1406.0,57.3,-2.0,-1406.0,57.3,4.0,24.8,0.886,321,120.0,0.17,16,1,84,6,Layer 2 Down
166,3.925,-58.5,166,4.0,4.0,1.38,0.0419,326.0,6.16,-2.32e-05,86.6,-1.82,110.0,86.6,-2.0,4.0,-3.98,0.0632,325.0,14.4,0.000711,32.5,4.0,4.0,32.5,4.0,4.0,0,0,0,0,-1406.0,57.4,9.88,-1406.0,57.3,4.0,19.6,0.814,322,118.0,0.157,16,1,84,6,Layer 2 Down
166,3.925,-39.8,166,4.0,4.0,3.88,0.0389,326.0,4.01,-1.07e-05,86.0,-2.18,16.5,86.0,-2.0,4.0,-2.06,0.0548,324.0,13.5,0.000637,32.5,4.0,4.0,32.5,4.0,4.0,0,0,0,0,-1396.0,57.3,18.2,-1396.0,57.3,4.000000954,24.3,0.904,321,118.0,0.174,16,1,84,6,Layer 2 Down
166,3.875,-58.5,166,4.0,4.0,3.61,0.0401,326.0,4.79,-1.51e-05,85.4,-2.13,-27.3,85.4,-2.0,4.0,-3.74,0.0833,324.0,14.1,0.00108,32.5,3.975,-2.25,32.5,4.0,4.0,0,0,0,0,-1386.0,57.3,-22.4,-1386.0,57.3,3.999999046,23.3,1.01,320,117.0,0.196,16,1,84,6,Layer 2 Down
166,3.925,-39.8,166,4.0,4.0,2.22,0.0453,326.0,5.51,-2.34e-05,84.8,-1.82,47.8,84.8,-2.0,4.0,-5.52,0.103,324.0,15.2,0.00126,32.5,3.975,-2.25,32.5,4.0,4.0,0,0,0,0,-1386.0,57.5,43.7,-1386.0,57.3,4.0,15.4,0.803,321,115.0,0.154,16,1,2,6,Layer 2 Down
166,4.125,72.7,166,4.0,4.0,0.84,0.0507,326.0,3.04,1.43e-05,84.2,-1.93,-21.0,84.1,-2.0,4.0,-6.61,0.101,324.0,13.6,0.0012,32.5,4.025,16.5,32.5,4.0,4.0,0,0,0,0,-1376.0,57.4,59.4,-1376.0,57.3,4.0,19.7,0.961,318,114.0,0.184,16,1,84,6,Layer 2 Down
166,3.9,-58.5,166,4.0,4.0,2.21,0.0395,326.0,6.01,-2.29e-05,83.6,-2.1,41.5,83.6,-2.0,4.0,-4.39,0.0775,325.0,14.7,0.000953,32.5,4.0,4.0,32.5,4.0,4.0,0,0,0,0,-1376.0,57.3,-16.4,-1376.0,57.3,4.0,22.7,0.935,321,119.0,0.181,16,1,84,6,Layer 2 Down
166,4.15,85.2,166,4.0,4.0,1.94,0.0509,326.0,1.82,3.68e-05,83.0,-2.2,-39.8,83.0,-2.0,4.0,-7.08,0.131,324.0,14.3,0.00169,32.5,4.0,4.0,32.5,4.0,4.0,0,0,0,0,-1366.0,57.3,-33.3,-1366.0,57.3,3.999999046,22.9,1.07,320,114.0,0.205,16,1,84,6,Layer 2 Down
166,4.175,91.5,166,4.0,4.0,0.278,0.0449,326.0,2.86,1.28e-05,82.4,-2.0,-8.5,82.4,-2.0,4.0,-8.71,0.144,324.0,15.2,0.00184,32.5,4.0,4.0,32.5,4.0,4.0,0,0,0,0,-1366.0,57.4,15.1,-1366.0,57.3,4.0,15.0,0.829,321,117.0,0.158,16,1,84,6,Layer 2 Down
166,4.15,85.2,166,4.0,4.0,0.824,0.0477,326.0,2.56,6.68e-06,81.8,-1.95,-14.8,81.8,-2.0,4.0,-7.57,0.138,324.0,16.1,0.00169,32.5,4.025,16.5,32.5,4.0,4.0,0,0,0,0,-1356.0,57.3,5.94,-1356.0,57.3,4.0,23.8,1.03,320,120.0,0.198,16,1,84,6,Layer 2 Down
166,4.2,97.7,166,4.0,4.0,1.39,0.0519,326.0,1.98,3.22e-05,81.2,-1.9,-39.8,81.2,-2.0,4.0,-7.59,0.135,324.0,14.8,0.00166,32.5,4.0,4.0,32.5,4.0,4.0,0,0,0,0,-1356.0,57.3,-2.88,-1356.0,57.3,4.0,22.0,0.953,320,117.0,0.184,16,1,84,6,Layer 2 Down
166,4.1,60.3,166,4.0,4.0,4.44,0.0411,326.0,3.12,-1.76e-05,80.7,-2.45,-109.0,80.6,-2.0,4.0,-6.2,0.113,325.0,13.9,0.00154,32.5,3.975,-2.25,32.5,4.0,4.0,0,0,0,0,-1346.0,57.4,10.81,-1346.0,57.3,4.000000954,18.5,0.74,321,119.0,0.141,16,1,84,6,Layer 2 Down
166,4.1,54.0,166,4.0,4.0,1.1,0.0493,326.0,2.83,2.13e-05,80.1,-2.03,-64.7,80.1,-2.0,4.0,-6.2,0.135,324.0,14.6,0.00178,32.5,4.0,4.0,32.5,4.0,4.0,0,0,0,0,-1346.0,57.3,-12.7,-1346.0,57.3,3.999999046,24.1,1.06,320,118.0,0.206,16,1,84,6,Layer 2 Down
166,3.875,-71.0,166,4.0,4.0,3.34,0.0404,326.0,5.33,-1.13e-05,79.5,-2.0,-8.5,79.4,-2.0,4.0,-7.3,0.122,324.0,14.0,0.00157,32.5,3.975,-2.25,32.5,4.0,4.0,0,0,0,0,-1336.0,57.5,55.8,-1336.0,57.3,4.0,15.7,0.964,321,116.0,0.186,16,1,84,6,Layer 2 Down
166,3.9,-64.7,166,3.99695,3.236,3.34,0.045,326.0,4.33,-1.77e-05,79.0,3.125,41.5,79.0,2.0,-496.0,0.167,0.0538,325.0,3.62,2.75e-06,32.5,4.0,4.0,32.5,4.0,4.0,0,0,0,0,-1336.0,57.3,-14.9,-1336.0,57.3,4.0,21.7,1.01,320,115.0,0.194,16,1,84,6,Layer 2 Down
166,2.92,72.7,166,2.65,-9.4,-3.57,0.0583,326.0,7.73,0.000152,78.4,-1.82,-64.7,78.4,-1.85,7.03,-6.87,0.131,324.0,15.8,0.00164,32.5,3.975,-8.5,32.5,4.0,4.0,0,0,0,0,-1326.0,57.3,-3.5,-1326.0,57.3,4.0,25.0,0.89,320,119.0,0.171,16,1,2,6,Layer 2 Down
166,1.47,29.0,166,1.36,-8.4,-6.12,0.0986,326.0,9.91,0.000506,77.9,-1.1,129.0,77.8,-1.39,10.0,-4.38,0.0682,325.0,13.8,0.000696,32.5,3.975,-8.5,32.5,4.0,4.0,0,0,0,0,-1326.0,57.4,15.7,-1326.0,57.3,4.0,19.5,0.81,321,117.0,0.157,16,1,86,6,Layer 2 Down
166,0.2,-52.3,166,0.2,-6.7,-4.8,0.0888,326.0,11.6,0.000714,77.4,-0.47,110.0,77.3,-0.65,12.65,-5.23,0.0904,324.0,14.4,0.000874,32.5,3.975,-2.25,32.5,4.0,4.0,0,0,0,0,-1316.0,57.3,18.0,-1316.0,57.3,4.000000954,25.7,0.917,320,117.0,0.176,16,1,86,6,Layer 2 Down
165,-0.72,-33.5,165,-0.75,-4.44,-5.09,0.11,326.0,14.4,0.00109,76.9,0.47,35.3,76.9,0.34,14.8,-5.16,0.0837,325.0,11.2,0.000605,32.5,3.975,-8.5,32.5,4.0,4.0,0,0,0,0,-1306.0,57.3,-20.6,-1306.0,57.3,3.999999046,21.7,1.0,320,119.0,0.194,16,1,86,6,Layer 2 Down
165,-1.2,16.5,165,-1.46,-1.76,-7.33,0.118,326.0,13.8,0.00128,76.6,1.58,4.0,76.6,1.51,16.5,-5.36,0.095,325.0,10.4,0.000467,32.5,4.0,4.0,32.5,4.0,4.0,0,0,0,0,-1306.0,57.5,35.3,-1306.0,57.3,4.0,16.1,0.802,320,114.0,0.154,16,1,86,6,Layer 2 Down
164,-1.88,29.0,164,-1.88,1.23,-5.22,0.0854,326.0,14.1,0.00105,76.4,2.77,29.0,76.4,2.82,17.5,-8.64,0.109,325.0,6.45,0.000243,32.5,4.0,4.0,32.5,4.0,4.0,0,0,0,0,-1296.0,57.2,-40.8,-1296.0,57.3,4.0,26.7,1.0,320,119.0,0.192,16,1,86,6,Layer 2 Down
163,0.67,-1086.0,163,-2.0,-121.0,-17.0,0.22,326.0,18.8,0.00193,76.4,3.95,-21.0,76.4,4.0,4.0,-2.53,0.0542,325.0,2.59,-8.32e-06,32.5,4.0,4.0,32.5,4.0,4.0,0,0,0,0,-1296.0,57.4,33.6,-1296.0,57.3,4.0,17.8,0.819,321,119.0,0.157,16,1,86,6,Layer 2 Down
163,-2.2,-27.3,163,-2.0,4.0,-4.64,0.0834,326.0,12.9,0.00106,76.4,4.025,22.8,76.4,4.0,4.0,-1.26,0.0442,325.0,3.2,-6.88e-06,32.5,4.0,-2.25,32.5,4.0,4.0,0,0,0,0,-1286.0,57.4,40.0,-1286.0,57.3,4.000000954,19.3,0.728,321,118.0,0.138,16,1,86,6,Layer 2 Down
162,-1.95,-14.8,162,-2.0,4.0,-6.09,0.104,326.0,14.1,0.00131,76.4,4.05,29.0,76.4,4.0,4.0,-1.45,0.0297,325.0,3.14,0.0,32.5,3.975,-2.25,32.5,4.0,4.0,0,0,0,0,-1286.0,57.2,-64.6,-1286.0,57.3,3.999999046,28.9,1.11,320,116.0,0.212,16,1,86,6,Layer 2 Down
162,-1.68,66.5,162,-2.0,4.0,-6.77,0.102,326.0,15.2,0.0012,76.4,4.05,29.0,76.4,4.0,4.0,-0.429,0.0303,325.0,4.54,-3.98e-06,32.5,3.975,-2.25,32.5,4.0,4.0,0,0,0,0,-1276.0,57.4,47.7,-1276.0,57.3,4.0,15.6,0.851,319,117.0,0.162,16,1,86,6,Layer 2 Down
161,-1.88,97.7,161,-2.0,4.0,-4.43,0.0676,326.0,13.5,0.000846,76.4,4.05,35.3,76.4,4.0,4.0,-1.89,0.0303,325.0,2.64,3.99e-06,32.5,4.0,4.0,32.5,4.0,4.0,0,0,0,0,-1276.0,57.4,15.8,-1276.0,57.3,4.0,19.9,0.759,321,118.0,0.145,16,1,86,6,Layer 2 Down
161,-2.05,10.25,160,-2.0,4.0,-5.67,0.0835,326.0,12.7,0.00103,76.4,4.025,22.8,76.4,4.0,4.0,-2.58,0.0311,325.0,2.15,-4.09e-06,32.5,3.975,-2.25,32.5,4.0,4.0,0,0,0,0,-1266.0,57.2,-36.0,-1266.0,57.3,4.0,24.3,1.06,319,118.0,0.202,16,1,2,6,Layer 2 Down
160,-1.95,-8.5,160,-2.0,4.0,-6.23,0.101,326.0,12.8,0.0013,76.4,4.0,10.25,76.4,4.0,4.0,-2.45,0.0298,325.0,2.23,7.7e-06,32.5,4.0,4.0,32.5,4.0,4.0,0,0,0,0,-1266.0,57.4,38.3,-1266.0,57.3,4.000000954,20.2,0.846,319,119.0,0.162,16,1,86,6,Layer 2 Down
159,-1.85,60.3,159,-2.0,4.0,-5.7,0.0895,326.0,14.1,0.00108,76.4,4.05,29.0,76.4,4.0,4.0,-1.82,0.0321,325.0,2.6,-4.31e-06,32.5,3.975,-2.25,32.5,4.0,4.0,0,0,0,0,-1256.0,57.3,-46.3,-1256.0,57.3,3.999999046,22.6,0.95,320,115.0,0.183,16,1,86,6,Layer 2 Down
159,-1.9,79.0,159,-2.0,4.0,-5.23,0.0733,326.0,13.7,0.000874,76.4,4.0,10.25,76.4,4.0,4.0,-1.21,0.034,325.0,3.1,0.0,32.5,4.0,4.0,32.5,4.0,4.0,0,0,0,0,-1256.0,57.3,-11.9,-1256.0,57.3,4.0,20.8,1.0,319,116.0,0.193,16,1,86,6,Layer 2 Down
158,-2.2,-83.5,158,-2.0,4.0,-4.78,0.092,326.0,13.3,0.00118,76.4,3.95,-14.8,76.4,4.0,4.0,-0.941,0.0351,324.0,2.46,9.67e-06,32.5,4.0,4.0,32.5,4.0,4.0,0,0,0,0,-1246.0,57.3,9.5,-1246.0,57.3,4.0,21.2,1.02,322,118.0,0.197,16,1,86,6,Layer 2 Down
158,-1.97,-52.3,157,-2.0,4.0,-5.4,0.105,326.0,15.3,0.00138,76.4,3.975,-14.8,76.4,4.0,4.0,-2.33,0.0347,325.0,1.07,-9.47e-06,32.5,3.975,-2.25,32.5,4.0,4.0,0,0,0,0,-1246.0,57.4,15.1,-1246.0,57.3,4.000000954,21.7,0.897,322,116.0,0.173,16,1,86,6,Layer 2 Down
157,-1.9,35.3,157,-2.0,4.0,-5.71,0.107,326.0,15.4,0.00129,76.4,4.025,16.5,76.4,4.0,4.0,-1.77,0.0362,325.0,2.91,4.12e-06,32.5,4.0,4.0,32.5,4.0,4.0,0,0,0,0,-1236.0,57.3,22.8,-1236.0,57.3,4.000000954,23.0,0.905,319,119.0,0.175,16,1,86,6,Layer 2 Down
156,-1.9,79.0,156,-2.0,4.0,-5.51,0.0923,326.0,14.2,0.00112,76.4,4.025,16.5,76.4,4.0,4.0,-3.04,0.032,325.0,0.969,4.35e-06,32.5,4.0,-2.25,32.5,4.0,4.0,0,0,0,0,-1226.0,57.3,-18.4,-1226.0,57.3,3.999999046,21.6,1.01,319,118.0,0.194,16,1,86,6,Layer 2 Down
156,-2.18,-27.3,156,-2.0,4.0,-4.14,0.0809,326.0,14.3,0.00103,76.4,4.0,10.25,76.4,4.0,4.0,-1.77,0.0313,325.0,2.74,3.64e-06,32.5,4.0,4.0,32.5,4.0,4.0,0,0,0,0,-1226.0,57.5,37.6,-1226.0,57.3,4.0,16.0,0.812,319,113.0,0.155,16,1,86,6,Layer 2 Down
155,-2.05,-27.3,155,-2.0,4.0,-5.64,0.107,326.0,14.1,0.00139,76.4,4.05,29.0,76.4,4.0,4.0,-3.21,0.0323,325.0,1.9,0.0,32.5,4.025,16.5,32.5,4.0,4.0,0,0,0,0,-1216.0,57.2,-42.3,-1216.0,57.3,4.0,27.3,1.0,319,119.0,0.193,16,1,86,6,Layer 2 Down
155,-1.88,60.3,154,-2.0,4.0,-6.16,0.109,326.0,15.0,0.00137,76.4,4.05,29.0,76.4,4.0,4.0,-1.89,0.0399,325.0,3.11,1.53e-05,32.5,4.0,4.0,32.5,4.0,4.0,0,0,0,0,-1216.0,57.3,-18.1,-1216.0,57.3,4.0,22.1,0.949,319,119.0,0.183,16,1,2,6,Layer 2 Down
154,-2.03,29.0,154,-2.0,4.0,-6.16,0.0986,325.0,14.1,0.00121,76.4,4.0,10.25,76.4,4.0,4.0,-2.58,0.0344,325.0,1.95,0.0,32.5,4.0,4.0,32.5,4.0,4.0,0,0,0,0,-1206.0,57.4,40.3,-1206.0,57.3,4.000000954,20.1,0.728,320,116.0,0.138,16,1,86,6,Layer 2 Down
153,-1.97,72.7,153,-2.0,4.0,-7.48,0.088,326.0,11.9,0.00107,76.4,4.025,16.5,76.4,4.0,4.0,-2.79,0.0322,325.0,1.6,4.03e-06,32.5,4.0,4.0,32.5,4.0,4.0,0,0,0,0,-1206.0,57.2,-58.0,-1206.0,57.3,3.999999046,28.9,1.09,319,117.0,0.208,16,1,86,6,Layer 2 Down
153,-2.13,-8.5,153,-2.0,4.0,-4.35,0.0858,326.0,14.2,0.00109,76.4,3.95,-14.8,76.4,4.0,4.0,-1.01,0.0295,324.0,2.6,4.19e-06,32.5,4.0,4.0,32.5,4.0,4.0,0,0,0,0,-1196.0,57.3,-31.9,-1196.0,57.3,3.999999046,21.2,0.993,322,117.0,0.192,16,1,86,6,Layer 2 Down
152,-1.85,16.5,152,-2.0,4.0,-6.12,0.114,326.0,15.2,0.00144,76.4,4.025,16.5,76.4,4.0,4.0,-2.01,0.0324,325.0,2.28,8.71e-06,32.5,4.0,4.0,32.5,4.0,4.0,0,0,0,0,-1196.0,57.4,21.6,-1196.0,57.3,4.0,19.9,0.75,319,117.0,0.144,16,1,86,6,Layer 2 Down
152,-1.85,29.0,151,-2.0,4.0,-6.59,0.105,326.0,14.3,0.00128,76.4,4.025,22.8,76.4,4.0,4.0,-2.84,0.0312,325.0,1.82,8.43e-06,32.5,4.0,4.0,32.5,4.0,4.0,0,0,0,0,-1186.0,57.2,-31.3,-1186.0,57.3,4.0,25.2,1.05,318,117.0,0.203,16,1,86,6,Layer 2 Down
151,-1.95,60.3,151,-2.0,4.0,-4.88,0.0896,326.0,14.3,0.0011,76.4,4.025,22.8,76.4,4.0,4.0,-3.09,0.0334,325.0,1.81,0.0,32.5,4.0,4.0,32.5,4.0,4.0,0,0,0,0,-1186.0,57.4,35.4,-1186.0,57.3,4.000000954,21.0,0.86,318,119.0,0.165,16,1,86,6,Layer 2 Down
150,-2.07,-52.3,150,-2.0,4.0,-5.38,0.105,325.0,14.1,0.00136,76.4,4.025,16.5,76.4,4.0,4.0,-2.4,0.0373,324.0,1.66,4.69e-06,32.5,4.0,4.0,32.5,4.0,4.0,0,0,0,0,-1176.0,57.3,-37.5,-1176.0,57.3,3.999999046,22.3,0.943,319,114.0,0.182,16,1,86,6,Layer 2 Down
150,-1.88,22.8,150,-2.0,4.0,-6.14,0.11,326.0,14.4,0.00144,76.4,4.05,29.0,76.4,4.0,4.0,-0.502,0.0359,325.0,4.34,9.63e-06,32.5,4.0,4.0,32.5,4.0,4.0,0,0,0,0,-1176.0,57.3,-3.62,-1176.0,57.3,4.0,20.3,0.993,318,116.0,0.192,16,1,86,6,Layer 2 Down
149,-1.72,79.0,149,-2.0,4.0,-7.04,0.103,325.0,14.3,0.00128,76.4,4.025,10.25,76.4,4.0,4.0,-3.65,0.0349,324.0,2.2,4.58e-06,32.5,4.0,4.0,32.5,4.0,4.0,0,0,0,0,-1166.0,57.3,-0.69,-1166.0,57.3,4.0,24.4,0.903,318,120.0,0.173,16,1,86,6,Layer 2 Down
148,-1.93,-2.25,148,-2.0,4.0,-6.46,0.114,325.0,14.8,0.00146,76.4,4.05,22.8,76.4,4.0,4.0,-1.96,0.0405,324.0,2.22,0.0,32.5,4.0,4.0,32.5,4.0,4.0,0,0,0,0,-1166.0,57.4,23.4,-1156.0,57.3,4.0,18.1,1.0,318,119.0,0.194,16,1,2,6,Layer 2 Down
148,-2.47,-390.0,148,-1.99,4.661,-2.78,0.0472,326.0,13.0,0.000353,76.4,4.1,10.25,76.4,4.316,17.7,-0.362,0.0157,324.0,3.58,7.4e-07,32.5,4.0,4.0,32.5,4.0,4.0,0,0,0,0,-1156.0,57.3,4.812,-1156.0,57.3,4.0,22.4,0.973,322,117.0,0.188,16,1,86,6,Layer 2 Down
147,-2.03,-77.2,147,-1.76,7.76,-3.15,0.0752,326.0,12.6,0.000939,76.5,5.65,60.3,76.5,5.67,17.2,5.46,0.094,324.0,7.2,0.000313,32.5,4.0,4.0,32.5,4.0,4.0,0,0,0,0,-1146.0,57.4,35.7,-1146.0,57.3,4.000000954,18.7,0.809,322,118.0,0.155,16,1,88,6,Layer 2 Down
147,-1.15,66.5,147,-1.21,10.78,-5.47,0.0928,326.0,13.6,0.00101,76.7,7.15,60.3,76.7,6.98,16.0,6.64,0.128,324.0,11.2,0.000879,32.5,4.0,4.0,32.5,4.0,4.0,0,0,0,0,-1146.0,57.4,58.7,-1146.0,57.3,4.000000954,18.7,0.918,317,121.0,0.177,16,1,88,6,Layer 2 Down
146,-0.65,-21.0,146,-0.43,13.22,-4.37,0.0941,326.0,11.0,0.000864,77.0,8.25,29.0,77.1,8.05,14.2,4.72,0.0834,324.0,10.8,0.000727,32.5,4.0,4.0,32.5,4.0,4.0,0,0,0,0,-1136.0,57.4,56.4,-1136.0,57.3,4.0,17.3,0.937,322,116.0,0.177,16,1,88,6,Layer 2 Down
146,0.47,29.0,146,0.65,15.4,-4.86,0.0832,325.0,9.39,0.000608,77.5,8.75,-64.7,77.5,8.98,11.73,4.17,0.0621,324.0,11.1,0.000569,32.5,4.0,4.0,32.5,4.0,4.0,0,0,0,0,-1136.0,57.4,-6.2,-1136.0,57.3,4.0,18.1,0.872,319,114.0,0.167,16,1,88,6,Layer 2 Down
146,1.78,35.3,146,1.87,16.8,-5.73,0.0965,325.0,9.29,0.000482,78.0,9.45,-64.7,78.1,9.61,8.95,7.06,0.102,324.0,12.3,0.00117,32.5,4.0,4.0,32.5,4.0,4.0,0,0,0,0,-1126.0,57.3,1.31,-1126.0,57.3,4.0,22.8,0.949,318,123.0,0.183,16,1,88,6,Layer 2 Down
146,2.87,-77.2,146,3.142,17.6,-2.53,0.0473,326.0,4.11,8.76e-05,78.6,10.13,72.7,78.6,9.94,6.03,9.7,0.145,324.0,12.7,0.00187,32.5,4.0,4.0,32.5,4.0,4.0,0,0,0,0,-1126.0,57.4,54.7,-1126.0,57.3,4.000000954,21.6,0.937,322,116.0,0.18,16,1,88,6,Layer 2 Down
145,3.85,-71.0,145,4.0,4.0,-3.39,0.0549,326.0,3.08,-8.54e-06,79.1,9.28,-8.5,79.2,10.0,4.0,12.3,0.21,324.0,15.6,0.00263,32.5,4.0,4.0,32.5,4.0,4.0,0,0,0,0,-1116.0,57.3,-31.9,-1116.0,57.3,3.999999046,21.0,0.979,322,118.0,0.189,16,1,88,6,Layer 2 Down
145,4.15,85.2,145,4.0,4.0,-3.38,0.0645,326.0,6.16,1.91e-05,79.7,9.8,-2.25,79.8,10.0,4.0,7.04,0.107,324.0,12.9,0.00132,32.5,4.0,4.0,32.5,4.0,4.0,0,0,0,0,-1116.0,57.2,-7.1,-1116.0,57.3,3.999999046,24.1,1.07,318,120.0,0.207,16,1,88,6,Layer 2 Down
145,3.8,-89.7,145,4.0,4.0,-1.65,0.046,326.0,4.29,-1.39e-05,80.3,10.0,-33.5,80.4,10.0,4.0,4.04,0.0643,325.0,13.3,0.00077,32.5,4.0,4.0,32.5,4.0,4.0,0,0,0,0,-1106.0,57.2,-30.4,-1106.0,57.3,4.0,25.2,1.03,318,119.0,0.199,16,1,2,6,Layer 2 Down
145,4.225,117.0,145,4.0,4.0,-5.32,0.07,326.0,4.1,3.07e-05,80.8,5.0,4.0,80.8,6.0,504.0,-4.61,0.0781,324.0,2.37,2.32e-05,32.5,4.0,4.0,32.5,4.0,4.0,0,0,0,0,-1106.0,57.4,10.94,-1106.0,57.3,4.0,17.4,0.727,320,118.0,0.139,16,1,88,6,Layer 2 Down
145,4.2,97.7,145,4.0,4.0,-1.49,0.0649,326.0,8.88,1.99e-05,81.4,10.32,47.8,81.4,10.0,4.0,5.47,0.103,324.0,12.8,0.00139,32.5,4.0,4.0,32.5,4.0,4.0,0,0,0,0,-1096.0,57.3,-9.6,-1096.0,57.3,4.0,21.2,1.05,318,120.0,0.203,16,1,89,6,Layer 2 Down
145,4.225,104.0,145,4.0,4.0,-4.18,0.0691,326.0,4.16,3.24e-05,81.8,3.95,29.0,81.8,4.0,4.0,2.38,0.0319,325.0,0.764,-8.59e-06,32.7,21.5,1114.0,32.9,30.0,1004.0,0,0,0,0,-1096.0,57.3,-5.25,-1096.0,57.3,4.0,20.8,0.995,318,116.0,0.191,16,1,89,50,Repositioning
145,3.8,-96.0,145,4.0,4.0,-2.24,0.0462,325.0,3.19,-1.32e-05,81.8,4.025,29.0,81.8,4.0,4.0,2.0,0.0273,323.0,1.28,-6.11e-06,37.3,54.1,22.8,37.7,54.0,4.0,0,0,0,0,-1086.0,57.5,47.9,-1086.0,57.3,4.0,13.0,0.837,322,116.0,0.156,16,1,91,50,Repositioning
145,4.225,117.0,145,4.0,4.0,-3.04,0.0647,325.0,6.63,0.0,81.8,3.975,-8.5,81.8,4.0,4.0,1.46,0.0255,323.0,0.414,2.61e-06,42.5,54.0,-8.5,42.9,54.0,4.0,0,0,0,0,-1086.0,57.4,21.6,-1076.0,57.3,4.0,17.9,1.0,316,119.0,0.194,16,1,91,50,Repositioning
145,3.8,-96.0,145,4.0,4.0,-1.7,0.0423,325.0,3.81,-6.21e-06,81.8,4.0,4.0,81.8,4.0,4.0,1.15,0.03,323.0,0.473,0.0,47.3,54.1,16.5,47.7,54.0,4.0,0,0,0,0,-1076.0,57.3,4.0,-1076.0,57.3,4.0,22.7,0.963,321,117.0,0.185,16,1,91,50,Repositioning
145,4.2,91.5,145,4.0,4.0,-2.75,0.0443,325.0,7.09,-6.06e-06,81.8,4.025,10.25,81.8,4.0,4.0,1.08,0.0231,323.0,0.693,-7.38e-06,52.3,54.0,-2.25,52.7,54.0,4.0,0,0,0,0,-1066.0,57.3,-22.6,-1066.0,57.3,3.999999046,21.0,0.993,316,118.0,0.192,16,1,91,50,Repositioning
145,4.125,60.3,145,4.0,4.0,-4.48,0.0713,326.0,3.59,4.25e-05,81.8,3.95,-21.0,81.8,4.0,4.0,1.46,0.0229,324.0,1.26,-2.62e-06,57.2,32.0,-1166.0,57.3,24.0,-996.0,0,0,0,0,-1066.0,57.5,49.0,-1066.0,57.3,4.0,15.7,0.794,317,113.0,0.152,16,1,91,50,Repositioning
146,12.55,779.0,146,20.1,898.0,19.0,0.319,325.0,23.8,0.00653,81.7,-0.38,-477.0,81.7,-4.05,-443.0,-9.94,0.189,324.0,17.1,0.002,57.5,4.0,10.25,57.5,4.0,4.0,0,0,0,0,-1056.0,57.4,55.6,-1056.0,57.3,4.0,18.9,0.939,323,115.0,0.178,16,1,91,50,Repositioning
149,48.9,60.3,150,48.7,3.9999046,8.87,0.173,324.0,64.2,0.0164,79.8,-18.5,-8.5,79.6,-18.4,4.0,-9.3,0.15,323.0,36.8,0.00707,57.5,4.025,16.5,57.5,4.0,4.0,0,0,0,0,-1056.0,57.4,29.2,-1056.0,57.3,4.0,17.7,0.801,322,119.0,0.153,16,1,2,50,Repositioning
154,48.7,-77.2,154,47.7,-251.0,10.2,0.157,323.0,62.7,0.0147,77.7,-18.4,-46.0,77.5,-17.8,131.0,-5.57,0.166,323.0,37.7,0.00785,57.5,4.0,4.0,57.5,4.0,4.0,0,0,0,0,-1046.0,57.4,47.2,-1046.0,57.3,4.000000954,19.9,0.722,317,117.0,0.136,16,1,94,50,Repositioning
155,3.95,10.25,155,4.0,4.0,0.766,0.0163,326.0,0.983,-1.53e-06,77.0,4.15,54.0,77.0,4.0,4.0,-1.21,0.0152,324.0,2.36,6.04e-08,56.5,-38.0,-983.0,56.2,-45.5,-871.0,0,0,0,0,-1046.0,57.4,55.5,-1046.0,57.3,4.000000954,22.1,0.92,322,116.0,0.177,16,1,94,50,Repositioning
155,4.075,35.3,155,4.0,4.0,0.779,0.0214,326.0,1.02,2.76e-06,77.0,4.0,4.0,77.0,4.0,4.0,-1.06,0.0172,325.0,2.29,1.83e-06,51.8,-46.0,-8.5,51.4,-46.0,4.0,0,0,0,0,-1036.0,57.3,-35.2,-1036.0,57.3,3.999999046,21.7,0.975,322,117.0,0.188,16,1,94,50,Repositioning
155,3.925,-33.5,155,4.0,4.0,0.993,0.0245,326.0,2.37,0.0,77.0,3.975,-8.5,77.0,4.0,4.0,0.539,0.022,324.0,0.472,5.04e-07,46.5,-46.0,-2.25,46.2,-46.0,4.0,0,0,0,0,-1036.0,57.3,-4.25,-1036.0,57.3,3.999999046,23.8,1.05,317,121.0,0.205,16,1,94,50,Repositioning
155,3.925,-33.5,155,4.0,4.0,0.96,0.0316,326.0,2.1,4.57e-06,77.0,4.0,-2.25,77.0,4.0,4.0,-0.738,0.0231,325.0,2.77,-3.53e-07,42.5,-4.05,1004.0,42.5,3.5,879.0,0,0,0,0,-1026.0,57.4,30.3,-1026.0,57.3,4.0,19.5,0.913,317,113.0,0.175,16,1,94,50,Repositioning
155,4.075,41.5,155,4.0,4.0,0.665,0.0197,326.0,1.18,2.91e-06,77.0,4.025,22.8,77.0,4.0,4.0,-0.58,0.0175,325.0,1.79,1.82e-06,42.1,-1.57,110.0,42.0,-2.0,4.0,0,0,0,0,-1026.0,57.4,0.12,-1026.0,57.3,4.0,19.0,0.84,323,119.0,0.161,16,1,94,6,Layer 3 Up
155,3.925,-27.3,155,4.0,4.0,1.64,0.0229,326.0,2.58,5.37e-06,77.0,3.975,-8.5,77.0,4.0,4.0,-0.42,0.0214,325.0,1.64,7.75e-07,41.5,-1.68,129.0,41.4,-2.0,4.0,0,0,0,0,-1016.0,57.3,-8.4,-1016.0,57.3,4.0,20.9,1.04,317,120.0,0.201,16,1,95,6,Layer 3 Up
155,3.95,-27.3,155,4.0,4.0,1.09,0.0223,326.0,2.03,2.55e-06,77.0,4.0,-2.25,77.0,4.0,4.0,-0.899,0.0158,325.0,2.41,-7.44e-07,40.9,-2.03,104.0,40.8,-2.0,4.0,0,0,0,0,-1016.0,57.4,39.2,-1016.0,57.3,4.000000954,23.7,0.849,317,115.0,0.163,16,1,95,6,Layer 3 Up
155,4.05,-8.5,155,4.0,4.0,0.977,0.0207,326.0,0.809,1.37e-06,77.0,4.0,4.0,77.0,4.0,4.0,-1.54,0.0238,325.0,2.88,1.08e-06,40.3,-2.03,-127.0,40.2,-2.0,4.0,0,0,0,0,-1006.0,57.3,-1.56,-1006.0,57.3,4.0,23.5,0.88,316,121.0,0.168,16,1,95,6,Layer 3 Up
155,3.95,-14.8,155,4.0,4.0,1.49,0.0224,326.0,0.624,0.0,77.0,3.975,-8.5,77.0,4.0,4.0,0.22,0.0182,325.0,0.765,0.0,39.7,-1.93,-109.0,39.6,-2.0,4.0,0,0,0,0,-1006.0,57.4,27.5,-996.0,57.3,4.0,18.1,0.992,317,118.0,0.191,16,1,2,6,Layer 3 Up
155,4.075,35.3,155,4.0,4.0,0.338,0.0191,326.0,1.14,-1.2e-06,77.0,4.025,16.5,77.0,4.0,4.0,-1.38,0.0165,325.0,2.17,-1.31e-06,39.1,-1.7,154.0,39.0,-2.0,4.0,0,0,0,0,-996.0,57.3,4.438,-996.0,57.3,4.0,22.9,0.971,322,117.0,0.188,16,1,95,6,Layer 3 Up
155,4.075,41.5,155,4.0,4.0,1.29,0.0231,326.0,0.47,0.0,77.0,4.025,16.5,77.0,4.0,4.0,-1.06,0.0255,325.0,2.4,-1.76e-06,38.5,-2.3,-33.5,38.4,-2.0,4.0,0,0,0,0,-991.0,57.4,33.4,-990.0,57.3,4.000000954,19.0,0.797,323,118.0,0.153,16,1,95,6,Layer 3 Up
155,3.95,-21.0,155,4.0,4.0,0.549,0.0227,326.0,1.9,5.31e-06,77.0,4.0,-2.25,77.0,4.0,4.0,-0.579,0.0251,325.0,2.27,6.15e-07,37.9,-2.38,-46.0,37.8,-2.0,4.0,0,0,0,0,-985.0,57.4,55.1,-985.0,57.3,4.000000954,19.4,0.908,316,121.0,0.174,16,1,95,6,Layer 3 Up
155,4.05,35.3,155,4.0,4.0,0.238,0.0191,326.0,1.36,-1.47e-06,77.0,4.05,29.0,77.0,4.0,4.0,-0.739,0.0194,324.0,1.35,-1.76e-06,37.3,-1.6,72.7,37.2,-2.0,4.0,0,0,0,0,-980.0,57.4,51.3,-980.0,57.3,4.0,17.9,0.934,322,117.0,0.176,16,1,95,6,Layer 3 Up
155,4.025,22.8,155,4.0,4.0,1.08,0.0286,326.0,0.334,-1.64e-06,77.0,4.025,16.5,77.0,4.0,4.0,-0.259,0.0203,325.0,0.292,1.27e-06,36.7,-1.75,179.0,36.6,-2.0,4.0,0,0,0,0,-975.0,57.4,30.8,-974.0,57.3,4.0,17.7,0.797,323,119.0,0.152,16,1,95,6,Layer 3 Up
155,3.925,-27.3,155,4.0,4.0,1.19,0.0222,326.0,1.31,2.8e-06,77.0,3.975,-8.5,77.0,4.0,4.0,0.858,0.0189,325.0,0.163,0.0,36.1,-1.95,85.2,36.0,-2.0,4.0,0,0,0,0,-969.0,57.3,5.25,-969.0,57.3,4.0,21.5,0.945,317,123.0,0.181,16,1,95,6,Layer 3 Up
155,4.05,29.0,155,4.0,4.0,0.366,0.0211,326.0,1.86,-1.08e-06,77.0,4.025,16.5,77.0,4.0,4.0,1.5,0.0177,325.0,1.92,7.89e-07,35.5,-2.1,-89.7,35.4,-2.0,4.0,0,0,0,0,-964.0,57.4,53.8,-964.0,57.3,4.000000954,21.3,0.933,323,118.0,0.179,16,1,95,6,Layer 3 Up
155,4.025,16.5,155,4.0,4.0,0.665,0.0221,326.0,1.02,-2.89e-06,77.0,4.025,16.5,77.0,4.0,4.0,0.38,0.0209,325.0,0.557,-2.11e-06,34.9,-1.7,4.0,34.8,-2.0,4.0,0,0,0,0,-959.0,57.3,-40.4,-958.0,57.3,3.999999046,22.4,0.978,322,117.0,0.189,16,1,95,6,Layer 3 Up
155,3.925,-27.3,155,4.0,4.0,1.17,0.0228,326.0,1.43,8.12e-06,77.0,4.0,4.0,77.0,4.0,4.0,-0.1,0.0214,325.0,0.723,-1.6e-07,34.3,-1.7,-8.5,34.2,-2.0,4.0,0,0,0,0,-953.0,57.3,-5.06,-953.0,57.3,3.999999046,14.7,1.04,316,129.0,0.201,16,1,95,6,Layer 3 Up
155,4.025,16.5,155,4.0,4.0,0.58,0.0198,326.0,2.49,-4.34e-06,77.0,4.025,16.5,77.0,4.0,4.0,-0.739,0.0192,325.0,0.78,3.19e-06,33.7,-2.28,10.25,33.6,-2.0,4.0,0,0,0,0,-948.0,57.3,22.0,-948.0,57.3,4.0,24.5,0.951,323,118.0,0.183,16,1,2,6,Layer 3 Up
155,3.925,-33.5,155,4.0,4.0,0.0391,0.0271,326.0,0.856,-1.3e-06,77.0,4.025,16.5,77.0,4.0,4.0,-0.259,0.0198,325.0,0.246,0.0,33.1,-2.45,-165.0,33.0,-2.0,4.0,0,0,0,0,-943.0,57.4,50.4,-942.0,57.3,4.000000954,21.5,0.838,316,118.0,0.161,16,1,95,6,Layer 3 Up
155,3.975,-2.25,155,4.0,4.0,0.763,0.0251,326.0,1.14,2.88e-06,77.0,4.0,-2.25,77.0,4.0,4.0,-0.26,0.0195,325.0,0.885,6.04e-07,32.5,-2.22,-83.5,32.4,-2.0,4.0,0,0,0,0,-938.0,57.3,-44.4,-937.0,57.3,3.999999046,21.1,0.935,317,117.0,0.181,16,1,95,6,Layer 3 Up
155,4.025,16.5,155,4.0,4.0,0.267,0.0174,326.0,3.15,2.5e-06,77.0,4.025,16.5,77.0,4.0,4.0,2.78,0.019,325.0,3.92,4.76e-07,31.9,-1.57,173.0,31.8,-2.0,4.0,0,0,0,0,-932.0,57.3,-7.9,-932.0,57.3,3.999999046,29.9,1.08,322,114.0,0.208,16,1,95,6,Layer 3 Up
155,-2.22,-396.0,155,-2.0,4.0,-5.05,0.0796,326.0,15.4,0.000873,77.0,4.025,16.5,77.0,4.0,4.0,-0.739,0.0175,324.0,2.64,-2.87e-06,31.5,4.15,16.5,31.5,4.0,4.0,0,0,0,0,-927.0,57.5,51.1,-926.0,57.3,4.0,13.5,0.836,322,115.0,0.156,16,1,95,6,Layer 3 Up
154,-2.15,-64.7,154,-2.0,4.0,-3.34,0.0842,326.0,13.2,0.0011,77.0,3.975,-8.5,77.0,4.0,4.0,0.0595,0.0176,324.0,0.566,0.0,31.5,3.975,-2.25,31.5,4.0,4.0,0,0,0,0,-921.0,57.4,35.4,-921.0,57.3,4.0,17.9,0.987,315,118.0,0.19,16,1,97,6,Layer 3 Up
154,-1.97,10.25,154,-2.0,4.0,-5.89,0.0908,326.0,13.1,0.00109,77.0,4.025,16.5,77.0,4.0,4.0,0.699,0.021,324.0,0.932,-4.05e-07,31.5,4.0,4.0,31.5,4.0,4.0,0,0,0,0,-916.0,57.3,3.562,-916.0,57.3,4.0,21.2,0.987,322,119.0,0.191,16,1,97,6,Layer 3 Up
153,-2.03,47.8,153,-2.0,4.0,-4.86,0.0852,326.0,14.2,0.00107,77.0,4.0,-2.25,77.0,4.0,4.0,0.0598,0.0182,325.0,0.295,1.89e-06,31.5,4.0,4.0,31.5,4.0,4.0,0,0,0,0,-911.0,57.4,36.7,-910.0,57.3,4.000000954,19.1,0.807,323,117.0,0.154,16,1,97,6,Layer 3 Up
152,-2.0,47.8,152,-2.0,4.0,-5.15,0.0866,326.0,12.8,0.00108,77.0,4.0,4.0,77.0,4.0,4.0,0.38,0.0145,324.0,0.871,-1.11e-07,31.5,4.0,10.25,31.5,4.0,4.0,0,0,0,0,-905.0,57.4,52.0,-905.0,57.3,4.000000954,22.9,0.914,316,116.0,0.173,16,1,97,6,Layer 3 Up
152,-2.03,-27.3,152,-2.0,4.0,-4.87,0.11,326.0,15.5,0.0014,77.0,4.025,16.5,77.0,4.0,4.0,-0.739,0.0224,324.0,1.84,1.3e-06,31.5,4.0,-2.25,31.5,4.0,4.0,0,0,0,0,-900.0,57.4,55.9,-900.0,57.3,4.0,15.7,0.96,322,119.0,0.183,16,1,97,6,Layer 3 Up
151,-1.93,10.25,151,-2.0,4.0,-5.95,0.0962,326.0,13.8,0.0012,77.0,4.025,16.5,77.0,4.0,4.0,0.38,0.0183,324.0,0.687,7.18e-07,31.5,4.0,4.0,31.5,4.0,4.0,0,0,0,0,-895.0,57.4,28.4,-894.0,57.3,4.0,18.3,0.812,323,118.0,0.155,16,1,97,6,Layer 3 Up
151,-1.88,22.8,151,-2.0,4.0,-6.18,0.112,325.0,14.7,0.00147,77.0,4.0,-8.5,77.0,4.0,4.0,-0.1,0.0153,324.0,1.01,0.0,31.5,4.0,4.0,31.5,4.0,4.0,0,0,0,0,-889.0,57.3,2.06,-889.0,57.3,4.0,25.1,0.953,316,119.0,0.182,16,1,2,6,Layer 3 Up
150,-0.15,654.0,150,-2.0,4.16,-1.93,0.13,326.0,12.7,0.00108,77.0,4.05,16.5,77.0,4.142,11.56,-0.421,0.0154,324.0,3.06,0.0,31.5,4.0,4.0,31.5,4.0,4.0,0,0,0,0,-884.0,57.4,60.4,-884.0,57.3,4.000000954,19.0,0.928,322,120.0,0.179,16,1,97,6,Layer 3 Up
150,-2.1,10.25,150,-1.93,5.11,-4.91,0.0848,326.0,12.7,0.00106,77.0,4.825,22.8,77.1,4.895,11.48,3.84,0.0606,324.0,6.11,8.31e-05,31.5,4.0,4.0,31.5,4.0,4.0,0,0,0,0,-879.0,57.3,-44.9,-878.0,57.3,3.999999046,24.7,1.0,322,115.0,0.193,16,1,97,6,Layer 3 Up
149,-1.88,-8.5,149,-1.77,6.08,-4.57,0.105,325.0,14.3,0.00131,77.2,5.48,-21.0,77.2,5.66,11.27,4.11,0.0714,324.0,6.54,0.000231,31.5,3.975,-2.25,31.5,4.0,4.0,0,0,0,0,-873.0,57.2,-5.94,-873.0,57.3,3.999999046,27.5,1.07,315,117.0,0.206,16,1,97,6,Layer 3 Up
148,-1.5,35.3,148,-1.52,6.94,-5.04,0.0921,326.0,14.2,0.00105,77.4,6.13,-8.5,77.4,6.35,10.97,4.19,0.0857,324.0,10.2,0.000381,31.5,3.975,-8.5,31.5,4.0,4.0,0,0,0,0,-868.0,57.3,19.1,-868.0,57.3,4.0,23.2,0.959,322,120.0,0.185,16,1,97,6,Layer 3 Up
148,-1.18,22.8,148,-1.18,7.79,-3.92,0.0729,326.0,13.4,0.000737,77.6,7.2,41.5,77.7,7.02,10.54,4.67,0.109,324.0,10.7,0.000739,31.5,3.975,-8.5,31.5,4.0,4.0,0,0,0,0,-863.0,57.4,-5.62,-862.0,57.3,4.0,20.2,0.851,322,117.0,0.164,16,1,97,6,Layer 3 Up
147,-0.68,29.0,147,-0.74,8.61,-2.32,0.0851,326.0,14.2,0.000786,78.0,7.72,-27.3,78.0,7.67,9.99,4.03,0.085,324.0,10.2,0.000636,31.5,4.0,4.0,31.5,4.0,4.0,0,0,0,0,-857.0,57.3,-13.4,-857.0,57.3,4.0,24.6,1.05,316,116.0,0.201,16,1,97,6,Layer 3 Up
147,-0.2,-2.25,147,-0.27,9.3,-6.25,0.111,326.0,12.5,0.000962,78.3,8.15,72.7,78.4,8.22,9.39,5.98,0.112,324.0,12.1,0.000986,31.5,4.0,-2.25,31.5,4.0,4.0,0,0,0,0,-852.0,57.3,-11.7,-852.0,57.3,3.999999046,27.4,1.07,322,116.0,0.206,16,1,97,6,Layer 3 Up
147,0.42,29.0,146,0.3,9.94,-5.65,0.1,325.0,11.6,0.000743,78.8,8.68,54.0,78.8,8.72,8.68,6.14,0.109,324.0,12.6,0.00112,31.5,4.0,4.0,31.5,4.0,4.0,0,0,0,0,-847.0,57.5,46.9,-846.0,57.3,4.0,14.5,0.848,321,114.0,0.159,16,1,97,6,Layer 3 Up
146,0.67,-27.3,146,0.95,10.5,-2.42,0.0717,326.0,10.2,0.000491,79.3,9.22,72.7,79.3,9.16,7.86,5.84,0.113,324.0,12.1,0.00126,31.5,4.0,4.0,31.5,4.0,4.0,0,0,0,0,-841.0,57.3,22.9,-841.0,57.3,4.0,22.1,1.01,315,114.0,0.195,16,1,97,6,Layer 3 Up
146,1.58,-8.5,146,1.59,10.92,-4.8,0.0878,326.0,9.88,0.000392,79.8,9.6,60.3,79.9,9.5,7.05,6.16,0.157,324.0,17.9,0.00199,31.5,3.975,-8.5,31.5,4.0,4.0,0,0,0,0,-836.0,57.3,-0.5,-836.0,57.3,4.0,21.6,0.99,322,118.0,0.192,16,1,2,6,Layer 3 Up
146,2.3,16.5,146,2.3,11.25,-5.78,0.0875,326.0,8.39,0.000273,80.4,9.5,4.0,80.4,9.75,6.16,7.21,0.138,324.0,16.3,0.00169,31.5,4.0,4.0,31.5,4.0,4.0,0,0,0,0,-831.0,57.4,37.8,-830.0,57.3,4.000000954,18.7,0.795,322,118.0,0.153,16,1,97,6,Layer 3 Up
146,2.98,-2.25,146,3.067,11.46,-4.15,0.0776,326.0,4.54,0.000184,81.0,9.7,-2.25,81.0,9.93,5.19,5.68,0.102,324.0,14.3,0.0012,31.5,4.0,4.0,31.5,4.0,4.0,0,0,0,0,-825.0,57.4,55.1,-825.0,57.3,4.000000954,22.9,0.926,316,116.0,0.177,16,1,97,6,Layer 3 Up
145,3.825,60.3,145,3.789,11.55,-3.57,0.0717,326.0,8.69,0.0,81.6,9.97,-64.7,81.6,10.0,4.284,2.71,0.0552,324.0,12.5,0.000558,31.5,4.0,4.0,31.5,4.0,4.0,0,0,0,0,-820.0,57.4,52.8,-820.0,57.3,4.0,17.3,0.964,321,117.0,0.185,16,1,97,6,Layer 3 Up
146,10.25,185.0,146,10.0,4.0,-3.77,0.131,326.0,0.897,0.000139,81.9,3.825,-83.5,81.9,4.0,4.0,0.525,0.0246,324.0,2.23,0.0,31.5,4.0,4.0,31.5,4.0,4.0,0,0,0,0,-815.0,57.4,28.6,-814.0,57.3,4.0,18.5,0.813,322,118.0,0.156,16,1,97,6,Layer 3 Up
146,9.95,16.5,146,10.0,4.0,5.87,0.101,326.0,12.4,0.00125,81.9,4.05,16.5,81.9,4.0,4.0,-1.08,0.0243,325.0,5.37,-2.11e-06,31.5,4.0,4.0,31.5,4.0,4.0,0,0,0,0,-809.0,57.3,6.0,-809.0,57.3,4.0,26.1,0.941,316,118.0,0.18,16,1,99,6,Layer 3 Up
147,10.03,-27.3,147,10.0,4.0,5.4,0.0861,326.0,13.0,0.00103,81.9,4.0,4.0,81.9,4.0,4.0,-0.313,0.0205,325.0,1.88,-1.24e-06,31.5,4.0,4.0,31.5,4.0,4.0,0,0,0,0,-804.0,57.4,57.1,-804.0,57.3,4.000000954,21.5,0.95,322,117.0,0.183,16,1,99,6,Layer 3 Up
147,10.05,16.5,147,10.0,4.0,4.93,0.0947,326.0,14.0,0.00117,81.9,4.0,4.0,81.9,4.0,4.0,-0.633,0.0184,325.0,1.63,0.0,31.5,4.0,4.0,31.5,4.0,4.0,0,0,0,0,-799.0,57.3,-40.3,-798.0,57.3,3.999999046,25.2,0.991,322,114.0,0.192,16,1,99,6,Layer 3 Up
148,10.05,41.5,148,10.0,4.0,5.38,0.108,326.0,13.4,0.00141,81.9,4.0,4.0,81.9,4.0,4.0,-0.346,0.0183,324.0,1.0,3.65e-06,31.5,4.0,4.0,31.5,4.0,4.0,0,0,0,0,-793.0,57.2,-5.31,-793.0,57.3,3.999999046,27.7,1.07,315,117.0,0.206,16,1,99,6,Layer 3 Up
148,4.5,-58.5,148,4.949,12.96,1.84,0.0286,326.0,4.62,7.08e-06,81.8,-2.65,-371.0,81.8,-1.92,5.41,2.21,0.159,324.0,3.77,0.000183,31.5,4.0,4.0,31.5,4.0,4.0,0,0,0,0,-788.0,57.3,17.1,-788.0,57.3,4.0,22.7,0.954,322,120.0,0.184,16,1,99,6,Layer 3 Up
149,5.63,-14.8,149,5.83,12.65,5.23,0.0765,326.0,8.84,0.000232,81.3,-1.53,-21.0,81.2,-1.71,6.74,-6.82,0.129,324.0,15.4,0.0015,31.5,4.025,16.5,31.5,4.0,4.0,0,0,0,0,-783.0,57.4,-3.69,-782.0,57.3,4.0,20.0,0.851,322,118.0,0.165,16,1,2,6,Layer 3 Up
149,6.55,22.8,149,6.7,12.11,6.56,0.12,326.0,10.2,0.000666,80.7,-1.15,72.7,80.6,-1.36,8.06,-5.67,0.0836,324.0,12.8,0.00089,31.5,4.0,4.0,31.5,4.0,4.0,0,0,0,0,-777.0,57.3,-11.9,-777.0,57.3,4.0,24.8,1.04,316,116.0,0.201,16,1,100,6,Layer 3 Up
149,7.25,-39.8,149,7.45,11.44,4.67,0.0803,326.0,11.4,0.000549,80.2,-0.9,104.0,80.1,-0.91,9.19,-5.3,0.0914,324.0,12.9,0.000863,31.5,4.0,4.0,31.5,4.0,4.0,0,0,0,0,-772.0,57.3,-5.69,-772.0,57.3,3.999999046,24.9,1.04,321,118.0,0.201,16,1,100,6,Layer 3 Up
149,8.22,41.5,149,8.15,10.57,4.87,0.0966,325.0,12.2,0.000862,79.7,-0.15,-14.8,79.7,-0.33,10.25,-7.23,0.12,324.0,12.7,0.00104,31.5,4.0,4.0,31.5,4.0,4.0,0,0,0,0,-767.0,57.5,49.3,-766.0,57.3,4.0,13.9,0.845,321,115.0,0.158,16,1,100,6,Layer 3 Up
150,8.72,-33.5,150,8.78,9.51,5.55,0.0886,326.0,11.4,0.000912,79.3,0.08,-21.0,79.3,0.37,11.2,-5.79,0.121,324.0,11.7,0.00101,31.5,4.0,4.0,31.5,4.0,4.0,0,0,0,0,-761.0,57.4,28.8,-761.0,57.3,4.0,20.8,0.989,316,115.0,0.191,16,1,100,6,Layer 3 Up
150,9.28,47.8,150,9.25,8.41,6.09,0.1,326.0,12.8,0.00113,79.0,0.83,10.25,78.9,1.1,11.93,-4.08,0.107,324.0,11.9,0.000709,31.5,3.975,-8.5,31.5,4.0,4.0,0,0,0,0,-756.0,57.3,-3.19,-756.0,57.3,4.0,22.2,0.989,321,118.0,0.191,16,1,100,6,Layer 3 Up
151,9.7,22.8,151,9.63,7.17,3.65,0.0789,326.0,14.0,0.000856,78.7,1.9,22.8,78.7,1.92,12.5,-6.74,0.114,324.0,9.9,0.000502,31.5,4.0,4.0,31.5,4.0,4.0,0,0,0,0,-751.0,57.4,36.3,-750.0,57.3,4.000000954,18.7,0.807,322,118.0,0.155,16,1,100,6,Layer 3 Up
151,9.95,66.5,152,9.88,5.8,5.33,0.102,326.0,12.8,0.00132,78.5,2.73,16.5,78.5,2.83,12.89,-1.35,0.0395,324.0,4.93,9.7e-05,31.5,4.0,4.0,31.5,4.0,4.0,0,0,0,0,-745.0,57.4,60.9,-745.0,57.3,4.000000954,22.9,0.91,316,117.0,0.175,16,1,100,6,Layer 3 Up
152,9.93,-58.5,152,9.99,4.493,4.46,0.0748,326.0,14.4,0.000935,78.5,3.625,16.5,78.5,3.692,13.06,-5.69,0.0855,324.0,6.25,4.11e-05,31.5,3.975,-8.5,31.5,4.0,4.0,0,0,0,0,-740.0,57.4,54.8,-740.0,57.3,4.0,17.0,0.952,321,117.0,0.182,16,1,100,6,Layer 3 Up
153,9.9,-52.3,153,10.0,4.0,4.99,0.0855,326.0,15.0,0.00109,78.5,4.05,35.3,78.5,4.0,4.0,-3.54,0.0569,324.0,6.55,-8.9e-06,31.5,4.0,4.0,31.5,4.0,4.0,0,0,0,0,-735.0,57.4,24.3,-734.0,57.3,4.0,19.2,0.817,322,118.0,0.157,16,1,100,6,Layer 3 Up
153,10.05,47.8,153,10.0,4.0,5.33,0.101,326.0,13.8,0.00131,78.5,3.95,-21.0,78.5,4.0,4.0,-3.06,0.0692,324.0,3.38,0.0,31.5,4.0,4.0,31.5,4.0,4.0,0,0,0,0,-729.0,57.3,8.31,-729.0,57.3,4.0,25.6,0.94,316,119.0,0.181,16,1,2,6,Layer 3 Up
154,9.9,-52.3,154,10.0,4.0,5.57,0.0901,326.0,14.7,0.00111,78.5,4.05,29.0,78.5,4.0,4.0,-4.03,0.0549,325.0,5.76,-8.44e-06,31.5,3.975,-2.25,31.5,4.0,4.0,0,0,0,0,-724.0,57.4,61.4,-724.0,57.3,4.000000954,20.2,0.928,321,118.0,0.178,16,1,102,6,Layer 3 Up
154,10.1,22.8,154,10.0,4.0,5.39,0.0851,326.0,12.8,0.00104,78.5,4.05,35.3,78.5,4.0,4.0,-3.71,0.0562,324.0,5.46,-2.47e-05,31.5,4.0,-2.25,31.5,4.0,4.0,0,0,0,0,-719.0,57.3,-46.1,-718.0,57.3,3.999999046,23.8,0.998,321,116.0,0.193,16,1,102,6,Layer 3 Up
155,10.13,41.5,155,10.0,4.0,5.17,0.0971,326.0,13.3,0.00126,78.5,3.95,-21.0,78.5,4.0,4.0,-3.54,0.0683,324.0,2.66,2.18e-05,31.5,4.0,4.0,31.5,4.0,4.0,0,0,0,0,-713.0,57.2,-5.37,-713.0,57.3,3.999999046,28.7,1.09,316,116.0,0.21,16,1,102,6,Layer 3 Up
156,9.82,-46.0,156,10.0,4.0,6.95,0.0975,326.0,12.7,0.0012,78.5,4.075,47.8,78.5,4.0,4.0,-3.39,0.0552,324.0,6.3,-1.68e-05,31.5,4.0,4.0,31.5,4.0,4.0,0,0,0,0,-708.0,57.3,18.4,-708.0,57.3,4.0,24.7,0.967,322,118.0,0.186,16,1,102,6,Layer 3 Up
156,9.93,-64.7,156,10.0,4.0,6.88,0.0786,326.0,11.8,0.000948,78.5,4.05,35.3,78.5,4.0,4.0,-3.54,0.0534,324.0,6.03,-2.49e-05,31.5,4.0,4.0,31.5,4.0,4.0,0,0,0,0,-703.0,57.4,-4.56,-702.0,57.3,4.0,19.7,0.856,321,118.0,0.165,16,1,102,6,Layer 3 Up
157,10.03,10.25,157,10.0,4.0,4.19,0.0971,325.0,15.0,0.00123,78.5,3.95,-21.0,78.5,4.0,4.0,-3.06,0.0691,324.0,3.35,1.07e-05,31.5,4.025,22.8,31.5,4.0,4.0,0,0,0,0,-697.0,57.3,-8.1,-697.0,57.3,4.0,25.8,1.05,317,115.0,0.202,16,1,102,6,Layer 3 Up
157,10.03,16.5,157,10.0,4.0,8.9,0.091,326.0,8.72,0.0011,78.5,4.075,47.8,78.5,4.0,4.0,-3.55,0.0565,324.0,6.26,-2.51e-05,31.5,4.0,4.0,31.5,4.0,4.0,0,0,0,0,-692.0,57.3,-6.9,-692.0,57.3,3.999999046,25.4,1.05,321,118.0,0.202,16,1,102,6,Layer 3 Up
158,9.93,-8.5,158,10.0,4.0,6.26,0.0957,326.0,13.5,0.00119,78.5,4.05,35.3,78.5,4.0,4.0,-3.57,0.0554,324.0,5.94,-2.54e-05,31.5,4.0,-2.25,31.5,4.0,4.0,0,0,0,0,-687.0,57.5,50.2,-686.0,57.3,4.0,14.2,0.852,320,114.0,0.16,16,1,102,6,Layer 3 Up
159,9.82,-33.5,159,10.0,4.0,7.3,0.121,326.0,13.7,0.00152,78.5,3.925,-39.8,78.5,4.0,4.0,-3.38,0.0684,324.0,2.93,3.16e-05,31.5,4.025,10.25,31.5,4.0,4.0,0,0,0,0,-681.0,57.4,33.0,-681.0,57.3,4.0,22.6,1.01,317,114.0,0.193,16,1,102,6,Layer 3 Up
159,10.05,-14.8,159,10.0,4.0,3.83,0.0869,326.0,15.5,0.00108,78.5,4.075,47.8,78.5,4.0,4.0,-3.07,0.0562,324.0,7.08,-8.39e-06,31.5,4.0,4.0,31.5,4.0,4.0,0,0,0,0,-676.0,57.3,1.31,-676.0,57.3,4.0,22.3,0.983,321,118.0,0.19,16,1,2,6,Layer 3 Up
160,9.95,-58.5,160,9.97,3.108,3.84,0.0628,326.0,13.4,0.000742,78.5,4.55,10.25,78.5,4.608,13.03,3.09,0.0555,324.0,7.18,3.34e-05,31.5,3.975,-8.5,31.5,4.0,4.0,0,0,0,0,-671.0,57.4,36.3,-670.0,57.3,4.000000954,19.7,0.81,322,117.0,0.156,16,1,102,6,Layer 3 Up
160,9.82,-33.5,160,9.8,1.71,3.45,0.0761,326.0,13.0,0.000882,78.6,5.4,-8.5,78.6,5.54,12.78,5.72,0.0991,324.0,6.72,0.000285,31.5,4.025,16.5,31.5,4.0,4.0,0,0,0,0,-665.0,57.4,60.8,-665.0,57.3,4.000000954,22.9,0.928,317,116.0,0.177,16,1,102,6,Layer 3 Up
161,9.5,-46.0,161,9.52,0.46,3.91,0.0663,326.0,13.9,0.000713,78.8,6.33,35.3,78.8,6.36,12.35,4.72,0.0889,324.0,9.57,0.000429,31.5,4.0,-2.25,31.5,4.0,4.0,0,0,0,0,-660.0,57.4,58.4,-660.0,57.3,4.0,15.7,0.957,320,119.0,0.183,16,1,102,6,Layer 3 Up
161,8.97,-46.0,161,9.1,-0.76,5.71,0.0918,325.0,13.4,0.000958,79.0,6.9,-46.0,79.1,7.16,11.72,3.91,0.0437,324.0,8.08,0.000257,31.5,4.0,4.0,31.5,4.0,4.0,0,0,0,0,-655.0,57.4,25.6,-654.0,57.3,4.0,19.4,0.831,321,118.0,0.159,16,1,102,6,Layer 3 Up
162,8.6,-21.0,162,8.54,-1.91,4.81,0.0884,326.0,11.8,0.000851,79.4,7.85,54.0,79.4,7.92,10.88,5.12,0.101,324.0,11.5,0.000813,31.5,4.0,10.25,31.5,4.0,4.0,0,0,0,0,-649.0,57.3,10.31,-649.0,57.3,4.0,26.6,0.963,317,118.0,0.185,16,1,102,6,Layer 3 Up
162,7.92,-46.0,162,7.93,-2.84,4.12,0.0757,326.0,11.2,0.000581,79.8,8.5,54.0,79.8,8.54,9.96,8.81,0.168,324.0,14.4,0.00166,31.5,4.0,4.0,31.5,4.0,4.0,0,0,0,0,-644.0,57.4,59.9,-644.0,57.3,4.000000954,25.7,0.949,321,113.0,0.183,16,1,102,6,Layer 3 Up
163,7.33,16.5,163,7.2,-3.66,4.81,0.0885,326.0,10.9,0.000623,80.3,9.25,-8.5,80.3,9.08,8.86,2.04,0.051,324.0,11.7,0.00051,31.5,4.0,4.0,31.5,4.0,4.0,0,0,0,0,-639.0,57.3,-39.4,-638.0,57.3,3.999999046,23.6,1.0,321,116.0,0.194,16,1,102,6,Layer 3 Up
163,6.45,41.5,163,6.36,-4.33,5.94,0.109,326.0,8.46,0.000551,80.8,9.38,-39.8,80.9,9.51,7.6,5.46,0.0853,324.0,13.0,0.000952,31.5,4.025,16.5,31.5,4.0,4.0,0,0,0,0,-633.0,57.2,-6.4,-633.0,57.3,3.999999046,28.4,1.08,317,116.0,0.208,16,1,102,6,Layer 3 Up
163,5.5,-52.3,163,5.54,-4.76,5.55,0.087,326.0,9.2,0.000279,81.4,9.85,35.3,81.4,9.8,6.36,7.29,0.129,324.0,14.0,0.00166,31.5,4.0,-2.25,31.5,4.0,4.0,0,0,0,0,-628.0,57.3,16.9,-628.0,57.3,4.0,23.5,0.97,321,121.0,0.187,16,1,102,6,Layer 3 Up
163,4.625,-64.7,163,4.651,-5.01,3.39,0.0889,326.0,10.2,8.19e-05,82.0,9.82,10.25,82.0,9.96,5.01,8.19,0.13,324.0,14.4,0.00153,31.5,3.975,-2.25,31.5,4.0,4.0,0,0,0,0,-623.0,57.4,-1.5,-622.0,57.3,4.0,20.0,0.86,321,117.0,0.166,16,1,102,6,Layer 3 Up
163,4.05,41.5,163,4.0,4.0,3.67,0.0589,326.0,1.77,4.51e-05,82.4,5.42,404.0,82.5,10.0,129.0,12.8,0.206,324.0,13.7,0.00161,31.5,4.0,-2.25,31.5,4.0,4.0,0,0,0,0,-617.0,57.3,-15.1,-617.0,57.3,4.0,24.5,1.06,319,116.0,0.204,16,1,102,6,Layer 3 Up
163,3.875,-58.5,163,4.0,4.0,2.92,0.0395,326.0,5.63,-2.23e-05,83.0,9.95,-89.7,83.1,10.0,4.0,5.21,0.0925,324.0,14.9,0.00111,31.5,4.0,4.0,31.5,4.0,4.0,0,0,0,0,-612.0,57.2,-13.8,-612.0,57.3,3.999999046,26.6,1.07,321,118.0,0.207,16,1,104,6,Layer 3 Up
163,3.925,-33.5,163,4.0,4.0,2.11,0.0337,326.0,6.67,0.0,83.6,10.22,-33.5,83.7,10.0,4.0,5.53,0.102,324.0,14.4,0.0013,31.5,3.975,-14.8,31.5,4.0,4.0,0,0,0,0,-607.0,57.5,50.9,-606.0,57.3,4.0,14.6,0.854,320,114.0,0.16,16,1,104,6,Layer 3 Up
163,4.075,47.8,163,4.0,4.0,1.93,0.0485,326.0,2.08,1.46e-05,84.2,10.38,10.25,84.3,10.0,4.0,5.04,0.0971,324.0,13.3,0.00129,31.5,4.0,4.0,31.5,4.0,4.0,0,0,0,0,-601.0,57.4,34.0,-601.0,57.3,4.0,22.4,1.02,318,114.0,0.195,16,1,2,6,Layer 3 Up
163,3.95,-39.8,163,4.0,4.0,2.6,0.0342,326.0,5.89,-9.2e-06,84.8,10.07,47.8,84.9,10.0,4.0,8.43,0.155,324.0,15.9,0.002,31.5,3.975,-2.25,31.5,4.0,4.0,0,0,0,0,-596.0,57.3,1.75,-596.0,57.3,4.0,18.7,0.987,320,123.0,0.191,16,1,104,6,Layer 3 Up
163,3.95,-33.5,163,4.0,4.0,1.47,0.0357,326.0,6.88,-4.7e-06,85.4,9.78,-8.5,85.5,10.0,4.0,9.63,0.151,324.0,15.7,0.00186,31.5,3.975,-2.25,31.5,4.0,4.0,0,0,0,0,-591.0,57.4,38.8,-590.0,57.3,4.000000954,19.4,0.811,321,117.0,0.156,16,1,104,6,Layer 3 Up
163,4.05,35.3,163,4.0,4.0,2.25,0.0496,326.0,1.78,7.29e-06,86.0,9.9,35.3,86.1,10.0,4.0,7.87,0.146,325.0,16.2,0.00191,31.5,4.0,4.0,31.5,4.0,4.0,0,0,0,0,-585.0,57.4,62.8,-585.0,57.3,4.000000954,22.6,0.922,319,117.0,0.177,16,1,104,6,Layer 3 Up
163,3.95,-33.5,163,4.0,4.0,1.15,0.0326,326.0,7.46,-1.87e-05,86.6,9.72,10.25,86.7,10.0,4.0,6.48,0.113,324.0,15.2,0.00138,31.5,4.0,-2.25,31.5,4.0,4.0,0,0,0,0,-580.0,57.4,62.3,-580.0,57.3,4.0,16.6,0.951,320,118.0,0.182,16,1,104,6,Layer 3 Up
163,3.95,-33.5,163,4.0,4.0,1.76,0.0349,326.0,6.76,-9.35e-06,87.2,9.7,-46.0,87.3,10.0,4.0,5.73,0.0976,324.0,14.7,0.00121,31.5,4.0,4.0,31.5,4.0,4.0,0,0,0,0,-575.0,57.4,29.5,-574.0,57.3,4.0,18.9,0.822,321,118.0,0.158,16,1,104,6,Layer 3 Up
163,4.125,66.5,163,4.0,4.0,0.192,0.049,326.0,3.91,7.08e-06,87.8,9.8,-21.0,87.9,10.0,4.0,5.42,0.0918,325.0,13.5,0.00117,31.5,4.0,4.0,31.5,4.0,4.0,0,0,0,0,-569.0,57.3,9.25,-569.0,57.3,4.0,26.0,0.969,319,118.0,0.186,16,1,104,6,Layer 3 Up
163,3.9,-58.5,163,4.0,4.0,2.25,0.0349,326.0,6.13,-2.51e-05,88.4,10.22,35.3,88.5,10.0,4.0,3.11,0.0596,324.0,12.2,0.000725,31.5,3.975,-8.5,31.5,4.0,4.0,0,0,0,0,-564.0,57.4,63.6,-564.0,57.3,4.000000954,20.2,0.938,320,120.0,0.182,16,1,104,6,Layer 3 Up
163,3.9,-58.5,163,4.0,4.0,2.6,0.0395,326.0,5.78,-1.08e-05,89.0,10.2,85.2,89.1,10.0,4.0,3.84,0.0855,324.0,13.5,0.00109,31.5,3.975,-2.25,31.5,4.0,4.0,0,0,0,0,-559.0,57.3,-40.9,-558.0,57.3,3.999999046,24.2,1.01,321,116.0,0.195,16,1,104,6,Layer 3 Up
163,4.075,47.8,163,3.9017,-5.07,2.14,0.0438,326.0,1.03,1.28e-05,89.6,9.22,523.0,89.6,10.0,3.879,27.9,0.345,324.0,22.0,0.00423,31.5,4.0,4.0,31.5,4.0,4.0,0,0,0,0,-553.0,57.2,-5.12,-553.0,57.3,3.999999046,28.1,1.09,319,116.0,0.21,16,1,104,6,Layer 3 Up
163,2.92,-96.0,163,3.0,-4.95,-3.54,0.073,326.0,3.94,0.000171,90.2,10.13,-71.0,90.2,9.92,2.51,3.87,0.0724,324.0,12.9,0.000917,31.5,4.0,4.0,31.5,4.0,4.0,0,0,0,0,-548.0,57.4,33.7,-547.0,57.3,4.0,17.6,0.937,318,115.0,0.18,16,1,2,6,Layer 3 Up
163,2.08,-64.7,163,2.12,-4.62,-4.05,0.0865,326.0,7.77,0.000354,90.8,10.05,104.0,90.8,9.7,1.18,5.49,0.124,324.0,15.2,0.0016,31.5,4.025,16.5,31.5,4.0,4.0,0,0,0,0,-542.0,57.4,8.31,-542.0,57.3,4.0,17.2,0.748,320,119.0,0.143,16,1,104,6,Layer 3 Up
163,1.25,-39.8,163,1.28,-4.1,-4.55,0.0922,326.0,9.07,0.000533,91.3,9.28,16.5,91.4,9.35,-0.08,6.81,0.108,324.0,12.5,0.00123,31.5,4.025,16.5,31.5,4.0,4.0,0,0,0,0,-537.0,57.3,-10.6,-537.0,57.3,4.0,24.4,1.07,320,116.0,0.205,16,1,104,6,Layer 3 Up
163,0.58,-33.5,163,0.51,-3.39,-7.2,0.114,326.0,10.3,0.000832,91.8,9.3,85.2,91.9,8.88,-1.26,2.58,0.0688,324.0,10.7,0.000729,31.5,4.025,10.25,31.5,4.0,4.0,0,0,0,0,-532.0,57.4,38.1,-531.0,57.3,4.000000954,21.7,0.871,319,118.0,0.166,16,1,104,6,Layer 3 Up
162,-0.1,4.0,162,-0.19,-2.52,-4.74,0.0823,326.0,11.3,0.000672,92.3,8.22,4.0,92.3,8.3,-2.31,9.49,0.158,324.0,13.6,0.00143,31.5,4.0,4.0,31.5,4.0,4.0,0,0,0,0,-526.0,57.2,-66.7,-526.0,57.3,3.999999046,23.5,0.93,320,119.0,0.177,16,1,104,6,Layer 3 Up
162,-0.65,-14.8,162,-0.79,-1.49,-4.93,0.0962,326.0,12.5,0.000948,92.7,7.5,-58.5,92.7,7.62,-3.22,6.04,0.0814,324.0,10.0,0.000596,31.5,4.0,4.0,31.5,4.0,4.0,0,0,0,0,-521.0,57.4,36.1,-521.0,57.3,4.0,20.0,1.01,319,116.0,0.194,16,1,104,6,Layer 3 Up
161,-1.15,35.3,161,-1.28,-0.34,-4.18,0.0812,326.0,13.4,0.000856,93.0,6.78,22.8,93.0,6.86,-3.97,6.68,0.123,325.0,12.0,0.000674,31.5,4.025,10.25,31.5,4.0,4.0,0,0,0,0,-516.0,57.3,10.38,-515.0,57.3,4.0,22.2,0.9,320,119.0,0.172,16,1,104,6,Layer 3 Up
161,-1.55,-8.5,161,-1.65,0.91,-5.93,0.109,326.0,14.0,0.00128,93.3,6.28,-2.25,93.3,6.03,-4.53,2.86,0.0711,324.0,8.38,0.000309,31.5,4.025,16.5,31.5,4.0,4.0,0,0,0,0,-510.0,57.4,-9.6,-510.0,57.3,4.0,19.3,0.827,320,118.0,0.16,16,1,104,6,Layer 3 Up
160,-2.07,-14.8,160,-1.89,2.23,-4.15,0.0844,326.0,12.9,0.00102,93.4,5.25,16.5,93.4,5.15,-4.9,3.58,0.0682,324.0,5.58,0.000217,31.5,4.0,4.0,31.5,4.0,4.0,0,0,0,0,-505.0,57.4,54.0,-505.0,57.3,4.000000954,23.1,0.937,320,117.0,0.18,16,1,104,6,Layer 3 Up
159,-2.13,-64.7,159,-1.99,3.589,-4.48,0.106,325.0,13.9,0.00136,93.5,4.35,10.25,93.5,4.254,-5.06,6.24,0.119,324.0,6.23,7.65e-05,31.5,4.0,10.25,31.5,4.0,4.0,0,0,0,0,-500.0,57.3,-32.1,-499.0,57.3,3.999999046,24.1,1.07,319,115.0,0.206,16,1,104,6,Layer 3 Up
159,-2.07,-14.8,159,-2.0,4.0,-4.73,0.0838,325.0,13.1,0.00104,93.5,4.125,66.5,93.5,4.0,4.0,4.56,0.0895,324.0,4.11,0.0,31.5,4.0,4.0,31.5,4.0,4.0,0,0,0,0,-494.0,57.4,0.0,-494.0,57.3,4.0,15.9,0.88,320,116.0,0.17,16,1,2,6,Layer 3 Up
158,-2.18,-77.2,158,-2.0,4.0,-4.6,0.0947,326.0,13.1,0.00118,93.5,4.125,72.7,93.5,4.0,4.0,4.3,0.0895,325.0,4.28,1.41e-05,31.5,4.025,16.5,31.5,4.0,4.0,0,0,0,0,-489.0,57.3,3.812,-489.0,57.3,4.0,24.7,0.971,320,120.0,0.186,16,1,106,6,Layer 3 Up
158,-1.9,-14.8,158,-2.0,4.0,-5.44,0.102,326.0,14.0,0.00124,93.5,4.125,72.7,93.5,4.0,4.0,4.29,0.0859,324.0,4.22,1.37e-05,31.5,4.025,16.5,31.5,4.0,4.0,0,0,0,0,-484.0,57.3,-16.5,-483.0,57.3,4.0,22.5,0.97,320,118.0,0.186,16,1,106,6,Layer 3 Up
157,-1.95,22.8,157,-2.0,4.0,-5.6,0.0857,326.0,13.5,0.00105,93.5,4.15,72.7,93.5,4.0,4.0,3.17,0.0878,325.0,5.45,4.18e-05,31.5,4.0,4.0,31.5,4.0,4.0,0,0,0,0,-478.0,57.4,45.8,-478.0,57.3,4.000000954,15.7,0.707,321,120.0,0.133,16,1,106,6,Layer 3 Up
157,-2.18,-8.5,157,-2.0,4.0,-4.23,0.0758,326.0,11.6,0.000941,93.5,4.15,79.0,93.5,4.0,4.0,4.3,0.0843,324.0,4.13,5.38e-05,31.5,4.0,10.25,31.5,4.0,4.0,0,0,0,0,-473.0,57.2,-9.1,-473.0,57.3,3.999999046,28.1,1.1,320,116.0,0.212,16,1,106,6,Layer 3 Up
156,-2.28,-109.0,156,-2.0,4.0,-3.48,0.0844,326.0,13.5,0.00108,93.5,4.15,79.0,93.5,4.0,4.0,4.01,0.0834,324.0,4.43,3.97e-05,31.5,4.0,4.0,31.5,4.0,4.0,0,0,0,0,-468.0,57.4,37.6,-467.0,57.3,4.0,16.2,0.936,320,116.0,0.179,16,1,106,6,Layer 3 Up
155,-2.0,-46.0,155,-2.0,4.0,-5.94,0.0984,326.0,13.7,0.00126,93.5,4.1,60.3,93.5,4.0,4.0,4.58,0.0854,325.0,4.11,0.0,31.5,4.0,4.0,31.5,4.0,4.0,0,0,0,0,-462.0,57.4,4.438,-462.0,57.3,4.0,17.2,0.75,321,119.0,0.144,16,1,106,6,Layer 3 Up
155,-1.85,16.5,155,-2.0,4.0,-5.22,0.0908,326.0,13.9,0.00111,93.5,4.125,66.5,93.5,4.0,4.0,4.0,0.0836,325.0,4.62,1.34e-05,31.5,4.0,4.0,31.5,4.0,4.0,0,0,0,0,-457.0,57.3,-12.1,-457.0,57.3,4.0,23.1,1.05,321,118.0,0.203,16,1,106,6,Layer 3 Up
154,-2.0,35.3,154,-2.0,4.0,-4.98,0.0673,326.0,11.7,0.000812,93.5,4.15,79.0,93.5,4.0,4.0,4.59,0.084,325.0,4.13,1.32e-05,31.5,4.0,4.0,31.5,4.0,4.0,0,0,0,0,-452.0,57.4,42.2,-451.0,57.3,4.000000954,22.0,0.858,321,117.0,0.164,16,1,106,6,Layer 3 Up
154,-2.2,-64.7,154,-2.0,4.0,-4.82,0.0811,326.0,12.0,0.00101,93.5,4.175,91.5,93.5,4.0,4.0,3.74,0.0831,325.0,4.84,2.65e-05,31.5,4.025,16.5,31.5,4.0,4.0,0,0,0,0,-446.0,57.3,-52.2,-446.0,57.3,3.999999046,21.9,0.914,321,119.0,0.175,16,1,106,6,Layer 3 Up
153,-2.03,-39.8,153,-2.0,4.0,-3.51,0.0966,326.0,15.3,0.0012,93.5,4.125,72.7,93.5,4.0,4.0,4.29,0.0859,325.0,4.28,4.04e-05,31.5,4.025,16.5,31.5,4.0,4.0,0,0,0,0,-441.0,57.4,30.0,-441.0,57.3,4.0,20.2,1.01,321,116.0,0.195,16,1,2,6,Layer 3 Up
152,-1.95,-8.5,152,-2.0,4.0,-5.03,0.0994,326.0,14.5,0.00122,93.5,4.15,85.2,93.5,4.0,4.0,3.73,0.0831,324.0,4.76,3.98e-05,31.5,4.025,10.25,31.5,4.0,4.0,0,0,0,0,-436.0,57.3,13.69,-435.0,57.3,4.0,20.9,0.876,321,120.0,0.168,16,1,106,6,Layer 3 Up
152,-2.03,22.8,152,-2.0,4.0,-3.85,0.0815,326.0,14.4,0.00096,93.5,4.125,72.7,93.5,4.0,4.0,4.85,0.0886,324.0,2.85,1.38e-05,31.5,4.025,16.5,31.5,4.0,4.0,0,0,0,0,-430.0,57.4,-8.1,-430.0,57.3,4.0,18.8,0.821,322,118.0,0.158,16,1,106,6,Layer 3 Up
151,-2.22,-39.8,151,-2.0,4.0,-3.96,0.0784,326.0,13.5,0.00098,93.5,4.15,79.0,93.5,4.0,4.0,3.74,0.0832,324.0,4.91,3.95e-05,31.5,4.025,10.25,31.5,4.0,4.0,0,0,0,0,-425.0,57.4,52.4,-425.0,57.3,4.000000954,24.9,0.933,321,115.0,0.179,16,1,106,6,Layer 3 Up
151,-2.07,-46.0,151,-2.0,4.0,-5.06,0.104,326.0,14.3,0.00135,93.5,4.15,79.0,93.5,4.0,4.0,4.58,0.0848,325.0,3.55,0.0,31.5,4.0,4.0,31.5,4.0,4.0,0,0,0,0,-420.0,57.3,-31.8,-419.0,57.3,3.999999046,23.3,1.07,321,116.0,0.206,16,1,106,6,Layer 3 Up
150,-1.95,-8.5,150,-2.0,4.0,-6.38,0.109,326.0,13.9,0.00136,93.5,4.15,79.0,93.5,4.0,4.0,3.45,0.0835,324.0,5.0,2.66e-05,31.5,4.0,4.0,31.5,4.0,4.0,0,0,0,0,-414.0,57.4,-0.81,-414.0,57.3,4.0,16.4,0.877,321,116.0,0.169,16,1,106,6,Layer 3 Up
149,-2.03,22.8,149,-2.0,4.0,-5.49,0.0881,326.0,13.2,0.00109,93.5,4.15,79.0,93.5,4.0,4.0,4.29,0.083,325.0,3.94,2.62e-05,31.5,4.05,16.5,31.5,4.0,4.0,0,0,0,0,-409.0,57.3,6.38,-409.0,57.3,4.0,24.9,0.955,322,120.0,0.183,16,1,106,6,Layer 3 Up
149,-2.13,-46.0,149,-2.0,4.0,-5.11,0.0968,326.0,13.9,0.00123,93.5,4.15,79.0,93.5,4.0,4.0,1.76,0.0809,325.0,7.37,0.0,31.5,4.0,4.0,31.5,4.0,4.0,0,0,0,0,-404.0,57.3,-15.9,-403.0,57.3,4.0,23.0,0.963,321,118.0,0.185,16,1,106,6,Layer 3 Up
148,-2.07,-46.0,148,-2.0,4.0,-5.79,0.114,326.0,14.0,0.00147,93.5,4.175,91.5,93.5,4.0,4.0,3.17,0.0837,325.0,5.1,1.33e-05,31.5,4.0,4.0,31.5,4.0,4.0,0,0,0,0,-398.0,57.4,43.9,-398.0,57.3,4.000000954,17.2,0.7,322,119.0,0.133,16,1,106,6,Layer 3 Up
148,-2.18,-77.2,148,-1.92,6.16,-4.4,0.0893,326.0,12.3,0.0011,93.5,4.925,41.5,93.5,4.972,17.6,8.4,0.15,325.0,8.65,0.000339,31.5,4.025,16.5,31.5,4.0,4.0,0,0,0,0,-393.0,57.2,-17.5,-393.0,57.3,3.999999046,28.8,1.11,322,116.0,0.214,16,1,106,6,Layer 3 Up
147,-1.53,4.0,147,-1.55,9.19,-5.71,0.0966,326.0,12.9,0.00106,93.7,6.3,41.5,93.7,6.29,16.7,3.37,0.0639,325.0,5.6,0.0003,31.5,4.0,4.0,31.5,4.0,4.0,0,0,0,0,-388.0,57.4,36.6,-387.0,57.3,4.0,16.5,0.929,322,116.0,0.178,16,1,2,6,Layer 3 Up
147,-0.8,10.25,147,-0.88,11.94,-4.96,0.106,326.0,15.0,0.0011,94.0,7.45,54.0,94.0,7.49,15.2,5.96,0.107,324.0,10.5,0.00076,31.5,4.0,4.0,31.5,4.0,4.0,0,0,0,0,-382.0,57.4,6.81,-382.0,57.3,4.0,17.2,0.744,322,119.0,0.142,16,1,106,6,Layer 3 Up
146,-0.22,-52.3,146,0.04,14.3,-2.0,0.0731,326.0,12.7,0.000624,94.4,8.22,4.0,94.4,8.51,13.12,4.94,0.0824,324.0,11.5,0.000726,31.5,4.0,4.0,31.5,4.0,4.0,0,0,0,0,-377.0,57.3,-15.1,-377.0,57.3,4.0,24.9,1.06,322,116.0,0.204,16,1,106,6,Layer 3 Up
146,1.05,-39.8,146,1.17,16.1,-2.78,0.0804,326.0,10.9,0.000465,94.9,9.45,-21.0,94.9,9.29,10.55,3.9,0.0904,325.0,13.9,0.00101,31.5,4.0,4.0,31.5,4.0,4.0,0,0,0,0,-372.0,57.4,41.8,-371.0,57.3,4.000000954,20.6,0.849,322,119.0,0.163,16,1,106,6,Layer 3 Up
146,2.2,-64.7,146,2.44,17.3,-3.78,0.0759,326.0,7.39,0.000253,95.4,9.75,60.3,95.5,9.79,7.63,11.7,0.158,324.0,11.6,0.00186,31.5,4.025,16.5,31.5,4.0,4.0,0,0,0,0,-366.0,57.2,-57.8,-366.0,57.3,3.999999046,21.6,0.908,322,119.0,0.174,16,1,106,6,Layer 3 Up
145,3.475,-83.5,145,3.799,17.7,-4.48,0.0681,326.0,3.01,3.22e-05,96.0,9.82,29.0,96.1,10.0,4.524,7.05,0.126,324.0,15.3,0.00154,31.5,4.0,4.0,31.5,4.0,4.0,0,0,0,0,-361.0,57.4,27.1,-361.0,57.3,4.0,19.9,1.0,322,116.0,0.192,16,1,106,6,Layer 3 Up
145,3.825,-83.5,145,4.0,4.0,-1.95,0.0476,326.0,2.28,7.14e-06,96.5,10.07,91.5,96.5,10.0,4.0,4.68,0.096,325.0,14.4,0.00121,31.5,4.0,4.0,31.5,4.0,4.0,0,0,0,0,-356.0,57.3,10.44,-355.0,57.3,4.0,22.2,0.883,322,119.0,0.169,16,1,106,6,Layer 3 Up
145,3.825,-77.2,145,4.0,4.0,-1.45,0.0527,326.0,3.0,6.8e-06,97.1,9.93,4.0,97.1,10.0,4.0,5.99,0.0917,325.0,12.1,0.00114,31.5,4.025,16.5,31.5,4.0,4.0,0,0,0,0,-350.0,57.4,-5.06,-350.0,57.3,4.0,17.2,0.81,322,119.0,0.156,16,1,107,6,Layer 3 Up
145,3.75,-115.0,145,4.0,4.0,-0.649,0.043,326.0,4.09,5.98e-06,97.7,9.95,-89.7,97.7,10.0,4.0,4.76,0.0841,324.0,14.1,0.00103,31.5,4.0,4.0,31.5,4.0,4.0,0,0,0,0,-345.0,57.4,53.6,-345.0,57.3,4.000000954,23.6,0.933,322,116.0,0.178,16,1,107,6,Layer 3 Up
145,3.85,-71.0,145,4.0,4.0,-1.15,0.0485,326.0,3.7,6.85e-06,98.2,10.13,-83.5,98.2,10.0,4.0,5.14,0.0729,324.0,12.7,0.000819,31.5,4.0,-2.25,31.5,4.0,4.0,0,0,0,0,-340.0,57.3,-38.1,-339.0,57.3,3.999999046,24.0,1.07,321,117.0,0.205,16,1,107,6,Layer 3 Up
145,3.8,-102.0,145,4.0,4.0,-1.95,0.0423,326.0,2.16,-5.89e-06,98.8,9.82,35.3,98.8,10.0,4.0,5.83,0.104,324.0,14.5,0.00127,31.5,4.0,4.0,31.5,4.0,4.0,0,0,0,0,-334.0,57.4,-4.69,-334.0,57.3,4.0,16.4,0.869,322,116.0,0.167,16,1,108,6,Layer 3 Up
145,3.825,-83.5,145,4.0,4.0,-1.49,0.0434,326.0,3.03,0.0,99.4,9.82,-27.3,99.4,10.0,4.0,4.33,0.0831,325.0,14.4,0.00101,31.5,4.0,4.0,31.5,4.0,4.0,0,0,0,0,-329.0,57.3,-0.13,-329.0,57.3,4.0,24.9,0.956,322,120.0,0.182,16,1,2,6,Layer 3 Up
145,3.75,-109.0,145,4.0,4.0,-1.24,0.0386,326.0,3.99,1.12e-05,100.0,10.03,-27.3,100.0,10.0,4.0,3.56,0.0634,324.0,12.6,0.000756,31.5,4.0,4.0,31.5,4.0,4.0,0,0,0,0,-324.0,57.3,-17.4,-323.0,57.3,4.0,22.2,0.95,322,119.0,0.183,16,1,108,6,Layer 3 Up
145,3.8,-89.7,145,4.0,4.0,-1.65,0.0505,326.0,2.5,-5.93e-06,100.6,10.35,79.0,100.6,10.0,4.0,1.47,0.0721,325.0,13.2,0.000853,31.5,4.025,16.5,31.5,4.0,4.0,0,0,0,0,-318.0,57.4,46.8,-318.0,57.3,4.000000954,17.0,0.696,323,119.0,0.132,16,1,108,6,Layer 3 Up
145,3.75,-109.0,145,4.0,4.0,-1.95,0.0446,326.0,2.13,0.0,101.2,10.03,35.3,101.2,10.0,4.0,6.1,0.106,324.0,13.4,0.00132,31.5,4.025,16.5,31.5,4.0,4.0,0,0,0,0,-313.0,57.2,-12.9,-313.0,57.3,3.999999046,27.5,1.08,322,116.0,0.208,16,1,108,6,Layer 3 Up
145,3.7,-134.0,145,4.0,4.0,-0.00597,0.046,326.0,4.65,0.0,101.8,9.85,-14.8,101.8,10.0,4.0,5.86,0.114,324.0,15.0,0.00141,31.5,4.0,4.0,31.5,4.0,4.0,0,0,0,0,-308.0,57.4,34.8,-307.0,57.3,4.0,17.0,0.923,322,116.0,0.176,16,1,108,6,Layer 3 Up
145,3.725,-134.0,145,4.0,4.0,-2.2,0.0422,326.0,1.52,0.0,102.4,10.05,-2.25,102.4,10.0,4.0,5.45,0.111,325.0,14.5,0.00138,31.5,4.0,4.0,31.5,4.0,4.0,0,0,0,0,-302.0,57.4,4.313,-302.0,57.3,4.0,17.2,0.736,323,119.0,0.141,16,1,108,6,Layer 3 Up
145,3.825,-83.5,145,4.0,4.0,-2.59,0.0477,326.0,1.9,1.43e-05,103.1,10.28,54.0,103.1,10.0,4.0,3.76,0.0759,324.0,12.2,0.000963,31.5,4.0,4.0,31.5,4.0,4.0,0,0,0,0,-296.0,57.4,28.6,-296.0,57.3,3.999999046,18.2,0.883,322,121.0,0.17,16,1,108,6,Layer 3 Up
145,3.825,-77.2,145,4.0,4.0,-1.26,0.0452,326.0,3.52,-1.11e-05,103.6,10.28,54.0,103.6,10.0,4.0,6.46,0.126,324.0,15.2,0.00167,31.5,4.0,4.0,31.5,4.0,4.0,0,0,0,0,-292.0,57.4,39.3,-291.0,57.3,4.000000954,20.6,0.854,322,119.0,0.162,16,1,108,6,Layer 3 Up
145,3.75,-109.0,145,4.0,4.0,-2.2,0.0409,326.0,2.56,2.25e-05,104.0,10.13,85.2,104.0,10.0,4.0,7.32,0.157,324.0,15.9,0.00205,31.5,4.025,16.5,31.5,4.0,4.0,0,0,0,0,-286.0,57.2,-63.9,-286.0,57.3,3.999999046,22.4,0.911,322,119.0,0.174,16,1,108,6,Layer 3 Up
145,3.825,-77.2,145,4.0,4.0,-1.2,0.0506,326.0,4.13,6.47e-06,105.0,9.88,35.3,105.0,9.94,-9.9,9.19,0.162,324.0,16.6,0.00207,31.5,4.025,10.25,31.5,4.0,4.0,0,0,0,0,-281.0,57.4,24.1,-281.0,57.3,4.0,20.7,1.0,322,116.0,0.193,16,1,108,6,Layer 3 Up
145,3.825,-83.5,145,4.0,4.0,-2.54,0.0447,326.0,2.2,6.2e-06,105.0,10.28,47.8,105.0,10.0,4.0,2.54,0.0574,325.0,12.1,0.000692,31.5,4.0,4.0,31.5,4.0,4.0,0,0,0,0,-276.0,57.3,3.375,-275.0,57.3,4.0,22.5,0.889,322,119.0,0.171,16,1,2,6,Layer 3 Up
145,3.8,-83.5,145,4.0,4.0,-6.37,0.049,326.0,3.31,0.0,106.0,10.15,66.5,106.0,10.0,4.0,4.74,0.0889,325.0,12.9,0.00115,31.5,4.0,4.0,31.5,4.0,4.0,0,0,0,0,-270.0,57.4,-10.1,-270.0,57.3,4.0,18.5,0.823,323,118.0,0.158,16,1,109,6,Layer 3 Up
145,3.8,-89.7,145,4.0,4.0,-3.39,0.0409,326.0,0.877,-5.89e-06,106.0,9.93,41.5,107.0,10.0,4.0,6.29,0.109,324.0,14.1,0.00139,31.5,4.0,4.0,31.5,4.0,4.0,0,0,0,0,-265.0,57.4,45.4,-265.0,57.3,4.000000954,21.2,0.927,323,119.0,0.177,16,1,109,6,Layer 3 Up
145,4.775,104.0,145,4.645,17.7,1.37,0.0502,326.0,4.35,6e-05,107.0,9.95,148.0,107.0,9.97,2.59,7.92,0.133,325.0,15.0,0.00171,31.5,4.0,4.0,31.5,4.0,4.0,0,0,0,0,-260.0,57.3,-34.1,-259.0,57.3,3.999999046,24.3,1.06,322,116.0,0.205,16,1,109,6,Layer 3 Up
146,5.92,85.2,146,5.98,17.0,4.86,0.0933,326.0,7.65,0.000324,108.0,9.5,16.5,108.0,9.66,-0.48,6.34,0.105,324.0,14.1,0.00121,31.5,4.0,4.0,31.5,4.0,4.0,0,0,0,0,-254.0,57.4,-1.69,-254.0,57.3,4.0,15.4,0.871,323,117.0,0.167,16,1,111,6,Layer 3 Up
146,7.25,35.3,146,7.22,15.6,4.4,0.077,326.0,9.08,0.000535,108.0,9.32,16.5,108.0,9.06,-3.32,2.86,0.0777,325.0,12.6,0.000833,31.5,4.0,4.0,31.5,4.0,4.0,0,0,0,0,-249.0,57.3,1.75,-249.0,57.3,4.0,25.7,0.947,323,119.0,0.182,16,1,111,6,Layer 3 Up
146,8.07,-27.3,146,8.28,13.67,5.1,0.0813,326.0,11.3,0.000697,109.0,8.35,41.5,109.0,8.2,-5.77,8.62,0.151,324.0,13.1,0.00142,31.5,4.0,4.0,31.5,4.0,4.0,0,0,0,0,-244.0,57.3,-18.2,-243.0,57.3,4.0,22.7,0.953,322,118.0,0.184,16,1,111,6,Layer 3 Up
147,9.28,85.2,147,9.13,11.2,4.37,0.0873,326.0,11.4,0.000959,109.0,7.17,-21.0,109.0,7.12,-7.7,3.83,0.0677,325.0,9.02,0.000428,31.5,3.975,-2.25,31.5,4.0,4.0,0,0,0,0,-238.0,57.4,40.4,-238.0,57.3,4.000000954,16.7,0.695,323,119.0,0.131,16,1,111,6,Layer 3 Up
147,9.8,41.5,147,9.7,8.35,4.73,0.0858,326.0,12.5,0.000972,109.0,6.1,-21.0,109.0,5.87,-9.0,4.74,0.116,325.0,11.2,0.000539,31.5,4.0,4.0,31.5,4.0,4.0,0,0,0,0,-233.0,57.2,-12.3,-233.0,57.3,3.999999046,27.5,1.08,322,117.0,0.209,16,1,111,6,Layer 3 Up
148,9.82,35.3,148,9.98,5.28,5.61,0.0999,326.0,14.3,0.00122,109.0,4.7,47.8,109.0,4.531,-9.7,1.84,0.0546,324.0,3.86,5.41e-05,31.5,4.0,4.0,31.5,4.0,4.0,0,0,0,0,-228.0,57.4,31.7,-227.0,57.3,4.0,17.0,0.915,322,116.0,0.175,16,1,111,6,Layer 3 Up
148,10.05,16.5,148,10.0,4.0,6.5,0.0917,326.0,11.8,0.00116,109.0,3.975,-8.5,109.0,4.0,4.0,1.3,0.0218,325.0,1.51,2.13e-06,31.5,4.0,4.0,31.5,4.0,4.0,0,0,0,0,-222.0,57.4,-0.69,-222.0,57.3,4.0,18.0,1.08,323,121.0,0.206,16,1,2,6,Layer 3 Up
149,9.9,22.8,149,10.0,4.0,5.21,0.102,326.0,14.3,0.00125,109.0,4.0,4.0,109.0,4.0,4.0,1.05,0.0207,325.0,1.31,0.0,31.5,4.0,4.0,31.5,4.0,4.0,0,0,0,0,-217.0,57.3,-5.5,-217.0,57.3,4.0,23.8,1.05,323,117.0,0.203,16,1,111,6,Layer 3 Up
150,10.25,4.0,150,10.0,4.0,4.47,0.0846,326.0,13.5,0.00108,109.0,4.0,4.0,109.0,4.0,4.0,-0.177,0.0179,325.0,1.65,-1.46e-06,31.5,4.0,4.0,31.5,4.0,4.0,0,0,0,0,-212.0,57.4,35.3,-211.0,57.3,4.000000954,21.1,0.862,323,119.0,0.165,16,1,111,6,Layer 3 Up
150,10.18,47.8,150,10.0,4.0,4.38,0.0879,326.0,13.8,0.00114,109.0,4.0,4.0,109.0,4.0,4.0,0.163,0.0172,325.0,1.27,0.0,31.5,4.0,4.0,31.5,4.0,4.0,0,0,0,0,-206.0,57.2,-58.9,-206.0,57.3,3.999999046,22.0,0.892,323,119.0,0.171,16,1,111,6,Layer 3 Up
151,10.15,85.2,151,10.0,4.0,5.1,0.0937,326.0,12.4,0.00116,109.0,4.0,4.0,109.0,4.0,4.0,0.119,0.0237,325.0,1.25,0.0,31.5,4.0,4.0,31.5,4.0,4.0,0,0,0,0,-201.0,57.4,28.0,-201.0,57.3,4.0,20.7,1.0,323,116.0,0.192,16,1,111,6,Layer 3 Up
151,9.9,4.0,151,10.0,4.0,7.07,0.105,326.0,12.8,0.00128,109.0,4.0,4.0,109.0,4.0,4.0,0.163,0.0207,325.0,1.11,-3.54e-06,31.5,4.0,4.0,31.5,4.0,4.0,0,0,0,0,-196.0,57.3,7.31,-195.0,57.3,4.0,22.2,0.882,323,119.0,0.169,16,1,111,6,Layer 3 Up
152,9.82,-33.5,152,10.0,4.0,5.94,0.103,326.0,14.5,0.00124,109.0,4.0,4.0,109.0,4.0,4.0,-0.429,0.0159,325.0,1.5,0.0,31.5,4.025,10.25,31.5,4.0,4.0,0,0,0,0,-190.0,57.3,-16.9,-190.0,57.3,4.0,19.3,0.822,323,118.0,0.157,16,1,111,6,Layer 3 Up
153,10.13,10.25,153,10.0,4.0,4.22,0.0687,326.0,12.6,0.000861,109.0,4.025,16.5,109.0,4.0,4.0,-0.133,0.017,325.0,1.36,0.0,31.5,4.0,4.0,31.5,4.0,4.0,0,0,0,0,-185.0,57.4,50.4,-185.0,57.3,4.000000954,22.0,0.928,323,119.0,0.178,16,1,111,6,Layer 3 Up
153,10.18,72.7,153,10.0,4.0,4.75,0.0877,326.0,12.8,0.00113,109.0,4.0,4.0,109.0,4.0,4.0,0.547,0.0185,325.0,1.72,9.09e-07,31.5,4.0,4.0,31.5,4.0,4.0,0,0,0,0,-180.0,57.2,-42.1,-179.0,57.3,3.999999046,23.7,1.08,322,117.0,0.207,16,1,111,6,Layer 3 Up
154,10.0,35.3,154,10.0,4.0,6.09,0.104,326.0,14.1,0.00134,109.0,4.0,4.0,109.0,4.0,4.0,0.459,0.0211,325.0,1.13,2.99e-06,31.5,3.975,-8.5,31.5,4.0,4.0,0,0,0,0,-174.0,57.4,-3.38,-174.0,57.3,4.0,15.9,0.856,323,116.0,0.164,16,1,111,6,Layer 3 Up
154,9.97,4.0,154,10.0,4.0,4.87,0.094,326.0,14.7,0.00116,109.0,4.0,4.0,109.0,4.0,4.0,1.35,0.0173,325.0,1.56,-9.58e-07,31.5,4.0,4.0,31.5,4.0,4.0,0,0,0,0,-169.0,57.3,1.75,-169.0,57.3,4.0,25.9,0.952,323,120.0,0.183,16,1,2,6,Layer 3 Up
155,10.15,16.5,155,10.0,4.0,5.66,0.0853,326.0,12.6,0.00108,109.0,4.0,4.0,109.0,4.0,4.0,-0.562,0.0211,325.0,2.1,1.38e-06,31.5,4.0,-2.25,31.5,4.0,4.0,0,0,0,0,-164.0,57.3,-20.0,-163.0,57.3,4.0,22.9,0.971,322,119.0,0.187,16,1,111,6,Layer 3 Up
156,10.13,72.7,156,10.0,4.0,5.05,0.0992,326.0,13.0,0.00122,109.0,4.0,4.0,109.0,4.0,4.0,0.415,0.0167,325.0,0.775,1.25e-06,31.5,4.025,16.5,31.5,4.0,4.0,0,0,0,0,-158.0,57.4,40.7,-158.0,57.3,4.000000954,16.3,0.703,323,120.0,0.133,16,1,111,6,Layer 3 Up
156,10.03,79.0,156,10.0,4.0,6.32,0.107,326.0,13.3,0.00137,109.0,4.0,-2.25,109.0,4.0,4.0,0.163,0.0234,325.0,1.5,1.24e-06,31.5,4.025,10.25,31.5,4.0,4.0,0,0,0,0,-153.0,57.2,-7.7,-153.0,57.3,3.999999046,26.9,1.08,322,118.0,0.209,16,1,111,6,Layer 3 Up
157,9.9,-21.0,157,10.0,4.0,5.39,0.0968,326.0,13.8,0.00121,109.0,4.0,4.0,109.0,4.0,4.0,0.207,0.0285,325.0,1.38,2.01e-06,31.5,4.0,4.0,31.5,4.0,4.0,0,0,0,0,-148.0,57.4,28.8,-147.0,57.3,4.0,16.7,0.917,322,117.0,0.176,16,1,111,6,Layer 3 Up
157,10.03,-14.8,157,10.0,4.0,5.0,0.0846,326.0,12.8,0.001,109.0,4.0,4.0,109.0,4.0,4.0,0.207,0.017,324.0,1.17,-1.63e-06,31.5,4.0,4.0,31.5,4.0,4.0,0,0,0,0,-142.0,57.4,3.125,-142.0,57.3,4.0,16.5,0.732,323,119.0,0.14,16,1,111,6,Layer 3 Up
158,10.22,79.0,158,10.0,4.0,3.76,0.0821,325.0,12.5,0.00102,109.0,4.0,4.0,109.0,4.0,4.0,0.163,0.0181,324.0,1.2,1.33e-06,31.5,4.0,4.0,31.5,4.0,4.0,0,0,0,0,-137.0,57.3,-10.8,-137.0,57.3,4.0,23.6,1.04,322,118.0,0.201,16,1,111,6,Layer 3 Up
159,10.0,35.3,159,10.0,4.0,6.53,0.106,326.0,13.0,0.00136,109.0,4.0,4.0,109.0,4.0,4.0,0.756,0.0192,324.0,1.0,-9.59e-07,31.5,4.0,4.0,31.5,4.0,4.0,0,0,0,0,-132.0,57.4,33.4,-131.0,57.3,4.000000954,21.1,0.862,322,119.0,0.165,16,1,111,6,Layer 3 Up
159,9.9,-14.8,159,10.0,4.0,6.1,0.0993,326.0,14.2,0.00121,109.0,4.0,4.0,109.0,4.0,4.0,-0.133,0.0179,325.0,1.45,1.43e-06,31.5,4.0,4.0,31.5,4.0,4.0,0,0,0,0,-126.0,57.2,-63.9,-126.0,57.3,3.999999046,22.7,0.903,322,119.0,0.172,16,1,111,6,Layer 3 Up
160,10.1,10.25,160,10.0,4.0,3.54,0.0834,326.0,14.8,0.00107,109.0,3.975,-2.25,109.0,4.0,4.0,1.69,0.0226,325.0,2.25,-2.71e-06,31.5,4.0,4.0,31.5,4.0,4.0,0,0,0,0,-121.0,57.4,28.0,-121.0,57.3,4.0,20.2,0.998,322,118.0,0.192,16,1,111,6,Layer 3 Up
160,10.15,29.0,160,10.0,4.0,4.26,0.0766,326.0,13.2,0.000962,109.0,4.0,4.0,109.0,4.0,4.0,-0.133,0.017,325.0,1.46,1.32e-06,31.5,3.975,-2.25,31.5,4.0,4.0,0,0,0,0,-116.0,57.3,4.687,-115.0,57.3,4.0,21.9,0.89,323,120.0,0.171,16,1,2,6,Layer 3 Up
161,9.97,60.3,161,10.0,4.0,6.18,0.105,326.0,13.7,0.00132,109.0,4.0,4.0,109.0,4.0,4.0,0.207,0.0153,325.0,1.42,0.0,31.5,4.0,4.0,31.5,4.0,4.0,0,0,0,0,-110.0,57.4,-10.4,-110.0,57.3,4.0,19.1,0.819,323,118.0,0.157,16,1,111,6,Layer 3 Up
162,9.9,-2.25,162,10.0,4.0,6.01,0.104,326.0,14.8,0.00129,109.0,4.0,4.0,109.0,4.0,4.0,1.1,0.0181,324.0,1.79,1.4e-06,31.5,4.0,4.0,31.5,4.0,4.0,0,0,0,0,-105.0,57.4,51.6,-105.0,57.3,4.000000954,21.7,0.924,323,120.0,0.178,16,1,111,6,Layer 3 Up
162,9.9,-39.8,162,10.0,4.0,4.18,0.0713,326.0,13.8,0.000832,109.0,4.0,4.0,109.0,4.0,4.0,-0.000961,0.0181,325.0,2.04,1.03e-06,31.5,4.0,4.0,31.5,4.0,4.0,0,0,0,0,-100.0,57.3,-39.2,-99.0,57.3,3.999999046,23.9,1.07,322,117.0,0.206,16,1,111,6,Layer 3 Up
163,10.18,47.8,163,10.0,4.0,3.59,0.0727,326.0,12.6,0.00089,109.0,4.0,4.0,109.0,4.0,4.0,0.459,0.0192,325.0,1.02,0.0,31.5,4.0,4.0,31.5,4.0,4.0,0,0,0,0,-94.5,57.4,-2.75,-94.1,57.3,4.0,16.2,0.859,323,117.0,0.165,16,1,111,6,Layer 3 Up
163,10.0,54.0,163,10.0,4.0,4.66,0.097,326.0,14.7,0.00119,109.0,4.0,4.0,109.0,4.0,4.0,0.711,0.0171,325.0,0.739,0.0,31.5,4.0,4.0,31.5,4.0,4.0,0,0,0,0,-89.2,57.3,-3.69,-88.7,57.3,4.0,26.1,0.968,323,120.0,0.187,16,1,111,6,Layer 3 Up
164,9.8,-8.5,164,9.93,1.96,5.67,0.106,326.0,14.0,0.00128,109.0,3.05,-39.8,109.0,3.083,-9.6,-3.85,0.108,324.0,10.4,0.000189,31.5,4.0,4.0,31.5,4.0,4.0,0,0,0,0,-83.8,57.3,-21.6,-83.4,57.3,4.0,22.9,0.961,322,119.0,0.185,16,1,111,6,Layer 3 Up
164,9.43,-14.8,165,9.52,-1.31,6.19,0.0968,326.0,12.3,0.00108,109.0,1.8,-64.7,109.0,1.66,-8.7,-3.74,0.0609,325.0,6.72,0.000268,31.5,4.0,4.0,31.5,4.0,4.0,0,0,0,0,-78.1,57.3,34.9,-77.6,57.3,4.0,21.0,0.931,323,121.0,0.178,16,1,113,6,Layer 3 Up
165,9.18,35.3,165,8.91,-3.84,4.74,0.0995,326.0,12.9,0.00105,109.0,0.5,-58.5,109.0,0.55,-7.3,-5.68,0.114,325.0,10.7,0.000835,31.5,4.025,10.25,31.5,4.0,4.0,0,0,0,0,-73.2,57.2,-14.6,-72.7,57.3,3.999999046,26.9,1.09,322,119.0,0.211,16,1,113,6,Layer 3 Up
165,8.0,10.25,165,8.0,-6.2,6.67,0.119,326.0,12.0,0.000983,108.0,-0.05,41.5,108.0,-0.47,-5.21,-5.08,0.0825,325.0,11.8,0.000714,31.5,4.0,4.0,31.5,4.0,4.0,0,0,0,0,-67.8,57.4,23.6,-67.4,57.3,4.0,16.9,0.933,322,117.0,0.18,16,1,113,6,Layer 3 Up
166,7.17,4.0,166,6.88,-8.0,2.28,0.0666,326.0,10.3,0.000409,108.0,-1.4,29.0,108.0,-1.26,-2.66,-3.28,0.0658,325.0,12.7,0.000678,31.5,4.0,4.0,31.5,4.0,4.0,0,0,0,0,-62.5,57.4,2.06,-62.1,57.3,4.0,17.3,0.737,323,120.0,0.141,16,1,2,6,Layer 3 Up
166,5.77,54.0,166,5.61,-9.2,2.18,0.0652,326.0,8.75,0.000203,107.0,-1.7,4.0,107.0,-1.78,0.25,-7.69,0.141,324.0,15.8,0.00166,31.5,4.0,4.0,31.5,4.0,4.0,0,0,0,0,-57.2,57.3,-9.4,-56.7,57.3,4.0,25.1,1.06,322,117.0,0.204,16,1,113,6,Layer 3 Up
166,4.4,16.5,166,4.256,-9.7,2.49,0.0673,326.0,7.28,3.12e-05,107.0,-1.85,-21.0,107.0,-1.99,3.35,-7.91,0.133,324.0,15.2,0.00163,31.5,4.025,16.5,31.5,4.0,4.0,0,0,0,0,-51.8,57.4,33.1,-51.4,57.3,4.000000954,21.0,0.863,322,119.0,0.165,16,1,113,6,Layer 3 Up
166,4.15,72.7,166,4.0,4.0,1.94,0.0435,326.0,3.61,-6.22e-06,106.0,-2.25,10.25,106.0,-2.0,4.0,-2.09,0.0622,325.0,13.2,0.000709,31.5,4.0,4.0,31.5,4.0,4.0,0,0,0,0,-46.5,57.2,-58.8,-46.1,57.3,3.999999046,22.2,0.9,323,119.0,0.172,16,1,113,6,Layer 3 Up
166,4.2,97.7,166,4.0,4.0,2.22,0.0425,326.0,2.39,-5.72e-06,106.0,-2.18,-52.3,106.0,-2.0,4.0,-4.96,0.0951,325.0,12.9,0.00127,31.5,4.0,4.0,31.5,4.0,4.0,0,0,0,0,-41.2,57.3,24.0,-40.7,57.3,4.0,20.4,1.01,322,117.0,0.194,16,1,113,6,Layer 3 Up
166,4.15,66.5,166,4.0,4.0,1.65,0.0422,326.0,4.0,0.0,105.0,-1.95,-27.3,105.0,-2.0,4.0,-7.45,0.126,325.0,13.7,0.00163,31.5,4.0,4.0,31.5,4.0,4.0,0,0,0,0,-35.8,57.3,0.31,-35.4,57.3,4.0,22.1,0.897,323,120.0,0.172,16,1,113,6,Layer 3 Up
166,4.175,79.0,166,4.0,4.0,2.77,0.0407,326.0,1.9,0.0,105.0,-1.82,198.0,105.0,-2.0,4.0,-8.48,0.124,324.0,15.7,0.00145,31.5,3.975,-2.25,31.5,4.0,4.0,0,0,0,0,-30.5,57.3,-15.2,-30.1,57.3,4.0,19.5,0.82,323,118.0,0.158,16,1,113,6,Layer 3 Up
166,4.125,72.7,166,4.0,4.0,0.549,0.0445,326.0,4.95,-1.91e-05,104.0,-1.8,-33.5,104.0,-2.0,4.0,-8.52,0.149,325.0,15.5,0.00191,31.5,4.0,4.0,31.5,4.0,4.0,0,0,0,0,-25.2,57.4,50.1,-24.7,57.3,4.000000954,22.0,0.926,323,119.0,0.177,16,1,115,6,Layer 3 Up
166,-2.15,-77.2,166,-2.0,4.0,-4.52,0.0904,326.0,13.4,0.00112,103.8,4.025,10.25,103.8,4.0,4.0,0.668,0.0193,325.0,2.89,-1.76e-06,31.5,3.975,-8.5,31.5,4.0,4.0,0,0,0,0,-19.8,57.3,-38.6,-19.4,57.3,3.999999046,22.9,1.04,322,117.0,0.201,16,1,115,6,Layer 3 Up
165,-1.95,4.0,165,-2.0,4.0,-6.61,0.112,326.0,14.5,0.00139,103.8,4.0,10.25,103.8,4.0,4.0,0.731,0.0298,325.0,3.25,-2.52e-06,31.5,4.0,4.0,31.5,4.0,4.0,0,0,0,0,-14.5,57.4,-4.69,-14.1,57.3,4.0,16.7,0.86,323,116.0,0.166,16,1,115,6,Layer 3 Up
165,-1.8,41.5,165,-2.0,4.0,-7.14,0.113,326.0,13.7,0.00143,103.8,3.95,-14.8,103.8,4.0,4.0,2.02,0.0287,325.0,0.851,3.73e-06,31.5,4.0,4.0,31.5,4.0,4.0,0,0,0,0,-8.9,57.4,45.0,-8.5,57.3,4.0,16.0,0.949,316,117.0,0.18,16,1,2,6,Layer 3 Up
164,-2.05,4.0,164,-2.0,4.0,-4.05,0.0858,326.0,14.8,0.00108,103.8,4.05,29.0,103.8,4.0,4.0,0.0562,0.0218,325.0,3.36,0.0,31.5,4.0,4.0,31.5,4.0,4.0,0,0,0,0,-3.83,57.3,-24.8,-3.39,57.3,4.0,22.3,0.962,322,119.0,0.186,16,1,115,6,Layer 3 Up
163,-2.07,16.5,163,-2.0,4.0,-5.2,0.0957,326.0,13.4,0.00118,103.8,3.95,-14.8,103.8,4.0,4.0,0.702,0.0313,325.0,2.54,0.0,31.5,4.0,4.0,31.5,4.0,4.0,0,0,0,0,1.72,57.2,-50.0,2.16,57.3,4.0,21.5,1.04,318,121.0,0.199,16,1,115,6,Layer 3 Up
163,2.8,-39.8,163,2.77,-4.88,-4.0,0.0988,326.0,10.4,0.000236,104.0,10.13,66.5,104.0,9.87,2.16,2.27,0.0485,325.0,12.1,0.000569,31.5,4.0,4.0,31.5,4.0,4.0,0,0,0,0,6.84,57.2,-10.6,7.28,57.3,3.999999046,26.4,1.07,322,119.0,0.208,16,1,115,6,Layer 3 Up
163,1.95,-14.8,163,1.9,-4.5,-4.51,0.0572,326.0,6.06,0.00023,105.0,9.7,60.3,105.0,9.62,0.84,5.0,0.0947,324.0,13.1,0.00114,31.5,3.975,-8.5,31.5,4.0,4.0,0,0,0,0,12.17,57.4,28.0,12.61,57.3,4.0,17.0,0.915,322,116.0,0.175,16,1,117,6,Layer 3 Down
163,1.2,4.0,163,1.04,-3.91,-5.71,0.112,326.0,11.1,0.000669,105.0,9.25,-64.7,105.0,9.22,-0.45,4.13,0.0777,324.0,13.3,0.000831,31.5,4.0,4.0,31.5,4.0,4.0,0,0,0,0,17.7,57.2,-36.7,18.2,57.3,4.0,19.7,1.08,317,121.0,0.207,16,1,117,6,Layer 3 Down
162,0.53,4.0,162,0.32,-3.18,-6.66,0.0989,326.0,10.3,0.000743,106.0,8.68,22.8,106.0,8.74,-1.55,5.09,0.103,324.0,13.5,0.00101,31.5,3.975,-2.25,31.5,4.0,4.0,0,0,0,0,22.8,57.3,-11.3,23.3,57.3,4.0,23.5,1.04,322,118.0,0.201,16,1,117,6,Layer 3 Down
162,-0.22,10.25,162,-0.38,-2.22,-5.83,0.103,326.0,11.9,0.000962,106.0,7.92,-52.3,106.0,8.1,-2.6,7.62,0.11,325.0,10.4,0.00093,31.5,4.0,4.0,31.5,4.0,4.0,0,0,0,0,28.4,57.4,5.38,28.8,57.3,4.0,17.0,0.81,318,119.0,0.156,16,1,117,6,Layer 3 Down
162,-1.03,10.25,162,-0.97,-1.11,-4.26,0.0756,326.0,11.6,0.000773,107.0,7.5,-27.3,107.0,7.37,-3.49,1.77,0.0325,324.0,6.99,0.000197,31.5,4.0,10.25,31.5,4.0,4.0,0,0,0,0,33.9,57.3,-10.1,34.4,57.3,4.0,24.5,0.995,322,117.0,0.192,16,1,117,6,Layer 3 Down
161,-1.43,-39.8,161,-1.4,0.03,-5.17,0.0913,326.0,11.8,0.00104,107.0,6.7,-39.8,107.0,6.61,-4.15,3.53,0.0605,325.0,6.6,0.000352,31.5,4.0,4.0,31.5,4.0,4.0,0,0,0,0,39.1,57.3,-11.4,39.5,57.3,4.0,24.6,1.02,317,119.0,0.196,16,1,117,6,Layer 3 Down
160,-1.57,66.5,160,-1.73,1.3,-4.44,0.0959,326.0,15.5,0.00119,107.0,5.73,-14.8,107.0,5.77,-4.66,4.11,0.0726,325.0,7.63,0.000252,31.5,4.0,4.0,31.5,4.0,4.0,0,0,0,0,44.4,57.5,35.7,44.8,57.3,4.0,14.3,0.863,317,115.0,0.165,16,1,2,6,Layer 3 Down
160,-2.07,-14.8,160,-1.94,2.69,-3.74,0.0715,326.0,13.4,0.000874,107.0,4.975,22.8,107.0,4.849,-4.98,2.37,0.0653,325.0,7.57,0.000129,31.5,4.0,4.0,31.5,4.0,4.0,0,0,0,0,49.9,57.4,41.9,50.4,57.3,4.0,20.4,1.01,323,116.0,0.194,16,1,117,6,Layer 3 Down
159,-1.1,198.0,159,4.0,276.0,1.14,0.0559,326.0,1.12,-0.00012,107.0,4.1,22.8,107.0,4.0,3.857,3.82,0.0736,325.0,5.11,0.0,31.5,4.0,4.0,31.5,4.0,4.0,0,0,0,0,55.3,57.4,26.9,55.7,57.3,4.0,16.9,0.803,323,118.0,0.153,16,1,117,6,Layer 3 Down
159,-1.97,-2.25,159,-2.0,4.0,-5.64,0.104,326.0,13.9,0.00136,107.0,3.925,-33.5,107.0,4.0,4.0,3.42,0.0705,325.0,4.05,1.07e-05,31.5,4.0,10.25,31.5,4.0,4.0,0,0,0,0,60.4,57.5,60.9,60.8,57.3,4.000000954,16.4,0.735,317,119.0,0.139,16,1,117,6,Layer 3 Down
158,-2.0,-27.3,158,-2.0,4.0,-6.19,0.103,326.0,13.2,0.00132,107.0,4.1,47.8,107.0,4.0,4.0,2.8,0.0529,325.0,3.81,-1.58e-05,31.5,4.0,4.0,31.5,4.0,4.0,0,0,0,0,65.7,57.2,-38.7,66.2,57.3,4.0,29.7,1.0,318,118.0,0.191,16,1,117,6,Layer 3 Down
158,-1.85,35.3,158,-2.0,4.0,-5.52,0.098,326.0,14.7,0.00121,107.0,4.1,47.8,107.0,4.0,4.0,0.728,0.0517,324.0,7.17,-7.47e-06,31.5,4.0,4.0,31.5,4.0,4.0,0,0,0,0,71.3,57.3,-39.2,71.7,57.3,4.0,22.7,0.981,322,118.0,0.189,16,1,117,6,Layer 3 Down
157,-2.13,-21.0,157,-2.0,4.0,-3.64,0.0912,326.0,14.9,0.00117,107.0,3.975,-14.8,107.0,4.0,4.0,3.56,0.0644,325.0,3.59,3.02e-05,31.5,4.025,10.25,31.5,4.0,4.0,0,0,0,0,76.4,57.4,36.9,76.8,57.3,4.0,16.7,0.783,317,118.0,0.15,16,1,117,6,Layer 3 Down
156,-2.1,-14.8,156,-2.0,4.0,-5.31,0.0871,326.0,12.8,0.00108,107.0,4.075,41.5,107.0,4.0,4.0,3.02,0.0486,325.0,3.42,-2.24e-05,31.5,4.0,4.0,31.5,4.0,4.0,0,0,0,0,81.9,57.3,26.6,82.4,57.3,4.0,22.6,0.94,323,118.0,0.18,16,1,117,6,Layer 3 Down
156,-2.07,-2.25,156,-2.0,4.0,-4.98,0.09,326.0,13.7,0.00115,107.0,4.05,29.0,107.0,4.0,4.0,3.2,0.0556,325.0,3.73,-2.29e-05,31.5,4.0,4.0,31.5,4.0,4.0,0,0,0,0,86.8,57.2,-17.8,87.3,57.3,3.999999046,28.7,1.08,322,116.0,0.208,16,1,117,6,Layer 3 Down
155,-1.93,35.3,155,-2.0,4.0,-8.07,0.0989,326.0,10.9,0.00119,107.0,4.075,41.5,107.0,4.0,4.0,2.58,0.0506,325.0,4.0,-2.2e-05,31.5,3.975,-8.5,31.5,4.0,4.0,0,0,0,0,92.6,57.4,31.6,93.0,57.3,3.999999046,18.4,0.746,323,121.0,0.141,16,1,117,6,Layer 3 Down
155,-1.97,35.3,155,-2.0,4.0,-5.81,0.0963,326.0,13.1,0.00118,107.0,4.075,35.3,107.0,4.0,4.0,2.58,0.0504,325.0,3.89,-1.56e-05,31.5,3.975,-2.25,31.5,4.0,4.0,0,0,0,0,97.9,57.3,16.6,98.4,57.3,4.0,26.8,1.06,322,117.0,0.204,16,1,117,6,Layer 3 Down
154,-1.95,-8.5,154,-2.0,4.0,-4.82,0.109,326.0,16.0,0.00143,107.0,3.95,-14.8,107.0,4.0,4.0,3.25,0.0657,325.0,4.17,5.1e-05,31.5,4.0,4.0,31.5,4.0,4.0,0,0,0,0,103.1,57.3,26.8,103.5,57.3,4.0,20.4,0.893,316,121.0,0.172,16,1,2,6,Layer 3 Down
153,-2.0,-39.8,153,-2.0,4.0,-6.89,0.119,326.0,13.7,0.00155,107.0,4.075,35.3,107.0,4.0,4.0,2.67,0.0491,324.0,3.96,-1.53e-05,31.5,4.025,10.25,31.5,4.0,4.0,0,0,0,0,109.0,57.3,-16.9,109.0,57.3,4.0,18.8,0.779,323,122.0,0.15,16,1,117,6,Layer 3 Down
153,-1.9,16.5,153,-2.0,4.0,-6.1,0.102,325.0,14.5,0.00127,107.0,4.075,35.3,107.0,4.0,4.0,1.61,0.0491,324.0,5.04,-2.21e-05,31.5,4.0,4.0,31.5,4.0,4.0,0,0,0,0,114.0,57.3,-10.4,114.0,57.3,4.0,24.9,1.01,322,116.0,0.194,16,1,117,6,Layer 3 Down
152,-1.97,-14.8,152,-2.0,4.178,3.17,0.132,325.0,1.96,0.000165,107.0,4.0,22.8,107.0,3.864,-5.07,1.52,0.047,324.0,4.73,-6.57e-06,31.5,3.975,-2.25,31.5,4.0,4.0,0,0,0,0,119.0,57.4,43.2,120.0,57.3,3.999999046,17.7,0.786,323,119.0,0.15,16,1,117,6,Layer 3 Down
152,-1.95,-39.8,152,-1.92,5.49,-4.53,0.1,325.0,14.5,0.00127,107.0,3.15,22.8,107.0,3.0,-4.95,-5.86,0.107,324.0,7.66,0.000224,31.5,4.0,4.0,31.5,4.0,4.0,0,0,0,0,124.0,57.5,40.3,125.0,57.3,4.0,13.8,0.87,316,116.0,0.166,16,1,119,6,Layer 3 Down
151,-1.5,54.0,151,-1.7,6.82,-5.15,0.0981,325.0,12.9,0.00117,107.0,2.12,-33.5,107.0,2.08,-4.61,-5.78,0.106,324.0,9.67,0.000477,31.5,4.0,4.0,31.5,4.0,4.0,0,0,0,0,130.0,57.2,-22.6,130.0,57.3,4.0,25.5,0.99,317,119.0,0.191,16,1,119,6,Layer 3 Down
151,-1.47,-27.3,150,-1.33,8.14,-3.3,0.0756,326.0,13.6,0.000822,107.0,1.2,-33.5,107.0,1.25,-4.08,-8.26,0.134,324.0,9.76,0.000799,31.5,4.0,4.0,31.5,4.0,4.0,0,0,0,0,135.0,57.4,27.6,136.0,57.3,4.0,16.9,0.805,323,118.0,0.153,16,1,119,6,Layer 3 Down
150,-1.05,-27.3,150,-0.86,9.3,-4.46,0.0888,326.0,12.5,0.000925,106.0,0.45,-27.3,106.0,0.48,-3.36,-7.78,0.148,324.0,12.9,0.00115,31.5,4.0,4.0,31.5,4.0,4.0,0,0,0,0,141.0,57.3,-37.6,141.0,57.3,4.0,20.3,0.87,322,120.0,0.168,16,1,119,6,Layer 3 Down
150,-0.2,66.5,150,-0.27,10.35,-4.98,0.0895,325.0,12.1,0.000776,106.0,-0.07,35.3,106.0,-0.21,-2.48,-4.67,0.0801,324.0,11.1,0.000674,31.5,4.0,4.0,31.5,4.0,4.0,0,0,0,0,146.0,57.4,56.4,146.0,57.3,3.999999046,21.1,0.929,322,118.0,0.177,16,1,119,6,Layer 3 Down
149,0.28,16.5,149,0.41,11.26,-3.71,0.0595,326.0,8.23,0.000432,106.0,-0.43,35.3,106.0,-0.81,-1.45,-6.24,0.101,324.0,13.2,0.000935,31.5,4.0,4.0,31.5,4.0,4.0,0,0,0,0,151.0,57.2,-42.9,152.0,57.3,4.0,23.3,0.986,322,118.0,0.19,16,1,119,6,Layer 3 Down
149,1.2,4.0,149,1.18,11.99,-4.91,0.0849,326.0,9.19,0.000477,105.0,-1.1,97.7,105.0,-1.29,-0.29,-7.31,0.113,324.0,13.1,0.00118,31.5,4.0,4.0,31.5,4.0,4.0,0,0,0,0,157.0,57.3,-37.7,157.0,57.3,4.0,12.6,0.919,322,128.0,0.177,16,1,2,6,Layer 3 Down
149,1.85,-14.8,149,2.01,12.55,-5.66,0.0889,326.0,7.74,0.000381,105.0,-1.7,-27.3,105.0,-1.66,0.96,-9.07,0.159,324.0,14.9,0.00198,31.5,3.975,-8.5,31.5,4.0,4.0,0,0,0,0,162.0,57.3,32.4,162.0,57.3,4.0,22.6,0.934,322,119.0,0.179,16,1,119,6,Layer 3 Down
148,2.75,-27.3,148,2.88,12.91,-3.92,0.0713,326.0,7.71,0.00016,104.0,-1.88,-58.5,104.0,-1.9,2.28,-7.44,0.143,324.0,15.5,0.00179,31.5,3.975,-2.25,31.5,4.0,4.0,0,0,0,0,167.0,57.3,-14.4,168.0,57.3,4.0,19.0,0.896,322,118.0,0.173,16,1,119,6,Layer 3 Down
148,3.65,4.0,148,3.784,13.07,-3.05,0.066,326.0,6.23,0.0,103.4,-1.72,-33.5,103.4,-2.0,3.646,-8.37,0.131,324.0,13.9,0.00152,31.5,3.975,-8.5,31.5,4.0,4.0,0,0,0,0,173.0,57.4,40.1,173.0,57.3,3.999999046,15.5,0.73,323,122.0,0.138,16,1,119,6,Layer 3 Down
148,3.9,-52.3,148,4.0,4.0,-1.36,0.0562,326.0,4.29,-3.52e-05,102.9,-2.07,-21.0,102.9,-2.0,4.0,-3.01,0.0781,324.0,13.2,0.000952,31.5,3.975,-8.5,31.5,4.0,4.0,0,0,0,0,178.0,57.3,18.9,178.0,57.3,4.0,26.2,1.06,322,117.0,0.205,16,1,119,6,Layer 3 Down
148,3.875,-52.3,148,4.0,4.0,-1.26,0.0413,325.0,4.88,-1.16e-05,102.3,-1.95,4.0,102.3,-2.0,4.0,-4.87,0.0949,324.0,14.8,0.00122,31.5,4.0,4.0,31.5,4.0,4.0,0,0,0,0,183.0,57.4,24.1,184.0,57.3,4.0,15.6,0.925,322,116.0,0.177,16,1,119,6,Layer 3 Down
148,3.875,-52.3,148,4.0,4.0,-0.734,0.0401,326.0,5.32,-1.11e-05,101.7,-1.93,91.5,101.7,-2.0,4.0,-5.66,0.0811,324.0,13.6,0.000948,31.5,3.975,-8.5,31.5,4.0,4.0,0,0,0,0,189.0,57.3,-19.6,189.0,57.3,4.0,20.1,0.792,323,121.0,0.151,16,1,119,6,Layer 3 Down
148,3.925,-33.5,148,4.0,4.0,-3.06,0.0459,326.0,2.11,-2.69e-05,101.1,-2.22,10.25,101.1,-2.0,4.0,-4.42,0.0831,324.0,13.6,0.00105,31.5,4.0,4.0,31.5,4.0,4.0,0,0,0,0,194.0,57.3,-11.8,194.0,57.3,4.0,25.2,1.02,322,117.0,0.196,16,1,119,6,Layer 3 Down
148,3.925,-33.5,148,4.0,4.0,-2.65,0.0445,325.0,3.42,-1.25e-05,100.5,-2.28,-39.8,100.5,-2.0,4.0,-4.52,0.12,324.0,15.3,0.00157,31.5,4.0,-2.25,31.5,4.0,4.0,0,0,0,0,199.0,57.4,42.4,200.0,57.3,3.999999046,17.4,0.794,322,120.0,0.151,16,1,119,6,Layer 3 Down
148,3.95,-21.0,148,4.0,4.0,-3.06,0.0445,326.0,3.39,-6.27e-06,99.9,-2.13,-52.3,99.9,-2.0,4.0,-7.34,0.148,324.0,17.0,0.00198,31.5,3.975,-2.25,31.5,4.0,4.0,0,0,0,0,205.0,57.2,-62.4,205.0,57.3,4.0,25.8,0.925,323,122.0,0.175,16,1,119,6,Layer 3 Down
148,4.05,-14.8,148,4.243,13.07,-0.75,0.0254,325.0,1.24,-5.49e-06,99.5,-1.9,135.0,99.4,-2.0,4.341,-4.51,0.13,324.0,15.9,0.00168,31.5,3.95,-14.8,31.5,4.0,4.0,0,0,0,0,210.0,57.4,45.1,210.0,57.3,4.0,19.2,0.997,321,116.0,0.192,16,1,2,6,Layer 3 Down
148,5.1,41.5,148,5.14,12.91,2.27,0.0487,325.0,7.65,7.37e-05,98.9,-1.95,-27.3,98.8,-1.89,5.7,-5.37,0.109,324.0,13.2,0.00136,31.5,3.975,-2.25,31.5,4.0,4.0,0,0,0,0,215.0,57.4,22.3,216.0,57.3,4.0,16.7,0.819,322,118.0,0.156,16,1,120,6,Layer 3 Down
149,6.0,16.5,149,6.02,12.55,5.31,0.0956,325.0,8.77,0.000353,98.3,-1.53,66.5,98.2,-1.65,7.03,-6.75,0.103,324.0,12.3,0.00113,31.5,4.0,4.0,31.5,4.0,4.0,0,0,0,0,221.0,57.3,-40.4,221.0,57.3,4.0,21.4,0.872,322,119.0,0.168,16,1,120,6,Layer 3 Down
149,6.92,16.5,149,6.85,12.0,3.49,0.0684,325.0,9.09,0.000432,97.7,-1.55,-46.0,97.7,-1.28,8.28,-6.19,0.13,324.0,14.1,0.00151,31.5,3.975,-2.25,31.5,4.0,4.0,0,0,0,0,226.0,57.4,51.9,226.0,57.3,3.999999046,21.2,0.93,322,118.0,0.179,16,1,120,6,Layer 3 Down
149,7.75,22.8,149,7.61,11.26,3.56,0.076,325.0,10.1,0.000585,97.2,-0.5,16.5,97.2,-0.79,9.44,-5.47,0.092,324.0,12.9,0.000879,31.5,3.975,-8.5,31.5,4.0,4.0,0,0,0,0,231.0,57.2,-40.8,232.0,57.3,4.0,24.0,0.997,322,118.0,0.191,16,1,120,6,Layer 3 Down
150,8.22,47.8,150,8.29,10.36,4.18,0.107,325.0,13.8,0.000928,96.8,-0.53,22.8,96.7,-0.19,10.47,-3.77,0.0857,324.0,11.9,0.000799,31.5,4.0,4.0,31.5,4.0,4.0,0,0,0,0,237.0,57.3,-36.8,237.0,57.3,4.0,22.2,0.929,322,118.0,0.179,16,1,120,6,Layer 3 Down
150,8.95,16.5,150,8.87,9.32,4.55,0.0872,326.0,12.3,0.000925,96.4,0.35,-14.8,96.3,0.5,11.35,-4.89,0.114,324.0,12.3,0.000895,31.5,4.0,4.0,31.5,4.0,4.0,0,0,0,0,242.0,57.3,33.8,242.0,57.3,4.0,21.6,0.923,323,120.0,0.178,16,1,120,6,Layer 3 Down
150,9.45,22.8,151,9.34,8.15,4.99,0.0862,325.0,11.9,0.00099,96.1,1.08,-2.25,96.0,1.27,12.07,-4.06,0.0814,324.0,9.2,0.000505,31.5,4.0,4.0,31.5,4.0,4.0,0,0,0,0,247.0,57.3,-17.0,248.0,57.3,4.0,19.3,0.905,322,118.0,0.175,16,1,120,6,Layer 3 Down
151,9.65,-33.5,151,9.69,6.88,4.97,0.0859,325.0,13.6,0.001,95.8,2.17,47.8,95.8,2.11,12.6,-4.13,0.0877,324.0,9.77,0.000335,31.5,4.0,4.0,31.5,4.0,4.0,0,0,0,0,253.0,57.4,36.9,253.0,57.3,3.999999046,18.7,0.736,323,119.0,0.139,16,1,120,6,Layer 3 Down
152,9.97,66.5,152,9.91,5.56,4.97,0.102,326.0,14.5,0.0013,95.7,2.92,10.25,95.7,2.99,12.94,-5.14,0.0821,324.0,7.15,0.000181,31.5,4.0,4.0,31.5,4.0,4.0,0,0,0,0,258.0,57.3,15.8,258.0,57.3,4.0,26.7,1.07,322,117.0,0.207,16,1,120,6,Layer 3 Down
152,9.82,4.0,152,10.0,4.192,5.93,0.0994,325.0,14.1,0.00116,95.6,3.8,4.0,95.6,3.891,13.07,-5.49,0.102,324.0,7.86,-1.64e-05,31.5,3.975,-8.5,31.5,4.0,4.0,0,0,0,0,263.0,57.4,26.6,264.0,57.3,4.0,14.3,0.928,321,116.0,0.177,16,1,2,6,Layer 3 Down
153,10.15,4.0,153,10.0,4.0,4.44,0.0658,326.0,12.5,0.000821,95.6,4.025,16.5,95.6,4.0,4.0,-5.19,0.0789,324.0,6.19,-2.5e-05,31.5,4.0,4.0,31.5,4.0,4.0,0,0,0,0,269.0,57.3,-19.6,269.0,57.3,4.0,19.6,0.785,322,121.0,0.15,16,1,120,6,Layer 3 Down
153,10.13,66.5,153,10.0,4.0,2.86,0.0889,326.0,15.7,0.00116,95.6,4.0,10.25,95.6,4.0,4.0,-4.44,0.0745,325.0,6.65,-5.9e-05,31.5,3.975,-8.5,31.5,4.0,4.0,0,0,0,0,274.0,57.3,-10.4,274.0,57.3,4.0,24.5,1.02,322,118.0,0.197,16,1,121,6,Layer 3 Down
154,9.8,-2.25,154,10.0,4.0,5.67,0.101,325.0,14.4,0.00124,95.6,4.025,22.8,95.6,4.0,4.0,-4.63,0.076,324.0,6.3,-7.25e-05,31.5,4.0,4.0,31.5,4.0,4.0,0,0,0,0,279.0,57.4,43.1,280.0,57.3,3.999999046,17.4,0.792,322,119.0,0.151,16,1,121,6,Layer 3 Down
154,9.9,-33.5,155,10.0,4.0,4.2,0.0888,326.0,15.2,0.00104,95.6,4.0,10.25,95.6,4.0,4.0,-4.35,0.0724,324.0,7.32,-2.29e-05,31.5,4.0,4.0,31.5,4.0,4.0,0,0,0,0,285.0,57.2,-65.1,285.0,57.3,4.0,27.7,0.926,322,119.0,0.174,16,1,121,6,Layer 3 Down
155,10.1,4.0,155,10.0,4.0,3.35,0.0746,326.0,15.0,0.000926,95.6,4.0,10.25,95.6,4.0,4.0,-3.64,0.0737,324.0,7.81,-3.52e-05,31.5,4.0,4.0,31.5,4.0,4.0,0,0,0,0,290.0,57.4,47.4,290.0,57.3,4.0,19.3,0.993,321,116.0,0.192,16,1,121,6,Layer 3 Down
156,10.2,60.3,156,10.0,4.0,3.49,0.0775,325.0,14.3,0.00099,95.6,4.0,10.25,95.6,4.0,4.0,-4.05,0.0728,324.0,7.63,-3.47e-05,31.5,4.0,4.0,31.5,4.0,4.0,0,0,0,0,295.0,57.4,23.9,296.0,57.3,4.0,16.5,0.812,322,119.0,0.155,16,1,121,6,Layer 3 Down
156,10.0,47.8,156,10.0,4.0,4.86,0.1,326.0,14.9,0.00125,95.6,4.025,22.8,95.6,4.0,4.0,-4.5,0.0757,325.0,7.12,-3.51e-05,31.5,4.0,4.0,31.5,4.0,4.0,0,0,0,0,301.0,57.3,-46.4,301.0,57.3,4.0,22.5,0.89,322,118.0,0.17,16,1,121,6,Layer 3 Down
157,9.88,-33.5,157,10.0,4.0,5.48,0.0973,326.0,14.9,0.00121,95.6,4.025,22.8,95.6,4.0,4.0,-4.24,0.0734,324.0,7.15,-4.62e-05,31.5,4.0,4.0,31.5,4.0,4.0,0,0,0,0,306.0,57.4,54.6,306.0,57.3,3.999999046,20.9,0.932,322,119.0,0.179,16,1,121,6,Layer 3 Down
157,10.03,-33.5,158,10.0,4.0,4.2,0.0687,326.0,13.5,0.000836,95.6,4.025,22.8,95.6,4.0,4.0,-4.44,0.0723,324.0,7.32,-2.3e-05,31.5,4.0,4.0,31.5,4.0,4.0,0,0,0,0,311.0,57.2,-46.0,312.0,57.3,4.0,23.3,1.01,321,118.0,0.193,16,1,121,6,Layer 3 Down
158,10.1,16.5,158,10.0,4.0,4.91,0.0834,326.0,12.7,0.00105,95.6,4.025,22.8,95.6,4.0,4.0,-3.23,0.0753,324.0,10.5,-1.15e-05,31.5,3.975,-2.25,31.5,4.0,4.0,0,0,0,0,317.0,57.3,-35.5,317.0,57.3,4.0,21.7,0.931,322,117.0,0.179,16,1,121,6,Layer 3 Down
159,9.93,4.0,159,10.0,4.0,6.77,0.104,325.0,12.9,0.0013,95.6,4.025,16.5,95.6,4.0,4.0,-4.14,0.0723,324.0,7.49,-4.59e-05,31.5,4.0,4.0,31.5,4.0,4.0,0,0,0,0,322.0,57.3,35.6,322.0,57.3,4.0,22.4,0.933,322,119.0,0.179,16,1,2,6,Layer 3 Down
159,9.95,-27.3,159,10.0,4.0,5.01,0.0912,325.0,14.3,0.00115,95.6,4.025,22.8,95.6,4.0,4.0,-4.44,0.0721,324.0,6.85,-5.71e-05,31.5,3.975,-14.8,31.5,4.0,4.0,0,0,0,0,327.0,57.3,-20.1,328.0,57.3,4.0,20.0,0.907,322,118.0,0.175,16,1,121,6,Layer 3 Down
160,9.95,-58.5,160,10.0,4.0,4.15,0.0865,326.0,15.7,0.00105,95.6,4.025,22.8,95.6,4.0,4.0,-4.35,0.0728,324.0,7.1,-4.59e-05,31.5,3.975,-8.5,31.5,4.0,4.0,0,0,0,0,333.0,57.4,38.1,333.0,57.3,3.999999046,17.5,0.734,323,120.0,0.139,16,1,121,6,Layer 3 Down
160,10.22,54.0,161,10.0,4.0,3.22,0.078,326.0,13.5,0.000967,95.6,4.025,22.8,95.6,4.0,4.0,-3.84,0.0736,324.0,7.57,-3.43e-05,31.5,4.0,4.0,31.5,4.0,4.0,0,0,0,0,338.0,57.3,16.4,338.0,57.3,4.0,25.4,1.07,321,117.0,0.206,16,1,121,6,Layer 3 Down
161,10.0,16.5,161,10.0,4.0,5.41,0.107,326.0,13.7,0.00134,95.6,4.025,22.8,95.6,4.0,4.0,-4.68,0.0715,324.0,7.1,-1.14e-05,31.5,4.0,-2.25,31.5,4.0,4.0,0,0,0,0,343.0,57.4,24.2,344.0,57.3,4.0,15.0,0.92,321,116.0,0.176,16,1,121,6,Layer 3 Down
162,9.82,-39.8,162,10.0,4.0,6.48,0.106,326.0,14.9,0.00129,95.6,4.025,22.8,95.6,4.0,4.0,-4.63,0.0728,324.0,6.64,-4.57e-05,31.5,4.0,4.0,31.5,4.0,4.0,0,0,0,0,349.0,57.3,-16.3,349.0,57.3,4.0,24.4,0.791,322,117.0,0.151,16,1,121,6,Layer 3 Down
162,9.97,-46.0,162,10.0,4.0,4.96,0.0819,326.0,14.2,0.00101,95.6,4.05,29.0,95.6,4.0,4.0,-4.4,0.0748,324.0,7.35,-3.44e-05,31.5,3.975,-8.5,31.5,4.0,4.0,0,0,0,0,354.0,57.3,-8.0,354.0,57.3,4.0,24.0,1.01,322,118.0,0.195,16,1,121,6,Layer 3 Down
163,10.1,22.8,163,10.0,4.0,3.71,0.0759,325.0,14.0,0.000969,95.6,4.05,29.0,95.6,4.0,4.0,-4.98,0.073,324.0,6.68,-1.15e-05,31.5,3.975,-8.5,31.5,4.0,4.0,0,0,0,0,359.0,57.4,41.0,360.0,57.3,3.999999046,17.9,0.8,322,119.0,0.153,16,1,121,6,Layer 3 Down
163,10.0,54.0,163,5.53,-918.0,5.59,0.103,326.0,14.4,0.00135,95.6,4.05,35.3,95.6,4.0,4.0,-4.84,0.0729,324.0,6.7,-2.32e-05,31.5,4.0,4.0,31.5,4.0,4.0,0,0,0,0,365.0,57.2,-60.7,365.0,57.3,4.0,27.4,0.903,322,120.0,0.171,16,1,121,6,Layer 3 Down
164,9.9,10.25,164,9.88,1.34,4.3,0.0928,325.0,14.7,0.00108,95.6,2.87,-2.25,95.6,2.81,-9.5,-7.48,0.129,324.0,8.76,0.00031,31.5,4.0,4.0,31.5,4.0,4.0,0,0,0,0,370.0,57.4,40.7,370.0,57.3,4.0,20.6,1.02,321,115.0,0.197,16,1,121,6,Layer 3 Down
165,9.55,-33.5,165,9.46,-1.65,3.59,0.0648,326.0,13.4,0.000724,95.4,1.75,10.25,95.4,1.51,-8.5,-2.88,0.057,324.0,9.07,0.00025,31.5,4.0,4.0,31.5,4.0,4.0,0,0,0,0,375.0,57.4,18.4,376.0,57.3,4.0,17.2,0.81,322,118.0,0.155,16,1,2,6,Layer 3 Down
165,8.9,-8.5,165,8.75,-4.35,3.92,0.0781,326.0,12.7,0.000764,95.1,0.33,22.8,95.1,0.33,-6.9,-2.07,0.065,324.0,10.9,0.000444,31.5,4.0,-2.25,31.5,4.0,4.0,0,0,0,0,381.0,57.3,-45.3,381.0,57.3,4.0,22.5,0.885,322,118.0,0.17,16,1,122,6,Layer 3 Down
166,7.78,-64.7,166,7.79,-6.6,6.35,0.0921,326.0,10.0,0.000675,94.7,-0.57,-27.3,94.6,-0.65,-4.74,-7.35,0.134,324.0,14.0,0.0013,31.5,3.975,-2.25,31.5,4.0,4.0,0,0,0,0,386.0,57.4,54.2,386.0,57.3,3.999999046,21.0,0.924,322,118.0,0.177,16,1,122,6,Layer 3 Down
166,6.67,4.0,166,6.64,-8.3,4.37,0.0873,326.0,11.8,0.0005,94.2,-1.45,-58.5,94.1,-1.39,-2.1,-3.32,0.0954,324.0,13.7,0.00106,31.5,4.0,4.0,31.5,4.0,4.0,0,0,0,0,391.0,57.2,-41.4,392.0,57.3,4.0,23.3,0.995,322,118.0,0.191,16,1,122,6,Layer 3 Down
166,5.38,-39.8,166,5.34,-9.4,5.34,0.0941,326.0,9.47,0.000257,93.6,-1.9,47.8,93.6,-1.85,0.86,-8.0,0.0838,324.0,9.77,0.00101,31.5,4.0,4.0,31.5,4.0,4.0,0,0,0,0,397.0,57.3,-37.9,397.0,57.3,4.0,31.4,0.964,322,109.0,0.186,16,1,122,6,Layer 3 Down
166,4.075,-33.5,166,4.00212,-4.24,4.43,0.0637,326.0,5.67,-1.94e-05,93.0,-2.28,-14.8,93.0,2.33,915.0,-5.46,0.103,324.0,14.3,0.00135,31.5,4.0,4.0,31.5,4.0,4.0,0,0,0,0,402.0,57.3,34.4,402.0,57.3,4.0,22.0,0.931,322,119.0,0.178,16,1,122,6,Layer 3 Down
166,3.925,-21.0,166,4.0,4.0,2.21,0.0453,326.0,6.09,-2.7e-05,92.5,-1.7,22.8,92.5,-2.0,4.0,-6.3,0.107,324.0,15.2,0.0013,31.5,4.0,4.0,31.5,4.0,4.0,0,0,0,0,407.0,57.3,-16.2,408.0,57.3,4.0,18.8,0.892,321,117.0,0.172,16,1,122,6,Layer 3 Down
166,3.975,-8.5,166,4.0,4.0,4.44,0.0525,326.0,3.15,-1.38e-05,91.9,-1.68,72.7,91.9,-2.0,4.0,-6.18,0.106,324.0,14.8,0.00128,31.5,3.975,-8.5,31.5,4.0,4.0,0,0,0,0,413.0,57.4,39.1,413.0,57.3,3.999999046,18.0,0.733,323,121.0,0.139,16,1,123,6,Layer 3 Down
166,4.0,4.0,166,4.0,4.0,1.66,0.0424,326.0,6.06,-3.04e-05,91.3,-2.0,60.3,91.3,-2.0,4.0,-3.72,0.0701,324.0,13.7,0.000849,31.5,3.975,-8.5,31.5,4.0,4.0,0,0,0,0,418.0,57.3,16.5,418.0,57.3,4.0,25.2,1.06,321,119.0,0.205,16,1,123,6,Layer 3 Down
166,3.975,-14.8,166,4.0,4.0,5.0,0.0442,326.0,2.91,-2.21e-05,90.8,-2.3,-52.3,90.8,-2.0,4.0,-3.58,0.139,324.0,17.7,0.00185,31.5,3.975,-2.25,31.5,4.0,4.0,0,0,0,0,423.0,57.4,22.7,424.0,57.3,4.0,14.4,0.928,321,115.0,0.177,16,1,123,6,Layer 3 Down
166,4.0,-2.25,166,4.0,4.0,2.21,0.044,326.0,5.5,-1.95e-05,90.2,-2.1,10.25,90.2,-2.0,4.0,-8.01,0.147,324.0,15.8,0.00193,31.5,4.0,4.0,31.5,4.0,4.0,0,0,0,0,429.0,57.3,-21.8,429.0,57.3,4.0,19.9,0.793,322,122.0,0.152,16,1,2,6,Layer 3 Down
166,3.925,-27.3,166,4.0,4.0,3.62,0.0453,326.0,4.29,-2.58e-05,89.6,-2.0,-27.3,89.6,-2.0,4.0,-8.56,0.156,324.0,16.7,0.00194,31.5,4.0,-2.25,31.5,4.0,4.0,0,0,0,0,434.0,57.3,-4.69,434.0,57.3,4.0,23.0,1.0,322,119.0,0.194,16,1,125,6,Layer 3 Down
166,4.0,-14.8,166,4.0,4.0,1.93,0.0447,326.0,5.95,-6.19e-06,89.0,-1.95,-46.0,89.0,-2.0,4.0,-7.4,0.141,324.0,16.1,0.00178,31.5,4.0,4.0,31.5,4.0,4.0,0,0,0,0,439.0,57.4,45.8,440.0,57.3,3.999999046,17.8,0.783,322,119.0,0.149,16,1,125,6,Layer 3 Down
166,3.975,10.25,166,4.0,4.0,1.92,0.0622,326.0,3.6,3.77e-05,88.4,-1.85,-21.0,88.4,-2.0,4.0,-7.8,0.15,324.0,15.8,0.00191,31.5,4.0,4.0,31.5,4.0,4.0,0,0,0,0,445.0,57.4,45.2,445.0,57.3,3.999999046,19.0,0.977,316,119.0,0.188,16,1,125,6,Layer 3 Down
166,3.95,-21.0,166,4.0,4.0,3.05,0.0452,326.0,4.17,-4.01e-05,87.8,-1.75,4.0,87.8,-2.0,4.0,-6.45,0.102,324.0,13.8,0.00117,31.5,4.0,4.0,31.5,4.0,4.0,0,0,0,0,450.0,57.4,42.9,450.0,57.3,4.0,17.9,1.0,321,118.0,0.194,16,1,125,6,Layer 3 Down
166,3.925,-21.0,166,4.0,4.0,1.66,0.0497,326.0,6.54,-2.55e-05,87.2,-1.78,123.0,87.2,-2.0,4.0,-4.32,0.0619,324.0,13.9,0.000712,31.5,3.975,-2.25,31.5,4.0,4.0,0,0,0,0,455.0,57.4,23.1,456.0,57.3,4.0,17.0,0.812,322,118.0,0.155,16,1,125,6,Layer 3 Down
166,3.975,-8.5,166,4.0,4.0,-1.1,0.0479,326.0,9.7,-2.46e-05,86.6,-2.25,-14.8,86.6,-2.0,4.0,-3.19,0.0586,325.0,11.8,0.000719,31.5,4.0,4.0,31.5,4.0,4.0,0,0,0,0,461.0,57.3,-39.8,461.0,57.3,4.0,21.6,0.875,322,120.0,0.169,16,1,125,6,Layer 3 Down
166,3.975,-2.25,166,4.0,4.0,2.22,0.0429,326.0,5.61,-1.22e-05,86.0,-2.28,-109.0,86.0,-2.0,4.0,-3.78,0.081,324.0,12.9,0.00101,31.5,3.975,-2.25,31.5,4.0,4.0,0,0,0,0,466.0,57.4,54.8,466.0,57.3,3.999999046,21.0,0.931,321,119.0,0.179,16,1,125,6,Layer 3 Down
166,3.95,-2.25,166,4.0,4.0,3.32,0.0654,326.0,2.09,3.85e-05,85.4,-2.18,-58.5,85.4,-2.0,4.0,-3.99,0.0871,324.0,13.7,0.00109,31.5,4.0,4.0,31.5,4.0,4.0,0,0,0,0,471.0,57.5,64.1,472.0,57.3,3.999999046,16.9,0.719,317,116.0,0.137,16,1,125,6,Layer 3 Down
166,3.925,-39.8,166,4.0,4.0,3.34,0.042,326.0,4.5,-1.74e-05,84.8,-1.9,60.3,84.8,-2.0,4.0,-6.0,0.0958,325.0,14.2,0.00118,31.5,3.975,-2.25,31.5,4.0,4.0,0,0,0,0,477.0,57.3,-35.8,477.0,57.3,4.0,20.7,0.944,322,119.0,0.182,16,1,125,6,Layer 3 Down
166,4.0,4.0,166,4.0,4.0,1.94,0.0429,326.0,5.47,-2.26e-05,84.2,-2.15,22.8,84.2,-2.0,4.0,-1.62,0.0825,324.0,18.9,0.00104,31.5,4.0,4.0,31.5,4.0,4.0,0,0,0,0,482.0,57.3,35.2,482.0,57.3,4.0,22.3,0.923,322,119.0,0.177,16,1,2,6,Layer 3 Down
166,4.025,10.25,166,4.0,4.0,3.32,0.0561,326.0,1.51,2.47e-05,83.6,-2.13,35.3,83.6,-2.0,4.0,-3.01,0.0802,324.0,14.8,0.000988,31.5,4.0,4.0,31.5,4.0,4.0,0,0,0,0,487.0,57.4,25.2,488.0,57.3,4.0,18.0,0.772,317,117.0,0.149,16,1,125,6,Layer 3 Down
166,4.0,-2.25,166,4.0,4.0,0.837,0.0665,326.0,4.56,3.79e-05,83.0,-1.9,66.5,82.9,-2.0,4.0,-6.0,0.104,324.0,12.9,0.00128,31.5,4.0,4.0,31.5,4.0,4.0,0,0,0,0,493.0,57.4,0.5,494.0,57.3,4.0,17.9,0.993,316,115.0,0.191,16,1,125,6,Layer 3 Down
166,4.0,-2.25,166,4.0,4.0,2.5,0.0426,326.0,4.36,-1.76e-05,82.4,-1.97,-8.5,82.4,-2.0,4.0,-8.45,0.149,324.0,16.1,0.00196,31.5,3.975,-2.25,31.5,4.0,4.0,0,0,0,0,498.0,57.3,15.8,498.0,57.3,4.0,25.3,1.07,321,118.0,0.206,16,1,125,6,Layer 3 Down
166,3.95,-27.3,166,4.0,4.0,2.22,0.0405,326.0,5.63,-2.3e-05,81.8,-1.95,-2.25,81.8,-2.0,4.0,-7.87,0.134,324.0,17.0,0.00171,31.5,4.0,4.0,31.5,4.0,4.0,0,0,0,0,503.0,57.4,22.8,504.0,57.3,4.0,15.0,0.945,321,115.0,0.181,16,1,125,6,Layer 3 Down
166,3.975,-21.0,166,4.0,4.0,1.93,0.04,326.0,5.82,-2.11e-05,81.2,-1.88,-21.0,81.2,-2.0,4.0,-7.36,0.131,324.0,16.0,0.00163,31.5,3.975,-8.5,31.5,4.0,4.0,0,0,0,0,509.0,57.3,-18.6,509.0,57.3,4.0,20.8,0.798,322,121.0,0.153,16,1,125,6,Layer 3 Down
166,3.925,-33.5,166,4.0,4.0,4.16,0.0407,326.0,3.62,-1.14e-05,80.7,-2.03,4.0,80.7,-2.0,4.0,-7.03,0.156,324.0,14.8,0.00214,31.5,3.975,-2.25,31.5,4.0,4.0,0,0,0,0,514.0,57.3,-7.4,514.0,57.3,4.0,22.6,1.01,321,119.0,0.195,16,1,125,6,Layer 3 Down
166,4.025,29.0,166,4.0,4.0,3.34,0.0599,326.0,1.54,3.62e-05,80.1,-2.25,-52.3,80.0,-2.0,4.0,-4.72,0.091,324.0,11.6,0.00118,31.5,4.0,4.0,31.5,4.0,4.0,0,0,0,0,519.0,57.4,-7.0,520.0,57.3,4.000000954,18.1,0.798,318,116.0,0.153,16,1,125,6,Layer 3 Down
166,4.025,10.25,166,4.0,4.0,2.22,0.0413,326.0,5.21,-1.64e-05,79.5,-1.88,41.5,79.5,-2.0,4.0,-6.35,0.125,324.0,16.5,0.00153,31.5,4.0,-2.25,31.5,4.0,4.0,0,0,0,0,525.0,57.2,-64.2,525.0,57.3,4.0,25.7,0.939,322,121.0,0.177,16,1,125,6,Layer 3 Down
166,3.975,-8.5,166,3.9601,-5.21,3.33,0.0364,326.0,3.54,-2.64e-05,79.0,4.7,373.0,79.0,-1.5,-871.0,-3.16,0.0485,325.0,4.52,-4.35e-05,31.5,4.0,-2.25,31.5,4.0,4.0,0,0,0,0,530.0,57.5,75.1,531.0,57.3,3.999999046,14.7,0.719,322,117.0,0.134,16,1,125,6,Layer 3 Down
166,2.67,-33.5,166,2.65,-9.4,-2.75,0.0632,326.0,4.65,0.000189,78.4,-1.85,-83.5,78.4,-1.85,7.03,-6.64,0.132,324.0,15.6,0.00162,31.5,4.0,4.0,31.5,4.0,4.0,0,0,0,0,535.0,57.4,-6.9,536.0,57.3,4.0,18.6,0.906,317,115.0,0.175,16,1,2,6,Layer 3 Down
166,1.3,-58.5,166,1.36,-8.4,-5.67,0.103,326.0,8.46,0.000638,77.9,-1.13,123.0,77.8,-1.39,10.0,-4.54,0.0724,324.0,13.1,0.000732,31.5,4.0,10.25,31.5,4.0,4.0,0,0,0,0,541.0,57.3,8.19,541.0,57.3,4.0,22.2,0.985,317,120.0,0.189,16,1,126,6,Layer 3 Down
166,0.47,-14.8,166,0.25,-6.8,-7.59,0.1,326.0,10.4,0.000795,77.4,-0.93,47.8,77.3,-0.68,12.55,-2.98,0.0725,324.0,13.0,0.000691,31.5,3.975,-2.25,31.5,4.0,4.0,0,0,0,0,546.0,57.4,51.5,546.0,57.3,3.999999046,21.5,0.945,321,118.0,0.182,16,1,126,6,Layer 3 Down
165,-0.55,-2.25,165,-0.72,-4.54,-6.47,0.11,326.0,12.9,0.00106,76.9,0.37,79.0,76.9,0.29,14.8,-3.51,0.0724,325.0,12.0,0.000535,31.5,4.0,4.0,31.5,4.0,4.0,0,0,0,0,551.0,57.2,-37.3,552.0,57.3,4.0,23.3,1.0,321,118.0,0.192,16,1,126,6,Layer 3 Down
165,-1.28,47.8,165,-1.44,-1.87,-5.34,0.0938,326.0,14.1,0.00103,76.6,1.58,16.5,76.6,1.46,16.4,-4.4,0.0746,324.0,10.6,0.000412,31.5,3.975,-8.5,31.5,4.0,4.0,0,0,0,0,557.0,57.3,-34.2,557.0,57.3,4.0,21.1,0.928,321,119.0,0.179,16,1,126,6,Layer 3 Down
164,-1.93,-33.5,164,-1.87,1.1,-4.61,0.0924,326.0,13.6,0.00114,76.4,2.67,4.0,76.4,2.76,17.4,-6.68,0.098,324.0,7.65,0.000264,31.5,3.975,-2.25,31.5,4.0,4.0,0,0,0,0,562.0,57.3,30.3,562.0,57.3,4.0,21.6,0.921,322,120.0,0.177,16,1,126,6,Layer 3 Down
163,2.4,948.0,163,4.0,4.0,14.7,0.219,326.0,13.2,0.000706,76.4,4.0,22.8,76.4,4.0,4.0,-2.33,0.0517,325.0,5.88,-7.89e-06,31.5,3.975,-2.25,31.5,4.0,4.0,0,0,0,0,567.0,57.3,-13.1,568.0,57.3,4.0,19.1,0.906,321,118.0,0.175,16,1,126,6,Layer 3 Down
163,-1.85,16.5,163,-2.0,4.0,-6.62,0.0947,326.0,14.0,0.00114,76.4,4.05,22.8,76.4,4.0,4.0,-2.01,0.0319,325.0,2.59,-4.24e-06,31.5,3.95,-14.8,31.5,4.0,4.0,0,0,0,0,573.0,57.4,33.7,573.0,57.3,3.999999046,18.7,0.75,322,120.0,0.143,16,1,127,6,Layer 3 Down
162,-1.82,91.5,162,-2.0,4.0,-5.26,0.0856,326.0,14.8,0.00104,76.4,4.05,29.0,76.4,4.0,4.0,-2.01,0.0324,325.0,2.62,-4.38e-06,31.5,4.0,4.0,31.5,4.0,4.0,0,0,0,0,578.0,57.3,13.69,578.0,57.3,4.0,25.8,1.06,321,119.0,0.205,16,1,128,6,Layer 3 Down
162,-2.1,16.5,162,-2.0,4.0,-4.22,0.0704,326.0,12.9,0.000884,76.4,4.075,41.5,76.4,4.0,4.0,-2.53,0.0342,325.0,2.2,-4.47e-06,31.5,4.0,4.0,31.5,4.0,4.0,0,0,0,0,583.0,57.4,25.0,584.0,57.3,4.0,14.5,0.926,321,115.0,0.177,16,1,128,6,Layer 3 Down
161,-2.0,-27.3,161,-2.0,4.0,-4.48,0.0843,326.0,13.5,0.00106,76.4,4.025,16.5,76.4,4.0,4.0,-2.89,0.0329,325.0,2.06,-4.01e-06,31.5,4.0,4.0,31.5,4.0,4.0,0,0,0,0,589.0,57.3,-26.0,589.0,57.3,4.0,21.5,0.818,322,120.0,0.156,16,1,2,6,Layer 3 Down
161,-1.9,41.5,161,-2.0,4.0,-3.37,0.0936,326.0,18.3,0.00113,76.4,4.05,29.0,76.4,4.0,4.0,-2.4,0.0339,325.0,1.66,-9.1e-06,31.5,4.0,4.0,31.5,4.0,4.0,0,0,0,0,594.0,57.3,-11.0,594.0,57.3,4.0,24.1,1.02,321,118.0,0.198,16,1,128,6,Layer 3 Down
160,-1.9,22.8,160,-2.0,4.0,-5.5,0.101,326.0,14.3,0.00123,76.4,3.95,-14.8,76.4,4.0,4.0,-2.26,0.0357,324.0,1.55,9.38e-06,31.5,4.025,16.5,31.5,4.0,4.0,0,0,0,0,599.0,57.4,-10.4,600.0,57.3,4.000000954,18.5,0.801,319,116.0,0.154,16,1,128,6,Layer 3 Down
159,-2.03,10.25,159,-2.0,4.0,-4.49,0.0821,326.0,13.5,0.00104,76.4,3.975,-14.8,76.4,4.0,4.0,-2.09,0.0375,325.0,0.824,0.0,31.5,4.0,4.0,31.5,4.0,4.0,0,0,0,0,605.0,57.4,57.5,605.0,57.3,3.999999046,18.5,0.969,317,119.0,0.186,16,1,128,6,Layer 3 Down
159,-2.13,-46.0,159,-2.0,4.0,-4.33,0.096,326.0,15.2,0.00126,76.4,4.025,22.8,76.4,4.0,4.0,-1.77,0.0361,325.0,3.25,3.84e-06,31.5,4.0,4.0,31.5,4.0,4.0,0,0,0,0,610.0,57.4,35.5,610.0,57.3,4.0,19.6,1.0,321,116.0,0.194,16,1,128,6,Layer 3 Down
158,-2.18,-64.7,158,-2.0,4.0,-4.28,0.0898,326.0,13.7,0.00118,76.4,3.95,-21.0,76.4,4.0,4.0,-0.819,0.038,324.0,2.99,9.83e-06,31.5,4.0,10.25,31.5,4.0,4.0,0,0,0,0,615.0,57.3,-13.1,616.0,57.3,4.0,20.2,0.924,318,114.0,0.178,16,1,128,6,Layer 3 Down
158,-1.95,-27.3,157,-2.0,4.0,-5.61,0.109,326.0,14.5,0.00133,76.4,4.0,-2.25,76.4,4.0,4.0,-0.941,0.0363,325.0,2.86,9.9e-06,31.5,3.975,4.0,31.5,4.0,4.0,0,0,0,0,621.0,57.3,9.56,621.0,57.3,4.0,21.1,0.981,318,121.0,0.189,16,1,128,6,Layer 3 Down
157,-1.95,60.3,157,-2.0,4.0,-4.94,0.0885,326.0,14.2,0.00107,76.4,4.05,29.0,76.4,4.0,4.0,-1.13,0.0338,325.0,4.21,-4.39e-06,31.5,4.0,4.0,31.5,4.0,4.0,0,0,0,0,626.0,57.4,49.2,626.0,57.3,3.999999046,21.1,0.938,321,118.0,0.18,16,1,128,6,Layer 3 Down
156,-2.0,-21.0,156,-2.0,4.0,-4.29,0.0995,326.0,14.6,0.00119,76.4,4.05,29.0,76.4,4.0,4.0,-0.624,0.0319,325.0,4.6,-4.12e-06,31.5,4.0,4.0,31.5,4.0,4.0,0,0,0,0,631.0,57.3,-38.8,632.0,57.3,4.0,22.2,1.0,321,118.0,0.192,16,1,128,6,Layer 3 Down
156,-2.13,-52.3,156,-2.0,4.0,-5.76,0.0982,326.0,11.5,0.00128,76.4,3.95,-21.0,76.4,4.0,4.0,-0.624,0.038,325.0,2.81,0.0,31.5,4.025,16.5,31.5,4.0,4.0,0,0,0,0,637.0,57.3,-2.06,637.0,57.3,4.0,24.5,1.01,318,120.0,0.193,16,1,128,6,Layer 3 Down
155,-1.88,-2.25,155,-2.0,4.0,-7.1,0.123,326.0,14.3,0.0015,76.4,3.95,-21.0,76.4,4.0,4.0,-0.819,0.036,325.0,2.14,-1.02e-05,31.5,4.0,4.0,31.5,4.0,4.0,0,0,0,0,642.0,57.4,24.7,643.0,57.3,4.0,16.1,0.968,317,115.0,0.186,16,1,128,6,Layer 3 Down
155,-1.9,79.0,155,-2.0,4.0,-4.29,0.0934,326.0,16.6,0.00116,76.4,4.05,29.0,76.4,4.0,4.0,-0.941,0.0303,325.0,4.6,0.0,31.5,4.0,4.0,31.5,4.0,4.0,0,0,0,0,647.0,57.3,-10.3,648.0,57.3,4.0,18.7,0.907,321,118.0,0.175,16,1,2,6,Layer 3 Down
154,-2.18,-33.5,154,-2.0,4.0,-5.28,0.0945,326.0,13.0,0.00124,76.4,3.95,-21.0,76.4,4.0,4.0,-0.38,0.0344,324.0,3.11,0.0,31.5,4.025,16.5,31.5,4.0,4.0,0,0,0,0,653.0,57.3,-30.4,653.0,57.3,4.000000954,20.1,1.04,319,120.0,0.202,16,1,128,6,Layer 3 Down
153,-2.22,-89.7,153,-2.0,4.0,-5.04,0.103,325.0,13.2,0.0013,76.4,3.975,-14.8,76.4,4.0,4.0,-0.697,0.0362,325.0,2.34,0.0,31.5,4.0,4.0,31.5,4.0,4.0,0,0,0,0,658.0,57.4,39.5,659.0,57.3,3.999999046,19.5,0.883,318,118.0,0.169,16,1,128,6,Layer 3 Down
153,-1.82,66.5,153,-2.0,4.0,-6.55,0.098,326.0,14.4,0.00118,76.4,4.075,35.3,76.4,4.0,4.0,-2.38,0.0366,325.0,2.94,-5.23e-06,31.5,4.0,4.0,31.5,4.0,4.0,0,0,0,0,663.0,57.4,23.3,664.0,57.3,4.0,15.5,0.933,320,115.0,0.178,16,1,128,6,Layer 3 Down
152,-1.9,35.3,152,-2.0,4.0,-5.95,0.0977,325.0,13.3,0.00122,76.4,3.95,-27.3,76.4,4.0,4.0,-1.57,0.0349,324.0,1.19,0.0,31.5,4.0,4.0,31.5,4.0,4.0,0,0,0,0,669.0,57.3,2.19,669.0,57.3,4.0,19.7,1.11,318,118.0,0.213,16,1,128,6,Layer 3 Down
152,-2.13,-21.0,152,-2.0,4.0,-4.0,0.0755,326.0,13.5,0.000935,76.4,4.05,29.0,76.4,4.0,4.0,-3.09,0.0349,324.0,1.92,-4.8e-06,31.5,3.975,-2.25,31.5,4.0,4.0,0,0,0,0,674.0,57.3,-10.3,674.0,57.3,4.0,22.5,1.01,320,119.0,0.195,16,1,128,6,Layer 3 Down
151,-2.15,-58.5,151,-2.0,4.0,-3.8,0.0912,325.0,14.0,0.00116,76.4,3.975,-14.8,76.4,4.0,4.0,-2.21,0.0357,324.0,0.498,-4.89e-06,31.5,4.025,16.5,31.5,4.0,4.0,0,0,0,0,679.0,57.4,45.9,680.0,57.3,3.999999046,18.0,0.786,319,116.0,0.151,16,1,128,6,Layer 3 Down
150,-1.85,35.3,150,-2.0,4.0,-6.19,0.0924,326.0,14.1,0.00111,76.4,4.05,29.0,76.4,4.0,4.0,-2.89,0.0328,325.0,2.17,-8.86e-06,31.5,3.975,-2.25,31.5,4.0,4.0,0,0,0,0,685.0,57.2,-62.9,685.0,57.3,4.0,25.9,0.933,322,121.0,0.176,16,1,128,6,Layer 3 Down
150,-1.97,47.8,150,-2.0,4.0,-4.73,0.0804,326.0,14.3,0.000978,76.4,4.05,29.0,76.4,4.0,4.0,-2.28,0.0337,325.0,2.0,-9.41e-06,31.5,3.975,-2.25,31.5,4.0,4.0,0,0,0,0,690.0,57.4,37.8,690.0,57.3,4.0,19.5,1.0,320,116.0,0.194,16,1,128,6,Layer 3 Down
149,-2.03,29.0,149,-2.0,4.0,-4.21,0.0783,326.0,13.2,0.000972,76.4,3.95,-21.0,76.4,4.0,4.0,-1.75,0.035,324.0,2.2,4.82e-06,31.5,4.0,4.0,31.5,4.0,4.0,0,0,0,0,695.0,57.4,-6.6,696.0,57.3,4.0,18.0,0.906,319,115.0,0.174,16,1,128,6,Layer 3 Down
149,-1.97,-8.5,149,-2.0,4.0,-4.81,0.0989,326.0,15.2,0.00127,76.4,4.05,29.0,76.4,4.0,4.0,-3.53,0.0335,325.0,1.91,-1.34e-05,31.5,4.0,4.0,31.5,4.0,4.0,0,0,0,0,701.0,57.3,-37.3,701.0,57.3,4.0,21.9,0.898,321,119.0,0.173,16,1,2,6,Layer 3 Down
148,-2.25,-202.0,148,-2.0,4.409,4.03,0.14,326.0,0.499,2.76e-05,76.4,4.075,22.8,76.4,4.206,17.7,-1.75,0.0258,325.0,1.83,-2.87e-06,31.5,3.975,-2.25,31.5,4.0,4.0,0,0,0,0,706.0,57.4,51.3,706.0,57.3,3.999999046,20.8,0.932,320,119.0,0.179,16,1,128,6,Layer 3 Down
147,-1.57,85.2,147,-1.79,7.52,-6.2,0.0882,326.0,13.8,0.00103,76.4,5.42,29.0,76.5,5.56,17.3,4.76,0.083,324.0,9.14,0.000206,31.5,3.975,-2.25,31.5,4.0,4.0,0,0,0,0,711.0,57.3,-37.5,712.0,57.3,4.0,22.4,0.996,321,118.0,0.192,16,1,128,6,Layer 3 Down
147,-1.4,-14.8,147,-1.29,10.44,-4.53,0.0984,326.0,15.0,0.00111,76.7,6.75,29.0,76.7,6.84,16.1,9.19,0.142,325.0,11.1,0.000814,31.5,3.975,-2.25,31.5,4.0,4.0,0,0,0,0,717.0,57.3,-32.4,717.0,57.3,4.0,20.6,0.929,321,119.0,0.179,16,1,128,6,Layer 3 Down
146,-0.45,22.8,146,-0.5,13.03,-6.26,0.107,326.0,12.5,0.000963,77.0,7.92,41.5,77.0,7.96,14.4,6.88,0.142,324.0,13.9,0.00121,31.5,3.975,-8.5,31.5,4.0,4.0,0,0,0,0,722.0,57.3,31.6,722.0,57.3,4.0,21.6,0.927,321,120.0,0.178,16,1,128,6,Layer 3 Down
146,0.55,16.5,146,0.51,15.1,-5.79,0.0921,326.0,10.6,0.000646,77.4,8.85,54.0,77.5,8.88,12.04,4.71,0.11,324.0,14.0,0.00115,31.5,3.975,-2.25,31.5,4.0,4.0,0,0,0,0,727.0,57.3,-9.4,728.0,57.3,4.0,19.1,0.898,321,117.0,0.173,16,1,128,6,Layer 3 Down
146,1.83,60.3,146,1.71,16.7,-6.09,0.0918,326.0,9.8,0.000425,77.9,9.72,54.0,78.0,9.55,9.3,8.15,0.138,324.0,13.1,0.00172,31.5,3.975,-8.5,31.5,4.0,4.0,0,0,0,0,733.0,57.4,36.0,733.0,57.3,3.999999046,17.5,0.751,321,121.0,0.143,16,1,128,6,Layer 3 Down
146,3.1,97.7,146,3.033,17.6,-3.98,0.048,326.0,7.31,0.000107,78.5,9.72,10.25,78.6,9.92,6.28,8.75,0.139,324.0,15.6,0.00168,31.5,3.975,-2.25,31.5,4.0,4.0,0,0,0,0,738.0,57.3,15.6,738.0,57.3,4.0,24.4,1.05,321,118.0,0.201,16,1,128,6,Layer 3 Down
145,4.125,66.5,145,4.0,4.0,-6.36,0.0562,326.0,3.84,-2.58e-05,79.1,9.65,373.0,79.1,10.0,4.0,7.72,0.109,325.0,14.7,0.00114,31.5,3.975,-8.5,31.5,4.0,4.0,0,0,0,0,744.0,57.3,18.7,744.0,57.3,3.999999046,19.7,0.866,321,120.0,0.167,16,1,128,6,Layer 3 Down
145,4.15,97.7,145,4.0,4.0,-3.68,0.0472,326.0,6.03,-3.53e-05,79.6,10.0,16.5,79.7,10.0,4.0,5.15,0.0881,324.0,13.6,0.00114,31.5,4.0,4.0,31.5,4.0,4.0,0,0,0,0,749.0,57.3,-21.6,749.0,57.3,4.0,20.4,0.809,322,121.0,0.155,16,1,130,6,Layer 3 Down
145,4.125,72.7,145,4.0,4.0,-3.93,0.0463,326.0,5.5,-2.71e-05,80.2,9.95,22.8,80.3,10.0,4.0,5.37,0.097,324.0,15.4,0.0012,31.5,4.0,4.0,31.5,4.0,4.0,0,0,0,0,754.0,57.3,-8.4,754.0,57.3,4.000000954,23.9,1.01,320,118.0,0.196,16,1,2,6,Layer 3 Down
145,4.125,66.5,145,4.0,4.0,-2.33,0.0431,326.0,7.81,-1.32e-05,80.8,4.975,-752.0,80.9,9.5,879.0,6.88,0.0854,325.0,8.83,0.000171,31.5,4.025,10.25,31.5,4.0,4.0,0,0,0,0,760.0,57.2,-33.8,760.0,57.3,4.0,23.6,0.937,322,120.0,0.18,16,1,130,6,Layer 3 Down
145,3.925,-46.0,145,4.0,4.0,-1.6,0.0564,326.0,3.17,8.78e-06,81.4,10.15,66.5,81.4,10.0,4.0,7.07,0.133,324.0,13.7,0.00167,31.5,4.0,4.0,31.5,4.0,4.0,0,0,0,0,765.0,57.4,52.3,765.0,57.3,3.999999046,17.6,0.985,320,119.0,0.189,16,1,130,6,Layer 3 Down
145,4.1,66.5,145,4.0,4.0,-4.23,0.043,326.0,5.54,-6.31e-06,81.8,3.825,-52.3,81.8,4.0,4.0,1.38,0.03,324.0,2.99,-1.17e-05,31.6,14.9,1114.0,31.7,22.0,1004.0,0,0,0,0,770.0,57.4,43.6,770.0,57.3,4.0,19.1,0.982,319,116.0,0.19,16,1,130,50,end
145,4.175,97.7,145,4.0,4.0,-3.73,0.0479,325.0,5.97,-2.07e-05,81.8,4.0,-2.25,81.8,4.0,4.0,1.15,0.0199,323.0,0.732,0.0,35.8,53.9,10.25,36.3,54.0,4.0,0,0,0,0,775.0,57.4,24.7,776.0,57.3,4.0,16.2,0.805,320,118.0,0.154,16,1,132,50,end
145,3.825,-89.7,145,4.0,4.0,-1.95,0.0538,325.0,2.17,3.23e-05,81.8,4.0,10.25,81.8,4.0,4.0,1.46,0.0261,323.0,0.819,0.0,41.0,54.1,35.3,41.5,54.0,4.0,0,0,0,0,781.0,57.3,3.125,781.0,57.3,4.0,20.6,0.994,318,122.0,0.191,16,1,132,50,end
145,4.175,91.5,145,4.0,4.0,-2.84,0.0522,325.0,7.39,-1.52e-05,81.8,3.975,-2.25,81.8,4.0,4.0,0.471,0.0247,323.0,2.29,4.88e-06,45.8,54.0,29.0,46.3,54.0,4.0,0,0,0,0,786.0,57.4,52.4,786.0,57.3,3.999999046,20.5,0.931,319,118.0,0.179,16,1,132,50,end
145,3.85,-83.5,145,4.0,4.0,-1.85,0.0522,325.0,2.69,2.39e-05,81.8,4.025,10.25,81.8,4.0,4.0,0.919,0.0226,324.0,0.22,-2.82e-06,51.0,54.2,60.3,51.5,54.0,4.0,0,0,0,0,791.0,57.5,58.7,792.0,57.3,3.999999046,15.8,0.72,319,117.0,0.138,16,1,132,50,end
145,3.825,-83.5,145,4.0,4.0,-2.2,0.0527,325.0,2.22,4.66e-05,81.8,4.025,16.5,81.8,4.0,4.0,1.32,0.0238,323.0,1.4,2.88e-06,56.0,54.2,79.0,56.5,54.0,4.0,0,0,0,0,797.0,57.3,0.37,797.0,57.3,4.0,24.3,1.0,318,120.0,0.192,16,1,132,50,end
145,4.15,91.5,145,4.0,4.0,-4.02,0.0502,326.0,5.8,-1.44e-05,81.8,4.025,16.5,81.8,4.0,4.0,1.08,0.0217,325.0,1.0,0.0,59.5,5.48,348.0,59.5,4.0,4.0,0,0,0,0,802.0,57.3,-29.1,803.0,57.3,4.0,22.4,0.929,321,120.0,0.178,16,1,132,50,end
145,4.175,97.7,145,4.0,4.0,-4.23,0.0547,329.0,5.97,-1.58e-05,81.8,3.975,-8.5,81.8,4.0,4.0,1.69,0.0221,327.0,0.696,0.0,59.5,3.975,-8.5,59.5,4.0,4.0,0,0,0,0,807.0,55.4,-61.1,807.0,4.0,4.0,0.0819,2.61e-08,328,0.0,0.000977,16,1,132,50,end
