X_ActualPosition,X_ActualVelocity,X_ActualAcceleration,X_SetPosition,X_SetVelocity,X_SetAcceleration,X_CurrentFeedback,X_DCBusVoltage,X_OutputCurrent,X_OutputVoltage,X_OutputPower,Y_ActualPosition,Y_ActualVelocity,Y_ActualAcceleration,Y_SetPosition,Y_SetVelocity,Y_SetAcceleration,Y_CurrentFeedback,Y_DCBusVoltage,Y_OutputCurrent,Y_OutputVoltage,Y_OutputPower,Z_ActualPosition,Z_ActualVelocity,Z_ActualAcceleration,Z_SetPosition,Z_SetVelocity,Z_SetAcceleration,Z_CurrentFeedback,Z_DCBusVoltage,Z_OutputCurrent,Z_OutputVoltage,S_ActualPosition,S_ActualVelocity,S_ActualAcceleration,S_SetPosition,S_SetVelocity,S_SetAcceleration,S_CurrentFeedback,S_DCBusVoltage,S_OutputCurrent,S_OutputVoltage,S_OutputPower,S_SystemInertia,M_CURRENT_PROGRAM_NUMBER,M_sequence_number,M_CURRENT_FEEDRATE,Machining_Process
211.62136644200405,11.595199001194862,4.0,202,4.0,4.0,0.18,0.0207,329,2.77,-1.42e-06,236.69374201187895,42.98479832130212,-2.25,162.0,4.0,4.0,0.539,0.0167,328,1.84,6.43e-07,137.03794112757754,-57.31653301620096,4.0,123.0,4.0,4.0,0,0,0,0,-357.0,4.001,4.25,-357.0,4.0,4.0,0.524,2.74e-19,329,0.0,6.96e-07,16,1,0,50,Starting
169.1627590154655,-26.344816410068407,-346.0,202,-9.6,-354.0,-10.9,0.186,328,23.3,0.00448,169.60338305584156,-2.760095954504777,-746.0,161.0,-20.6,-643.0,-14.5,0.281,325,37.8,0.0126,140.84491300572654,-12.203899615172396,-708.0,122.0,-21.6,-670.0,0,0,0,0,-357.0,4.0,4.25,-357.0,4.0,4.0,-0.288,2.74e-19,328,0.0,-5.27e-07,16,1,4,50,Prep
223.69531093404046,-27.624185273874673,-2.25,200,-13.9,3.9999046,-8.59,0.14,328,30.6,0.00533,178.86390302511973,50.12240102514522,4.0,158.0,-28.3,3.9999046,-7.79,0.139,327,49.4,0.00943,151.76154294063954,-45.341521331076024,41.5,119.0,-29.7,3.9999046,0,0,0,0,-357.0,4.0,3.562,-357.0,4.0,4.0,0.524,2.74e-19,328,0.0,9.1e-07,16,1,7,50,Prep
227.69809833473204,-34.47401364779473,4.0,198,-13.9,3.9999046,-6.11,0.13,327,30.3,0.00489,161.00527244193,-57.26250184491164,-58.5,155.0,-28.3,3.9999046,-8.13,0.156,325,47.6,0.0105,123.13945389717345,-44.31890740430544,-2.25,116.0,-29.7,4.0,0,0,0,0,-357.0,3.999,3.75,-357.0,4.0,4.0,-0.18,2.74e-19,328,0.0,1.07e-06,16,1,7,50,Prep
135.39654637537566,-40.41286007220499,-14.8,196,-13.9,4.0000954,-5.7,0.114,328,30.5,0.00425,174.56656352473752,-44.56910609687151,142.0,152.0,-28.3,4.0000954,-13.8,0.202,326,47.1,0.0135,130.59471416447968,36.017085264160265,22.8,112.0,-29.7,4.0,0,0,0,0,-357.0,4.0,3.812,-357.0,4.0,4.0,0.226,2.74e-19,328,0.0,1.96e-06,16,1,7,50,Prep
153.88400407720076,10.142428378077676,85.2,195,-13.9,4.000191,-5.85,0.128,328,30.9,0.00474,141.20162911590168,-18.33377320540908,-8.5,148.0,-28.3,4.0,-9.78,0.166,326,49.6,0.0113,99.68070595792608,-80.38602352288335,-2.25,109.0,-29.7,4.0000954,0,0,0,0,-357.0,4.0,4.0,-357.0,4.0,4.0,0.821,2.74e-19,328,0.0,0.0,16,1,7,50,Prep
197.0365291172954,1.4628718424055283,-2.25,193,-13.9,4.0000954,-5.84,0.0955,328,29.3,0.00345,218.78218368115392,-18.752080219703853,85.2,145.0,-28.3,3.9999046,-8.56,0.179,326,50.0,0.0124,108.2541784400217,-16.78175995962829,66.5,106.0,-29.7,4.0000954,0,0,0,0,-357.0,4.00075,3.9375,-357.0,4.0,4.0,0.523,2.74e-19,328,0.0,3.79e-06,16,1,2,50,Prep
181.0147183480526,7.989326104334687,54.0,191,-13.9,3.999809,-7.31,0.117,327,29.1,0.00441,118.83749966966299,18.573550849166548,54.0,142.0,-28.3,3.9999046,-8.0,0.185,325,50.8,0.0128,106.46615295356783,-62.74557608823257,22.8,102.3,-29.7,4.0,0,0,0,0,-357.0,4.0,4.0,-357.0,4.0,4.0,-0.288,2.74e-19,328,0.0,0.0,16,1,7,50,Prep
188.46950760643657,-13.022928648751195,29.0,189,-13.9,4.0,-7.98,0.113,328,29.4,0.00417,196.45244575462138,-44.3650573924041,41.5,139.0,-28.3,4.0,-9.96,0.154,327,49.7,0.0102,106.8333764268154,0.5706907501934992,22.8,98.8,-29.7,4.0000954,0,0,0,0,-357.0,3.99925,3.812,-357.0,4.0,4.0,-0.0997,2.74e-19,328,0.0,-8.36e-08,16,1,7,50,Prep
161.06534892981358,3.4305174845193047,16.5,187,-13.9,3.9999046,-7.44,0.138,328,29.8,0.00501,103.30318263569198,-6.949373739741876,-27.3,136.0,-28.3,4.0,-6.29,0.119,325,48.1,0.00784,123.57495543598436,-19.786690412070783,-33.5,95.6,-29.7,4.0000954,0,0,0,0,-357.0,3.999,4.0,-357.0,4.0,4.0,0.118,2.74e-19,328,0.0,0.0,16,1,7,50,Prep
213.76677359644623,-53.394225413895114,-52.3,186,-13.9,3.9999046,-4.52,0.114,327,31.3,0.0043,129.94266892917514,-0.15903312409949066,117.0,132.0,-28.3,4.0,-8.62,0.186,325,48.6,0.0126,112.45903178729726,-17.098912988944207,-21.0,92.2,-29.7,4.0,0,0,0,0,-357.0,4.0,4.25,-357.0,4.0,4.0,-0.288,2.74e-19,328,0.0,-6.99e-07,16,1,7,50,Prep
208.55858802673052,5.555413333322356,66.5,184,-13.9,4.0000954,-5.53,0.13,328,31.6,0.00485,74.60590896999277,-11.363081009930099,16.5,129.0,-28.3,4.0000954,-10.9,0.181,326,50.6,0.0124,90.58972427441392,-61.087409125686804,4.0,88.7,-29.7,4.0000954,0,0,0,0,-357.0,4.001,4.0625,-357.0,4.0,4.0,0.118,2.74e-19,328,0.0,-1.02e-06,16,1,7,50,Prep
184.08490294725058,-9.948470792396021,-33.5,182,-13.9,4.0000954,-7.55,0.122,327,30.4,0.00457,149.0890543820925,-51.49851311346842,-2.25,126.0,-28.3,3.9999046,-10.5,0.174,325,50.4,0.012,56.60966969824814,-55.03135262406546,10.25,85.5,-29.7,3.9999046,0,0,0,0,-357.0,3.99825,3.313,-357.0,4.0,4.0,2.34,2.74e-19,328,0.0,0.0,16,1,7,50,Prep
215.5923623628408,0.19076490355655906,110.0,180,-13.9,4.0000954,-8.41,0.133,327,28.5,0.005,196.3293459579795,5.5368980246602355,54.0,123.0,-28.3,3.9999046,-8.39,0.177,325,49.4,0.012,84.83297000172693,1.1014719326897797,-8.5,82.1,-29.7,4.0,0,0,0,0,-357.0,4.004,5.19,-357.0,4.0,4.0,-0.288,2.74e-19,328,0.0,7.61e-06,16,1,7,50,Prep
193.76149187466675,-5.3217106649325,47.8,178,-13.9,3.9999046,-8.81,0.131,328,30.3,0.00478,116.07475179247683,1.348060495051243,135.0,119.0,-28.3,3.9999046,-11.3,0.165,327,51.2,0.011,77.89268268216598,29.222482050060123,54.0,78.6,-29.7,4.0000954,0,0,0,0,-357.0,4.00075,4.375,-357.0,4.0,4.0,-0.18,2.74e-19,328,0.0,0.0,16,1,7,50,Prep
149.86805297256538,-36.02112136488498,-21.0,177,-13.9,4.000191,-5.78,0.127,327,29.9,0.00475,106.00952169931062,-13.888383338402582,41.5,116.0,-28.3,3.999809,-10.8,0.155,325,49.3,0.0104,82.54541526235828,-13.545101475729131,-2.25,75.3,-29.7,4.0000954,0,0,0,0,-357.0,4.0,3.812,-357.0,4.0,4.0,0.821,2.74e-19,328,0.0,2.91e-06,16,1,7,50,Prep
186.64321482173972,-47.22114729018264,22.8,175,-13.9,4.0000954,-7.39,0.127,327,30.2,0.00468,56.44151628881466,-23.288297918750363,47.8,113.0,-28.3,3.9999046,-12.8,0.172,325,43.2,0.0114,151.63072376678906,-59.310584004721875,35.3,72.0,-29.7,4.0000954,0,0,0,0,-357.0,3.999,3.75,-357.0,4.0,4.0,0.415,2.74e-19,328,0.0,-1.06e-06,16,1,7,50,Prep
142.72351899383963,-29.785871361711266,10.25,173,-13.9,3.9999046,-6.08,0.125,328,31.0,0.00472,98.36511084907798,-22.865266684978224,16.5,110.0,-28.3,4.0,-12.6,0.196,326,47.3,0.0134,49.86891137547492,-18.541116555001842,-46.0,68.5,-29.7,4.0000954,0,0,0,0,-357.0,4.0,4.25,-357.0,4.0,4.0,-0.694,2.74e-19,328,0.0,0.0,16,1,2,50,Prep
198.73685103827276,-1.1967407445753082,10.25,171,-13.9,3.9999046,-6.89,0.131,327,31.8,0.00491,26.177590886673485,-30.192493915116085,41.5,107.0,-28.3,3.9999046,-11.4,0.185,325,50.2,0.0126,80.68246512631117,50.93593543353339,-21.0,65.2,-29.7,4.0000954,0,0,0,0,-357.0,3.99675,2.44,-357.0,4.0,4.0,0.00893,2.74e-19,328,0.0,0.0,16,1,7,50,Prep
168.42360170641984,1.595884147499996,54.0,170,-13.9,4.0000954,-6.42,0.11,328,29.8,0.0041,57.27826217176459,-12.998085153152548,4.0,103.3,-28.3,3.999809,-11.0,0.161,326,46.6,0.0109,100.51418398309647,-26.297711940157555,10.25,61.9,-29.7,3.9999046,0,0,0,0,-357.0,4.00025,4.812,-357.0,4.0,4.0,0.00893,2.74e-19,328,0.0,-2.82e-07,16,1,7,50,Prep
162.16301658431058,-44.41868253959605,-39.8,168,-13.9,4.000191,-7.26,0.112,328,29.8,0.00416,111.70769754973304,-27.351642511359206,91.5,99.9,-28.3,4.0,-12.2,0.203,326,49.4,0.0138,62.1234414719269,18.959531479312517,47.8,58.4,-29.7,4.000191,0,0,0,0,-357.0,4.0,4.25,-357.0,4.0,4.0,-0.288,2.74e-19,328,0.0,0.0,16,1,7,50,Prep
144.4998180174969,-35.88824823286211,22.8,166,-13.9,3.9999046,-4.17,0.0986,328,28.4,0.00361,164.03006560205102,-48.49515075680898,123.0,96.8,-28.3,3.9999046,-12.3,0.176,325,48.6,0.0117,139.45203636614445,-54.29231243571698,10.25,55.1,-29.7,4.0000954,0,0,0,0,-357.0,3.99875,2.94,-357.0,4.0,4.0,0.118,2.74e-19,328,0.0,0.0,16,1,7,50,Prep
202.60144045539005,-30.23533017108,-89.7,164,-13.9,3.999809,-5.34,0.107,328,30.5,0.00394,236.44646394292408,-53.50395427335664,-14.8,93.6,-28.3,3.9999046,-10.5,0.181,326,50.0,0.0123,38.408435684697054,-31.098017394400134,10.25,51.8,-29.7,4.0,0,0,0,0,-357.0,4.003,4.75,-357.0,4.0,4.0,-0.0997,2.74e-19,328,0.0,8.51e-07,16,1,7,50,Prep
157.12076981613492,-21.9714472491811,-33.5,162,-13.9,4.0,-5.22,0.111,328,30.1,0.00409,60.73518923676656,-46.375947336081666,60.3,90.2,-28.3,4.0000954,-10.2,0.19,326,47.6,0.013,60.1519092205586,-9.119239832425933,-8.5,48.3,-29.7,3.9999046,0,0,0,0,-357.0,3.997,2.81,-357.0,4.0,4.0,0.117,2.74e-19,328,0.0,-2.29e-07,16,1,7,50,Prep
147.475654933232,-44.28724483985034,-8.5,161,-13.9,3.9999046,-6.7,0.132,328,30.7,0.00494,160.23076000104416,-22.860828253333008,22.8,87.1,-28.3,3.9999046,-14.6,0.202,326,43.8,0.0139,16.58071104085592,-16.601520583631725,10.25,45.0,-29.7,4.0000954,0,0,0,0,-357.0,4.001,4.5,-357.0,4.0,4.0,0.524,2.74e-19,328,0.0,0.0,16,1,7,50,Prep
147.88147021984605,-45.42586089580128,22.8,159,-13.9,3.9999046,-7.03,0.139,328,30.3,0.00518,96.46861733596052,-29.147910625899325,-64.7,83.9,-28.3,3.9999046,-9.87,0.174,326,48.9,0.0119,29.26170776260585,-55.05795255215701,16.5,41.7,-29.7,4.0,0,0,0,0,-357.0,3.99925,3.625,-357.0,4.0,4.0,0.306,2.74e-19,328,0.0,-5.2e-07,16,1,7,50,Prep
173.80753090302946,-32.13507957579958,-21.0,157,-13.9,4.0000954,-8.66,0.134,328,30.7,0.00498,73.12531187995324,-22.82399545535843,123.0,80.5,-28.3,3.9999046,-9.71,0.208,326,50.2,0.0144,47.34986666047212,-56.69060727095346,-58.5,38.2,-29.7,3.9999046,0,0,0,0,-357.0,3.99925,3.812,-357.0,4.0,4.0,0.00893,2.74e-19,328,0.0,9.84e-07,16,1,7,50,Prep
166.53880596432495,-11.275683828844459,192.0,155,-10.3,362.0,-1.97,0.0687,328,23.5,0.00212,99.65093656583053,-14.86245289607662,423.0,77.5,-21.9,651.0,-3.21,0.0867,326,40.6,0.00515,65.62698561960067,4.0289001327303104,254.0,35.0,-23.0,678.0,0,0,0,0,-357.0,3.99825,3.562,-357.0,4.0,4.0,0.821,2.74e-19,328,0.0,0.0,16,1,2,50,Prep
168.03193014953598,-22.23896507090913,35.3,155,4.0,4.0,1.17,0.033,329,1.81,1.33e-05,80.1417989764197,-11.028289064689602,10.25,77.0,4.0,4.0,1.18,0.0235,328,0.991,0.0,45.972347065957685,43.631017881855534,4.0,34.5,4.0,4.0,0,0,0,0,-357.0,4.003,5.19,-357.0,4.0,4.0,0.415,0.0447,329,1.19,0.0,16,1,7,50,Prep
168.60306663542147,1.3414329765701751,-33.5,155,4.0,4.0,0.45,0.0276,329,4.82,-1.44e-05,82.6017583221032,39.20361549152438,-8.5,77.0,4.0,4.0,0.7,0.017,328,3.32,-1.54e-06,79.76868193172297,54.20549002907253,-8.5,34.5,4.0,4.0,0,0,0,0,-357.0,4.00225,5.38,-357.0,4.0,4.0,-0.0997,0.034,329,1.29,0.0,16,1,9,50,Prep
222.62199340522488,27.691228463278414,47.8,155,4.0,4.0,0.651,0.0402,328,2.0,1.1e-05,56.280142592750465,-2.4096988426523502,29.0,77.0,4.0,4.0,-1.54,0.0205,327,4.47,2.77e-06,31.085732872550643,63.97308842998578,29.0,34.5,4.0,4.0,0,0,0,0,-357.0,9.73,105.0,-357.0,10.6,104.0,60.1,2.61,322,26.5,0.0576,16,1,9,50,Prep
142.16754635703154,-24.967601577194568,41.5,155,4.0,4.0,0.878,0.0377,327,1.56,7.5e-06,6.056379868350163,-6.3928532788787535,10.25,77.0,4.0,4.0,-0.1,0.0184,325,1.82,1.77e-06,22.257617195957305,2.5917978115252094,-21.0,34.1,-2.0,4.0,0,0,0,0,-356.0,19.8,102.3,-356.0,20.6,104.0,56.7,2.56,318,44.9,0.15,16,1,12,6,Layer 1 Up
138.82606249829752,-0.6807883192527546,-33.5,155,4.0,4.0,0.664,0.0332,325,4.3,3.56e-06,-1.3274467963572363,15.519638129910618,-27.3,77.0,4.0,4.0,1.98,0.0194,324,0.51,-3.39e-06,130.71578761001868,-12.137438168796946,-8.5,33.5,1.33,782.0,0,0,0,0,-354.0,30.3,92.5,-354.0,31.0,104.0,54.7,2.41,317,72.8,0.231,16,1,14,6,Layer 1 Up
129.305327337437,20.862240574587446,10.25,154,-2.0,4.0,-8.1,0.0983,323,10.2,0.00126,110.14729751535717,-40.09236885401159,29.0,77.0,4.0,4.0,-0.0991,0.0258,322,1.1,1.7e-06,47.67394034192417,48.877311096019476,4.0,33.5,4.0,4.0,0,0,0,0,-351.0,39.9,102.9,-350.0,40.6,104.0,62.0,2.61,309,88.4,0.341,16,1,14,6,Layer 1 Up
173.44939794680715,-11.481534256176488,-39.8,154,-2.0,4.0,-6.42,0.101,322,11.5,0.00126,62.95953762006167,-14.951290178700194,22.8,77.0,4.0,4.0,0.22,0.034,322,1.29,-3.55e-06,7.632636686910796,27.68678506726551,4.0,33.5,4.0,4.0,0,0,0,0,-347.0,49.9,129.0,-346.0,50.6,104.0,59.0,2.65,306,109.0,0.441,16,1,14,6,Layer 1 Up
188.64702096741985,-14.728524811591162,66.5,153,-2.0,4.0,-6.67,0.098,325,14.2,0.00118,46.752941648379434,27.481070933603082,-46.0,77.0,4.0,4.0,1.18,0.0209,324,2.25,-1.26e-06,8.539286172715197,-28.635267206907237,4.0,33.5,4.0,4.0,0,0,0,0,-341.0,57.7,-47.0,-341.0,57.3,3.999999046,9.37,0.389,324,112.0,0.0746,16,1,14,6,Layer 1 Up
149.4021372017748,24.027498338985733,-8.5,153,-2.0,4.0,-5.99,0.113,325,13.6,0.00144,77.43159701172212,-37.710682597092784,35.3,77.0,4.0,4.0,-5.37,0.0413,325,8.21,0.0,-0.3919656430786702,-30.335381526226264,4.0,33.5,4.0,4.0,0,0,0,0,-336.0,57.2,-50.8,-336.0,57.3,4.0,27.3,1.2,320,117.0,0.231,16,1,14,6,Layer 1 Up
125.47226699601481,-8.731343833441848,16.5,152,-2.0,4.0,-5.65,0.0976,326,13.9,0.00121,117.3368729956108,30.912019257475347,29.0,77.0,4.0,4.0,6.29,0.0396,325,6.91,1.69e-07,67.17227405798648,20.34097168982909,4.0,33.5,4.0,4.0,0,0,0,0,-331.0,57.3,14.3,-331.0,57.3,4.0,22.8,0.917,319,116.0,0.176,16,1,2,6,Layer 1 Up
125.96720949443585,22.82119546427492,66.5,151,-2.0,4.0,-5.9,0.0915,326,14.6,0.00111,86.15212263203465,40.296686432638836,-8.5,77.0,4.0,4.0,1.98,0.0201,325,0.263,-3.05e-07,20.399622553223296,-1.8887220517202357,4.0,33.5,4.0,4.0,0,0,0,0,-325.0,57.3,-17.8,-325.0,57.3,4.0,20.6,0.872,322,120.0,0.168,16,1,14,6,Layer 1 Up
171.54230639526668,7.370183485622422,-71.0,151,-2.0,4.0,-3.92,0.0813,326,12.7,0.00104,43.71011327019468,-4.855230437167277,16.5,77.0,4.0,4.0,1.66,0.0375,325,0.731,-6.28e-07,38.07903534659807,3.1220479226718987,4.0,33.5,4.0,4.0,0,0,0,0,-320.0,57.3,25.8,-320.0,57.3,3.999999046,21.9,0.979,320,117.0,0.189,16,1,14,6,Layer 1 Up
173.46806666189948,-9.54883672034686,-21.0,150,-2.0,4.0,-6.86,0.123,326,14.6,0.00154,139.22520601724028,11.014013207976348,4.0,77.0,4.0,4.0,6.13,0.0553,325,7.42,-2.01e-06,31.216686460674865,39.62748800704763,4.0,33.5,4.0,4.0,0,0,0,0,-315.0,57.3,-9.3,-315.0,57.3,4.0,27.0,0.906,319,119.0,0.172,16,1,14,6,Layer 1 Up
167.14996170911837,8.671857280539164,-14.8,150,-1.97,4.731,-4.75,0.0939,326,14.3,0.00122,157.13186637810352,31.3983830394021,-14.8,77.0,4.595,11.52,3.38,0.0394,325,5.11,2.04e-05,59.799187217150376,29.21374874632932,4.0,33.5,4.0,4.0,0,0,0,0,-309.0,57.3,-8.4,-309.0,57.3,4.0,25.0,0.884,322,122.0,0.167,16,1,14,6,Layer 1 Up
127.98669556135287,5.329202963265899,10.25,149,-1.86,5.63,-5.25,0.0894,326,13.5,0.00107,102.19505548645706,-5.819747371418849,47.8,77.1,5.31,11.38,3.09,0.0682,325,6.47,0.000196,3.0571940569325378,48.175822186868324,4.0,33.5,4.0,4.0,0,0,0,0,-304.0,57.2,-15.7,-304.0,57.3,4.0,23.2,1.04,320,118.0,0.201,16,1,15,6,Layer 1 Up
156.3304363663682,20.955813891746928,-64.7,149,-1.64,6.55,-3.16,0.0814,326,13.1,0.00102,126.70614908188351,26.77785696154025,10.25,77.3,6.04,11.12,7.05,0.129,324,10.8,0.000516,-5.1698161344931535,-60.16190090607677,4.0,33.5,4.0,4.0,0,0,0,0,-299.0,57.3,-13.3,-299.0,57.3,4.000000954,23.1,0.876,319,117.0,0.168,16,1,15,6,Layer 1 Up
151.68432556924427,-13.433544988561682,54.0,148,-1.33,7.46,-4.73,0.0836,326,14.5,0.000854,140.52019130984368,-9.48173595892335,10.25,77.5,6.76,10.72,4.96,0.0862,325,9.64,0.00049,41.56411223115216,12.417389662510486,4.0,33.5,4.0,4.0,0,0,0,0,-293.0,57.2,-67.4,-293.0,57.3,4.000000954,24.3,0.923,321,121.0,0.176,16,1,15,6,Layer 1 Up
154.90503836382635,-0.1506959536183724,10.25,148,-0.96,8.24,-4.78,0.0729,326,10.7,0.000777,135.14409747628358,-4.379651226859526,16.5,77.8,7.38,10.26,4.35,0.0704,325,9.82,0.000428,55.10615826854014,27.07621171955591,4.0,33.5,4.0,4.0,0,0,0,0,-288.0,57.3,0.0,-288.0,57.3,4.0,25.0,0.91,321,120.0,0.175,16,1,15,6,Layer 1 Up
174.5151481745105,-1.8424098802287108,-8.5,147,-0.49,8.99,-6.44,0.109,326,11.3,0.000986,109.36094537999597,-11.26285544782846,22.8,78.2,7.98,9.67,5.97,0.0993,324,11.3,0.000847,45.45546182430519,-46.7102353086844,4.0,33.5,4.0,4.0,0,0,0,0,-283.0,57.3,3.063,-283.0,57.3,4.0,21.2,1.02,319,115.0,0.198,16,1,15,6,Layer 1 Up
154.05997416126434,15.659488587983917,10.25,147,0.06,9.69,-4.21,0.0801,326,11.3,0.00067,108.9616424627823,16.865869876513727,-33.5,78.6,8.53,8.97,1.96,0.0815,325,15.0,0.000773,4.397886383982716,-17.754369024168618,4.0,33.5,4.0,4.0,0,0,0,0,-277.0,57.2,-68.7,-277.0,57.3,4.0,26.3,1.03,321,120.0,0.196,16,1,2,6,Layer 1 Up
167.4365278704609,-22.07166563878833,54.0,146,0.64,10.25,-4.98,0.0847,326,10.5,0.000558,105.46889177791226,36.432950219265614,-58.5,79.1,8.97,8.25,4.74,0.0771,324,12.4,0.000751,57.857464965489854,-23.919294659020892,4.0,33.5,4.0,4.0,0,0,0,0,-272.0,57.2,-59.9,-272.0,57.3,4.000000954,23.7,1.04,321,118.0,0.2,16,1,15,6,Layer 1 Up
148.13379240798145,23.98867641449656,-14.8,146,1.29,10.74,-3.38,0.0743,326,9.91,0.000463,23.918311089836976,4.754660598237375,-71.0,79.6,9.35,7.43,4.39,0.0806,324,15.0,0.000862,6.756130107654144,4.720771357468133,4.0,33.5,4.0,4.0,0,0,0,0,-267.0,57.4,31.9,-267.0,57.3,3.999999046,20.4,0.854,320,118.0,0.164,16,1,15,6,Layer 1 Up
155.1288735194298,12.37375752125084,47.8,146,2.01,11.13,-5.54,0.0892,326,9.21,0.000354,115.75646519519012,-20.775751473437786,-2.25,80.2,9.66,6.52,6.22,0.114,324,14.1,0.00146,14.749234699748918,58.074166506273336,4.0,33.5,4.0,4.0,0,0,0,0,-261.0,57.4,9.25,-261.0,57.3,3.999999046,18.9,0.835,321,120.0,0.161,16,1,15,6,Layer 1 Up
165.93276962423658,-26.83049281403905,-64.7,146,2.71,11.38,-3.81,0.0727,326,5.95,0.000174,11.902570082646847,-16.30394685764915,35.3,80.8,9.86,5.64,7.9,0.128,324,15.0,0.00152,-0.4377554728599051,71.18651571026079,4.0,33.5,4.0,4.0,0,0,0,0,-256.0,57.1,-59.0,-256.0,57.3,4.0,27.3,1.23,320,117.0,0.235,16,1,15,6,Layer 1 Up
98.99066531738666,30.156246769278805,-102.0,145,3.458,11.53,-1.65,0.078,326,6.14,4.9e-05,40.980014005969906,19.28459376114074,29.0,81.3,9.98,4.702,6.48,0.104,324,13.8,0.00125,80.28026270522972,-23.04906065019757,4.0,33.5,4.0,4.0,0,0,0,0,-251.0,57.4,21.5,-251.0,57.3,4.0,22.5,0.904,320,117.0,0.175,16,1,15,6,Layer 1 Up
134.90646039265863,53.96743752394904,66.5,145,4.0,4.0,-3.59,0.0653,326,7.62,-4.96e-05,147.94618841899037,50.025191781952095,398.0,81.8,10.0,129.0,15.6,0.238,325,14.0,0.00183,56.27326669971299,21.491215419720614,4.0,33.5,4.0,4.0,0,0,0,0,-245.0,57.3,-25.6,-245.0,57.3,4.0,21.0,0.893,321,120.0,0.172,16,1,15,6,Layer 1 Up
131.14809975569392,32.42083554298743,-27.3,146,10.0,4.0,3.17,0.0552,326,12.2,0.000644,124.53489607653964,13.438576148014267,22.8,81.9,4.0,4.0,0.182,0.0181,325,1.5,-3.8e-07,55.251195062846406,22.56218597073083,4.0,33.5,4.0,4.0,0,0,0,0,-240.0,57.3,-0.13,-240.0,57.3,4.000000954,19.6,0.932,321,120.0,0.179,16,1,17,6,Layer 1 Up
125.82758992511361,41.80591575455565,16.5,147,10.0,4.0,3.66,0.0875,326,14.6,0.0011,157.3743510341822,-5.29944752014201,-2.25,81.9,4.0,4.0,-0.677,0.0233,324,3.42,0.0,78.34072057059822,16.876179874922443,4.0,33.5,4.0,4.0,0,0,0,0,-235.0,57.3,-7.3,-235.0,57.3,4.0,26.9,0.903,320,119.0,0.173,16,1,17,6,Layer 1 Up
138.31245145541808,11.604628679276347,-71.0,147,10.0,4.0,6.68,0.099,326,13.7,0.00122,68.11455467335497,22.416001844692005,4.0,81.9,4.0,4.0,-0.229,0.0241,325,6.73,1.08e-06,134.6225658019137,17.253333294269304,4.0,33.5,4.0,4.0,0,0,0,0,-229.0,57.3,-3.44,-229.0,57.3,4.0,24.6,0.873,322,123.0,0.166,16,1,17,6,Layer 1 Up
195.20240222920089,-26.888041555471055,16.5,148,10.0,4.0,4.14,0.0765,326,12.7,0.000967,23.431979612791267,-1.8065904607719254,-21.0,81.9,4.0,4.0,0.0386,0.0136,325,1.87,0.0,-27.951433829239903,14.089739601004755,4.0,33.5,4.0,4.0,0,0,0,0,-224.0,57.3,-9.1,-224.0,57.3,4.0,23.2,1.03,321,117.0,0.197,16,1,2,6,Layer 1 Up
120.66159662698476,-31.04217942125028,60.3,148,10.0,4.0,6.74,0.0984,326,11.3,0.00128,69.69960852503435,-5.11746546810112,-14.8,81.9,4.0,4.0,-0.808,0.0216,324,0.558,-2.4e-06,6.953307612709448,60.05782180615752,4.0,33.5,4.0,4.0,0,0,0,0,-219.0,57.3,-15.1,-219.0,57.3,4.000000954,23.3,0.894,320,117.0,0.172,16,1,17,6,Layer 1 Up
178.573149607804,10.890859948601694,-52.3,148,5.41,12.82,5.59,0.0959,326,9.75,0.000275,86.67732607184487,-24.887528090162853,-39.8,81.5,-1.83,6.11,-8.49,0.146,325,16.2,0.00179,11.346791407085004,40.621809457119106,4.0,33.5,4.0,4.0,0,0,0,0,-213.0,57.2,-59.2,-213.0,57.3,4.000000954,22.7,0.904,321,122.0,0.173,16,1,17,6,Layer 1 Up
95.86380310570084,-7.1569997411422674,10.25,149,6.24,12.43,9.78,0.117,326,3.33,0.000452,85.0080872393933,32.60348380549395,110.0,80.9,-1.57,7.36,-5.27,0.0865,325,13.8,0.000927,2.910667432553314,-31.216266006338117,4.0,33.5,4.0,4.0,0,0,0,0,-208.0,57.3,3.625,-208.0,57.3,4.0,24.2,0.903,321,119.0,0.172,16,1,19,6,Layer 1 Up
138.42608798945147,-13.304123447327372,79.0,149,7.05,11.82,7.14,0.103,326,8.31,0.000652,137.9258147112392,-62.10241481923911,-8.5,80.4,-1.17,8.59,-5.8,0.109,324,14.9,0.00117,-5.242115793884317,30.43231828381113,4.0,33.5,4.0,4.0,0,0,0,0,-203.0,57.3,-5.31,-203.0,57.3,4.0,22.2,1.02,321,115.0,0.197,16,1,19,6,Layer 1 Up
154.1388877846839,6.520126511099997,22.8,149,7.82,11.01,4.83,0.0757,326,10.0,0.000558,61.568224937426194,18.527347921479887,4.0,79.9,-0.62,9.76,-8.44,0.151,325,13.6,0.00156,22.72663865511896,33.642920905128264,4.0,33.5,4.0,4.0,0,0,0,0,-197.0,57.2,-68.7,-197.0,57.3,4.0,26.5,1.02,321,121.0,0.195,16,1,19,6,Layer 1 Up
168.50982515006697,22.333658420325385,104.0,150,8.45,10.1,6.99,0.0881,326,8.66,0.000805,97.36311943830344,-11.216575756543907,-39.8,79.5,-0.02,10.71,-7.25,0.132,324,12.0,0.0011,-10.24028838869414,14.462605280950683,4.0,33.5,4.0,4.0,0,0,0,0,-192.0,57.2,-57.0,-192.0,57.3,4.000000954,23.5,1.04,321,117.0,0.199,16,1,19,6,Layer 1 Up
172.45680338297734,-23.510904399776663,-8.5,150,9.01,9.02,5.05,0.0889,326,12.7,0.000898,28.934558076499336,-9.162951972788811,47.8,79.1,0.69,11.55,-3.18,0.0506,324,7.2,0.00028,45.54570526486615,41.58373353901151,4.0,33.5,4.0,4.0,0,0,0,0,-187.0,57.4,31.1,-187.0,57.3,3.999999046,20.4,0.845,320,118.0,0.162,16,1,19,6,Layer 1 Up
176.04974277044363,-0.7344237216540606,-46.0,151,9.46,7.78,5.91,0.099,326,14.0,0.00106,101.65023759642366,42.296495966086674,72.7,78.8,1.52,12.25,-2.04,0.0431,325,9.01,0.000196,35.35869848996893,10.24745637002776,4.0,33.5,4.0,4.0,0,0,0,0,-181.0,57.3,1.37,-181.0,57.3,3.999999046,18.7,0.848,320,120.0,0.163,16,1,19,6,Layer 1 Up
139.98909207741,43.43509389313131,47.8,151,9.76,6.54,6.11,0.101,326,13.0,0.00124,78.75773569832977,-14.86485867666024,-2.25,78.6,2.34,12.71,-2.73,0.0726,324,7.4,0.000226,50.79431881192775,10.6591507205691,4.0,33.5,4.0,4.0,0,0,0,0,-176.0,57.1,-56.9,-176.0,57.3,4.0,27.8,1.2,321,116.0,0.229,16,1,19,6,Layer 1 Up
137.40135647818542,-13.939597556192677,22.8,152,9.95,5.2,4.21,0.0939,326,14.4,0.0012,40.452574844126126,-13.296145752163213,-39.8,78.5,3.223,12.99,-3.08,0.0633,325,5.57,0.000119,51.75425043397918,8.027376857051378,4.0,33.5,4.0,4.0,0,0,0,0,-171.0,57.4,18.7,-171.0,57.3,4.0,21.2,0.885,321,118.0,0.171,16,1,2,6,Layer 1 Up
179.09037628815878,26.8043023563484,1034.0,152,10.0,129.0,17.1,0.206,326,18.0,0.00142,66.53342172141984,0.9408433896091775,41.5,78.5,4.0,4.0,-4.15,0.0812,325,8.09,1.29e-05,55.17977406099537,-63.04217260555964,4.0,33.5,4.0,4.0,0,0,0,0,-165.0,57.3,-20.4,-165.0,57.3,4.0,20.5,0.879,321,120.0,0.17,16,1,19,6,Layer 1 Up
146.95961324810037,-0.7643044289878276,10.25,153,10.0,4.0,4.7,0.0853,326,13.1,0.00107,69.15445681841669,13.822237935387914,-58.5,78.5,4.0,4.0,-3.38,0.0682,325,3.11,1.05e-05,20.074909826157324,1.3293205517747277,4.0,33.5,4.0,4.0,0,0,0,0,-160.0,57.3,22.2,-160.0,57.3,3.999999046,21.4,0.975,322,117.0,0.187,16,1,19,6,Layer 1 Up
112.72051979567937,22.356615025623213,79.0,154,10.0,4.0,4.04,0.0809,326,13.4,0.00102,64.79164548146738,-6.745447900058135,-58.5,78.5,4.0,4.0,-3.21,0.0669,324,3.45,3.13e-05,109.76100675099636,-18.197994123489117,4.0,33.5,4.0,4.0,0,0,0,0,-155.0,57.3,-9.9,-155.0,57.3,4.0,25.6,0.878,321,120.0,0.167,16,1,19,6,Layer 1 Up
118.2167364600875,34.611288712259096,60.3,154,10.0,4.0,5.51,0.0932,326,13.7,0.00121,168.3823345752743,-33.704281506875354,66.5,78.5,4.0,4.0,-3.66,0.0661,325,7.61,-2.05e-05,41.9284508696994,-35.41151157144926,4.0,33.5,4.0,4.0,0,0,0,0,-149.0,57.3,-1.13,-149.0,57.3,4.0,25.2,0.863,322,122.0,0.163,16,1,19,6,Layer 1 Up
125.96852143408228,26.41793679241004,-2.25,155,10.0,4.0,6.1,0.102,326,13.7,0.00122,73.50460086069747,-16.932926014954553,-64.7,78.5,4.0,4.0,-2.43,0.0664,324,4.16,0.0,-33.461508645381045,51.6353192567108,4.0,33.5,4.0,4.0,0,0,0,0,-144.0,57.3,-6.2,-144.0,57.3,4.0,21.7,1.0,322,118.0,0.192,16,1,19,6,Layer 1 Up
170.69772755427928,30.333277837494084,-27.3,155,10.0,4.0,3.84,0.0736,326,13.3,0.000863,66.12409452596339,34.67314729264346,-58.5,78.5,4.0,4.0,-3.05,0.065,325,3.61,2.02e-05,-2.5381968611834083,20.748800466923967,4.0,33.5,4.0,4.0,0,0,0,0,-139.0,57.3,-12.1,-139.0,57.3,4.000000954,21.5,0.872,321,119.0,0.168,16,1,19,6,Layer 1 Up
160.49705739701693,-15.761959406353157,-71.0,156,10.0,4.0,4.11,0.0726,326,14.0,0.000853,-27.92996630383584,5.947335295752559,72.7,78.5,4.0,4.0,-3.99,0.0664,325,7.23,0.0,-29.07592486749148,3.0090690755561518,4.0,33.5,4.0,4.0,0,0,0,0,-133.0,57.2,-62.7,-133.0,57.3,4.000000954,23.4,0.919,321,122.0,0.177,16,1,19,6,Layer 1 Up
177.80190430965266,34.91565877459879,47.8,157,10.0,4.0,4.43,0.0853,326,12.8,0.00114,33.12565739879978,14.692336316377085,-64.7,78.5,4.0,4.0,-3.06,0.0626,325,3.47,1.95e-05,34.123228146240606,-14.76167705344928,4.0,33.5,4.0,4.0,0,0,0,0,-128.0,57.3,9.75,-128.0,57.3,4.0,23.8,0.889,322,119.0,0.169,16,1,19,6,Layer 1 Up
143.50960334408373,-9.093515026559178,-8.5,157,10.0,4.0,3.63,0.0903,324,15.7,0.00113,65.15098909762992,-2.408521506370824,-52.3,78.5,4.0,4.0,-3.22,0.0655,324,2.86,9.87e-06,29.120763309871247,13.838181889347451,4.0,33.5,4.0,4.0,0,0,0,0,-123.0,57.3,-4.94,-123.0,57.3,4.0,20.9,1.01,319,116.0,0.196,16,1,19,6,Layer 1 Up
163.00585154163485,15.59035598227433,-58.5,158,10.0,4.0,5.0,0.0864,324,15.6,0.00108,43.698100603960086,-11.701690083290805,72.7,78.5,4.0,4.0,-3.52,0.0653,323,6.94,-3.99e-05,16.658792910702502,36.933593197791275,4.0,33.5,4.0,4.0,0,0,0,0,-117.0,57.2,-65.0,-117.0,57.3,4.0,25.3,1.01,319,122.0,0.194,16,1,2,6,Layer 1 Up
177.7528619918782,16.06145172814879,72.7,158,10.0,4.0,4.3,0.0889,325,12.8,0.00111,148.6113377985768,44.17206809352534,-71.0,78.5,4.0,4.0,-2.89,0.0625,324,3.58,1.96e-05,105.79838852154955,-23.470208986149046,4.0,33.5,4.0,4.0,0,0,0,0,-112.0,57.2,-62.0,-112.0,57.3,4.000000954,24.2,1.03,321,118.0,0.198,16,1,19,6,Layer 1 Up
149.23245950436063,20.97304539579949,97.7,159,10.0,4.0,5.12,0.101,326,13.4,0.00135,70.13064012821984,-0.6233804628620443,-46.0,78.5,4.0,4.0,-3.08,0.0634,324,3.46,1.99e-05,53.237461698336276,3.839610793436747,4.0,33.5,4.0,4.0,0,0,0,0,-107.0,57.4,25.6,-107.0,57.3,3.999999046,19.7,0.845,321,118.0,0.162,16,1,19,6,Layer 1 Up
173.42256517329136,17.087476428874062,-121.0,159,9.99,3.655,8.1,0.164,326,15.7,0.00211,143.87891984638298,-6.381840749119901,91.5,78.5,4.246,13.06,-2.47,0.0425,325,3.72,-1.75e-05,59.6052562384013,32.835493416558336,4.0,33.5,4.0,4.0,0,0,0,0,-101.0,57.3,6.69,-101.0,57.3,3.999999046,18.0,0.848,320,120.0,0.163,16,1,19,6,Layer 1 Up
139.09985209361074,-8.975332972109532,-8.5,160,9.9,2.35,4.68,0.0976,326,15.0,0.00105,81.63104919042014,31.446883665329345,29.0,78.5,5.11,12.92,6.52,0.128,324,8.7,0.000286,0.02531768410127455,-60.31022034145573,4.0,33.5,4.0,4.0,0,0,0,0,-96.0,57.1,-56.3,-95.8,57.3,4.0,28.6,1.21,322,116.0,0.23,16,1,21,6,Layer 1 Up
149.53666457161933,-20.235433748597423,79.0,161,9.66,1.02,2.51,0.0866,326,14.2,0.000987,80.58903457386562,-11.312657373426362,35.3,78.7,5.99,12.57,5.85,0.0955,324,6.55,0.000428,-2.4220386553832967,2.0876436228896944,4.0,33.5,4.0,4.0,0,0,0,0,-90.9,57.3,15.7,-90.5,57.3,4.0,25.1,0.902,321,114.0,0.173,16,1,21,6,Layer 1 Up
148.9467203941547,28.59202911320436,-77.2,161,9.28,-0.28,13.5,0.105,326,5.99,0.00109,74.39424366579236,-7.664869553399135,-39.8,78.9,6.85,12.0,3.53,0.0741,324,10.2,0.000424,34.823260092467876,-10.260230645453312,4.0,33.5,4.0,4.0,0,0,0,0,-85.4,57.3,-17.8,-85.0,57.3,4.0,21.9,0.874,320,119.0,0.167,16,1,21,6,Layer 1 Up
124.24165890090352,13.14595452597197,22.8,162,8.81,-1.39,4.14,0.0911,325,12.3,0.000864,79.39263140846599,7.896289350758554,-14.8,79.3,7.58,11.29,2.45,0.0861,324,12.7,0.000634,39.72008800942328,-0.4455695356766016,4.0,33.5,4.0,4.0,0,0,0,0,-80.3,57.3,22.8,-79.8,57.3,3.999999046,21.1,0.977,322,117.0,0.188,16,1,21,6,Layer 1 Up
177.376035660967,33.792505175504196,-21.0,162,8.22,-2.43,4.91,0.0834,326,12.0,0.000717,166.81600550137858,8.326492223279775,66.5,79.6,8.27,10.4,4.51,0.1,324,11.0,0.000918,-33.23956545130255,-12.663132322192752,4.0,33.5,4.0,4.0,0,0,0,0,-74.9,57.3,-11.0,-74.5,57.3,4.0,25.9,0.892,321,120.0,0.169,16,1,21,6,Layer 1 Up
147.1787371831461,6.352011824536152,-46.0,163,7.5,-3.35,5.47,0.0848,326,10.5,0.00059,-37.60291485977895,15.020019719471373,-14.8,80.1,8.87,9.31,7.09,0.119,324,13.8,0.00114,27.017460879963362,8.571623720836387,4.0,33.5,4.0,4.0,0,0,0,0,-69.4,57.3,1.69,-69.0,57.3,4.0,23.6,0.859,320,123.0,0.163,16,1,21,6,Layer 1 Up
163.39449870924815,-24.54910423379183,72.7,163,6.76,-4.04,4.07,0.0791,325,9.42,0.000392,-20.96349323128726,59.80536920035756,91.5,80.6,9.33,8.19,3.7,0.0974,324,13.3,0.00112,34.005930530526356,67.89918298174257,4.0,33.5,4.0,4.0,0,0,0,0,-64.3,57.3,-11.3,-63.8,57.3,4.0,22.7,1.01,322,118.0,0.194,16,1,2,6,Layer 1 Up
178.17945687465397,27.704275727977034,54.0,163,5.92,-4.58,5.29,0.0995,325,7.46,0.000439,53.538138285532234,17.862064612440157,-39.8,81.2,9.68,6.93,9.44,0.0957,324,7.85,0.00114,25.764788904431768,-6.760079298997825,4.0,33.5,4.0,4.0,0,0,0,0,-58.9,57.3,-9.4,-58.5,57.3,4.000000954,21.3,0.864,321,118.0,0.166,16,1,21,6,Layer 1 Up
177.0991114637401,-3.4129386086944233,-96.0,163,5.01,-4.94,4.5,0.0734,326,8.1,0.000122,82.43718147233503,-46.908917517982296,10.25,81.8,9.91,5.55,5.81,0.1,324,12.7,0.00131,4.2563516685634895,13.690076616714189,4.0,33.5,4.0,4.0,0,0,0,0,-53.4,57.2,-60.9,-53.0,57.3,4.000000954,23.7,0.915,320,121.0,0.175,16,1,21,6,Layer 1 Up
184.00937027763334,11.980069716430556,54.0,163,4.144,-5.07,4.51,0.0786,325,3.63,6.01e-05,117.31764387256476,17.8429231152665,47.8,82.3,10.0,4.246,9.32,0.155,324,15.1,0.00196,14.102209119948803,70.26162545365185,4.0,33.5,4.0,4.0,0,0,0,0,-48.3,57.3,14.0,-47.8,57.3,4.0,24.0,0.884,321,120.0,0.169,16,1,21,6,Layer 1 Up
159.89034518036496,-10.269767942148203,91.5,163,4.0,4.0,2.78,0.0456,325,1.43,0.0,106.80564092435819,10.6304837461754,-27.3,82.9,10.0,4.0,5.16,0.0874,324,14.4,0.00104,27.141419934982054,-14.270455788993061,4.0,33.5,4.0,4.0,0,0,0,0,-42.9,57.3,-2.06,-42.5,57.3,4.0,22.2,1.02,321,115.0,0.196,16,1,21,6,Layer 1 Up
149.63446047152743,40.50923933061066,-77.2,163,4.0,4.0,3.9,0.0504,326,5.32,-1.51e-05,63.90239057467058,10.86436501314144,-77.2,83.5,10.0,4.0,4.62,0.0741,324,13.0,0.00083,36.76451347179962,64.2800121263559,4.0,33.5,4.0,4.0,0,0,0,0,-37.4,57.2,-63.8,-37.0,57.3,4.0,26.5,1.01,320,121.0,0.192,16,1,21,6,Layer 1 Up
160.48291720355962,-15.331090952773488,123.0,163,4.0,4.0,1.5,0.0467,326,2.39,5.83e-06,135.70885428350326,16.06159081826881,41.5,84.1,10.0,4.0,3.76,0.0801,324,12.7,0.00102,55.24394003845677,4.176820004867579,4.0,33.5,4.0,4.0,0,0,0,0,-32.3,57.2,-61.0,-31.8,57.3,4.000000954,23.5,1.04,322,118.0,0.2,16,1,21,6,Layer 1 Up
109.72283249627853,-3.378030762153003,85.2,163,4.0,4.0,1.96,0.0469,325,2.24,1.41e-05,136.87472024844905,9.260688527074183,35.3,84.7,10.0,4.0,6.14,0.1,324,12.6,0.00126,72.3597877165075,63.19115293346609,4.0,33.5,4.0,4.0,0,0,0,0,-26.9,57.4,27.7,-26.5,57.3,3.999999046,21.2,0.858,321,117.0,0.164,16,1,21,6,Layer 1 Up
117.30778152902494,6.272171942947009,-58.5,163,4.0,4.0,2.75,0.0531,326,5.49,-7.4e-06,94.53955986389786,8.705415455449645,10.25,85.3,10.0,4.0,5.07,0.0921,324,13.9,0.00119,22.917380407575976,28.920233217286107,4.0,33.5,4.0,4.0,0,0,0,0,-21.4,57.3,6.75,-21.0,57.3,3.999999046,18.2,0.849,320,120.0,0.163,16,1,21,6,Layer 1 Up
121.23608682055394,-20.191500156365493,85.2,163,4.0,4.0,0.975,0.0428,326,3.35,6.01e-06,134.6476799088766,24.805133840542283,-33.5,85.9,10.0,4.0,4.76,0.0766,324,12.9,0.000907,17.099915635939674,14.201546977259516,4.0,33.5,4.0,4.0,0,0,0,0,-16.3,57.2,-51.0,-15.8,57.3,4.0,27.8,1.18,322,116.0,0.227,16,1,21,6,Layer 1 Up
131.51217802030553,11.373864184830623,-8.5,163,4.0,4.0,1.64,0.0353,325,5.96,-1.5e-05,100.53471022037384,-2.9994568837626936,35.3,86.7,10.0,4.0,9.26,0.145,324,14.2,0.00182,49.23493910528208,1.8198754381496265,4.0,33.5,4.0,4.0,0,0,0,0,-8.6,57.3,7.44,-8.2,57.3,4.0,21.2,0.823,322,120.0,0.157,16,1,2,6,Layer 1 Up
175.6227723515687,40.011593524422246,29.0,163,4.0,4.0,1.09,0.0586,326,4.13,3.51e-05,58.80893116053227,-12.958593732607799,16.5,87.3,10.0,4.0,7.88,0.125,324,14.4,0.00151,55.46157423226572,-16.729452012157047,4.0,33.5,4.0,4.0,0,0,0,0,-3.47,57.3,-14.7,-3.04,57.3,4.000000954,21.5,0.8,317,118.0,0.153,16,1,21,6,Layer 1 Up
134.40972273625195,-6.917171484416578,29.0,163,4.0,4.0,2.25,0.0626,326,2.94,2.53e-05,123.30899127655515,82.499626850402,10.25,87.9,10.0,4.0,5.66,0.0988,324,13.9,0.0012,17.889286395758063,6.5176489853256525,4.0,33.5,4.0,4.0,0,0,0,0,1.86,57.3,-9.4,2.3,57.3,3.999999046,21.7,1.06,316,118.0,0.205,16,1,21,6,Layer 1 Up
151.05961086923872,12.790604613749304,-14.8,163,4.0,4.0,1.79,0.0399,325,5.94,-2.08e-05,94.11278959400533,-7.406353272317638,22.8,88.5,10.0,4.0,6.45,0.104,324,13.8,0.00126,61.91684452263823,33.808615443736215,4.0,33.5,4.0,4.0,0,0,0,0,7.41,57.3,-23.8,7.84,57.3,3.999999046,17.7,0.913,321,117.0,0.177,16,1,21,6,Layer 1 Up
204.02281222599933,-57.339683038554874,-2.25,163,4.0,4.0,0.629,0.0365,325,7.48,-2.04e-05,89.16798721296198,12.087035568988837,-64.7,89.1,10.0,4.0,6.03,0.0885,324,13.7,0.00101,68.71881840818403,3.5644635719884254,4.0,33.5,4.0,4.0,0,0,0,0,12.74,57.3,10.38,13.18,57.3,4.0,19.4,0.995,320,120.0,0.191,16,1,21,6,Layer 1 Up
151.75105321162866,3.0564926581617082,-2.25,163,3.9751,-1.86,1.12,0.0643,325,4.74,3.74e-05,164.24138953593098,-32.62469763252108,-240.0,89.6,9.5,879.0,1.08,0.0287,324,0.299,2.14e-05,79.93972215902986,-6.517598390188237,4.0,33.5,4.0,4.0,0,0,0,0,17.9,57.4,48.8,18.3,57.3,4.0,19.7,0.99,316,118.0,0.191,16,1,21,6,Layer 1 Up
186.28687169955583,-3.7839483022165608,41.5,163,3.035,-4.96,-4.52,0.0534,325,6.11,5.62e-05,-34.2634503629791,13.119435434877039,72.7,90.2,9.92,2.57,3.69,0.0944,324,14.3,0.00117,97.4355842251935,-4.330511686421843,4.0,33.5,4.0,4.0,0,0,0,0,23.4,57.4,4.0,23.8,57.3,4.0,19.5,0.834,322,118.0,0.161,16,1,23,6,Layer 1 Up
133.52125262112722,-15.960615890307768,29.0,163,2.15,-4.64,-4.92,0.0778,325,9.33,0.000246,18.76311970627269,-12.78101422972844,22.8,90.8,9.71,1.23,8.04,0.147,324,15.9,0.0018,2.3499292799153757,36.96815727244049,4.0,33.5,4.0,4.0,0,0,0,0,28.7,57.3,-5.0,29.2,57.3,4.000000954,21.4,0.948,321,120.0,0.183,16,1,23,6,Layer 1 Up
156.51335991147002,25.547073276847776,-39.8,163,1.35,-4.15,-5.07,0.101,325,9.34,0.000596,31.065044316813363,-1.4852819744456642,-46.0,91.3,9.38,0.01,5.04,0.0835,324,12.3,0.00091,33.999679292978215,44.6974985436108,4.0,33.5,4.0,4.0,0,0,0,0,33.9,57.4,65.8,34.3,57.3,4.0,17.0,0.904,316,119.0,0.171,16,1,23,6,Layer 1 Up
133.00328854015453,-6.578470381866324,-8.5,163,0.54,-3.43,-7.54,0.108,325,10.7,0.000754,73.36723601093908,34.08917978626168,47.8,91.8,8.9,-1.21,5.48,0.109,324,12.2,0.00115,33.9054645701481,-18.161452230999632,4.0,33.5,4.0,4.0,0,0,0,0,39.4,57.5,64.4,39.8,57.3,4.0,14.4,0.744,321,118.0,0.14,16,1,23,6,Layer 1 Up
151.29511446543177,-4.209508508576098,-33.5,162,-0.13,-2.59,-3.9,0.0877,325,10.4,0.000743,79.3805375303003,19.795224460513204,10.25,92.3,8.35,-2.23,5.71,0.107,323,12.0,0.000982,29.97398235184594,-18.20919801343845,4.0,33.5,4.0,4.0,0,0,0,0,44.5,57.3,-5.0,45.0,57.3,4.0,21.7,0.855,318,119.0,0.165,16,1,2,6,Layer 1 Up
188.53252164660762,-9.165142796754013,-8.5,162,-0.74,-1.58,-5.49,0.0786,325,9.95,0.000794,16.214484417703616,21.66229431313046,10.25,92.7,7.68,-3.15,3.2,0.0713,324,10.2,0.000588,10.15719166649317,16.601571014491093,4.0,33.5,4.0,4.0,0,0,0,0,49.9,57.4,50.6,50.3,57.3,4.000000954,21.1,0.94,316,119.0,0.181,16,1,23,6,Layer 1 Up
106.46028477404566,-44.06400842674404,16.5,161,-1.26,-0.39,-3.2,0.0669,325,13.1,0.000706,43.010589853189195,-35.85268878288308,-27.3,93.0,6.89,-3.94,8.28,0.108,324,8.64,0.000585,-19.91008713355449,54.741666514239405,4.0,33.5,4.0,4.0,0,0,0,0,55.4,57.3,-3.13,55.8,57.3,4.000000954,16.7,0.794,322,121.0,0.152,16,1,23,6,Layer 1 Up
174.71681911953758,-26.954526726051668,-14.8,161,-1.62,0.81,-6.98,0.0949,325,10.6,0.00108,49.518716055896185,50.481621933753054,16.5,93.3,6.1,-4.49,7.08,0.109,324,7.6,0.000555,36.83208393667343,42.06758587564382,4.0,33.5,4.0,4.0,0,0,0,0,60.5,57.5,42.8,61.0,57.3,4.0,15.9,0.743,318,115.0,0.141,16,1,23,6,Layer 1 Up
167.50644285575572,19.491918623872365,-46.0,160,-1.88,2.17,-6.07,0.106,325,12.7,0.00137,218.09591356351766,-23.47806543941759,-14.8,93.4,5.19,-4.89,3.44,0.0546,324,8.23,0.000105,5.875476326967892,-37.58411397121166,4.0,33.5,4.0,4.0,0,0,0,0,66.1,57.4,48.8,66.5,57.3,4.0,18.8,0.835,321,121.0,0.158,16,1,23,6,Layer 1 Up
141.23986207183978,-48.872829775820875,41.5,159,-1.99,3.534,-6.37,0.115,325,14.9,0.0014,184.92494325847267,41.16549574736189,10.25,93.5,4.29,-5.06,6.22,0.0987,324,7.29,7.92e-05,36.5917048831747,-4.772093963134413,4.0,33.5,4.0,4.0,0,0,0,0,71.4,57.3,5.25,71.8,57.3,4.0,22.5,0.834,322,119.0,0.16,16,1,23,6,Layer 1 Up
113.34108083267975,-18.946434013942522,41.5,159,-2.0,4.0,-6.93,0.123,325,15.5,0.0015,72.60679318112255,28.503833719186854,-27.3,93.5,4.0,4.0,5.97,0.0802,324,7.15,-2.54e-05,4.951925495044232,-26.91285369287808,4.0,33.5,4.0,4.0,0,0,0,0,76.7,57.3,-5.75,77.2,57.3,4.0,22.4,1.01,321,119.0,0.195,16,1,23,6,Layer 1 Up
160.27747136969077,-10.767722410016148,35.3,158,-2.0,4.0,-6.16,0.106,325,15.1,0.00123,75.05086430240962,17.801772808775485,-27.3,93.5,4.0,4.0,5.95,0.0815,324,6.54,-3.83e-05,-6.035776992776981,-4.88624958426931,4.0,33.5,4.0,4.0,0,0,0,0,82.1,57.3,17.8,82.5,57.3,4.000000954,20.3,0.87,321,121.0,0.168,16,1,23,6,Layer 1 Up
141.28139864566225,36.80006407201235,16.5,158,-2.0,4.0,-4.86,0.0835,326,13.7,0.00108,35.18648270263032,-16.625418677018683,-39.8,93.5,4.0,4.0,5.12,0.0799,324,7.11,-5.05e-05,41.923677918364604,57.29540298970767,4.0,33.5,4.0,4.0,0,0,0,0,87.4,57.3,-22.6,87.8,57.3,3.999999046,18.3,0.915,321,116.0,0.177,16,1,23,6,Layer 1 Up
164.34669383673835,15.07748838877638,-46.0,157,-2.0,4.0,-4.99,0.0961,325,14.0,0.00123,-3.323363066511746,7.593614304942008,-21.0,93.5,4.0,4.0,5.14,0.0793,324,7.59,0.0,38.926048781223585,-43.25604743031018,4.0,33.5,4.0,4.0,0,0,0,0,92.7,57.3,9.0,93.2,57.3,4.0,19.0,0.996,320,120.0,0.19,16,1,23,6,Layer 1 Up
157.6899760912466,-14.310429789842832,35.3,157,-2.0,4.0,-6.47,0.108,326,14.8,0.00135,87.56920373708331,-7.369069495531931,-27.3,93.5,4.0,4.0,5.7,0.0786,324,7.01,-1.24e-05,54.32679854213784,-49.77558006034626,4.0,33.5,4.0,4.0,0,0,0,0,98.1,57.2,-29.9,98.5,57.3,4.0,26.1,0.974,321,120.0,0.187,16,1,2,6,Layer 1 Up
206.57577240135453,27.173595998963833,60.3,156,-2.0,4.0,-5.31,0.0845,326,14.8,0.000982,42.86646667825579,4.5979952929699195,-46.0,93.5,4.0,4.0,5.12,0.078,324,7.38,-4.98e-05,112.08788389345035,-23.522969574584263,4.0,33.5,4.0,4.0,0,0,0,0,103.4,57.4,6.13,103.8,57.3,4.0,19.4,0.838,322,118.0,0.162,16,1,23,6,Layer 1 Up
147.4424052510293,-18.570848587760597,47.8,155,-2.0,4.0,-4.21,0.0733,325,14.2,0.000889,89.1944694259074,-2.105930929583407,-39.8,93.5,4.0,4.0,5.69,0.0779,324,6.7,-6.09e-05,43.46933011949834,13.54390360652294,4.0,33.5,4.0,4.0,0,0,0,0,109.0,57.3,-2.31,109.0,57.3,4.000000954,21.6,0.96,321,120.0,0.185,16,1,23,6,Layer 1 Up
122.68331976362052,20.262935721139307,-89.7,155,-2.0,4.0,-3.99,0.0795,325,13.8,0.000957,12.30150809964529,-45.100052825409826,-39.8,93.5,4.0,4.0,6.23,0.0788,324,5.93,-6.24e-05,50.940039116135,24.62027686539284,4.0,33.5,4.0,4.0,0,0,0,0,114.0,57.3,-31.3,115.0,57.3,3.999999046,20.0,0.979,321,118.0,0.19,16,1,23,6,Layer 1 Up
159.66058384199445,-32.16644241449844,-2.25,154,-2.0,4.0,-7.07,0.103,325,13.5,0.00131,54.83548885703292,30.86320973513042,-46.0,93.5,4.0,4.0,5.12,0.0764,324,7.54,-3.61e-05,-5.2413277543290775,18.531192575945877,4.0,33.5,4.0,4.0,0,0,0,0,119.0,57.5,60.9,120.0,57.3,4.0,14.7,0.742,321,118.0,0.141,16,1,23,6,Layer 1 Up
160.946340895049,22.144296183460252,54.0,154,-2.0,4.0,-6.89,0.105,325,15.4,0.00122,101.04171471210032,1.9755079598949263,-33.5,93.5,4.0,4.0,6.24,0.0807,324,6.42,-1.24e-05,-12.767902909722018,43.05399960680203,4.0,33.5,4.0,4.0,0,0,0,0,125.0,57.2,-19.2,125.0,57.3,4.0,24.3,1.04,320,121.0,0.2,16,1,23,6,Layer 1 Up
195.91601158473304,-10.990809070467725,60.3,153,-2.0,4.0,-4.17,0.0777,325,14.8,0.000957,112.08240118123908,-7.727664944482199,-33.5,93.5,4.0,4.0,4.28,0.077,324,8.64,0.0,90.40712234551545,-54.56630006185457,4.0,33.5,4.0,4.0,0,0,0,0,130.0,57.3,-7.4,131.0,57.3,4.0,22.3,0.942,321,120.0,0.183,16,1,23,6,Layer 1 Up
178.3684310812442,-25.095847159567423,-21.0,152,-2.0,4.0,-4.81,0.0841,325,12.4,0.00101,114.68358302514721,-9.568028306366982,-52.3,93.5,4.0,4.0,5.69,0.078,324,6.56,-3.69e-05,0.2983326141645293,43.47424589458751,4.0,33.5,4.0,4.0,0,0,0,0,135.0,57.3,-11.9,136.0,57.3,4.000000954,20.4,0.839,322,118.0,0.159,16,1,23,6,Layer 1 Up
163.26811544463024,-6.7944565991924435,-8.5,152,-2.0,4.0,-6.66,0.101,326,12.9,0.00126,26.495049262771687,12.515936257131129,-46.0,93.5,4.0,4.0,5.96,0.0785,324,6.45,-4.92e-05,-4.032693821211765,-6.367204077618055,4.0,33.5,4.0,4.0,0,0,0,0,141.0,57.2,-76.1,141.0,57.3,3.999999046,24.2,1.11,320,118.0,0.213,16,1,23,6,Layer 1 Up
197.20342694086435,4.387526414700555,60.3,151,-2.0,4.0,-5.43,0.0974,325,15.8,0.00115,136.86891555373612,-17.582332033649067,-46.0,93.5,4.0,4.0,5.12,0.0852,324,7.49,-1.31e-05,32.09428500159393,28.29882892905475,4.0,33.5,4.0,4.0,0,0,0,0,146.0,57.4,51.6,147.0,57.3,4.0,17.4,0.842,320,122.0,0.16,16,1,23,6,Layer 1 Up
113.4651005202153,-13.087797820735585,35.3,151,-2.0,4.0,-4.65,0.0835,325,14.3,0.00101,52.89523467937965,-50.30541154847438,-46.0,93.5,4.0,4.0,6.52,0.08,324,5.74,-5.04e-05,30.25733180655228,-39.96163799805732,4.0,33.5,4.0,4.0,0,0,0,0,151.0,57.3,4.0,152.0,57.3,4.0,19.6,0.841,322,123.0,0.161,16,1,2,6,Layer 1 Up
129.80000355287086,10.30865830795446,-2.25,150,-2.0,4.0,-5.16,0.0937,325,14.7,0.00115,125.61281116365959,13.685774084695499,-52.3,93.5,4.0,4.0,4.84,0.0822,324,7.59,-1.28e-05,1.0523801477854917,4.164651906463472,4.0,33.5,4.0,4.0,0,0,0,0,157.0,57.3,-4.19,157.0,57.3,4.0,22.1,1.02,320,119.0,0.197,16,1,23,6,Layer 1 Up
119.74359377625998,-14.956546805558775,-8.5,149,-2.0,4.0,-5.4,0.106,325,15.0,0.00132,92.96016664185473,16.377162380801956,-52.3,93.5,4.0,4.0,5.96,0.0791,324,6.54,-2.5e-05,22.535364293486424,11.848458912838119,4.0,33.5,4.0,4.0,0,0,0,0,162.0,57.3,16.4,163.0,57.3,4.000000954,21.3,0.869,321,120.0,0.167,16,1,23,6,Layer 1 Up
136.69185185855153,11.960458372963334,29.0,149,-2.0,4.0,-5.89,0.107,326,15.4,0.00132,23.658617241378607,-0.8983515847192192,-46.0,93.5,4.0,4.0,5.96,0.0773,324,6.46,-3.63e-05,77.69947740771269,42.39181845753946,4.0,33.5,4.0,4.0,0,0,0,0,167.0,57.3,-31.0,168.0,57.3,3.999999046,18.0,0.932,321,117.0,0.181,16,1,23,6,Layer 1 Up
104.53147532148637,7.935938750815502,66.5,148,-2.0,4.0,-4.14,0.0843,325,15.4,0.001,77.45532876617503,-23.69099952708521,-46.0,93.5,4.0,4.0,5.67,0.0835,324,6.41,-2.59e-05,4.522287334244357,-48.65909846108691,4.0,33.5,4.0,4.0,0,0,0,0,173.0,57.3,11.0,173.0,57.3,4.0,19.5,1.0,319,119.0,0.191,16,1,23,6,Layer 1 Up
168.05473408386567,-3.2091884662943917,29.0,148,-1.93,6.04,-4.85,0.101,326,15.3,0.00128,112.0394803227232,6.887655127147552,-14.8,93.5,4.917,17.6,8.72,0.139,324,8.92,0.000224,-16.60640327615893,5.02154029903722,4.0,33.5,4.0,4.0,0,0,0,0,178.0,57.2,-25.9,179.0,57.3,4.0,25.0,0.982,321,121.0,0.189,16,1,23,6,Layer 1 Up
139.9833732909201,-11.397204002986568,47.8,147,-1.57,9.07,-4.43,0.0783,326,14.4,0.000903,124.80341367106969,-29.001507684047407,10.25,93.7,6.24,16.8,3.68,0.0697,324,9.05,0.000312,67.38886314693914,-32.04942148390774,4.0,33.5,4.0,4.0,0,0,0,0,183.0,57.4,-0.44,184.0,57.3,4.0,18.8,0.85,321,119.0,0.165,16,1,25,6,Layer 1 Up
100.55965495593324,2.5608630044021172,60.3,147,-0.91,11.84,-6.03,0.0868,326,12.4,0.000833,86.84591750771833,-17.360520008258753,47.8,94.0,7.45,15.3,5.91,0.106,324,11.7,0.000786,51.19944364826387,20.791602802498026,4.0,33.5,4.0,4.0,0,0,0,0,189.0,57.3,1.56,189.0,57.3,4.000000954,22.0,0.957,321,119.0,0.185,16,1,25,6,Layer 1 Up
113.93334164594215,12.22611689289294,-8.5,146,0.0,14.2,-4.31,0.0927,326,12.7,0.000771,172.12633496868602,-9.843779538091734,-89.7,94.4,8.47,13.21,3.68,0.0562,324,10.7,0.000496,11.19062918629119,29.817633038345456,4.0,33.5,4.0,4.0,0,0,0,0,194.0,57.3,-29.3,195.0,57.3,3.999999046,20.8,0.995,320,117.0,0.193,16,1,25,6,Layer 1 Up
155.8991222067099,47.19857380170649,117.0,146,1.12,16.0,-5.2,0.0722,326,9.15,0.000412,145.9236446400775,29.814923933136185,35.3,94.9,9.26,10.66,6.28,0.105,324,12.0,0.00118,-23.383306120768147,46.757310762427224,4.0,33.5,4.0,4.0,0,0,0,0,199.0,57.5,62.5,200.0,57.3,4.0,13.5,0.745,321,118.0,0.141,16,1,25,6,Layer 1 Up
172.46363912711973,23.438394296390964,72.7,146,2.39,17.2,-5.91,0.0796,326,8.1,0.000234,82.37672102365138,0.8142812939510797,-8.5,95.4,9.78,7.75,9.28,0.134,324,14.7,0.0016,6.728718651551709,-13.772645676099277,4.0,33.5,4.0,4.0,0,0,0,0,205.0,57.2,-24.0,205.0,57.3,4.0,24.1,1.05,320,120.0,0.202,16,1,2,6,Layer 1 Up
208.0462841482938,25.54925753466289,85.2,145,3.744,17.7,-6.54,0.0741,326,5.48,1.15e-05,134.0630778993148,-1.0149194218424125,10.25,96.0,9.99,4.65,6.43,0.102,324,14.2,0.00125,31.533223297070865,34.80067397961135,4.0,33.5,4.0,4.0,0,0,0,0,210.0,57.3,-8.2,211.0,57.3,4.0,22.7,0.946,321,118.0,0.183,16,1,25,6,Layer 1 Up
237.0044868165956,73.00445945936646,72.7,145,4.0,4.0,-3.59,0.0548,326,6.11,-7.54e-06,194.62557224301548,57.30299954983692,97.7,96.6,10.0,4.0,1.67,0.0676,324,13.7,0.000846,75.40915475384796,49.20652371473021,4.0,33.5,4.0,4.0,0,0,0,0,215.0,57.3,-15.9,216.0,57.3,4.000000954,18.6,0.812,322,120.0,0.156,16,1,25,6,Layer 1 Up
158.08487537943336,15.660992251974793,85.2,145,4.0,4.0,-4.53,0.0525,326,5.4,-2.95e-05,196.57994695345326,18.471790430561786,22.8,97.2,10.0,4.0,3.97,0.0792,324,14.4,0.000966,-3.768005965718551,-50.58549229092018,4.0,33.5,4.0,4.0,0,0,0,0,221.0,57.2,-70.1,221.0,57.3,3.999999046,24.0,1.11,320,119.0,0.212,16,1,25,6,Layer 1 Up
113.7555785555867,14.987357883188757,97.7,145,4.0,4.0,-3.09,0.0515,326,7.92,-1.54e-05,35.38818028242756,17.968073831287512,-21.0,97.8,10.0,4.0,4.29,0.0977,324,16.1,0.00124,30.461275109199644,24.34091620345908,4.0,33.5,4.0,4.0,0,0,0,0,226.0,57.4,50.6,227.0,57.3,4.0,19.1,0.836,320,120.0,0.158,16,1,25,6,Layer 1 Up
77.6811659039291,19.856519866784513,91.5,145,4.0,4.0,-4.53,0.0514,326,5.27,-2.93e-05,51.185366622253696,1.1638709496394348,-121.0,98.2,10.0,4.0,4.51,0.0788,324,15.6,0.000924,57.77332890469173,35.83989358494063,4.0,33.5,4.0,4.0,0,0,0,0,231.0,57.3,2.69,232.0,57.3,4.0,20.3,0.83,321,121.0,0.159,16,1,25,6,Layer 1 Up
153.45292322311104,-18.384950070556496,79.0,145,4.0,4.0,-3.34,0.0478,326,6.75,-2.9e-05,174.14853478342533,-4.554392530386938,4.0,98.8,10.0,4.0,6.14,0.107,324,15.3,0.00133,-52.113186018205226,-4.5943911223833105,4.0,33.5,4.0,4.0,0,0,0,0,237.0,57.3,-2.63,237.0,57.3,4.0,22.0,1.02,319,119.0,0.197,16,1,26,6,Layer 1 Up
119.33158594179181,-5.728409920628883,91.5,145,4.0,4.0,-3.09,0.0519,325,7.38,-3.17e-05,45.700142955917904,-42.802476656654264,-64.7,99.4,10.0,4.0,5.74,0.0866,324,13.7,0.00106,70.66748892808864,-36.21956102426875,4.0,33.5,4.0,4.0,0,0,0,0,242.0,57.3,16.2,243.0,57.3,4.000000954,22.9,0.879,321,118.0,0.169,16,1,26,6,Layer 1 Up
131.8851972204638,-7.142595759997295,79.0,145,4.0,4.0,-4.32,0.0511,326,5.77,-1.53e-05,32.89091802553922,33.254652504896704,-39.8,100.0,10.0,4.0,3.38,0.0661,324,13.6,0.000788,-9.012387874290418,35.32316997993921,4.0,33.5,4.0,4.0,0,0,0,0,247.0,57.3,-35.3,248.0,57.3,3.999999046,17.4,0.941,320,117.0,0.182,16,1,26,6,Layer 1 Up
125.67319493059532,18.623215912148282,91.5,145,4.0,4.0,-3.13,0.0533,325,6.95,-3.22e-05,75.92928016282113,21.07557443826814,54.0,100.6,10.0,4.0,2.97,0.0706,324,12.5,0.000926,45.43616166468697,-35.8453677753038,4.0,33.5,4.0,4.0,0,0,0,0,253.0,57.3,12.62,253.0,57.3,4.0,19.6,1.0,319,119.0,0.192,16,1,26,6,Layer 1 Up
140.55456257654387,0.2641794805293305,91.5,145,4.0,4.0,-4.23,0.0484,325,5.63,-2.85e-05,122.52336604442556,5.693565247667162,41.5,101.2,10.0,4.0,6.62,0.11,324,13.5,0.00146,42.36894554817187,-1.9244903731212721,4.0,33.5,4.0,4.0,0,0,0,0,258.0,57.2,-27.1,259.0,57.3,4.0,25.0,0.988,320,121.0,0.19,16,1,26,6,Layer 1 Up
178.65806218872055,7.258753540872682,97.7,145,4.0,4.0,-4.44,0.055,325,5.44,-1.56e-05,96.60413213252903,6.551618275116809,-27.3,101.8,10.0,4.0,6.87,0.115,324,14.5,0.00144,72.49389829974066,2.667156253392214,-2.25,33.5,4.0,4.0,0,0,0,0,263.0,57.3,-4.69,264.0,57.3,4.0,18.9,0.848,321,119.0,0.164,16,1,2,6,Layer 1 Up
149.95876968170333,28.41102539359094,79.0,145,4.0,4.0,-5.07,0.0537,325,4.34,0.0,69.3887565442003,27.593967347672383,-89.7,102.4,10.0,4.0,6.37,0.106,324,14.4,0.00138,53.30726427003711,27.76879283616393,4.0,33.5,4.0,4.0,0,0,0,0,269.0,57.3,1.31,269.0,57.3,4.000000954,22.1,0.955,320,120.0,0.185,16,1,26,6,Layer 1 Up
139.99114424814377,23.43182378115138,97.7,145,4.0,4.0,-3.43,0.0504,325,6.77,-2.27e-05,68.78875452481343,-27.119019468655303,-21.0,103.0,10.0,4.0,7.52,0.098,324,12.3,0.00123,-51.97020725416276,-16.815490786529285,4.0,33.5,4.0,4.0,0,0,0,0,274.0,57.3,-30.4,275.0,57.3,3.999999046,20.4,1.02,320,117.0,0.196,16,1,26,6,Layer 1 Up
112.29948885371294,0.5670173874243738,97.7,145,4.0,4.0,-4.48,0.0473,325,5.5,-2.18e-05,67.45421576254577,-3.8983907782646003,54.0,103.6,10.0,4.0,6.02,0.125,324,15.0,0.00164,5.2850026588980334,-18.740548654283746,4.0,33.5,4.0,4.0,0,0,0,0,279.0,57.5,57.8,280.0,57.3,4.0,13.9,0.744,320,118.0,0.14,16,1,26,6,Layer 1 Up
92.12230014096967,-10.772536897424555,91.5,145,4.0,4.0,-5.07,0.0524,325,4.55,-2.3e-05,59.37145705245651,-17.24218157067846,41.5,104.0,10.0,4.0,8.9,0.154,324,14.7,0.00207,38.46885891333255,7.285781262661555,4.0,33.5,4.0,4.0,0,0,0,0,285.0,57.2,-16.9,285.0,57.3,4.0,24.1,1.04,319,120.0,0.201,16,1,26,6,Layer 1 Up
129.6449480265103,29.5028882474929,97.7,145,4.0,4.0,-4.43,0.0514,326,5.1,-3.1e-05,220.77582272669827,52.380006402744044,-8.5,105.0,9.94,-9.9,10.7,0.162,324,15.1,0.00203,26.489930622688036,37.430348977062216,4.0,33.5,4.0,4.0,0,0,0,0,290.0,57.3,-1.94,291.0,57.3,4.0,22.5,0.93,320,119.0,0.18,16,1,26,6,Layer 1 Up
143.30182925740237,21.46545020275607,104.0,145,4.0,4.0,-3.43,0.05,325,7.1,-1.5e-05,120.09646419450738,31.32726095511765,29.0,105.0,10.0,4.0,2.12,0.0544,324,12.1,0.000627,50.67143453908186,79.98467343438949,4.0,33.5,4.0,4.0,0,0,0,0,295.0,57.3,-9.6,296.0,57.3,4.000000954,18.3,0.805,321,119.0,0.154,16,1,26,6,Layer 1 Up
200.82194984291897,-31.61046084154993,135.0,145,4.0,4.0,-3.09,0.0519,326,7.08,-7.79e-06,150.99639714458576,-42.873931872128196,35.3,106.0,10.0,4.0,3.59,0.0883,324,15.2,0.00111,61.87992384493894,-46.07561548491337,4.0,33.5,4.0,4.0,0,0,0,0,301.0,57.2,-71.5,301.0,57.3,3.999999046,25.0,1.11,320,118.0,0.213,16,1,27,6,Layer 1 Up
149.11338580087954,-2.761439271295375,129.0,145,4.0,4.0,-5.62,0.0538,325,4.26,-7.35e-06,81.18297232981715,-26.504782395313597,10.25,107.0,10.0,4.0,4.69,0.105,324,15.8,0.00134,55.375532753658405,14.475053109275756,4.0,33.5,4.0,4.0,0,0,0,0,306.0,57.4,58.4,307.0,57.3,4.0,17.8,0.828,319,120.0,0.156,16,1,27,6,Layer 1 Up
176.02975704613817,8.14263668811521,-33.5,145,4.645,17.7,3.3,0.0537,325,7.24,6.06e-05,97.56408789198345,6.748938701226139,123.0,107.0,9.97,2.59,7.95,0.131,323,15.2,0.00169,25.796219661326887,-32.09259617472063,4.0,33.5,4.0,4.0,0,0,0,0,311.0,57.3,1.75,312.0,57.3,4.0,20.7,0.837,321,120.0,0.16,16,1,27,6,Layer 1 Up
130.23486494325704,23.07562854970162,-46.0,146,5.98,17.0,6.1,0.0967,325,9.34,0.000365,71.79246631838026,-1.8255754146087018,-2.25,108.0,9.66,-0.48,6.24,0.106,324,15.2,0.00127,-32.8809524121981,37.84294283339277,4.0,33.5,4.0,4.0,0,0,0,0,317.0,57.3,-0.69,317.0,57.3,4.0,22.3,1.02,319,118.0,0.197,16,1,2,6,Layer 1 Up
108.58569359139818,27.45429138869666,4.0,146,7.22,15.6,4.94,0.0735,325,9.61,0.000483,-26.55438741443433,-22.482857697722004,22.8,108.0,9.06,-3.32,4.95,0.0769,324,11.2,0.000845,17.124181867788373,-27.176638138781634,4.0,33.5,4.0,4.0,0,0,0,0,322.0,57.3,17.4,323.0,57.3,4.000000954,19.6,0.884,320,121.0,0.169,16,1,29,6,Layer 1 Up
115.52667688912797,14.363920125302018,-58.5,146,8.28,13.67,4.81,0.0796,325,12.2,0.000668,39.076324135654986,55.04431534151004,16.5,109.0,8.2,-5.77,9.38,0.157,324,12.7,0.00147,48.46959334135532,-18.41051149841057,4.0,33.5,4.0,4.0,0,0,0,0,327.0,57.3,-32.7,328.0,57.3,3.999999046,16.7,0.938,320,118.0,0.181,16,1,29,6,Layer 1 Up
124.1011663480951,22.256825504953152,41.5,147,9.13,11.2,3.93,0.0832,325,13.9,0.000892,17.124628897650965,14.642211011285434,-52.3,109.0,7.12,-7.7,3.56,0.0621,324,10.5,0.00038,-5.704612561840705,-15.574440436990937,4.0,33.5,4.0,4.0,0,0,0,0,333.0,57.3,14.6,333.0,57.3,4.0,19.7,0.985,318,120.0,0.189,16,1,29,6,Layer 1 Up
214.2059054680384,11.150886919168796,10.25,147,9.7,8.35,5.1,0.0913,325,14.0,0.00111,-5.1597188766366315,17.492687626032286,-14.8,109.0,5.87,-9.0,7.45,0.12,324,9.34,0.0005,56.19608287481224,1.4688183466226055,4.0,33.5,4.0,4.0,0,0,0,0,338.0,57.3,-21.4,339.0,57.3,4.0,26.2,0.984,319,120.0,0.19,16,1,29,6,Layer 1 Up
122.0649187181516,-5.313577140194367,-33.5,148,9.98,5.28,6.3,0.105,325,14.9,0.00131,48.34446243239318,-12.058274948319507,-33.5,109.0,4.531,-9.7,2.76,0.0457,324,5.74,4.71e-05,66.15926636051486,14.711000282006673,-2.25,33.5,4.0,4.0,0,0,0,0,343.0,57.4,6.44,344.0,57.3,4.0,19.1,0.835,320,118.0,0.161,16,1,29,6,Layer 1 Up
174.47508926415617,4.051212381600285,-2.25,148,10.0,4.0,6.17,0.0996,325,13.7,0.00125,176.23160214975272,21.335585188808306,-8.5,109.0,4.0,4.0,0.547,0.0254,324,2.69,0.0,38.061220766009036,20.067626580955856,4.0,33.5,4.0,4.0,0,0,0,0,349.0,57.3,7.63,349.0,57.3,4.000000954,22.2,0.952,320,120.0,0.184,16,1,29,6,Layer 1 Up
120.49029763011308,10.32369185140543,-33.5,149,10.0,4.0,5.75,0.0945,326,14.3,0.00115,106.74519646607867,-5.1440838377593145,4.0,109.0,4.0,4.0,-0.31,0.0239,324,2.23,1.14e-06,-76.65141021503506,3.8084132492113882,4.0,33.5,4.0,4.0,0,0,0,0,354.0,57.3,-18.8,355.0,57.3,3.999999046,20.0,0.992,319,116.0,0.192,16,1,29,6,Layer 1 Up
179.41418751967583,9.12630871234256,-33.5,150,10.0,4.0,6.12,0.0931,326,14.5,0.00115,174.48646929666359,-2.8104380089407774,4.0,109.0,4.0,4.0,-0.474,0.0184,324,2.0,-8.47e-07,-12.45083252556877,-40.17641260557399,4.0,33.5,4.0,4.0,0,0,0,0,359.0,57.5,63.4,360.0,57.3,4.0,12.2,0.73,320,119.0,0.138,16,1,29,6,Layer 1 Up
162.15473156310375,-31.996980330567368,4.0,150,10.0,4.0,5.42,0.086,326,13.7,0.00108,129.85429537807292,18.686046310143098,4.0,109.0,4.0,4.0,0.963,0.0209,324,0.989,1.38e-06,101.31374798879824,28.175651028700507,4.0,33.5,4.0,4.0,0,0,0,0,365.0,57.2,-15.6,365.0,57.3,4.0,24.4,1.05,319,120.0,0.202,16,1,29,6,Layer 1 Up
146.05419711527773,1.1321786642135123,4.0,151,10.0,4.0,4.65,0.0852,326,13.8,0.00107,148.7090140055206,-35.15459401542309,4.0,109.0,4.0,4.0,-0.518,0.0194,324,1.97,-8e-07,13.850445768041237,2.240815422060443,4.0,33.5,4.0,4.0,0,0,0,0,370.0,57.3,-10.0,371.0,57.3,4.0,23.7,0.947,320,118.0,0.182,16,1,2,6,Layer 1 Up
149.7129333171385,11.053943614376397,-27.3,151,10.0,4.0,7.89,0.107,325,12.8,0.0013,63.28620797754319,42.38617001337909,4.0,109.0,4.0,4.0,1.6,0.0212,324,1.96,1.27e-06,-37.83546913712206,42.590587165372185,4.0,33.5,4.0,4.0,0,0,0,0,375.0,57.3,-9.5,376.0,57.3,4.000000954,18.6,0.799,321,119.0,0.153,16,1,29,6,Layer 1 Up
131.32524043444306,3.522658038193147,-64.7,152,10.0,4.0,6.45,0.0921,326,14.6,0.00113,135.58659655295435,8.383908121459246,4.0,109.0,4.0,4.0,0.504,0.0206,324,2.12,1.31e-06,77.91058030405564,-19.509716068233658,4.0,33.5,4.0,4.0,0,0,0,0,381.0,57.2,-69.9,381.0,57.3,3.999999046,24.3,1.1,320,118.0,0.211,16,1,29,6,Layer 1 Up
167.08461945588775,4.563380910155551,-14.8,153,10.0,4.0,4.99,0.072,326,12.7,0.000872,145.97680324598744,34.788781718865444,4.0,109.0,4.0,4.0,0.963,0.0224,325,0.65,1.12e-06,33.98017067380309,-49.22447348583679,4.0,33.5,4.0,4.0,0,0,0,0,386.0,57.4,58.4,387.0,57.3,4.0,16.9,0.829,319,121.0,0.156,16,1,29,6,Layer 1 Up
138.63400911775332,20.937048360075025,10.25,153,10.0,4.0,4.63,0.0847,323,14.0,0.00104,79.73945797924226,-21.84879490904351,4.0,109.0,4.0,4.0,-0.177,0.0217,323,1.82,5.17e-06,73.22568473363475,2.869721873084484,4.0,33.5,4.0,4.0,0,0,0,0,391.0,57.3,7.63,392.0,57.3,4.0,20.3,0.824,319,121.0,0.158,16,1,29,6,Layer 1 Up
115.3018010800707,-14.171448342378278,-8.5,154,10.0,4.0,5.93,0.106,325,15.4,0.00135,137.3924935523491,-18.189201761749477,4.0,109.0,4.0,4.0,2.21,0.0204,324,4.99,-2.9e-06,43.45743492609998,47.049046657886144,4.0,33.5,4.0,4.0,0,0,0,0,397.0,57.3,0.75,397.0,57.3,4.0,22.5,1.01,318,119.0,0.196,16,1,29,6,Layer 1 Up
113.64943710262753,-26.441491272082594,-46.0,154,10.0,4.0,6.0,0.0991,325,15.3,0.00125,137.7297988294439,-23.927439818786198,4.0,109.0,4.0,4.0,-0.147,0.0386,324,1.1,-2.01e-06,49.98647674597926,9.346187103154898,4.0,33.5,4.0,4.0,0,0,0,0,402.0,57.4,20.2,403.0,57.3,4.000000954,22.1,0.869,319,118.0,0.167,16,1,29,6,Layer 1 Up
160.44942082408102,2.232359879425042,-33.5,155,10.0,4.0,5.22,0.0915,325,15.8,0.00119,81.11431011683715,10.016156172605609,4.0,109.0,4.0,4.0,1.35,0.0188,324,2.09,0.0,46.5511924164384,-2.65764529520975,-2.25,33.5,4.0,4.0,0,0,0,0,407.0,57.3,-32.3,408.0,57.3,3.999999046,16.5,0.937,320,118.0,0.181,16,1,29,6,Layer 1 Up
205.8594159393142,26.897331127212134,4.0,156,10.0,4.0,5.88,0.105,325,13.0,0.00125,52.02789012537015,5.585974990889799,4.0,109.0,4.0,4.0,0.503,0.0158,324,1.5,-1.24e-06,58.576645359340105,-24.91124784909466,4.0,33.5,4.0,4.0,0,0,0,0,414.0,57.4,50.8,415.0,57.3,4.000000954,19.4,0.803,317,118.0,0.154,16,1,29,6,Layer 1 Up
161.05169563543367,47.429173018757645,-21.0,156,10.0,4.0,5.59,0.113,325,15.9,0.00141,48.91433363145392,-7.162604922179753,4.0,109.0,4.0,4.0,1.35,0.0187,324,1.43,2.22e-06,115.3799608723374,62.3896089123373,4.0,33.5,4.0,4.0,0,0,0,0,418.0,57.3,-18.6,419.0,57.3,4.0,26.3,0.979,319,119.0,0.188,16,1,29,6,Layer 1 Up
153.25402419027824,27.22921831049048,-77.2,157,10.0,4.0,6.3,0.102,325,15.2,0.00128,113.38950998038426,-20.37417243745305,4.0,109.0,4.0,4.0,1.05,0.0236,324,1.56,0.0,68.41037930292764,-30.201410705012755,4.0,33.5,4.0,4.0,0,0,0,0,423.0,57.4,4.937,424.0,57.3,4.0,18.0,0.838,320,119.0,0.163,16,1,2,6,Layer 1 Up
166.02488967810962,-22.85684677104428,-58.5,157,10.0,4.0,6.1,0.088,325,12.9,0.00107,125.5933077910552,-26.443914580636406,4.0,109.0,4.0,4.0,0.459,0.0178,324,1.29,1.03e-06,-23.31759528254652,-20.096196971004762,4.0,33.5,4.0,4.0,0,0,0,0,429.0,57.3,6.63,429.0,57.3,4.000000954,21.9,0.947,319,119.0,0.183,16,1,29,6,Layer 1 Up
199.23668204284223,4.9159055185320595,16.5,158,10.0,4.0,5.13,0.0826,325,12.7,0.00108,68.78523496603566,2.8346407140624272,4.0,109.0,4.0,4.0,0.548,0.0215,324,2.25,1.29e-06,49.55872417197318,22.935435626357556,4.0,33.5,4.0,4.0,0,0,0,0,434.0,57.3,-23.6,435.0,57.3,3.999999046,19.5,0.984,319,117.0,0.19,16,1,29,6,Layer 1 Up
165.92694823108096,15.545492467389074,-27.3,159,10.0,4.0,6.22,0.115,325,15.0,0.00143,110.34900745652551,-7.190846275491584,4.0,109.0,4.0,4.0,1.05,0.0228,324,1.85,-2.43e-06,74.53940943095495,-57.65342454184758,4.0,33.5,4.0,4.0,0,0,0,0,439.0,57.5,64.4,440.0,57.3,4.0,12.3,0.741,319,119.0,0.141,16,1,29,6,Layer 1 Up
146.02507430159278,13.742043580973728,-58.5,159,10.0,4.0,6.88,0.102,325,14.6,0.00125,137.95049217288826,-12.479253263297142,4.0,109.0,4.0,4.0,0.711,0.0223,324,1.43,-1.74e-06,76.74044013846535,46.33944149330845,4.0,33.5,4.0,4.0,0,0,0,0,445.0,57.2,-21.5,445.0,57.3,4.0,24.4,1.06,318,120.0,0.205,16,1,29,6,Layer 1 Up
194.93079245415475,22.06184133977009,-33.5,160,10.0,4.0,4.67,0.0841,325,14.1,0.00102,140.36856034342685,41.18585100080884,4.0,109.0,4.0,4.0,0.8,0.0197,324,1.78,0.0,18.162363962434387,24.73449034088512,4.0,33.5,4.0,4.0,0,0,0,0,450.0,57.3,-2.19,451.0,57.3,4.0,22.2,0.946,319,119.0,0.182,16,1,29,6,Layer 1 Up
173.53787852040398,-10.359288475148377,-2.25,160,10.0,4.0,4.34,0.0794,325,14.1,0.000987,187.7463221931166,2.021219567285512,4.0,109.0,4.0,4.0,-0.089,0.0194,324,2.01,0.0,75.38299390259124,33.87072037164233,4.0,33.5,4.0,4.0,0,0,0,0,455.0,57.3,-11.3,456.0,57.3,4.000000954,18.3,0.804,321,120.0,0.155,16,1,29,6,Layer 1 Up
209.49111568148652,11.348875076728866,16.5,161,10.0,4.0,6.01,0.105,325,14.4,0.00134,173.79723706929397,34.526758619326,4.0,109.0,4.0,4.0,-0.221,0.0184,324,1.37,0.0,66.85492042052144,22.539569773792937,-2.25,33.5,4.0,4.0,0,0,0,0,461.0,57.2,-69.1,461.0,57.3,3.999999046,24.6,1.13,319,118.0,0.216,16,1,29,6,Layer 1 Up
167.78558204458741,19.177368634759638,-64.7,162,10.0,4.0,6.13,0.102,325,15.1,0.00127,58.19194031119442,-8.817252259064205,4.0,109.0,4.0,4.0,0.875,0.0204,324,0.431,3.18e-06,125.98915909420305,-1.352212224541149,4.0,33.5,4.0,4.0,0,0,0,0,466.0,57.4,55.7,467.0,57.3,4.0,18.7,0.829,318,119.0,0.156,16,1,29,6,Layer 1 Up
123.33769311335266,28.27065277364467,-77.2,162,10.0,4.0,5.2,0.0746,325,13.4,0.00087,194.42942227116416,9.883444040866706,4.0,109.0,4.0,4.0,0.756,0.0175,324,1.69,-1.09e-06,6.53535093370358,-31.315747898439675,4.0,33.5,4.0,4.0,0,0,0,0,471.0,57.4,11.0,472.0,57.3,4.0,18.8,0.824,320,122.0,0.158,16,1,29,6,Layer 1 Up
119.8007116058287,-7.795507702198883,35.3,163,10.0,4.0,3.29,0.083,325,14.5,0.00107,82.05690925313294,2.666578182374754,4.0,109.0,4.0,4.0,0.371,0.0234,324,0.986,1.45e-06,15.257537593032279,-0.6530357623631273,4.0,33.5,4.0,4.0,0,0,0,0,477.0,57.3,1.31,477.0,57.3,4.0,22.3,1.0,319,118.0,0.194,16,1,29,6,Layer 1 Up
215.12764121439403,2.329577963254221,35.3,163,10.0,4.0,5.02,0.0931,325,15.0,0.00119,162.01948911741326,-36.80405873304454,4.0,109.0,4.0,4.0,1.35,0.0206,324,2.34,-3e-06,22.494168526169695,-28.395467725512432,4.0,33.5,4.0,4.0,0,0,0,0,482.0,57.4,28.0,483.0,57.3,4.000000954,21.2,0.871,319,120.0,0.167,16,1,2,6,Layer 1 Up
218.42431890113298,-50.57195567567112,-46.0,164,9.93,1.96,7.04,0.112,325,13.7,0.00132,112.44981335247688,37.43154701883817,-2.25,109.0,3.083,-9.6,-6.23,0.106,324,7.72,0.000152,15.875149814398686,20.149140949092043,4.0,33.5,4.0,4.0,0,0,0,0,487.0,57.3,-31.7,488.0,57.3,3.999999046,16.5,0.936,320,118.0,0.181,16,1,29,6,Layer 1 Up
158.3317252325858,-4.144766673663074,-14.8,164,9.57,-1.07,4.63,0.0704,325,11.9,0.000818,88.08649815998452,-1.248552807307842,35.3,109.0,1.76,-8.8,-3.13,0.0495,324,7.29,0.000215,1.501277838181526,30.79966860047016,4.0,33.5,4.0,4.0,0,0,0,0,493.0,57.3,11.81,493.0,57.3,4.0,19.9,1.0,318,119.0,0.192,16,1,31,6,Layer 1 Up
152.90095509070127,-2.7296542195119518,-46.0,165,8.91,-3.84,4.74,0.083,326,12.8,0.000855,17.2728894445233,18.520912240934898,-14.8,109.0,0.55,-7.3,-6.68,0.113,324,10.8,0.000871,-65.8258707202004,53.05673196556965,4.0,33.5,4.0,4.0,0,0,0,0,498.0,57.3,-21.7,499.0,57.3,4.0,23.5,0.978,319,121.0,0.188,16,1,31,6,Layer 1 Up
211.14474213775344,-14.866848636483944,-27.3,165,8.0,-6.2,5.94,0.11,325,12.5,0.000934,99.29438284360879,-18.145766316341724,29.0,108.0,-0.47,-5.21,-6.0,0.0804,324,11.3,0.000685,17.871344502642387,16.349403376168585,4.0,33.5,4.0,4.0,0,0,0,0,503.0,57.4,9.13,504.0,57.3,4.0,20.7,0.83,320,117.0,0.161,16,1,31,6,Layer 1 Up
131.04530634264913,10.744793794460143,-46.0,166,6.88,-8.0,3.47,0.0688,325,9.7,0.000424,28.872950766179102,-5.36220042001122,41.5,108.0,-1.26,-2.66,-4.68,0.0703,324,11.3,0.000765,46.779449870921354,34.71260858873837,4.0,33.5,4.0,4.0,0,0,0,0,509.0,57.3,6.38,509.0,57.3,4.000000954,22.0,0.97,319,120.0,0.187,16,1,31,6,Layer 1 Up
137.74921562692379,4.201861896250563,-102.0,166,5.61,-9.2,4.7,0.082,326,9.13,0.000272,156.08320964690125,-22.53566786845012,10.25,107.0,-1.78,0.25,-8.1,0.143,324,15.8,0.00169,15.767302416629107,-5.870574576376704,4.0,33.5,4.0,4.0,0,0,0,0,514.0,57.3,-20.0,515.0,57.3,3.999999046,18.5,1.0,319,119.0,0.195,16,1,31,6,Layer 1 Up
186.31288445876226,-46.277880486158075,-134.0,166,4.256,-9.7,3.33,0.0801,326,7.53,5.61e-05,183.96589558078315,27.888466012647587,-2.25,107.0,-1.99,3.35,-7.98,0.131,324,15.2,0.0016,103.08233814819312,-11.887443280644506,4.0,33.5,4.0,4.0,0,0,0,0,519.0,57.5,65.4,520.0,57.3,4.0,15.6,0.755,319,115.0,0.143,16,1,31,6,Layer 1 Up
153.54044082470264,8.582965517712655,-102.0,166,4.0,4.0,3.87,0.0581,326,4.88,-8.54e-06,65.56272091594332,5.355036708196487,60.3,106.0,-2.0,4.0,-3.74,0.0642,324,12.1,0.000747,33.98089768120248,19.734465858701842,4.0,33.5,4.0,4.0,0,0,0,0,525.0,57.2,-25.9,525.0,57.3,4.0,24.7,1.05,319,121.0,0.203,16,1,31,6,Layer 1 Up
165.83827832486244,-16.885836933573383,-89.7,166,4.0,4.0,2.21,0.0525,326,7.05,-7.67e-06,121.32275919704436,6.642500491943615,-33.5,106.0,-2.0,4.0,-4.12,0.091,324,13.9,0.00118,79.91608642342865,-8.837882802360559,4.0,33.5,4.0,4.0,0,0,0,0,530.0,57.3,-7.4,531.0,57.3,4.0,20.8,0.957,319,120.0,0.185,16,1,31,6,Layer 1 Up
160.83933089567898,14.66068174155086,-83.5,166,4.0,4.0,3.06,0.0539,325,5.66,0.0,68.19179956781284,30.69532128144134,-14.8,105.0,-2.0,4.0,-6.96,0.127,324,14.7,0.00163,42.89879115919041,12.941832281102437,4.0,33.5,4.0,4.0,0,0,0,0,535.0,57.3,-7.4,536.0,57.3,4.000000954,21.5,0.813,321,117.0,0.155,16,1,2,6,Layer 1 Up
176.65883290200273,-24.772998570005242,-83.5,166,4.0,4.0,2.49,0.0523,326,6.23,-1.46e-05,73.10909527670262,25.973825475529857,210.0,105.0,-2.0,4.0,-8.48,0.127,324,16.3,0.00154,63.21164201373274,-31.25075605357619,4.0,33.5,4.0,4.0,0,0,0,0,541.0,57.1,-82.6,541.0,57.3,3.999999046,25.1,1.12,320,119.0,0.213,16,1,31,6,Layer 1 Up
210.4408917251586,4.4694434689821945,-89.7,166,4.0,4.0,3.05,0.0511,326,5.32,-2.21e-05,143.29982006769387,16.575777211638293,-39.8,104.0,-2.0,4.0,-8.56,0.146,324,15.2,0.00184,43.53951076728022,-25.285969758705686,4.0,33.5,4.0,4.0,0,0,0,0,546.0,57.5,66.7,547.0,57.3,4.0,15.6,0.839,318,121.0,0.158,16,1,32,6,Layer 1 Up
168.86019603534822,-8.067351166075657,72.7,166,-2.0,4.0,-5.86,0.102,325,14.7,0.00126,101.84447112600132,-30.17264596820671,-14.8,103.8,4.0,4.0,3.0,0.0227,324,2.44,-1.82e-06,82.71161573736629,25.107070415205772,4.0,33.5,4.0,4.0,0,0,0,0,551.0,57.3,12.19,552.0,57.3,4.0,22.4,0.816,320,118.0,0.156,16,1,32,6,Layer 1 Up
185.33220816283583,4.882178753372992,72.7,165,-2.0,4.0,-5.64,0.0899,326,14.6,0.0011,192.07414143414073,-12.771346964490064,-21.0,103.8,4.0,4.0,1.55,0.0239,324,2.48,-5.41e-06,35.5111752712224,33.45413267962514,4.0,33.5,4.0,4.0,0,0,0,0,557.0,57.3,-3.06,557.0,57.3,4.0,22.1,1.01,319,119.0,0.195,16,1,34,6,Layer 1 Down
100.26632288190284,0.711986267342319,22.8,165,-2.0,4.0,-4.72,0.0841,326,13.9,0.00108,79.33030440461586,-20.17946050104707,-21.0,103.8,4.0,4.0,1.35,0.0282,325,2.08,-5.79e-06,51.33691975841495,-28.741595268154306,4.0,33.5,4.0,4.0,0,0,0,0,562.0,57.4,25.8,563.0,57.3,4.000000954,19.1,0.873,319,121.0,0.167,16,1,34,6,Layer 1 Down
162.46172850627127,-7.7626922880561455,-33.5,164,-2.0,4.0,-4.79,0.0932,326,14.3,0.00121,154.508852955802,21.437003674805933,-21.0,103.8,4.0,4.0,2.09,0.0256,324,2.18,2.43e-06,46.67068817295006,26.276512872285213,4.0,33.5,4.0,4.0,0,0,0,0,567.0,57.3,-33.3,568.0,57.3,3.999999046,21.5,0.949,320,114.0,0.184,16,1,34,6,Layer 1 Down
136.37521273170492,-36.054112162408806,41.5,163,-2.0,4.0,-6.25,0.112,326,15.0,0.00136,108.7430029441315,8.051790966716121,-21.0,103.8,4.0,4.0,1.55,0.0319,325,2.57,1.96e-06,23.13533571508439,-13.696450690015805,4.0,33.5,4.0,4.0,0,0,0,0,573.0,57.3,5.31,573.0,57.3,4.0,20.2,0.999,318,119.0,0.19,16,1,34,6,Layer 1 Down
124.51627900842792,-30.12639123612348,35.3,163,2.73,-4.87,-6.11,0.102,326,8.14,0.000262,144.37978883611862,-23.872364145884116,-152.0,104.0,9.86,2.11,5.06,0.074,324,13.9,0.000833,48.0602411035492,4.548270092548255,4.0,33.5,4.0,4.0,0,0,0,0,578.0,57.3,-19.3,579.0,57.3,4.0,23.1,0.978,319,122.0,0.188,16,1,34,6,Layer 1 Down
135.27255616605507,-10.92647080056402,66.5,163,1.86,-4.49,-4.22,0.0689,326,8.84,0.000262,82.3100895496722,5.243343106383591,29.0,105.0,9.61,0.79,3.72,0.078,324,13.2,0.000967,113.83240204035523,51.068158288833274,4.0,33.5,4.0,4.0,0,0,0,0,583.0,57.4,7.31,584.0,57.3,4.0,21.0,0.824,320,115.0,0.159,16,1,34,6,Layer 1 Down
152.45013498279636,1.0652764533344203,10.25,163,1.04,-3.91,-7.23,0.112,326,10.1,0.000661,102.48525924216025,-26.612491935700834,-64.7,105.0,9.22,-0.45,4.42,0.0718,324,12.5,0.000776,23.77847763570062,30.82316717836574,4.0,33.5,4.0,4.0,0,0,0,0,589.0,57.3,12.12,589.0,57.3,4.000000954,21.9,0.945,319,119.0,0.182,16,1,2,6,Layer 1 Down
190.91939628809791,-13.169962938391564,-14.8,162,0.29,-3.14,-5.07,0.108,326,12.1,0.000799,100.13929475332158,7.472330374029696,-2.25,106.0,8.71,-1.59,6.2,0.102,324,12.8,0.00105,48.58092992956977,30.437331127752387,4.0,33.5,4.0,4.0,0,0,0,0,594.0,57.3,-20.9,595.0,57.3,3.999999046,17.7,0.987,319,120.0,0.191,16,1,34,6,Layer 1 Down
120.11947793125827,13.768428047593916,22.8,162,-0.38,-2.22,-7.97,0.101,326,10.1,0.000878,63.57634750015521,-31.888542185766454,-52.3,106.0,8.1,-2.6,6.23,0.102,324,11.8,0.000855,78.72065266517085,67.40633106762998,4.0,33.5,4.0,4.0,0,0,0,0,599.0,57.5,69.4,600.0,57.3,4.0,15.2,0.747,319,114.0,0.141,16,1,34,6,Layer 1 Down
162.96718180403255,-7.199396322295837,-2.25,162,-0.95,-1.16,-5.16,0.0893,326,12.1,0.00094,140.59569155133755,20.380900403894646,4.0,107.0,7.4,-3.46,2.43,0.047,324,7.7,0.000309,74.49527785248729,-19.381512973665252,4.0,33.5,4.0,4.0,0,0,0,0,605.0,57.2,-23.1,605.0,57.3,4.0,24.5,1.04,319,120.0,0.199,16,1,34,6,Layer 1 Down
145.71246986918504,-22.97935652415338,-14.8,161,-1.4,0.03,-3.78,0.0816,326,14.2,0.000962,139.99527910376608,15.834711661198542,-39.8,107.0,6.61,-4.15,3.3,0.0558,324,7.3,0.000319,33.92123781432439,-28.74886358196055,4.0,33.5,4.0,4.0,0,0,0,0,610.0,57.3,-5.44,611.0,57.3,4.0,21.6,0.938,319,119.0,0.181,16,1,34,6,Layer 1 Down
149.65380307338697,-7.774306001405424,79.0,160,-1.73,1.3,-6.08,0.0912,325,13.8,0.0011,137.1184663932557,51.559459990396,-33.5,107.0,5.77,-4.66,5.79,0.0673,324,5.42,0.000229,-52.18945491417615,-19.98750786568102,4.0,33.5,4.0,4.0,0,0,0,0,615.0,57.3,1.44,616.0,57.3,4.000000954,21.6,0.795,320,116.0,0.152,16,1,34,6,Layer 1 Down
191.66183036939654,3.108914840897058,4.0,160,-1.93,2.63,-4.38,0.0955,325,14.8,0.00119,184.98952445734028,25.304486832173907,-33.5,107.0,4.885,-4.97,4.95,0.0652,324,8.81,0.000145,52.076903896400474,-4.454033717147057,4.0,33.5,4.0,4.0,0,0,0,0,621.0,57.2,-70.5,621.0,57.3,3.999999046,23.8,1.1,319,119.0,0.21,16,1,34,6,Layer 1 Down
175.9908618567963,5.398152030764098,60.3,159,2.91,941.0,-5.52,0.0935,325,14.6,0.00112,180.54342078823993,-6.140169270496681,-27.3,107.0,4.000573,-0.1,5.25,0.0797,324,5.67,-1.27e-05,-46.29627459904806,-74.21362629155858,4.0,33.5,4.0,4.0,0,0,0,0,626.0,57.4,62.1,627.0,57.3,4.0,16.0,0.832,318,120.0,0.156,16,1,34,6,Layer 1 Down
201.22801452717786,40.05648784392952,29.0,159,-2.0,4.0,-6.91,0.102,325,14.2,0.00126,87.97435815523704,23.51313705148855,-64.7,107.0,4.0,4.0,4.0,0.0621,324,5.32,-9.4e-06,86.34833309863218,-2.8903656132278126,4.0,33.5,4.0,4.0,0,0,0,0,631.0,57.4,13.94,632.0,57.3,4.0,21.5,0.82,319,118.0,0.157,16,1,34,6,Layer 1 Down
153.12152138425574,-16.87331374859351,54.0,158,-2.0,4.0,-6.67,0.102,326,12.3,0.00125,125.92961813312505,-29.744256371035995,-71.0,107.0,4.0,4.0,4.04,0.0617,324,5.29,9.36e-06,39.593057178095385,-14.089588499484663,4.0,33.5,4.0,4.0,0,0,0,0,637.0,57.3,-3.25,637.0,57.3,4.0,22.1,0.993,318,119.0,0.191,16,1,35,6,Layer 1 Down
136.0257841310197,-3.489303049251288,54.0,158,-2.0,4.0,-6.37,0.105,326,15.4,0.0013,75.35692386322927,-19.283996548794804,-71.0,107.0,4.0,4.0,3.31,0.0651,325,6.28,-1.81e-05,69.44106229856814,30.03498653947852,4.0,33.5,4.0,4.0,0,0,0,0,643.0,57.4,-0.5,643.0,57.3,4.0,18.7,0.762,320,120.0,0.147,16,1,2,6,Layer 1 Down
149.9317132133961,7.556791090916399,16.5,157,-2.0,4.0,-6.71,0.113,325,13.2,0.00149,108.18510780815576,11.857415647787143,-64.7,107.0,4.0,4.0,4.22,0.0633,324,4.69,-9.52e-06,1.0665947368031041,15.706691476702021,4.0,33.5,4.0,4.0,0,0,0,0,647.0,57.3,-38.1,648.0,57.3,3.999999046,20.1,0.951,320,115.0,0.183,16,1,35,6,Layer 1 Down
163.65677621914352,-2.302564341936809,85.2,156,-2.0,4.0,-6.28,0.105,326,14.3,0.00128,76.56719611065664,-48.00070021057141,-52.3,107.0,4.0,4.0,3.87,0.0603,324,5.13,0.0,-22.316963037626046,-15.953982417608781,4.0,33.5,4.0,4.0,0,0,0,0,653.0,57.3,5.75,653.0,57.3,4.0,19.3,0.999,318,120.0,0.192,16,1,35,6,Layer 1 Down
161.57526012965076,-13.118750702135015,54.0,156,-2.0,4.0,-6.08,0.1,325,12.9,0.00129,189.2064648451455,2.956803178476954,-71.0,107.0,4.0,4.0,4.09,0.064,324,4.81,0.0,42.87484557840419,23.597360449923126,4.0,33.5,4.0,4.0,0,0,0,0,658.0,57.3,-14.3,659.0,57.3,4.0,22.9,0.954,319,122.0,0.183,16,1,35,6,Layer 1 Down
120.76071476957027,-36.6938033993172,-14.8,155,-2.0,4.0,-6.84,0.109,326,11.5,0.00135,125.45496398632066,-20.648053839099536,-52.3,107.0,4.0,4.0,3.25,0.062,325,5.92,0.0,32.291862842384816,28.02540269390558,4.0,33.5,4.0,4.0,0,0,0,0,663.0,57.4,8.88,664.0,57.3,4.0,20.4,0.82,319,116.0,0.158,16,1,35,6,Layer 1 Down
157.85719247834857,-13.396678058544676,66.5,155,-2.0,4.0,-7.45,0.0867,326,10.9,0.0011,95.93665061716237,6.310016908866453,-58.5,107.0,4.0,4.0,3.65,0.0568,324,5.5,-8.72e-06,15.827739739133577,-21.52960757175051,4.0,33.5,4.0,4.0,0,0,0,0,669.0,57.3,4.562,670.0,57.3,4.0,24.1,0.922,319,117.0,0.178,16,1,35,6,Layer 1 Down
161.20625308723328,-25.75421474833596,29.0,154,-2.0,4.0,-6.32,0.111,326,14.6,0.00135,167.56722514601913,-22.029476753124694,-52.3,107.0,4.0,4.0,5.34,0.0631,324,6.5,9.44e-06,36.5438085862054,-12.377314052665334,4.0,33.5,4.0,4.0,0,0,0,0,674.0,57.3,-18.4,675.0,57.3,3.999999046,17.8,0.99,319,119.0,0.191,16,1,35,6,Layer 1 Down
232.48862020752242,-40.470456632727206,72.7,153,-2.0,4.0,-6.13,0.0925,326,14.2,0.00121,-3.1425156497282245,14.047230456414118,-64.7,107.0,4.0,4.0,4.13,0.0616,325,5.06,1.88e-05,132.99701985409368,-69.92226933759002,4.0,33.5,4.0,4.0,0,0,0,0,679.0,57.5,69.4,680.0,57.3,4.0,15.1,0.749,319,114.0,0.141,16,1,35,6,Layer 1 Down
212.26090449013958,-19.821531167597275,16.5,153,-2.0,4.0,-4.97,0.0876,326,13.6,0.0011,4.799340420227892,4.339554056612545,-52.3,107.0,4.0,4.0,4.0,0.0624,324,4.88,9.46e-06,63.50351523747587,-32.22961898915668,4.0,33.5,4.0,4.0,0,0,0,0,685.0,57.2,-21.3,685.0,57.3,4.0,24.3,1.04,318,120.0,0.201,16,1,35,6,Layer 1 Down
125.05905219836845,-20.235532344297344,242.0,152,-2.0,-121.0,-13.2,0.254,326,14.6,0.00198,147.3828661409275,37.53420252096545,-58.5,107.0,3.9365,-5.29,3.16,0.0605,324,5.66,1.87e-05,71.2323947864766,-20.66340556849395,4.0,33.5,4.0,4.0,0,0,0,0,690.0,57.3,-1.38,691.0,57.3,4.0,19.6,0.93,319,121.0,0.179,16,1,35,6,Layer 1 Down
142.92594142399938,11.274231022950923,29.0,152,-1.92,5.43,-6.18,0.106,325,14.2,0.00131,110.06832198971154,3.336871296979057,29.0,107.0,3.033,-4.96,-6.04,0.0965,324,7.35,0.000185,63.84187924505949,6.463657219907185,4.0,33.5,4.0,4.0,0,0,0,0,695.0,57.3,1.12,696.0,57.3,4.000000954,21.2,0.796,320,116.0,0.152,16,1,2,6,Layer 1 Down
104.79218067578961,11.810310702801981,97.7,151,-1.71,6.77,-4.43,0.0743,325,14.3,0.000887,119.708278685116,-16.145102490425273,16.5,107.0,2.15,-4.64,-6.12,0.103,324,9.29,0.000429,86.69078021790926,-27.403787685489263,4.0,33.5,4.0,4.0,0,0,0,0,701.0,57.2,-70.9,701.0,57.3,3.999999046,24.3,1.1,319,119.0,0.211,16,1,37,6,Layer 1 Down
132.34857210568927,-21.385474485977802,41.5,151,-1.37,8.04,-5.82,0.105,326,14.2,0.00116,39.695307096676544,-4.534149725208284,-8.5,107.0,1.31,-4.12,-7.99,0.136,324,11.5,0.000794,26.666394543499777,-13.055883865887747,4.0,33.5,4.0,4.0,0,0,0,0,706.0,57.5,64.1,707.0,57.3,4.0,17.4,0.84,318,119.0,0.158,16,1,37,6,Layer 1 Down
159.9651499447284,-6.5856798851701415,29.0,150,-0.9,9.22,-7.19,0.112,325,12.1,0.00117,105.82106275050405,-31.61007308718533,16.5,106.0,0.54,-3.42,-8.2,0.143,324,13.2,0.00101,-40.37438574956843,-36.70311992070059,4.0,33.5,4.0,4.0,0,0,0,0,711.0,57.4,13.81,712.0,57.3,4.0,21.2,0.813,319,118.0,0.155,16,1,37,6,Layer 1 Down
188.07452989288635,-41.83724481524693,54.0,150,-0.32,10.27,-4.0,0.0945,326,12.7,0.000852,207.66313460858856,9.38191718367691,4.0,106.0,-0.16,-2.55,-4.2,0.0857,324,10.9,0.000775,26.71980383577139,9.684073398881427,4.0,33.5,4.0,4.0,0,0,0,0,717.0,57.3,-3.0,717.0,57.3,4.0,21.6,1.01,318,119.0,0.195,16,1,37,6,Layer 1 Down
125.97935811301738,-10.628684657030979,54.0,149,0.41,11.26,-3.68,0.0673,326,9.86,0.00051,147.82197321192987,13.72764361330822,16.5,106.0,-0.81,-1.45,-6.18,0.102,325,13.3,0.000938,62.68415717824956,18.14141705241701,4.0,33.5,4.0,4.0,0,0,0,0,723.0,57.4,3.188,723.0,57.3,4.0,18.4,0.768,320,120.0,0.148,16,1,37,6,Layer 1 Down
128.34548791391407,10.001254218039247,66.5,149,1.11,11.94,-5.04,0.0773,326,8.2,0.000514,113.61133930953493,57.79960888515525,-39.8,105.0,-1.26,-0.39,-4.91,0.115,324,14.6,0.00132,-1.3670223744238328,17.36580016711391,4.0,33.5,4.0,4.0,0,0,0,0,727.0,57.3,-31.9,728.0,57.3,3.999999046,20.2,0.945,319,114.0,0.182,16,1,37,6,Layer 1 Down
81.19987987328928,20.374298181500833,47.8,149,1.94,12.51,-5.92,0.0957,326,8.7,0.000444,82.72129417925517,-16.496453130758763,-39.8,105.0,-1.64,0.86,-8.53,0.148,324,15.0,0.00175,27.159153396129167,4.410612940537433,4.0,33.5,4.0,4.0,0,0,0,0,733.0,57.3,10.88,733.0,57.3,4.0,19.0,1.01,318,120.0,0.193,16,1,37,6,Layer 1 Down
142.86386378325184,-12.928023227099905,104.0,148,2.81,12.89,-4.51,0.0822,326,7.51,0.000205,83.97837557226279,-7.986711777035072,16.5,104.0,-1.88,2.18,-7.59,0.115,324,14.2,0.00136,8.628953103438288,-47.19147012799359,4.0,33.5,4.0,4.0,0,0,0,0,738.0,57.3,-15.9,739.0,57.3,4.0,23.6,0.96,318,122.0,0.185,16,1,37,6,Layer 1 Down
114.45452766216849,27.366797610502797,129.0,148,3.711,13.06,-5.35,0.0812,326,4.56,7e-05,-4.540885904650025,-15.688934912381471,104.0,103.4,-1.99,3.536,-4.39,0.055,324,12.2,0.000615,87.50213053619069,-16.593663984743205,4.0,33.5,4.0,4.0,0,0,0,0,743.0,57.4,13.75,744.0,57.3,4.0,20.4,0.827,319,116.0,0.159,16,1,37,6,Layer 1 Down
131.2830810020924,-29.664965254990285,72.7,148,4.0,4.0,-4.11,0.0586,326,2.48,-7.5e-06,116.07332656225182,3.0283660326063404,22.8,102.9,-2.0,4.0,-6.95,0.0935,324,11.1,0.00124,60.445064836510916,-9.529941408525167,4.0,33.5,4.0,4.0,0,0,0,0,749.0,57.3,10.25,749.0,57.3,4.000000954,21.4,0.964,318,120.0,0.186,16,1,2,6,Layer 1 Down
120.31333776180131,-23.684476175792142,79.0,148,4.0,4.0,-3.8,0.0528,326,2.94,2.16e-05,145.30195125645068,6.954315688142795,16.5,102.3,-2.0,4.0,-5.21,0.089,324,12.5,0.00108,56.92469802267233,-9.396691792670277,4.0,33.5,4.0,4.0,0,0,0,0,754.0,57.3,-21.4,755.0,57.3,3.999999046,19.5,1.01,318,117.0,0.195,16,1,37,6,Layer 1 Down
145.02368315896823,19.957499328342614,66.5,148,4.0,4.0,-3.15,0.055,326,2.94,-5.98e-06,21.849090401850248,-3.58291804055419,-39.8,101.7,-2.0,4.0,-1.36,0.112,324,20.1,0.00149,55.84829662034572,6.4907313213594495,4.0,33.5,4.0,4.0,0,0,0,0,759.0,57.5,63.9,760.0,57.3,4.0,15.2,0.756,318,115.0,0.143,16,1,37,6,Layer 1 Down
92.5001606986209,41.38258063440541,47.8,148,4.0,4.0,1.9,0.0578,326,9.32,2.14e-05,67.63803407865585,23.980935434100143,-33.5,101.1,-2.0,4.0,-7.56,0.14,324,14.6,0.00183,32.160785736211764,51.35373259126728,4.0,33.5,4.0,4.0,0,0,0,0,765.0,57.2,-19.0,765.0,57.3,4.0,23.5,1.05,318,121.0,0.203,16,1,37,6,Layer 1 Down
101.678409151592,15.133428097625202,60.3,148,4.0,4.0,-3.16,0.0493,326,2.59,0.0,41.86731718826567,-16.829722587376178,10.25,100.5,-2.0,4.0,-9.08,0.142,324,14.5,0.00183,40.602697996196554,30.976268552547314,4.0,33.5,4.0,4.0,0,0,0,0,770.0,57.3,0.5,771.0,57.3,4.0,20.8,0.924,318,120.0,0.179,16,1,37,6,Layer 1 Down
215.23045103645913,2.974964590700701,-58.5,148,4.0,4.0,-1.05,0.0379,326,2.29,-9.51e-06,50.91563888200273,21.773684586095694,16.5,99.9,-2.0,4.0,-9.45,0.16,324,16.5,0.00207,-9.110683080139466,-28.803434388087574,4.0,33.5,4.0,4.0,0,0,0,0,776.0,57.3,-17.9,776.0,57.3,4.0,22.6,0.905,323,120.0,0.174,16,1,37,6,Layer 1 Down
107.34995035351949,-45.02437339564794,-39.8,148,4.207,13.07,-0.752,0.0225,326,0.57,-4.57e-06,102.21379300663828,10.623337233725595,-377.0,99.4,-2.0,4.286,-6.6,0.0913,324,15.4,0.00102,-45.10867223551685,26.53523395993212,4.0,33.5,4.0,4.0,0,0,0,0,781.0,57.4,58.9,781.0,57.3,4.000000954,20.2,0.875,323,119.0,0.168,16,1,37,6,Layer 1 Down
113.36926657632156,-40.32063167947668,-77.2,148,5.07,12.93,3.55,0.0672,325,6.25,0.000112,-6.8678370567654525,-2.089151217769853,72.7,98.9,-1.9,5.59,-7.23,0.111,324,13.2,0.00135,38.89583419029011,25.26960864388519,4.0,33.5,4.0,4.0,0,0,0,0,786.0,57.5,62.8,787.0,57.3,4.0,17.7,0.84,316,119.0,0.158,16,1,38,6,Layer 1 Down
207.0000904199297,8.637116393302819,-21.0,149,5.95,12.59,7.73,0.121,325,6.98,0.000536,129.46963560867988,-9.519818748606124,16.5,98.3,-1.67,6.92,-5.92,0.102,324,12.0,0.00117,45.14835111579404,-22.77600545621525,4.0,33.5,4.0,4.0,0,0,0,0,791.0,57.4,20.3,792.0,57.3,4.0,20.3,0.808,318,119.0,0.155,16,1,38,6,Layer 1 Down
240.7267774961042,-1.068349452023333,47.8,149,6.81,12.03,4.0,0.0806,326,9.26,0.000501,136.0525128417952,56.897398973077244,-21.0,97.7,-1.3,8.23,-7.59,0.147,324,14.7,0.00169,76.9764256400232,32.19768733857279,4.0,33.5,4.0,4.0,0,0,0,0,797.0,57.3,-1.19,797.0,57.3,4.0,24.9,0.94,322,120.0,0.181,16,1,38,6,Layer 1 Down
112.00807340292175,-17.121094258311224,41.5,149,7.55,11.33,6.4,0.108,325,10.6,0.000818,84.55841961328854,-20.587624213213957,66.5,97.2,-0.84,9.35,-2.35,0.0442,324,10.0,0.000381,89.9938943446981,-1.3274022624875865,4.0,33.5,4.0,4.0,0,0,0,0,802.0,57.4,23.8,803.0,57.3,4.000000954,20.1,0.868,317,121.0,0.167,16,1,2,6,Layer 1 Down
137.37263025098994,9.512026624530183,-27.3,150,8.24,10.44,4.33,0.0857,325,12.6,0.000708,-29.07742381739537,6.811123403822685,-8.5,96.8,-0.25,10.39,-8.12,0.146,324,12.3,0.00131,89.94581357153848,-42.83593322950647,4.0,33.5,4.0,4.0,0,0,0,0,807.0,57.3,-32.5,808.0,57.3,3.999999046,19.8,0.936,319,115.0,0.181,16,1,38,6,Layer 1 Down
160.7845320601903,11.448571578945039,-21.0,150,8.87,9.32,5.39,0.0934,326,12.2,0.00101,45.83919884983539,-17.732269506106682,-21.0,96.3,0.5,11.35,-5.38,0.111,324,11.1,0.000847,-2.3817248712828842,19.120955810234687,4.0,33.5,4.0,4.0,0,0,0,0,813.0,57.3,4.687,813.0,57.3,3.999999046,19.9,0.986,322,116.0,0.189,16,1,38,6,Layer 1 Down
204.5832006451996,30.41984231271892,-2.25,151,9.34,8.15,4.76,0.102,326,13.9,0.00114,158.66056229891302,44.08918967674766,35.3,96.0,1.27,12.07,-4.54,0.0819,324,8.9,0.000511,20.835091924907495,11.207052967440589,4.0,33.5,4.0,4.0,0,0,0,0,819.0,57.2,-77.2,819.0,57.3,3.999999046,22.6,0.931,320,117.0,0.178,16,1,38,6,Layer 1 Down
119.84023178124617,12.847585982522354,41.5,151,9.68,6.94,4.85,0.0875,326,12.8,0.00107,-45.16245569768695,23.36576228908335,35.3,95.8,2.08,12.58,-6.73,0.0829,324,5.05,0.000326,50.76935431874301,-3.563011343225595,4.0,33.5,4.0,4.0,0,0,0,0,824.0,57.2,-41.3,824.0,57.3,4.0,25.6,0.907,322,122.0,0.173,16,1,38,6,Layer 1 Down
144.2554126673297,37.1853798763905,35.3,152,9.91,5.61,5.74,0.108,326,15.1,0.0013,78.06578313530936,-13.43482124474708,-14.8,95.7,2.95,12.93,-6.51,0.0874,324,7.96,0.000205,124.52901740751489,2.755880814551637,4.0,33.5,4.0,4.0,0,0,0,0,829.0,57.3,6.75,829.0,57.3,4.0,21.4,0.959,322,118.0,0.185,16,1,38,6,Layer 1 Down
176.54424174206622,9.958346158347645,-21.0,152,10.0,4.192,6.35,0.106,326,14.3,0.0013,35.723776131640214,16.170735949900134,29.0,95.6,3.891,13.07,-7.13,0.113,324,6.62,3.63e-05,86.71368429236051,-19.886631519442993,4.0,33.5,4.0,4.0,0,0,0,0,835.0,57.4,8.81,835.0,57.3,4.0,17.5,0.779,319,119.0,0.15,16,1,38,6,Layer 1 Down
166.7276312911834,7.626885512327452,79.0,153,10.0,4.0,4.92,0.0875,326,12.5,0.00117,136.4259319609119,10.093975707828427,-39.8,95.6,4.0,4.0,-5.53,0.0921,324,5.86,0.0,73.74544235067349,24.267357568534976,4.0,33.5,4.0,4.0,0,0,0,0,840.0,57.2,-89.3,840.0,57.3,3.999999046,25.0,1.04,322,119.0,0.198,16,1,38,6,Layer 1 Down
141.12296506777372,33.81471954859683,29.0,153,10.0,4.0,5.24,0.0892,326,12.4,0.00115,61.34301062097423,-8.342595487742003,41.5,95.6,4.0,4.0,-5.24,0.091,324,6.39,0.0,19.557944097800842,2.5566537967015517,4.0,33.5,4.0,4.0,0,0,0,0,845.0,57.3,-38.9,846.0,57.3,3.999999046,22.2,1.06,318,115.0,0.204,16,1,39,6,Layer 1 Down
149.77457298750116,-12.048937591503256,-21.0,154,10.0,4.0,6.44,0.114,326,14.1,0.00142,116.09764866215352,22.323239100723463,54.0,95.6,4.0,4.0,-5.58,0.0899,325,6.02,4.28e-05,1.7465160298118718,9.529109290837585,4.0,33.5,4.0,4.0,0,0,0,0,851.0,57.4,19.9,851.0,57.3,4.0,14.1,0.816,319,118.0,0.155,16,1,39,6,Layer 1 Down
110.58800483857485,72.54009704634441,-83.5,155,10.0,4.0,5.95,0.0937,326,13.6,0.00109,124.2928917884647,13.457346421904836,54.0,95.6,4.0,4.0,-5.14,0.0893,324,6.41,2.83e-05,61.863433300126545,15.863565319333158,4.0,33.5,4.0,4.0,0,0,0,0,856.0,57.3,2.81,856.0,57.3,4.0,26.2,1.02,318,118.0,0.197,16,1,2,6,Layer 1 Down
147.4797229302307,18.40196425327168,-14.8,155,10.0,4.0,5.0,0.0881,326,14.1,0.00109,188.77474315174123,9.284535417976969,47.8,95.6,4.0,4.0,-5.28,0.0901,325,5.8,0.0,-6.071834699208779,-34.35310535276313,4.0,33.5,4.0,4.0,0,0,0,0,861.0,57.3,-10.1,862.0,57.3,4.0,23.4,0.935,318,116.0,0.181,16,1,39,6,Layer 1 Down
147.58888087596745,18.526270099487604,35.3,156,10.0,4.0,4.86,0.095,326,14.0,0.00118,85.3022125124609,2.892417600773766,-46.0,95.6,4.0,4.0,-4.1,0.0775,325,5.38,-2.46e-05,24.927549806762325,-25.706355704484945,4.0,33.5,4.0,4.0,0,0,0,0,866.0,57.4,58.4,867.0,57.3,4.0,14.8,0.921,322,119.0,0.177,16,1,39,6,Layer 1 Down
163.3307068533672,21.59484908205394,-2.25,156,10.0,4.0,5.65,0.0942,326,13.7,0.0011,114.68144237769623,14.26082804435548,-39.8,95.6,4.0,4.0,-5.03,0.0897,325,6.31,1.42e-05,29.37341339919164,-69.41008897424136,4.0,33.5,4.0,4.0,0,0,0,0,872.0,57.4,0.12,872.0,57.3,4.0,17.5,0.872,322,118.0,0.167,16,1,39,6,Layer 1 Down
139.465680388567,51.94876427343631,10.25,157,10.0,4.0,5.03,0.0858,326,13.7,0.00104,20.244529098812066,9.413563034424847,-39.8,95.6,4.0,4.0,-3.5,0.0758,324,5.96,-2.4e-05,90.76962138981695,22.759647674808342,4.0,33.5,4.0,4.0,0,0,0,0,877.0,57.3,3.313,877.0,57.3,4.0,26.1,0.942,322,119.0,0.181,16,1,39,6,Layer 1 Down
171.88871224607487,27.630776818597884,-71.0,158,10.0,4.0,5.58,0.0766,326,12.8,0.000956,156.0045949056853,5.520367662444664,54.0,95.6,4.0,4.0,-5.09,0.0916,325,6.07,1.44e-05,20.74764512291686,-36.267276994903106,4.0,33.5,4.0,4.0,0,0,0,0,883.0,57.4,2.19,883.0,57.3,4.0,18.3,0.776,319,120.0,0.149,16,1,39,6,Layer 1 Down
189.97625152062614,-26.008670213229532,-58.5,158,10.0,4.0,7.29,0.0985,325,11.5,0.00124,57.00985762726518,-11.307461917838129,54.0,95.6,4.0,4.0,-4.98,0.0897,324,5.88,2.88e-05,-54.19781096534294,8.40370985631888,4.0,33.5,4.0,4.0,0,0,0,0,887.0,57.3,-28.5,888.0,57.3,3.999999046,19.5,0.94,318,115.0,0.181,16,1,39,6,Layer 1 Down
163.90764258615826,41.21131176705898,-21.0,159,10.0,4.0,6.41,0.111,326,13.2,0.00145,67.1459154970681,44.83637424421496,54.0,95.6,4.0,4.0,-4.7,0.091,324,7.1,2.88e-05,51.636188544879516,16.323512694042137,4.0,33.5,4.0,4.0,0,0,0,0,893.0,57.4,12.69,894.0,57.3,4.000000954,21.3,0.911,318,117.0,0.176,16,1,39,6,Layer 1 Down
170.10662161195364,2.5446246424749877,35.3,159,10.0,4.0,5.05,0.0932,325,12.6,0.00119,94.47109062190704,-21.14789926619298,47.8,95.6,4.0,4.0,-5.49,0.0896,324,5.1,1.43e-05,8.368219568529042,24.00899855404785,4.0,33.5,4.0,4.0,0,0,0,0,898.0,57.3,-16.6,899.0,57.3,4.0,22.6,0.948,318,122.0,0.182,16,1,39,6,Layer 1 Down
161.6783669553768,12.520621084355678,47.8,160,10.0,4.0,5.26,0.0875,326,12.9,0.00116,16.2952955882984,14.378666399300126,54.0,95.6,4.0,4.0,-5.39,0.0888,325,5.34,1.41e-05,35.03270393619416,-35.9951176992685,4.0,33.5,4.0,4.0,0,0,0,0,904.0,57.2,-37.4,904.0,57.3,4.0,25.5,0.907,323,122.0,0.172,16,1,39,6,Layer 1 Down
160.00266469099245,-18.34005356063413,10.25,161,10.0,4.0,4.45,0.0797,325,12.0,0.00103,107.20836985574945,-3.597308161136625,54.0,95.6,4.0,4.0,-5.09,0.0881,324,6.05,2.82e-05,30.38272477567785,1.8354568303293912,4.0,33.5,4.0,4.0,0,0,0,0,909.0,57.3,7.25,910.0,57.3,4.0,23.9,0.929,318,117.0,0.179,16,1,2,6,Layer 1 Down
138.21698351965574,21.669524838397145,-39.8,161,10.0,4.0,5.17,0.0912,325,14.4,0.00115,144.69168553091163,46.34248739465327,29.0,95.6,4.0,4.0,-4.64,0.0898,324,6.28,4.24e-05,23.65957985352753,59.483491346771686,4.0,33.5,4.0,4.0,0,0,0,0,914.0,57.3,-21.1,915.0,57.3,3.999999046,16.3,0.997,317,120.0,0.192,16,1,39,6,Layer 1 Down
171.9932280488,-4.732108190320302,-58.5,162,10.0,4.0,7.82,0.118,326,13.8,0.00148,110.46420307037542,-17.6161110021146,47.8,95.6,4.0,4.0,-4.84,0.0888,325,6.29,2.81e-05,61.91494279369994,60.94622443559157,4.0,33.5,4.0,4.0,0,0,0,0,920.0,57.4,61.8,920.0,57.3,4.000000954,19.4,0.939,316,120.0,0.181,16,1,39,6,Layer 1 Down
158.92819971238038,12.384776592971479,35.3,162,10.0,4.0,4.67,0.0849,325,13.3,0.0011,14.97531907374362,-13.747791615017483,-33.5,95.6,4.0,4.0,-3.41,0.0761,324,6.66,-2.41e-05,-21.6107570998159,36.79696730090172,4.0,33.5,4.0,4.0,0,0,0,0,925.0,57.4,53.7,925.0,57.3,4.0,17.2,0.873,322,117.0,0.166,16,1,39,6,Layer 1 Down
229.09127175031063,3.7617739667969934,10.25,163,10.0,4.0,4.86,0.0808,326,12.7,0.00104,89.31760327658797,-19.210552053793315,47.8,95.6,4.0,4.0,-5.0,0.093,325,6.21,4.35e-05,14.91190018051078,15.210870590471595,4.0,33.5,4.0,4.0,0,0,0,0,931.0,57.4,24.6,931.0,57.3,4.0,13.9,0.81,318,118.0,0.153,16,1,39,6,Layer 1 Down
212.67829198231124,52.896881277239004,16.5,163,5.53,-918.0,5.49,0.105,326,13.6,0.00135,133.25242322069042,11.874807660734884,47.8,95.6,4.0,4.0,-4.94,0.0884,324,5.8,1.4e-05,58.093066100770045,-29.38769402672296,4.0,33.5,4.0,4.0,0,0,0,0,936.0,57.3,2.81,936.0,57.3,4.0,24.1,1.02,317,120.0,0.198,16,1,39,6,Layer 1 Down
176.18300948381966,53.94406837719227,-58.5,164,9.89,1.46,5.44,0.0876,325,13.7,0.00103,0.3061003474080053,-30.052652852970365,-14.8,95.6,2.87,-9.5,-7.6,0.14,324,9.13,0.000314,11.421943825167737,27.871223201660328,4.0,33.5,4.0,4.0,0,0,0,0,941.0,57.4,54.8,941.0,57.3,4.000000954,17.7,0.897,322,122.0,0.172,16,1,39,6,Layer 1 Down
140.90665729468446,10.53770509850075,-21.0,165,9.46,-1.65,5.52,0.0893,326,11.8,0.00103,40.86365424178433,-9.671913409157426,35.3,95.4,1.51,-8.5,-4.32,0.0658,325,7.67,0.000303,-24.34107720597835,-1.2491601821247205,4.0,33.5,4.0,4.0,0,0,0,0,947.0,57.4,13.25,947.0,57.3,4.000000954,18.3,0.744,319,119.0,0.142,16,1,40,6,Layer 1 Down
129.8758828521625,10.427337611505763,29.0,165,8.78,-4.25,4.25,0.0852,325,11.9,0.00092,139.5780393590395,-51.484276204035964,-27.3,95.1,0.38,-7.0,-4.6,0.0849,324,9.08,0.000691,57.53642463881163,22.61966728679852,4.0,33.5,4.0,4.0,0,0,0,0,952.0,57.3,-4.37,952.0,57.3,4.0,18.3,0.879,322,119.0,0.168,16,1,40,6,Layer 1 Down
202.61004419481395,-0.28148264010003565,16.5,166,7.83,-6.5,4.99,0.0737,326,9.08,0.000602,108.40532543616224,5.308768928469941,-39.8,94.7,-0.61,-4.83,-7.56,0.131,324,12.8,0.00122,73.87837662826887,-17.02183795855583,4.0,33.5,4.0,4.0,0,0,0,0,957.0,57.3,-0.94,957.0,57.3,4.0,25.2,0.948,323,120.0,0.182,16,1,40,6,Layer 1 Down
174.29624181070042,31.274911694206686,-27.3,166,6.64,-8.3,5.13,0.0972,326,10.2,0.000578,115.10448000455138,-13.423166967937533,-52.3,94.1,-1.39,-2.1,-4.78,0.102,324,13.6,0.00117,31.882297099967264,-1.744504186488193,4.0,33.5,4.0,4.0,0,0,0,0,963.0,57.4,1.94,963.0,57.3,4.0,18.3,0.77,319,120.0,0.148,16,1,40,6,Layer 1 Down
181.1604092309646,-1.9381759374246288,-39.8,166,5.34,-9.4,7.59,0.107,326,5.92,0.000395,187.9554694327647,-37.61693969975786,60.3,93.6,-1.85,0.86,-4.95,0.0859,324,13.8,0.00109,-36.99785471217017,9.452658439293925,4.0,33.5,4.0,4.0,0,0,0,0,968.0,57.3,23.1,968.0,57.3,4.0,20.0,1.0,317,120.0,0.193,16,1,2,6,Layer 1 Down
110.91512886710802,-5.450000818471069,-89.7,166,4.00212,-4.24,5.25,0.0807,326,3.36,2.51e-05,116.77555300973711,23.893713302267383,10.25,93.0,2.33,915.0,-5.88,0.108,324,13.7,0.0014,58.88157653657503,12.180882795629284,4.0,33.5,4.0,4.0,0,0,0,0,973.0,57.4,11.5,974.0,57.3,4.000000954,21.7,0.902,318,116.0,0.174,16,1,40,6,Layer 1 Down
195.28364071576894,25.682328333959585,-77.2,166,4.0,4.0,3.59,0.0621,326,4.24,9.51e-06,125.88290153009407,-33.13108842631974,16.5,92.5,-2.0,4.0,-6.23,0.111,324,15.1,0.00135,-26.177587462343645,20.40051551495785,4.0,33.5,4.0,4.0,0,0,0,0,979.0,57.2,-72.6,979.0,57.3,3.999999046,21.3,0.912,319,118.0,0.175,16,1,40,6,Layer 1 Down
180.3482098088603,-7.834409660737191,85.2,166,4.0,4.0,1.94,0.0435,326,2.99,-6.12e-06,229.45008386410396,17.225342712285084,72.7,91.9,-2.0,4.0,-4.64,0.076,324,13.3,0.000873,44.602193141294116,-15.239739334802671,4.0,33.5,4.0,4.0,0,0,0,0,984.0,57.2,-35.9,984.0,57.3,4.0,25.7,0.895,323,122.0,0.17,16,1,41,6,Layer 1 Down
130.9384257298374,3.0326882082981563,-58.5,166,4.0,4.0,4.16,0.0617,326,2.8,1.83e-05,80.45101598413297,-18.880220921271974,60.3,91.3,-2.0,4.0,-4.56,0.0717,324,12.6,0.000868,1.5932064065564724,-40.62131648514384,4.0,33.5,4.0,4.0,0,0,0,0,989.0,57.3,4.5,990.0,57.3,4.0,24.0,0.939,317,117.0,0.18,16,1,41,6,Layer 1 Down
151.11172080466426,-31.428916760829672,-77.2,166,4.0,4.0,3.31,0.0675,326,3.45,1.98e-05,50.31341062911665,36.115378036919225,-71.0,90.8,-2.0,4.0,-6.07,0.125,324,14.5,0.00169,-8.199449217871297,57.97222261584542,4.0,33.5,4.0,4.0,0,0,0,0,995.0,57.4,6.25,995.0,57.3,4.0,18.2,0.766,318,119.0,0.148,16,1,41,6,Layer 1 Down
174.32680551487218,19.885430144314693,85.2,166,4.0,4.0,1.65,0.0391,326,3.29,0.0,112.00747119743026,15.986200683890198,-8.5,90.2,-2.0,4.0,-8.81,0.155,324,16.0,0.00198,17.612105407864576,86.68821835424811,4.0,33.5,4.0,4.0,0,0,0,0,1000.0,57.1,-91.0,1000.0,57.3,3.999999046,25.2,1.03,322,119.0,0.197,16,1,43,6,Layer 1 Down
167.6566261839703,47.17558581262346,-46.0,166,4.0,4.0,4.71,0.0676,326,0.985,1.02e-05,111.97551509417966,-25.879443910017866,16.5,89.6,-2.0,4.0,-9.7,0.149,324,14.8,0.0018,26.909942877608188,18.86245234596938,4.0,33.5,4.0,4.0,0,0,0,0,1004.0,57.2,-16.4,1004.0,57.3,4.0,23.5,1.05,317,120.0,0.202,16,1,43,6,Layer 1 Down
156.77476705711317,19.990480246071304,-52.3,166,4.0,4.0,3.05,0.0564,326,3.86,1.71e-05,62.27312888382379,-24.01300103364084,-52.3,89.0,-2.0,4.0,-7.66,0.142,324,16.5,0.00184,10.338921088140523,-39.980461614048394,4.0,33.5,4.0,4.0,0,0,0,0,1014.0,57.4,21.7,1014.0,57.3,4.0,14.3,0.803,318,117.0,0.152,16,1,43,6,Layer 1 Down
162.7323835266688,36.512622234621105,-39.8,166,4.0,4.0,3.88,0.0614,326,2.2,3.52e-05,36.11356416714547,12.774407007837352,97.7,88.4,-2.0,4.0,-4.15,0.0682,324,13.6,0.000804,54.66552073686124,-21.684049241555073,4.0,33.5,4.0,4.0,0,0,0,0,1014.0,57.3,0.75,1014.0,57.3,4.000000954,20.4,0.797,318,118.0,0.152,16,1,43,6,Layer 1 Down
158.04387659274738,-14.976470825575488,-39.8,166,4.0,4.0,3.59,0.0663,326,2.86,6.04e-05,205.10734786107187,-8.486522125526882,-27.3,87.8,-2.0,4.0,-3.74,0.0628,324,11.4,0.00079,17.462564794146118,20.911902866948857,4.0,33.5,4.0,4.0,0,0,0,0,1024.0,57.2,-65.6,1024.0,57.3,3.999999046,23.4,1.09,318,119.0,0.209,16,1,2,6,Layer 1 Down
170.8171235935756,9.222375785782734,-21.0,166,4.0,4.0,4.43,0.0615,326,0.835,5.19e-05,103.88486431533137,-6.170317386711419,-27.3,87.2,-2.0,4.0,-4.03,0.0842,324,12.9,0.00109,68.74058891493043,48.54927179272412,4.0,33.5,4.0,4.0,0,0,0,0,1024.0,57.5,63.8,1024.0,57.3,4.0,15.4,0.832,316,122.0,0.156,16,1,43,6,Layer 1 Down
212.46199517284788,-17.16682229895635,-46.0,166,4.0,4.0,3.32,0.0664,326,3.04,3.05e-05,49.541987706727184,28.679539952526902,-2.25,86.6,-2.0,4.0,-6.13,0.108,324,13.4,0.00135,43.60895758236467,-36.2898855716965,4.0,33.5,4.0,4.0,0,0,0,0,1034.0,57.4,18.8,1034.0,57.3,4.0,21.3,0.815,317,118.0,0.156,16,1,43,6,Layer 1 Down
84.95839441765422,-0.9564310618126219,66.5,166,4.0,4.0,1.94,0.0418,326,3.35,-1.1e-05,132.57662003947513,-19.895489686063485,-8.5,86.0,-2.0,4.0,-5.97,0.109,324,14.9,0.0014,8.420877685404413,-0.1300963022941053,4.0,33.5,4.0,4.0,0,0,0,0,1034.0,57.3,-1.13,1034.0,57.3,4.0,23.1,0.962,322,122.0,0.185,16,1,43,6,Layer 1 Down
158.521511467064,21.07797615105424,-52.3,166,4.0,4.0,4.71,0.0666,326,1.39,0.0,79.96169896809619,0.06433758670727752,41.5,85.4,-2.0,4.0,-4.39,0.0944,324,14.3,0.00118,2.367051965983471,10.50848496266574,4.0,33.5,4.0,4.0,0,0,0,0,1044.0,57.4,23.2,1044.0,57.3,4.000000954,20.3,0.877,316,120.0,0.169,16,1,43,6,Layer 1 Down
171.5733360563785,6.096609715311958,-77.2,166,4.0,4.0,4.15,0.0639,326,3.21,8.54e-06,71.96815584516057,21.045438653808873,47.8,84.8,-2.0,4.0,-6.23,0.1,324,14.0,0.0013,-25.732075600310978,32.719627209604255,4.0,33.5,4.0,4.0,0,0,0,0,1044.0,57.3,17.3,1044.0,57.3,4.0,20.6,1.01,317,120.0,0.196,16,1,43,6,Layer 1 Down
175.34593703019675,-27.665907961913405,-64.7,166,4.0,4.0,2.76,0.0639,326,4.33,2.67e-05,112.73114757906231,17.247952193436387,16.5,84.2,-2.0,4.0,-4.68,0.0888,324,13.6,0.00115,43.952666619574856,-7.413765084376397,4.0,33.5,4.0,4.0,0,0,0,0,1054.0,57.3,12.56,1054.0,57.3,4.000000954,21.4,0.902,317,117.0,0.174,16,1,43,6,Layer 1 Down
154.25688906279757,-25.438193917836255,-52.3,166,4.0,4.0,1.93,0.0585,326,4.69,8.82e-06,18.04662637877118,-6.056450913454436,10.25,83.6,-2.0,4.0,-4.76,0.0933,324,13.6,0.00119,20.7515911459923,-47.9469053304195,4.0,33.5,4.0,4.0,0,0,0,0,1054.0,57.2,-72.0,1054.0,57.3,3.999999046,22.1,0.925,319,117.0,0.177,16,1,43,6,Layer 1 Down
110.53194412502839,-26.91365658277752,-46.0,166,4.0,4.0,2.49,0.0602,326,4.08,1.79e-05,100.89319616487373,-9.09414326704982,-33.5,83.0,-2.0,4.0,-6.91,0.136,324,14.6,0.00178,-51.787029135190664,24.634983794089862,4.0,33.5,4.0,4.0,0,0,0,0,1064.0,57.4,44.4,1064.0,57.3,4.0,17.6,0.994,316,119.0,0.19,16,1,43,6,Layer 1 Down
176.35637629068586,14.81426788148882,-71.0,166,4.0,4.0,2.21,0.0632,326,4.69,0.0,179.46816504526538,-43.76417757461598,4.0,82.4,-2.0,4.0,-8.23,0.153,324,15.4,0.00199,14.23955986278401,41.36355070906536,4.0,33.5,4.0,4.0,0,0,0,0,1074.0,57.3,5.69,1074.0,57.3,4.0,23.6,0.928,317,117.0,0.178,16,1,43,6,Layer 1 Down
220.5406558685233,49.9453216267764,-39.8,166,4.0,4.0,4.71,0.0591,326,1.9,4.47e-05,105.45503360125899,-27.33791018211154,-8.5,81.8,-2.0,4.0,-8.16,0.137,324,15.9,0.00173,1.1053197994192487,1.2564710715499885,4.0,33.5,4.0,4.0,0,0,0,0,1074.0,57.4,8.5,1074.0,57.3,4.0,17.8,0.772,318,119.0,0.149,16,1,43,6,Layer 1 Down
117.56870543706141,34.27133419450985,-64.7,166,4.0,4.0,2.76,0.0576,326,4.43,1.73e-05,62.110046366761495,5.802084039263969,-27.3,81.2,-2.0,4.0,-7.5,0.136,324,15.1,0.00171,90.14999327472304,17.46129357653682,4.0,33.5,4.0,4.0,0,0,0,0,1084.0,57.4,59.6,1084.0,57.3,4.000000954,20.0,0.941,316,119.0,0.182,16,1,2,6,Layer 1 Down
193.2751559228537,-38.424277790622014,-58.5,166,4.0,4.0,3.34,0.0588,326,3.16,8.87e-06,54.96819553865976,-5.284137016399577,66.5,80.7,-2.0,4.0,-8.27,0.163,324,13.6,0.00223,-27.719628553079332,-11.761682705721762,4.0,33.5,4.0,4.0,0,0,0,0,1084.0,57.3,-29.3,1084.0,57.3,3.999999046,21.9,1.04,317,115.0,0.201,16,1,43,6,Layer 1 Down
155.62689731847715,35.57909024978455,-58.5,166,4.0,4.0,3.88,0.064,326,2.9,4.66e-05,59.27831195157107,-0.2990523467027364,-52.3,80.1,-2.0,4.0,-7.39,0.125,325,12.9,0.00163,-18.32057136381941,-24.09493960024826,4.0,33.5,4.0,4.0,0,0,0,0,1094.0,57.4,22.1,1094.0,57.3,4.0,14.7,0.802,317,117.0,0.152,16,1,43,6,Layer 1 Down
164.06369894489993,24.74101823178601,-64.7,166,4.0,4.0,4.71,0.0608,326,1.77,3.59e-05,66.61329141261322,23.049505210481012,16.5,79.5,-2.0,4.0,-7.2,0.13,324,14.4,0.00167,73.40649681732238,38.09587974328697,4.0,33.5,4.0,4.0,0,0,0,0,1094.0,57.3,0.81,1094.0,57.3,4.0,23.6,1.03,316,121.0,0.198,16,1,43,6,Layer 1 Down
132.75498988803992,-30.575517897077397,-52.3,166,4.0,4.0,5.27,0.0605,326,0.775,1.82e-05,59.82914100807031,-25.538504475138616,-452.0,79.0,4.0,4.0,-8.27,0.121,324,9.01,0.000366,82.27941028522338,16.8718640603976,4.0,33.5,4.0,4.0,0,0,0,0,1104.0,57.3,-1.94,1104.0,57.3,4.0,22.8,0.933,317,117.0,0.181,16,1,43,6,Layer 1 Down
155.43962906306646,-3.894403760946763,47.8,166,2.7,-9.4,-4.48,0.066,326,4.09,0.000184,124.99595998587932,-7.2268309828732145,-14.8,78.4,-1.86,6.91,-7.87,0.126,324,13.2,0.00141,6.715790667904603,20.28909828734697,4.0,33.5,4.0,4.0,0,0,0,0,1104.0,57.4,18.3,1104.0,57.3,4.000000954,17.7,0.729,318,120.0,0.139,16,1,44,6,Layer 1 Down
207.0485865991679,25.971017171750297,16.5,166,1.41,-8.4,-6.3,0.108,326,8.98,0.000623,-10.047413398507032,2.9658577060562274,41.5,77.8,-1.41,9.88,-1.8,0.0492,325,12.2,0.000539,10.774756086463217,53.89736560302083,4.0,33.5,4.0,4.0,0,0,0,0,1114.0,57.2,-21.9,1114.0,57.3,3.999999046,24.2,1.06,317,119.0,0.205,16,1,45,6,Layer 1 Down
184.39719518523887,12.750127500354067,-8.5,166,0.25,-6.8,-5.73,0.103,326,11.5,0.000775,121.14006266339632,-17.725191951797214,85.2,77.3,-0.68,12.55,-4.15,0.0785,324,12.5,0.000761,55.655376990733025,-31.039826127381893,4.0,33.5,4.0,4.0,0,0,0,0,1114.0,57.5,57.3,1114.0,57.3,4.0,16.0,0.845,316,117.0,0.159,16,1,45,6,Layer 1 Down
219.69731057024222,-29.705805667801712,4.0,165,-0.72,-4.54,-6.79,0.116,325,12.7,0.00114,57.633745439756595,34.736991416296455,60.3,76.9,0.29,14.8,-3.72,0.0636,324,10.0,0.000452,-50.16571213654905,-14.33724702237054,4.0,33.5,4.0,4.0,0,0,0,0,1124.0,57.4,8.69,1124.0,57.3,4.0,18.6,0.769,318,120.0,0.148,16,1,45,6,Layer 1 Down
202.17648924095744,12.405608532230081,54.0,165,-1.44,-1.87,-6.25,0.101,326,12.6,0.00109,95.72728399407988,23.508797127740138,54.0,76.6,1.46,16.4,-5.43,0.0869,325,9.19,0.000432,-33.41509115449617,9.246240981082554,4.0,33.5,4.0,4.0,0,0,0,0,1124.0,57.3,20.1,1124.0,57.3,4.0,20.6,0.995,317,119.0,0.192,16,1,45,6,Layer 1 Down
177.86405330869084,-49.617466933789856,-64.7,164,-1.87,1.1,-5.18,0.103,326,13.5,0.00128,19.213783143623417,9.643646171216755,22.8,76.4,2.76,17.4,-6.4,0.105,324,7.02,0.000279,23.406853185445023,-14.745396434347178,4.0,33.5,4.0,4.0,0,0,0,0,1134.0,57.4,14.3,1134.0,57.3,4.000000954,22.1,0.902,317,116.0,0.175,16,1,2,6,Layer 1 Down
218.06430141902482,-0.09614487734931831,648.0,163,-1.5,-871.0,-2.07,0.156,326,4.69,0.00032,143.8181006053818,47.051164455979716,-21.0,76.4,4.0,4.0,-4.15,0.0558,324,2.85,8.57e-06,89.2228779440953,30.014283971332798,4.0,33.5,4.0,4.0,0,0,0,0,1134.0,57.3,16.1,1144.0,57.3,4.000000954,24.8,0.908,323,119.0,0.175,16,1,45,6,Layer 1 Down
176.86110043177717,23.387724294604695,-33.5,163,-2.0,4.0,-7.38,0.115,326,12.0,0.00152,139.60666824507177,-32.027454800152974,-2.25,76.4,4.0,4.0,-1.89,0.0355,325,1.42,0.0,17.834291046028426,-2.2250403716725513,4.0,33.5,4.0,4.0,0,0,0,0,1144.0,57.4,45.4,1144.0,57.3,4.0,16.5,0.98,316,120.0,0.186,16,1,45,6,Layer 1 Down
188.14352193526983,-1.4396265252796936,22.8,162,-2.0,4.0,-5.69,0.0993,325,14.9,0.00131,125.09205020050985,3.814291066831149,4.0,76.4,4.0,4.0,-1.26,0.0335,324,2.27,4.77e-06,37.12895848832336,-28.97002392579398,4.0,33.5,4.0,4.0,0,0,0,0,1154.0,57.3,6.25,1154.0,57.3,4.0,24.2,0.924,316,117.0,0.179,16,1,45,6,Layer 1 Down
152.63584547898816,-12.981256739513618,79.0,162,-2.0,4.0,-5.82,0.0841,326,12.4,0.00103,-0.46248832724616307,12.805277306183614,10.25,76.4,4.0,4.0,-1.33,0.0347,324,2.64,5.11e-06,74.26287876711001,6.1848080871451625,4.0,33.5,4.0,4.0,0,0,0,0,1154.0,57.4,8.25,1154.0,57.3,4.0,18.0,0.772,318,119.0,0.148,16,1,45,6,Layer 1 Down
163.10116768012978,17.711243622212223,-14.8,161,-2.0,4.0,-4.52,0.0849,326,12.3,0.00107,118.47170009634252,-17.982249900199676,4.0,76.4,4.0,4.0,-1.14,0.0382,324,2.86,1.07e-05,109.24836791732227,9.658325152144695,4.0,33.5,4.0,4.0,0,0,0,0,1164.0,57.4,59.7,1164.0,57.3,4.000000954,20.0,0.923,315,118.0,0.177,16,1,45,6,Layer 1 Down
138.97901524009382,19.746634848115143,-21.0,160,-2.0,4.0,-5.43,0.1,325,12.9,0.00129,96.94337107557487,11.227976303924848,4.0,76.4,4.0,4.0,-1.21,0.0379,324,2.75,1.08e-05,12.760692487624848,35.04833386254565,4.0,33.5,4.0,4.0,0,0,0,0,1164.0,57.3,-32.3,1164.0,57.3,3.999999046,22.3,1.05,317,114.0,0.202,16,1,45,6,Layer 1 Down
191.24586802791055,27.376880521154987,47.8,160,-2.0,4.0,-2.94,0.105,325,18.8,0.0013,-5.055523010417772,-22.622822623040552,-2.25,76.4,4.0,4.0,-2.09,0.0385,324,1.25,5.31e-06,32.894672938800255,17.059381901605846,4.0,33.5,4.0,4.0,0,0,0,0,1174.0,57.4,23.9,1174.0,57.3,4.0,14.3,0.797,317,118.0,0.152,16,1,45,6,Layer 1 Down
121.79535447417175,17.57650948205613,60.3,159,-2.0,4.0,-5.18,0.0905,326,14.0,0.00111,75.16708929635917,20.598239322970887,4.0,76.4,4.0,4.0,-1.57,0.039,325,1.78,0.0,99.00795451311238,19.31839294538421,4.0,33.5,4.0,4.0,0,0,0,0,1174.0,57.3,0.69,1174.0,57.3,4.0,24.6,1.01,316,119.0,0.195,16,1,45,6,Layer 1 Down
183.70251860018425,21.99538495823993,10.25,159,-2.0,4.0,-4.55,0.0741,326,12.4,0.000931,94.8974019266712,29.426122033493264,10.25,76.4,4.0,4.0,-2.33,0.0364,325,1.53,2.1e-05,-21.22729899242163,14.639471466519709,4.0,33.5,4.0,4.0,0,0,0,0,1184.0,57.3,-6.8,1184.0,57.3,4.0,23.1,0.939,317,116.0,0.182,16,1,45,6,Layer 1 Down
151.98024000397027,14.201131158691078,-46.0,158,-2.0,4.0,-5.14,0.0986,326,13.5,0.0013,104.61666577741015,10.54580705749818,4.0,76.4,4.0,4.0,-1.7,0.0375,325,1.99,5.58e-06,70.44439841332832,-2.2523888212992746,4.0,33.5,4.0,4.0,0,0,0,0,1184.0,57.4,13.87,1184.0,57.3,4.000000954,18.2,0.725,318,119.0,0.139,16,1,2,6,Layer 1 Down
194.98183734716423,4.023922874189575,10.25,157,-2.0,4.0,-5.93,0.112,326,14.8,0.00143,85.39469007505885,-40.50885799802932,16.5,76.4,4.0,4.0,-1.57,0.0382,325,1.95,0.0,-3.1112765368076722,-19.79141644786009,4.0,33.5,4.0,4.0,0,0,0,0,1194.0,57.3,-17.6,1194.0,57.3,3.999999046,24.2,1.04,316,118.0,0.201,16,1,45,6,Layer 1 Down
180.70850264232817,0.09693860873784743,41.5,157,-2.0,4.0,-5.27,0.104,326,14.5,0.00131,91.17781865136045,-19.262854144119732,-2.25,76.4,4.0,4.0,-1.7,0.0423,325,2.05,1.7e-05,37.18416669506717,13.594652481977013,4.0,33.5,4.0,4.0,0,0,0,0,1194.0,57.5,57.1,1194.0,57.3,4.0,16.8,0.842,316,115.0,0.159,16,1,45,6,Layer 1 Down
213.48645221352024,-7.323245311802035,22.8,156,-2.0,4.0,-4.69,0.0875,326,13.5,0.00113,151.1747689896629,17.573372598283235,4.0,76.4,4.0,4.0,-1.89,0.0402,325,1.64,5.27e-06,24.777170233403552,-7.065761674068643,4.0,33.5,4.0,4.0,0,0,0,0,1204.0,57.4,7.44,1204.0,57.3,4.0,18.6,0.765,318,120.0,0.147,16,1,45,6,Layer 1 Down
179.0740301648122,-29.097839421833406,-27.3,156,-2.0,4.0,-5.19,0.108,326,13.7,0.00136,138.61206138132155,4.484530706618116,-8.5,76.4,4.0,4.0,-0.868,0.0373,325,3.24,2.66e-05,-0.9431824165671188,60.13264549589804,4.0,33.5,4.0,4.0,0,0,0,0,1204.0,57.3,20.8,1204.0,57.3,4.0,20.2,1.01,316,119.0,0.195,16,1,45,6,Layer 1 Down
105.36321766600415,-23.162923173845034,10.25,155,-2.0,4.0,-6.71,0.125,326,14.5,0.00156,-69.0816194939897,-60.75306104483457,4.0,76.4,4.0,4.0,-1.26,0.0367,325,2.44,1.01e-05,-1.8452494767575018,48.5847049459626,4.0,33.5,4.0,4.0,0,0,0,0,1214.0,57.4,13.94,1214.0,57.3,4.000000954,21.6,0.895,316,117.0,0.173,16,1,45,6,Layer 1 Down
152.88597012209627,-8.26172048269602,22.8,154,-2.0,4.0,-4.51,0.0953,326,14.0,0.00121,60.292364885895694,33.872677623426696,10.25,76.4,4.0,4.0,-1.7,0.0392,325,2.14,1.08e-05,43.43786543250914,25.021694373432897,4.0,33.5,4.0,4.0,0,0,0,0,1214.0,57.2,-65.6,1214.0,57.3,3.999999046,21.9,0.912,318,118.0,0.175,16,1,45,6,Layer 1 Down
116.99416271084439,3.316778323358601,-2.25,154,-2.0,4.0,-4.76,0.0921,326,14.9,0.00115,68.04519043946492,7.309676500874247,10.25,76.4,4.0,4.0,-1.77,0.0345,325,1.96,-1.5e-05,69.29240862811604,16.546941148300114,-2.25,33.5,4.0,4.0,0,0,0,0,1224.0,57.3,-25.8,1224.0,57.3,3.999999046,23.1,0.998,322,117.0,0.193,16,1,45,6,Layer 1 Down
136.63544213888946,30.174413550622333,41.5,153,-2.0,4.0,-5.87,0.11,326,15.5,0.00136,-12.50591285567073,-15.662282918715539,16.5,76.4,4.0,4.0,-3.09,0.0334,324,1.34,-9.31e-06,28.835622544462264,1.0781701184746448,4.0,33.5,4.0,4.0,0,0,0,0,1234.0,57.5,40.6,1234.0,57.3,4.0,15.4,0.798,323,114.0,0.151,16,1,45,6,Layer 1 Down
200.7166640801649,-2.83249280299262,-2.25,153,-2.0,4.0,-5.75,0.114,326,14.2,0.00148,81.17908657539175,27.889757960152856,-8.5,76.4,4.0,4.0,-2.33,0.0361,325,1.55,9.65e-06,36.02076312466599,-37.89209594063656,4.0,33.5,4.0,4.0,0,0,0,0,1234.0,57.4,10.63,1234.0,57.3,4.0,17.1,0.757,318,120.0,0.145,16,1,45,6,Layer 1 Down
172.1299724280547,20.45747560015489,-8.5,152,-2.0,4.0,-5.86,0.108,326,14.5,0.00135,139.76512763604114,-12.260355302905042,16.5,76.4,4.0,4.0,-1.57,0.0342,325,2.63,-9.74e-06,54.035296798572155,-3.180823969929544,4.0,33.5,4.0,4.0,0,0,0,0,1244.0,57.3,-19.6,1244.0,57.3,4.0,23.1,0.936,322,119.0,0.18,16,1,45,6,Layer 1 Down
129.93144455098349,22.179445765585154,16.5,151,-2.0,4.0,-5.7,0.0976,326,14.2,0.00118,21.26479873893077,-12.522638708627243,10.25,76.4,4.0,4.0,-2.33,0.0343,324,1.87,-1.46e-05,-1.432398118927658,7.368313371804678,4.0,33.5,4.0,4.0,0,0,0,0,1244.0,57.4,37.4,1244.0,57.3,4.000000954,20.3,0.728,323,117.0,0.138,16,1,2,6,Layer 1 Down
118.99212482934495,-7.3135595012014925,-52.3,151,-2.0,4.0,-4.21,0.091,326,13.4,0.00118,93.46983442899487,12.6133661987922,-2.25,76.4,4.0,4.0,-1.7,0.0373,325,2.19,1.58e-05,60.094003643364985,11.622101148923758,4.0,33.5,4.0,4.0,0,0,0,0,1254.0,57.4,15.0,1254.0,57.3,4.0,14.1,0.808,317,117.0,0.153,16,1,45,6,Layer 1 Down
151.03508647612566,11.067490938980278,-83.5,150,-2.0,4.0,-5.27,0.103,326,13.4,0.00132,29.928800530344127,46.80904974520656,10.25,76.4,4.0,4.0,-2.5,0.0332,325,2.76,0.0,62.95766390837788,19.597091741056634,4.0,33.5,4.0,4.0,0,0,0,0,1254.0,57.4,44.5,1254.0,57.3,4.0,16.1,0.843,322,118.0,0.16,16,1,45,6,Layer 1 Down
111.58741411748909,-7.403091087085286,-27.3,150,-2.0,4.0,-6.03,0.105,326,13.9,0.00137,42.30548456930254,43.04954992302071,16.5,76.4,4.0,4.0,-2.7,0.0345,325,2.2,-9.24e-06,127.10760922601716,34.60481068044675,4.0,33.5,4.0,4.0,0,0,0,0,1264.0,57.4,19.4,1264.0,57.3,4.0,20.1,0.741,323,118.0,0.141,16,1,45,6,Layer 1 Down
127.80891170253855,27.566745800424084,-27.3,149,-2.0,4.0,-5.77,0.111,326,14.2,0.0014,151.3666895102893,12.64602747380304,-2.25,76.4,4.0,4.0,-1.26,0.0432,325,2.41,1.25e-05,19.978007955647932,-18.992022159543748,4.0,33.5,4.0,4.0,0,0,0,0,1264.0,57.3,21.7,1264.0,57.3,4.0,25.0,0.961,315,117.0,0.185,16,1,45,6,Layer 1 Down
157.85162190970655,12.38561390075234,54.0,148,-2.0,4.0,-6.32,0.107,326,14.6,0.0014,48.869244011226485,15.11390412064123,4.0,76.4,4.0,4.0,-1.45,0.0375,324,1.88,5.55e-06,17.03068475891495,-18.690453094036513,4.0,33.5,4.0,4.0,0,0,0,0,1274.0,57.4,8.19,1274.0,57.3,4.0,18.5,0.842,317,119.0,0.163,16,1,45,6,Layer 1 Down
184.4786918514655,-27.859597125265346,298.0,148,-1.99,4.787,-7.67,0.139,326,16.0,0.00167,99.85383068534972,23.19947248180822,29.0,76.4,4.371,17.7,0.968,0.0247,325,2.82,8.11e-06,61.14646249308728,52.19465823467544,4.0,33.5,4.0,4.0,0,0,0,0,1274.0,57.3,-8.2,1274.0,57.3,4.0,21.2,1.03,322,121.0,0.198,16,1,45,6,Layer 1 Down
166.22149294934633,1.6336020400192994,-52.3,147,-1.76,7.76,-3.19,0.0803,326,13.4,0.00101,-18.45033975259946,-24.632866212160003,10.25,76.5,5.67,17.2,4.7,0.0909,324,8.51,0.000335,62.94907377672759,29.610520125922136,4.0,33.5,4.0,4.0,0,0,0,0,1284.0,57.3,0.87,1284.0,57.3,3.999999046,25.8,1.03,316,116.0,0.198,16,1,47,6,Layer 1 Down
74.65310036212001,35.449250200101474,16.5,147,-1.23,10.67,-4.98,0.0929,326,12.4,0.00102,171.19870309822994,22.402752809370924,29.0,76.7,6.93,16.0,7.73,0.155,324,11.6,0.00101,14.262128121386464,-8.980656371580077,4.0,33.5,4.0,4.0,0,0,0,0,1284.0,57.5,54.3,1284.0,57.3,4.0,12.7,0.827,316,115.0,0.154,16,1,47,6,Layer 1 Down
155.610304204524,-4.573249851330803,16.5,146,-0.39,13.31,-4.44,0.0772,326,10.5,0.000677,107.58010930868537,-9.494193729405312,-27.3,77.1,8.09,14.1,1.97,0.0643,324,12.3,0.000514,19.005180088749448,0.4386519228709771,4.0,33.5,4.0,4.0,0,0,0,0,1294.0,57.3,16.8,1294.0,57.3,4.0,18.6,0.992,322,119.0,0.192,16,1,47,6,Layer 1 Down
148.27444226216693,10.43848642782523,-2.25,146,0.6,15.3,-5.46,0.0956,326,9.55,0.000752,68.23949641909435,16.684940483459425,-33.5,77.5,8.95,11.83,2.38,0.0472,324,10.1,0.000435,52.95515916334553,0.5880409656950096,4.0,33.5,4.0,4.0,0,0,0,0,1294.0,57.3,12.87,1304.0,57.3,4.0,23.7,0.971,316,116.0,0.186,16,1,2,6,Layer 1 Down
159.06848341276282,13.898513106510352,16.5,146,1.82,16.8,-5.5,0.105,326,9.41,0.000526,107.20468554619946,4.25258691010563,-21.0,78.0,9.59,9.06,5.86,0.0923,324,11.6,0.00108,3.7460440480722816,5.04883139296742,4.0,33.5,4.0,4.0,0,0,0,0,1304.0,57.4,40.1,1304.0,57.3,4.000000954,17.8,0.809,316,118.0,0.155,16,1,47,6,Layer 1 Down
197.03142103754965,-20.126973773651997,-39.8,145,3.196,17.6,-1.18,0.044,326,7.66,7.97e-05,7.062196566267389,22.347045978598505,47.8,78.6,9.95,5.9,2.27,0.117,325,18.2,0.00153,18.740160946848757,19.701619878665305,4.0,33.5,4.0,4.0,0,0,0,0,1314.0,57.4,52.2,1314.0,57.3,4.000000954,22.6,0.919,323,118.0,0.177,16,1,47,6,Layer 1 Down
79.85376161288598,15.418853403175786,10.25,145,4.0,4.0,-4.23,0.0816,326,3.59,6.48e-05,139.1046006040531,12.158735504169707,-14.8,79.2,10.0,4.0,11.7,0.2,325,15.3,0.00248,36.72110925109604,88.20756559310234,4.0,33.5,4.0,4.0,0,0,0,0,1314.0,57.4,69.4,1314.0,57.3,4.0,18.1,0.924,314,116.0,0.175,16,1,47,6,Layer 1 Down
126.3360555192028,-27.04635049725113,22.8,145,4.0,4.0,-4.53,0.0729,326,2.78,3.44e-05,63.260193093463464,-64.06337170286669,-14.8,79.8,10.0,4.0,4.76,0.0872,324,14.0,0.00104,69.30676661111434,10.303346664565296,4.0,33.5,4.0,4.0,0,0,0,0,1324.0,57.4,33.4,1324.0,57.3,4.0,17.2,0.806,317,119.0,0.154,16,1,47,6,Layer 1 Down
163.6577210213282,-10.032623657136792,-33.5,145,4.0,4.0,-3.73,0.0545,326,3.98,-1.56e-05,69.94499668922317,14.149842120562763,-8.5,80.4,10.0,4.0,4.44,0.0798,325,13.8,0.00091,11.762997639450973,26.01023150841209,4.0,33.5,4.0,4.0,0,0,0,0,1324.0,57.3,-3.87,1324.0,57.3,4.0,23.8,0.946,323,122.0,0.182,16,1,47,6,Layer 1 Down
95.06154793807085,27.9742931634081,-8.5,145,4.0,4.0,-3.04,0.0504,326,5.61,-2.33e-05,55.85215063836819,20.35979172858817,4.0,80.8,6.0,504.0,-1.84,0.0753,325,3.11,5.04e-05,-32.73884727567254,-52.021500683281616,4.0,33.5,4.0,4.0,0,0,0,0,1334.0,57.3,-22.4,1334.0,57.3,4.0,24.5,0.947,322,118.0,0.183,16,1,47,6,Layer 1 Down
191.60272621572125,12.034204235403143,35.3,145,4.0,4.0,-3.34,0.074,326,3.8,7e-05,51.9362792849747,20.89833611888426,60.3,81.4,10.0,4.0,7.25,0.124,324,13.7,0.00166,-35.40701129771362,-12.107441731673728,4.0,33.5,4.0,4.0,0,0,0,0,1334.0,57.3,-30.8,1334.0,57.3,3.999999046,20.4,0.974,317,117.0,0.188,16,1,48,6,Layer 1 Down
156.63076895782984,-2.8428754806475425,-14.8,145,4.0,4.0,-2.84,0.0512,326,5.24,-2.29e-05,117.04934374251948,1.559243659022116,35.3,81.8,4.0,4.0,1.53,0.028,325,0.293,1.27e-05,-11.779403675922424,44.81886234280048,4.0,33.5,4.0,4.0,0,0,0,0,1344.0,57.2,-12.3,1344.0,57.3,3.999999046,25.4,1.07,322,120.0,0.207,16,1,48,6,Layer 1 Down
171.73068000748754,13.985509590919072,16.5,145,4.0,4.0,-5.21,0.0696,325,2.49,6.33e-05,94.78536079458391,43.47100703789895,16.5,81.8,4.0,4.0,0.308,0.0205,324,0.929,-5.51e-06,-11.012032952838133,67.26414068990898,-109.0,36.7,54.0,4.0,0,0,0,0,1344.0,57.3,28.0,1344.0,57.3,4.0,24.5,0.946,314,118.0,0.182,16,1,51,50,Repositioning
126.97259507190185,2.65934677021634,-2.25,145,4.0,4.0,-3.09,0.0717,325,3.81,7.83e-05,114.87134904701134,11.50916616425038,16.5,81.8,4.0,4.0,0.237,0.0279,323,1.72,2.71e-06,35.74131307093626,-91.79791396613834,-46.0,41.7,54.0,4.0,0,0,0,0,1354.0,57.4,7.69,1354.0,57.3,4.0,19.3,0.837,316,117.0,0.161,16,1,2,50,Repositioning
170.69438728105436,4.30562537904295,10.25,145,4.0,4.0,-2.79,0.0536,325,6.06,-3.3e-05,81.35373521263706,14.569917738377423,16.5,81.8,4.0,4.0,-0.465,0.0215,324,1.92,1.64e-06,3.656450786372922,76.28974967783944,-8.5,46.9,54.0,4.0,0,0,0,0,1354.0,57.3,-9.3,1354.0,57.3,4.0,21.7,1.03,321,119.0,0.198,16,1,52,50,Repositioning
178.73672516589312,18.653568673571606,4.0,145,4.0,4.0,-2.88,0.0715,325,3.88,3.41e-05,107.84105636029446,29.0804126421831,-2.25,81.8,4.0,4.0,1.84,0.026,323,0.247,1.27e-05,26.03400399582659,117.71771845405293,-21.0,51.7,54.0,4.0,0,0,0,0,1364.0,57.3,-2.06,1364.0,57.3,3.999999046,26.6,1.03,314,116.0,0.199,16,1,52,50,Repositioning
152.35306589914086,-12.252515980575685,-8.5,145,4.0,4.0,-3.09,0.0702,325,3.51,3.23e-05,60.54655541260496,12.715287241960503,4.0,81.8,4.0,4.0,2.0,0.0263,323,1.17,-2.3e-06,28.369458780028403,-12.3001972035364,-39.8,56.7,54.0,4.0,0,0,0,0,1364.0,57.5,58.4,1364.0,57.3,4.0,13.0,0.831,315,115.0,0.154,16,1,52,50,Repositioning
153.40115022369116,24.79990197413013,941.0,146,30.8,898.0,17.5,0.269,325,37.3,0.0118,194.7422329026477,-27.684759429811614,-483.0,81.5,-9.4,-443.0,-10.1,0.172,324,21.4,0.00387,42.66251682546068,54.34612562949803,-2.25,58.5,4.0,4.0,0,0,0,0,1374.0,57.4,21.2,1374.0,57.3,4.0,19.2,0.981,322,117.0,0.189,16,1,52,50,Repositioning
158.53602092913218,41.633321613063266,-27.3,150,48.7,4.0000954,10.5,0.187,324,64.8,0.0175,-0.06075482098336238,-76.80789086300678,4.0,79.4,-18.4,4.0,-8.35,0.177,323,35.2,0.00841,106.04771017804921,-88.10401519490577,-2.25,58.5,4.0,4.0,0,0,0,0,1384.0,57.3,1.31,1384.0,57.3,4.0,23.5,0.871,322,119.0,0.167,16,1,52,50,Repositioning
126.74008675614517,9.125315831488763,-758.0,154,37.1,-890.0,-8.17,0.108,324,36.7,-0.00481,141.3831488651196,-27.46808050268566,504.0,77.3,-12.5,451.0,-0.0482,0.0512,323,25.3,0.00157,82.2988575047251,35.158514285048575,4.0,58.5,4.0,4.0,0,0,0,0,1384.0,57.4,42.0,1384.0,57.3,4.000000954,19.0,0.8,315,117.0,0.153,16,1,52,50,Repositioning
150.3418184026915,-16.510294128404595,29.0,155,4.0,4.0,0.0391,0.0168,326,1.33,2.14e-06,146.41108365788995,22.315090650089374,16.5,77.0,4.0,4.0,1.18,0.0198,325,0.673,-8.82e-07,58.079897354288114,-38.3872906612204,-1006.0,57.2,-45.5,-871.0,0,0,0,0,1394.0,57.4,50.1,1394.0,57.3,4.000000954,22.0,0.915,322,118.0,0.176,16,1,52,50,Repositioning
150.18413875399034,38.96156010989626,-8.5,155,4.0,4.0,1.06,0.0215,326,0.749,-1.81e-06,33.759306969554004,-4.4870252734157425,4.0,77.0,4.0,4.0,-0.0996,0.0226,325,1.23,1.41e-06,36.224822549899955,-124.0615074950674,16.5,52.4,-46.0,4.0,0,0,0,0,1394.0,57.4,61.8,1394.0,57.3,4.0,18.4,0.93,315,116.0,0.176,16,1,54,50,Repositioning
167.10556646031696,12.55814630488631,-8.5,155,4.0,4.0,0.748,0.0204,326,1.27,-1.7e-06,190.1189811102144,23.257127557135068,4.0,77.0,4.0,4.0,0.22,0.0173,325,0.876,-5.55e-07,32.22408065835694,-31.280162582848273,-39.8,47.4,-46.0,4.0,0,0,0,0,1404.0,57.4,34.1,1404.0,57.3,4.0,19.0,0.809,316,118.0,0.155,16,1,54,50,Repositioning
186.5692033570192,-25.50414889135785,16.5,155,4.0,4.0,0.238,0.0187,327,0.792,-2.25e-06,127.51369467555361,7.574831216274502,4.0,77.0,4.0,4.0,0.379,0.0155,325,0.859,4.84e-07,55.28339744808734,34.208674939196456,991.0,43.5,3.5,879.0,0,0,0,0,1404.0,57.3,-8.3,1404.0,57.3,4.0,25.1,0.966,323,121.0,0.184,16,1,2,50,Repositioning
121.5769849691223,-30.390182633998286,-8.5,155,4.0,4.0,0.747,0.0227,326,0.58,-7.02e-06,126.27804933769256,34.95996281878445,4.0,77.0,4.0,4.0,0.0599,0.0164,325,0.758,0.0,64.00250345701696,10.33762383637049,142.0,43.0,-2.0,4.0,0,0,0,0,1414.0,57.4,65.4,1414.0,57.3,4.000000954,23.4,0.919,315,114.0,0.176,16,1,54,6,Layer 2 Up
151.05287078022164,1.4726323807833364,-8.5,155,4.0,4.0,0.664,0.0207,326,1.4,6.06e-06,78.42191664129398,-3.0958303203182957,4.0,77.0,4.0,4.0,0.54,0.0161,325,0.41,1.45e-06,9.768625490327437,17.27684517899485,22.8,42.4,-2.0,4.0,0,0,0,0,1414.0,57.3,-25.1,1414.0,57.3,3.999999046,21.7,0.979,317,115.0,0.189,16,1,54,6,Layer 2 Up
201.77659257910204,38.854946393860395,16.5,155,4.0,4.0,0.223,0.0176,327,1.97,1.02e-06,65.97739533997596,15.239592423314987,4.0,77.0,4.0,4.0,1.18,0.0193,325,0.401,0.0,43.111584660765544,-16.025085771444534,-14.8,41.8,-2.0,4.0,0,0,0,0,1424.0,57.2,-15.7,1424.0,57.3,3.999999046,25.6,1.09,322,119.0,0.21,16,1,54,6,Layer 2 Up
131.52138555169915,-0.19155901496790095,-8.5,155,4.0,4.0,-0.159,0.0211,327,2.26,1.99e-06,66.37406649500603,16.18445606377557,16.5,77.0,4.0,4.0,-0.0999,0.0176,325,0.907,3.22e-07,-31.84237584733691,-63.631774528056255,-8.5,41.2,-2.0,4.0,0,0,0,0,1424.0,57.3,20.9,1424.0,57.3,4.0,25.8,0.959,316,117.0,0.185,16,1,54,6,Layer 2 Up
129.03765903220824,33.13405525346682,-2.25,155,4.0,4.0,0.435,0.029,326,0.813,-3.84e-06,96.81651015776873,40.09251048419895,4.0,77.0,4.0,4.0,-0.899,0.0198,325,2.58,-5.92e-07,48.21169956914097,21.26238727984179,142.0,40.6,-2.0,4.0,0,0,0,0,1434.0,57.4,7.69,1434.0,57.3,4.0,19.3,0.837,317,118.0,0.161,16,1,54,6,Layer 2 Up
161.38776798026194,11.876547282452858,16.5,155,4.0,4.0,-0.303,0.0289,327,2.77,1.64e-06,148.09973536981914,-37.020743243787706,4.0,77.0,4.0,4.0,0.0598,0.0181,325,1.4,1.6e-06,67.40138569325958,56.3734475602556,123.0,40.0,-2.0,4.0,0,0,0,0,1434.0,57.3,-10.1,1434.0,57.3,4.0,25.1,1.04,322,117.0,0.2,16,1,54,6,Layer 2 Up
181.66125358777992,14.488559934096093,-8.5,155,4.0,4.0,1.19,0.0237,326,1.12,0.0,86.20034198052704,-6.993303690819262,16.5,77.0,4.0,4.0,0.38,0.0178,325,0.406,0.0,29.330753659188872,35.322495486985275,-102.0,39.4,-2.0,4.0,0,0,0,0,1444.0,57.3,-3.5,1444.0,57.3,3.999999046,27.9,1.05,316,114.0,0.202,16,1,54,6,Layer 2 Up
155.3607748788627,-25.824817477031058,-8.5,155,4.0,4.0,0.154,0.0247,326,2.1,4.4e-06,30.751045407575916,24.394937558304463,4.0,77.0,4.0,4.0,-0.1,0.0169,325,1.45,-1.24e-07,104.10919943649496,-67.83339775612356,-39.8,38.8,-2.0,4.0,0,0,0,0,1444.0,57.5,64.2,1444.0,57.3,4.0,14.9,0.84,316,112.0,0.156,16,1,54,6,Layer 2 Up
196.9616020141726,24.941061222434413,16.5,155,4.0,4.0,1.06,0.0223,327,0.921,-8.51e-07,118.8335142241323,41.13217589385354,-8.5,77.0,4.0,4.0,0.0608,0.0215,325,2.22,-1.47e-07,6.5170260409005,-52.02186792569817,-2.25,38.2,-2.0,4.0,0,0,0,0,1454.0,57.3,18.4,1454.0,57.3,4.0,21.8,0.987,322,116.0,0.191,16,1,54,6,Layer 2 Up
182.05305812926525,-3.4973068998619543,-2.25,155,4.0,4.0,0.748,0.022,326,1.11,0.0,123.74151857703342,9.770360136677809,4.0,77.0,4.0,4.0,-0.1,0.0131,325,1.82,-3.52e-07,45.41758789094247,-30.351415365644925,72.7,37.6,-2.0,4.0,0,0,0,0,1454.0,57.3,12.94,1464.0,57.3,4.0,21.0,0.968,316,118.0,0.187,16,1,2,6,Layer 2 Up
181.58026044457017,23.23052344539416,-8.5,155,4.0,4.0,0.55,0.0236,326,0.615,-2.1e-06,110.21908018892219,-3.0354388308264513,4.0,77.0,4.0,4.0,0.539,0.0194,325,1.13,8.72e-07,35.71200068606724,-55.385569485654,-152.0,37.0,-2.0,4.0,0,0,0,0,1464.0,57.4,40.5,1464.0,57.3,4.000000954,20.9,0.803,316,114.0,0.154,16,1,54,6,Layer 2 Up
172.49609150592025,-14.139067025590316,16.5,155,4.0,4.0,-0.189,0.019,326,1.5,-2.95e-06,114.82849997665983,22.173101079402148,-2.25,77.0,4.0,4.0,0.38,0.0166,325,1.76,0.0,32.79401980813084,-1.1020961745179934,-171.0,36.4,-2.0,4.0,0,0,0,0,1474.0,57.4,41.4,1474.0,57.3,4.000000954,22.4,0.927,322,117.0,0.177,16,1,54,6,Layer 2 Up
228.49507105523787,7.92495674878853,-8.5,155,4.0,4.0,1.08,0.024,326,0.13,-4.35e-06,63.25242146480911,24.88014205690321,4.0,77.0,4.0,4.0,1.34,0.0232,325,1.33,1.94e-07,31.68979999410992,11.41851361648725,97.7,35.8,-2.0,4.0,0,0,0,0,1474.0,57.4,57.1,1474.0,57.3,4.0,15.7,0.948,315,119.0,0.182,16,1,54,6,Layer 2 Up
148.5220704069775,11.828157682050202,-2.25,155,4.0,4.0,0.581,0.0231,326,2.18,2.17e-06,29.860740130490463,-4.619829994330095,16.5,77.0,4.0,4.0,-0.579,0.0182,325,1.85,0.0,39.05072381550275,-49.61025317475944,97.7,35.2,-2.0,4.0,0,0,0,0,1484.0,57.4,33.8,1484.0,57.3,4.0,20.1,0.804,317,115.0,0.153,16,1,54,6,Layer 2 Up
91.73927906426955,0.5885290561403513,16.5,155,4.0,4.0,0.123,0.0209,326,1.39,-2.12e-06,32.945669559972245,11.939268287462852,4.0,77.0,4.0,4.0,-0.26,0.0172,325,1.89,0.0,65.086476010797,23.744707284426088,123.0,34.6,-2.0,4.0,0,0,0,0,1484.0,57.3,-4.87,1484.0,57.3,4.0,24.0,0.941,322,120.0,0.18,16,1,54,6,Layer 2 Up
205.65393476065955,13.00037082510942,-2.25,155,4.0,4.0,0.664,0.0266,326,0.728,2.24e-06,-5.987541516994597,32.37515946941792,4.0,77.0,4.0,4.0,-0.579,0.0164,325,1.74,-1.25e-07,83.53345081958437,18.08751267719189,-77.2,34.0,-2.0,4.0,0,0,0,0,1494.0,57.4,73.7,1494.0,57.3,4.000000954,18.9,0.934,315,119.0,0.18,16,1,54,6,Layer 2 Up
140.5482536486591,-1.9682973903236918,-8.5,155,4.0,4.0,0.993,0.0222,326,1.33,7.43e-06,89.02337182239067,49.439082274949044,4.0,77.0,4.0,4.0,0.0605,0.0279,325,0.534,9.29e-07,33.31909744946529,-19.778787986376315,47.8,33.4,-2.0,4.0,0,0,0,0,1494.0,57.3,-27.7,1494.0,57.3,3.999999046,23.6,0.977,317,114.0,0.189,16,1,54,6,Layer 2 Up
158.40629835317083,-10.455471054822047,16.5,155,4.0,4.0,0.208,0.0203,326,2.87,-7.02e-07,72.76559768671679,21.82425669402174,-8.5,77.0,4.0,4.0,0.22,0.0198,325,1.47,-4.03e-09,62.11288115969735,-7.160847345953909,117.0,32.8,-2.0,4.0,0,0,0,0,1504.0,57.2,-26.1,1504.0,57.3,3.999999046,27.5,1.11,322,119.0,0.214,16,1,54,6,Layer 2 Up
196.3487390453284,33.438205557520114,22.8,155,-2.0,4.0,-3.15,0.0725,326,13.6,0.000941,54.67391108845989,5.060922751696094,-2.25,77.0,4.0,4.0,-0.739,0.0165,325,2.38,3.3e-07,7.269525831950574,-60.71863124950528,-2.25,32.5,4.0,4.0,0,0,0,0,1504.0,57.3,30.1,1504.0,57.3,4.0,22.3,0.958,315,120.0,0.185,16,1,54,6,Layer 2 Up
103.40905120202416,21.502054353312307,35.3,154,-2.0,4.0,-4.48,0.0869,326,13.7,0.00103,-72.97557427538095,2.725248785210151,16.5,77.0,4.0,4.0,-1.38,0.0228,324,2.69,0.0,60.03822955995865,-7.0121074484122285,16.5,32.5,4.0,4.0,0,0,0,0,1514.0,57.4,10.63,1514.0,57.3,4.0,20.8,0.842,317,115.0,0.162,16,1,2,6,Layer 2 Up
114.47954872521863,-18.794831463019353,60.3,154,-2.0,4.0,-4.12,0.0887,326,16.6,0.00108,13.707956966490798,17.372586571409634,-2.25,77.0,4.0,4.0,0.0602,0.0142,325,1.98,5.04e-07,5.104284712376863,4.220314584998138,-14.8,32.5,4.0,4.0,0,0,0,0,1514.0,57.3,-23.4,1514.0,57.3,4.0,24.5,1.05,321,117.0,0.202,16,1,55,6,Layer 2 Up
102.44004510369831,10.631946885278076,-27.3,153,-2.0,4.0,-4.89,0.0916,326,12.9,0.00118,133.87428939779835,1.2196869516344515,4.0,77.0,4.0,4.0,-0.739,0.0157,325,1.76,1.83e-07,71.71225912674564,9.605469370955138,10.25,32.5,4.0,4.0,0,0,0,0,1524.0,57.3,-0.13,1524.0,57.3,3.999999046,25.5,1.06,316,118.0,0.204,16,1,55,6,Layer 2 Up
126.92534301856082,-18.499105707351525,-2.25,152,-2.0,4.0,-6.2,0.103,326,12.7,0.00132,43.275195834867226,8.583200028880334,16.5,77.0,4.0,4.0,0.22,0.0153,325,0.438,0.0,111.97868996768156,16.585559650904987,4.0,32.5,4.0,4.0,0,0,0,0,1524.0,57.5,57.8,1524.0,57.3,4.0,15.3,0.848,317,113.0,0.159,16,1,55,6,Layer 2 Up
165.8814171204886,-28.33021942319297,4.0,152,-2.0,4.0,-5.51,0.102,326,14.7,0.00126,95.29733370557055,-21.42711944122856,4.0,77.0,4.0,4.0,-0.26,0.0182,325,2.37,6.38e-07,28.110744566720783,12.113239237195087,4.0,32.5,4.0,4.0,0,0,0,0,1534.0,57.3,15.4,1534.0,57.3,4.0,21.3,0.997,321,116.0,0.192,16,1,55,6,Layer 2 Up
167.55110151426274,21.2142057564576,72.7,151,-2.0,4.0,-5.13,0.0846,326,14.7,0.00101,6.433104066401214,35.176073575968964,-2.25,77.0,4.0,4.0,-0.579,0.0177,325,2.99,1.86e-06,-46.32803856953288,-4.780987346362027,-2.25,32.5,4.0,4.0,0,0,0,0,1544.0,57.3,-5.87,1544.0,57.3,4.0,23.8,0.892,322,119.0,0.172,16,1,55,6,Layer 2 Up
159.7232888944923,-40.21832602945413,-64.7,151,-2.0,4.0,-4.35,0.0971,326,13.3,0.00117,150.00355484025476,-23.405486080293752,4.0,77.0,4.0,4.0,1.34,0.0242,325,1.43,3.86e-07,12.795253206206578,13.556843534221183,22.8,32.5,4.0,4.0,0,0,0,0,1544.0,57.4,44.2,1544.0,57.3,4.000000954,21.4,0.813,317,114.0,0.156,16,1,55,6,Layer 2 Up
105.39226656856758,19.028081125270713,66.5,150,-2.0,4.237,-7.88,0.171,326,16.7,0.00221,69.69167226493562,-6.336240540022648,-14.8,77.0,4.203,11.56,1.34,0.026,325,3.74,-2.47e-06,76.78933838974665,37.260568541716395,-14.8,32.5,4.0,4.0,0,0,0,0,1554.0,57.4,46.5,1554.0,57.3,4.000000954,21.9,0.919,322,118.0,0.176,16,1,55,6,Layer 2 Up
77.05905523678697,-7.568214532598081,16.5,149,-1.93,5.15,-5.86,0.0959,326,12.7,0.00117,91.81738326586014,7.1957521295635605,22.8,77.1,4.925,11.47,5.5,0.0696,324,3.1,0.000122,52.38464925887709,0.8527383497017378,16.5,32.5,4.0,4.0,0,0,0,0,1554.0,57.4,58.6,1554.0,57.3,4.0,16.5,0.963,316,118.0,0.184,16,1,57,6,Layer 2 Up
150.71620101800355,-6.6695877549022855,-46.0,149,-1.77,6.08,-4.18,0.0961,326,13.2,0.00118,195.21594882683286,53.43537108472469,35.3,77.2,5.66,11.27,3.99,0.0703,325,5.92,0.000229,41.449136397568495,14.549889202992375,4.0,32.5,4.0,4.0,0,0,0,0,1564.0,57.4,38.9,1564.0,57.3,4.0,20.8,0.824,317,115.0,0.158,16,1,57,6,Layer 2 Up
133.10378839988982,7.761516859782433,29.0,148,-1.5,7.01,-6.26,0.112,326,14.4,0.00125,154.34800596978465,-3.9396104402448797,4.0,77.4,6.4,10.94,8.54,0.109,325,6.32,0.000507,68.76443370470847,-2.2092433257238757,-8.5,32.5,4.0,4.0,0,0,0,0,1564.0,57.3,-6.3,1564.0,57.3,4.0,25.1,0.959,321,120.0,0.184,16,1,57,6,Layer 2 Up
162.50499214382836,11.896498900517226,16.5,148,-1.17,7.82,-5.37,0.0958,326,12.2,0.000952,62.04408503325746,-8.838359596599874,-2.25,77.7,7.05,10.52,3.68,0.0853,325,10.1,0.00057,49.917448983032244,-17.45908273205864,10.25,32.5,4.0,4.0,0,0,0,0,1574.0,57.4,69.9,1574.0,57.3,4.000000954,19.0,0.948,316,119.0,0.182,16,1,2,6,Layer 2 Up
169.16401216699495,-19.115650026600385,16.5,147,-0.74,8.61,-5.03,0.077,326,11.3,0.000749,47.89850749194828,-5.519438313238502,-21.0,78.0,7.67,9.99,7.21,0.0894,324,6.86,0.000646,76.28060843305826,21.36905319236353,4.0,32.5,4.0,4.0,0,0,0,0,1574.0,57.3,-29.8,1574.0,57.3,3.999999046,25.1,1.0,318,113.0,0.194,16,1,57,6,Layer 2 Up
151.36493903254743,15.662400790700149,4.0,147,-0.22,9.36,-4.47,0.0854,326,12.0,0.000739,61.88102277162007,48.34326101911753,10.25,78.4,8.26,9.34,3.15,0.0589,325,9.38,0.00052,65.55583918783783,-14.468534082942698,-8.5,32.5,4.0,4.0,0,0,0,0,1584.0,57.2,-25.4,1584.0,57.3,3.999999046,27.2,1.1,321,118.0,0.211,16,1,57,6,Layer 2 Up
170.00101420303102,2.8792876143553494,-14.8,146,0.32,9.96,-6.41,0.108,326,11.2,0.000832,104.67352672387472,-58.87758708242629,10.25,78.9,8.74,8.65,5.94,0.104,324,12.4,0.00104,87.20936493736406,16.877054650906107,22.8,32.5,4.0,4.0,0,0,0,0,1584.0,57.3,20.6,1584.0,57.3,4.0,22.2,0.983,317,120.0,0.19,16,1,57,6,Layer 2 Up
153.23729245769096,-27.32248173018267,-21.0,146,0.95,10.5,-3.85,0.078,326,8.72,0.000526,73.96066130317021,-14.90181611785097,66.5,79.3,9.16,7.86,6.08,0.119,324,12.9,0.00132,45.39971745570448,4.938588898706037,4.0,32.5,4.0,4.0,0,0,0,0,1594.0,57.4,5.94,1594.0,57.3,4.0,21.6,0.857,318,115.0,0.165,16,1,57,6,Layer 2 Up
162.7366620035697,-2.23988610971972,-2.25,146,1.65,10.95,-5.99,0.099,326,9.69,0.00051,59.844312460855754,75.44926973484618,-8.5,79.9,9.52,6.98,3.63,0.0913,325,14.9,0.00109,65.04659408836598,-6.096123252606892,4.0,32.5,4.0,4.0,0,0,0,0,1594.0,57.3,-19.1,1594.0,57.3,4.0,24.2,1.05,320,117.0,0.202,16,1,57,6,Layer 2 Up
123.75011597834404,33.046224099111626,-33.5,146,2.33,11.26,-5.26,0.103,326,7.24,0.000419,154.84848734508884,23.752444616729697,22.8,80.4,9.76,6.12,9.04,0.155,324,15.4,0.0018,21.457927236353896,-6.900271452219815,4.0,32.5,4.0,4.0,0,0,0,0,1604.0,57.3,2.69,1604.0,57.3,3.999999046,25.2,1.06,317,117.0,0.204,16,1,57,6,Layer 2 Up
140.3288140230552,40.25469553520133,-52.3,146,3.067,11.46,-2.87,0.0664,326,4.1,0.000156,75.20470124015206,-16.88346004153939,16.5,81.0,9.93,5.19,6.35,0.107,324,14.3,0.00124,10.875810445531322,-12.853798514870062,16.5,32.5,4.0,4.0,0,0,0,0,1604.0,57.5,59.3,1604.0,57.3,4.0,15.4,0.854,318,112.0,0.16,16,1,57,6,Layer 2 Up
151.21315659263192,19.90398657897227,85.2,145,3.85,11.56,-3.01,0.0799,326,9.23,0.0,198.28696652793047,8.792459160650639,16.5,81.7,10.0,4.208,5.48,0.1,325,14.6,0.00121,93.86304522681664,-50.67033795860517,4.0,32.5,4.0,4.0,0,0,0,0,1614.0,57.3,19.4,1614.0,57.3,4.0,21.6,1.01,320,116.0,0.195,16,1,57,6,Layer 2 Up
171.9079837088623,-15.73646779044973,516.0,146,10.0,4.0,1.95,0.0525,326,13.2,0.000406,86.50450718403046,5.446338303704519,-33.5,81.9,4.0,4.0,0.617,0.0178,325,1.32,-2.65e-06,40.27315963652885,16.74403593835199,16.5,32.5,4.0,4.0,0,0,0,0,1614.0,57.3,9.06,1624.0,57.3,4.0,20.7,0.989,318,119.0,0.191,16,1,57,6,Layer 2 Up
133.56771985236333,20.945400661526726,41.5,146,10.0,4.0,5.58,0.102,326,12.1,0.00128,172.4915706155328,24.287470847237078,-27.3,81.9,4.0,4.0,-0.555,0.024,325,0.763,3.58e-06,61.43769567430679,11.716538568501658,16.5,32.5,4.0,4.0,0,0,0,0,1624.0,57.4,40.3,1624.0,57.3,4.000000954,21.3,0.836,318,115.0,0.161,16,1,2,6,Layer 2 Up
163.45572722412967,29.012638551044425,22.8,147,10.0,4.0,5.76,0.0978,326,14.0,0.00128,100.03129121365933,48.23927978525494,16.5,81.9,4.0,4.0,-0.522,0.0195,325,1.16,-7.55e-07,36.94879778645742,32.22440562232153,-2.25,32.5,4.0,4.0,0,0,0,0,1634.0,57.4,48.2,1634.0,57.3,4.000000954,22.4,0.927,321,118.0,0.179,16,1,59,6,Layer 2 Up
138.6062058825886,26.220486927374935,4.0,147,10.0,4.0,-1.13,0.0925,326,21.5,0.00112,130.76305493389793,13.289230248594386,-21.0,81.9,4.0,4.0,-0.457,0.0192,325,1.24,-2.02e-06,11.41313055079792,-13.653972394895366,10.25,32.5,4.0,4.0,0,0,0,0,1634.0,57.4,61.5,1634.0,57.3,4.0,16.0,0.96,318,118.0,0.183,16,1,59,6,Layer 2 Up
144.28863513275104,27.762267250348106,66.5,148,10.0,4.0,3.67,0.0843,326,12.8,0.00106,45.13140261439524,-9.024354481594521,-21.0,81.9,4.0,4.0,-0.457,0.016,325,1.41,1.35e-06,32.89486554484342,66.98598527775951,16.5,32.5,4.0,4.0,0,0,0,0,1644.0,57.4,34.6,1644.0,57.3,4.0,21.0,0.837,319,115.0,0.161,16,1,59,6,Layer 2 Up
174.19185862625642,13.079370174982724,-33.5,148,5.09,12.92,3.35,0.0552,326,8.2,7.53e-05,38.378097782510004,16.198365777342463,-196.0,81.7,-1.9,5.62,-3.27,0.103,324,13.8,0.00142,84.12798014853834,-8.614095162916728,4.0,32.5,4.0,4.0,0,0,0,0,1644.0,57.3,-2.5,1644.0,57.3,4.0,24.8,0.959,321,121.0,0.185,16,1,59,6,Layer 2 Up
86.06961163318337,4.2144865260333475,47.8,149,5.93,12.6,5.82,0.115,326,8.31,0.000421,104.52664281107444,-18.463205483077314,-8.5,81.1,-1.68,6.9,-8.95,0.154,324,14.5,0.00182,52.46242545434339,-25.044453042673183,16.5,32.5,4.0,4.0,0,0,0,0,1654.0,57.4,65.4,1654.0,57.3,4.000000954,18.6,0.957,318,120.0,0.184,16,1,59,6,Layer 2 Up
108.06420683613166,-6.772630060413619,47.8,149,6.77,12.06,5.55,0.106,325,10.1,0.000631,130.7616916969589,-26.057305471887954,-46.0,80.6,-1.32,8.16,-7.5,0.13,324,13.8,0.00142,-29.032221737718544,-28.983294873926475,16.5,32.5,4.0,4.0,0,0,0,0,1654.0,57.3,-36.8,1654.0,57.3,3.999999046,25.0,1.02,319,114.0,0.196,16,1,59,6,Layer 2 Up
102.20036259445214,-34.74278925908337,47.8,149,7.57,11.31,5.89,0.102,326,11.0,0.000754,82.14271672521076,-43.52117887441108,-71.0,80.1,-0.82,9.37,-1.64,0.0931,324,14.0,0.000973,24.76136293487386,-53.62255515196311,-2.25,32.5,4.0,4.0,0,0,0,0,1664.0,57.2,-15.8,1664.0,57.3,3.999999046,27.6,1.07,320,118.0,0.208,16,1,59,6,Layer 2 Up
75.31664807853072,15.647380586080661,-27.3,149,8.23,10.46,4.28,0.0748,326,11.2,0.000638,14.425148728895891,-37.919434296947955,10.25,79.6,-0.26,10.37,-7.41,0.137,324,13.7,0.00123,96.57842052967834,54.935940071553965,16.5,32.5,4.0,4.0,0,0,0,0,1664.0,57.3,30.5,1664.0,57.3,4.0,22.6,0.961,318,119.0,0.185,16,1,59,6,Layer 2 Up
128.58396802511763,12.870824025906757,41.5,150,8.82,9.42,6.75,0.111,325,12.7,0.00116,10.277050231658848,-21.29696047310492,54.0,79.2,0.43,11.27,-4.46,0.0741,324,9.62,0.000571,24.813407992765878,49.56921207648263,10.25,32.5,4.0,4.0,0,0,0,0,1674.0,57.4,5.56,1674.0,57.3,4.0,20.9,0.861,320,115.0,0.166,16,1,59,6,Layer 2 Up
173.66319006191463,21.65947235221541,10.25,150,9.32,8.22,7.49,0.11,326,12.1,0.00123,6.48348954736737,-26.959361032187935,22.8,78.9,1.23,12.03,-5.02,0.099,324,11.6,0.00052,-32.23221824365214,23.930594660453135,-14.8,32.5,4.0,4.0,0,0,0,0,1674.0,57.3,-15.6,1674.0,57.3,4.0,24.8,1.05,320,117.0,0.203,16,1,2,6,Layer 2 Up
142.00485605085254,-20.290492565644772,29.0,151,9.67,7.01,5.08,0.0997,326,13.9,0.00116,-10.99361654701498,9.378954814431554,-27.3,78.7,2.02,12.56,-6.99,0.129,324,10.0,0.000541,100.56037425471864,-25.741340426069314,10.25,32.5,4.0,4.0,0,0,0,0,1684.0,57.3,-0.5,1684.0,57.3,3.999999046,25.2,1.06,319,117.0,0.204,16,1,59,6,Layer 2 Up
158.24517292726154,24.320270627225064,-14.8,152,9.9,5.69,4.14,0.0719,326,13.2,0.000902,84.05556404045504,-26.02882857455894,-14.8,78.5,2.9,12.91,-1.8,0.041,324,3.69,0.000105,57.03390927414364,64.19181599433243,16.5,32.5,4.0,4.0,0,0,0,0,1684.0,57.5,52.1,1684.0,57.3,4.0,14.9,0.853,319,112.0,0.16,16,1,59,6,Layer 2 Up
186.39177311407167,55.766736346816245,-58.5,152,10.0,4.273,4.12,0.067,326,14.0,0.000769,135.58757396366096,-71.73617971925205,41.5,78.5,3.837,13.07,-5.46,0.0846,325,6.9,4.06e-05,29.98284293652651,-7.683431603405239,4.0,32.5,4.0,4.0,0,0,0,0,1694.0,57.3,21.6,1694.0,57.3,4.0,19.0,1.01,320,118.0,0.195,16,1,59,6,Layer 2 Up
194.9213613126284,11.900216128258844,54.0,153,10.0,4.0,3.57,0.0817,325,13.3,0.00101,77.81924904123922,-21.216468887774173,-58.5,78.5,4.0,4.0,-3.21,0.0671,324,3.33,2.08e-05,19.146499032726528,-4.936518798371768,4.0,32.5,4.0,4.0,0,0,0,0,1694.0,57.3,6.06,1704.0,57.3,4.0,20.5,0.993,320,119.0,0.191,16,1,59,6,Layer 2 Up
150.81698680763276,8.524251672249525,-8.5,153,10.0,4.0,5.3,0.0967,326,14.0,0.00121,-36.199161657765586,-7.441620966823754,-52.3,78.5,4.0,4.0,-2.6,0.0678,324,3.72,2e-05,71.41356318592892,51.76797223386871,10.25,32.5,4.0,4.0,0,0,0,0,1704.0,57.4,39.9,1704.0,57.3,4.000000954,19.6,0.828,320,116.0,0.159,16,1,61,6,Layer 2 Up
196.73913974486956,16.743817791358627,-2.25,154,10.0,4.0,5.49,0.106,326,15.6,0.0013,68.82033178566269,-10.452587065159374,54.0,78.5,4.0,4.0,-4.66,0.0636,325,5.03,-2.84e-05,13.014188860470966,25.86273768604598,-2.25,32.5,4.0,4.0,0,0,0,0,1714.0,57.4,44.0,1714.0,57.3,4.000000954,22.6,0.932,320,118.0,0.179,16,1,61,6,Layer 2 Up
157.90887645873423,55.52127608754928,66.5,155,10.0,4.0,4.64,0.0854,326,13.6,0.0011,70.23916717192336,40.423303159489215,-46.0,78.5,4.0,4.0,-2.88,0.0643,325,3.65,1.98e-05,73.78301313016509,77.14139736209391,16.5,32.5,4.0,4.0,0,0,0,0,1724.0,57.4,31.2,1724.0,57.3,4.0,19.6,0.842,320,116.0,0.16,16,1,61,6,Layer 2 Up
129.55935815668641,-12.707499497039263,35.3,156,10.0,4.0,4.33,0.0804,326,14.2,0.00102,184.8562776283227,-10.622112172178772,66.5,78.5,4.0,4.0,-4.02,0.0618,325,6.06,-1.91e-05,51.99342901269037,12.237073365891085,-14.8,32.5,4.0,4.0,0,0,0,0,1724.0,57.3,-5.94,1724.0,57.3,4.0,25.3,0.979,320,120.0,0.189,16,1,2,6,Layer 2 Up
137.2319558642097,14.633530392790277,-21.0,156,10.0,4.0,3.21,0.0693,326,14.8,0.000842,4.561137015201794,25.273880980569984,54.0,78.5,4.0,4.0,-4.33,0.0575,325,5.54,-3.51e-05,41.29699597314789,-9.213596752178125,-2.25,32.5,4.0,4.0,0,0,0,0,1734.0,57.3,-35.5,1734.0,57.3,4.0,23.2,0.924,321,115.0,0.177,16,1,61,6,Layer 2 Up
110.25242572672823,-7.790292982421619,10.25,157,10.0,4.0,5.3,0.0917,326,13.0,0.00115,58.67603037180319,3.4187341345357214,-58.5,78.5,4.0,4.0,-2.89,0.0624,324,3.35,-1.88e-05,37.731662101812304,-16.322977228784634,4.0,32.5,4.0,4.0,0,0,0,0,1734.0,57.3,1.06,1734.0,57.3,4.000000954,17.5,0.791,322,121.0,0.151,16,1,61,6,Layer 2 Up
128.95739318843866,-2.0236314683391026,47.8,157,10.0,4.0,4.52,0.0814,326,12.8,0.00104,165.05927932471442,2.833163391908977,-71.0,78.5,4.0,4.0,-3.07,0.0593,325,2.93,0.0,26.209412285609165,-57.35364765058148,4.0,32.5,4.0,4.0,0,0,0,0,1744.0,57.2,-63.2,1744.0,57.3,3.999999046,24.1,1.1,322,119.0,0.211,16,1,61,6,Layer 2 Up
146.69571160535955,9.043644206840128,66.5,158,10.0,4.0,5.94,0.0916,326,10.2,0.00117,101.33303909119132,-16.229205003060265,-64.7,78.5,4.0,4.0,-3.05,0.0586,325,3.37,-8.98e-06,70.09367149216891,-5.254413784273456,4.0,32.5,4.0,4.0,0,0,0,0,1744.0,57.5,64.0,1744.0,57.3,4.0,18.0,0.838,322,118.0,0.158,16,1,61,6,Layer 2 Up
184.3729982742591,40.008673504646254,16.5,159,10.0,4.0,6.83,0.115,326,14.1,0.00153,107.08393003914371,2.737099878378389,79.0,78.5,4.0,4.0,-4.51,0.069,325,5.32,0.0,1.3885176368052257,42.021181245991215,4.0,32.5,4.0,4.0,0,0,0,0,1754.0,57.3,-5.06,1754.0,57.3,4.0,18.4,0.902,320,119.0,0.174,16,1,61,6,Layer 2 Up
213.3328819025695,50.30995591481578,72.7,159,10.0,4.0,5.06,0.0973,326,12.6,0.00127,84.31430413290364,-14.53985451788081,-71.0,78.5,4.0,4.0,-3.2,0.0598,325,3.34,2.79e-05,-25.812720815213588,23.91711525394293,16.5,32.5,4.0,4.0,0,0,0,0,1754.0,57.5,57.8,1754.0,57.3,4.0,13.1,0.849,322,119.0,0.161,16,1,61,6,Layer 2 Up
116.3579604414558,20.128015318784037,97.7,160,9.96,2.94,4.4,0.0965,326,13.9,0.00126,95.24216961977143,8.836705308943783,41.5,78.5,4.716,13.01,4.05,0.0761,325,5.51,0.000122,54.59083190783147,4.699592776303424,16.5,32.5,4.0,4.0,0,0,0,0,1764.0,57.4,0.5,1764.0,57.3,4.0,19.1,0.774,322,118.0,0.148,16,1,61,6,Layer 2 Up
172.40343017089586,1.1282019211820025,-109.0,160,9.79,1.65,5.51,0.0843,326,13.6,0.000957,118.05787423768177,-0.19849740851574182,-2.25,78.6,5.57,12.76,5.37,0.0851,325,7.94,0.000284,55.19477411967806,-29.049801648308524,4.0,32.5,4.0,4.0,0,0,0,0,1764.0,57.3,-4.87,1764.0,57.3,4.000000954,22.9,0.85,321,123.0,0.162,16,1,61,6,Layer 2 Up
128.14508242954696,64.99280427026156,-14.8,161,9.5,0.41,6.9,0.0965,326,11.8,0.00109,37.724616887663686,-16.305081955341173,29.0,78.8,6.39,12.33,4.65,0.0863,325,9.07,0.00044,49.766005555462776,11.536283713239591,4.0,32.5,4.0,4.0,0,0,0,0,1774.0,57.3,5.94,1774.0,57.3,4.0,18.2,1.04,323,120.0,0.198,16,1,61,6,Layer 2 Up
175.9884431838792,-0.43870620114974024,41.5,161,9.08,-0.8,5.75,0.101,326,11.9,0.00105,123.55491301330525,30.791177550032344,29.0,79.1,7.19,11.69,3.5,0.062,325,8.38,0.000347,47.15896926601339,37.64371619802407,4.0,32.5,4.0,4.0,0,0,0,0,1774.0,57.3,-19.9,1774.0,57.3,4.0,28.9,0.964,322,118.0,0.185,16,1,61,6,Layer 2 Up
157.8609714199873,-4.091996461040033,4.0,162,8.54,-1.91,3.6,0.0858,326,13.7,0.000811,9.730354427598414,18.139540015929107,72.7,79.4,7.92,10.88,5.31,0.0997,324,11.0,0.000817,20.975681594174425,18.30766225947226,4.0,32.5,4.0,4.0,0,0,0,0,1784.0,57.4,18.3,1784.0,57.3,4.0,16.4,0.814,323,120.0,0.157,16,1,61,6,Layer 2 Up
104.18960130007952,-31.748837026250428,-2.25,162,7.9,-2.88,5.34,0.0864,326,10.5,0.000637,96.46222142497187,-1.9196382272558985,72.7,79.9,8.56,9.91,5.41,0.134,324,14.4,0.00139,60.81219415003838,9.538620477387832,4.0,32.5,4.0,4.0,0,0,0,0,1784.0,57.3,23.0,1794.0,57.3,4.000000954,21.1,0.94,323,120.0,0.181,16,1,61,6,Layer 2 Up
192.31074795704964,38.34669098431047,-2.25,163,7.11,-3.75,3.29,0.0603,326,7.91,0.000332,89.36976853530555,12.397071641432165,29.0,80.4,9.13,8.72,6.06,0.0988,324,12.6,0.00103,30.862058591759048,-22.448394831938984,16.5,32.5,4.0,4.0,0,0,0,0,1794.0,57.4,11.0,1794.0,57.3,4.0,18.1,0.77,322,118.0,0.148,16,1,61,6,Layer 2 Up
143.89725209923418,28.10148154094505,66.5,163,6.36,-4.33,4.37,0.0963,326,9.81,0.000495,49.52773002315664,7.365241433656183,-39.8,80.9,9.51,7.6,6.12,0.0881,325,12.4,0.000982,14.986912245676304,32.8061058972778,4.0,32.5,4.0,4.0,0,0,0,0,1804.0,57.5,65.3,1804.0,57.3,4.0,12.7,0.763,323,118.0,0.144,16,1,61,6,Layer 2 Up
146.14223199761227,59.671047673766395,72.7,163,5.51,-4.77,4.57,0.0878,326,7.26,0.000295,80.24889175609007,-10.80342031726514,54.0,81.4,9.81,6.3,4.63,0.102,324,14.4,0.00129,21.2866395831824,-100.0358323949886,4.0,32.5,4.0,4.0,0,0,0,0,1804.0,57.2,-20.4,1804.0,57.3,4.0,24.0,1.05,322,120.0,0.201,16,1,2,6,Layer 2 Up
129.22283214472208,-26.175154589024725,54.0,163,4.615,-5.02,5.76,0.0913,326,5.27,0.000101,50.41073817216995,11.624447730399021,22.8,82.0,9.97,4.957,8.25,0.136,325,15.2,0.00177,105.14761897679587,16.71739542091371,4.0,32.5,4.0,4.0,0,0,0,0,1814.0,57.3,-9.6,1814.0,57.3,4.0,23.3,0.952,322,118.0,0.184,16,1,61,6,Layer 2 Up
142.3411673314825,36.68167381238757,79.0,163,4.0,4.0,2.22,0.054,326,3.26,-2.48e-05,28.01916420890523,-9.42664179481947,410.0,82.5,10.0,129.0,12.1,0.203,325,14.1,0.00161,-29.87721718456335,89.3811345767304,4.0,32.5,4.0,4.0,0,0,0,0,1814.0,57.4,3.375,1814.0,57.3,4.000000954,17.4,0.779,323,121.0,0.149,16,1,61,6,Layer 2 Up
176.51053485506677,5.764717791939654,97.7,163,4.0,4.0,1.15,0.0395,326,3.51,5.7e-06,65.05669367480147,-12.912434627716571,-58.5,83.1,10.0,4.0,6.52,0.116,324,14.7,0.00143,50.46877285545419,-46.105252233189,4.0,32.5,4.0,4.0,0,0,0,0,1824.0,57.2,-61.9,1824.0,57.3,3.999999046,24.8,1.09,322,118.0,0.208,16,1,63,6,Layer 2 Up
157.0246567317721,22.15903121124933,97.7,163,4.0,4.0,2.28,0.043,326,1.86,5.97e-06,27.580824516487603,-28.954844059251744,-46.0,83.7,10.0,4.0,7.92,0.1,324,11.7,0.00126,-27.868691479175638,-4.017827356787315,4.0,32.5,4.0,4.0,0,0,0,0,1824.0,57.4,56.7,1824.0,57.3,4.0,18.3,0.853,323,119.0,0.16,16,1,63,6,Layer 2 Up
173.3774214496637,-32.61177591471029,85.2,163,4.0,4.0,0.946,0.0476,326,4.1,0.0,100.57955972308068,1.8105117699911162,29.0,84.3,10.0,4.0,5.57,0.0992,325,11.2,0.00127,28.60871036145752,3.737212179064733,4.0,32.5,4.0,4.0,0,0,0,0,1834.0,57.4,13.19,1834.0,57.3,4.0,17.9,0.804,323,122.0,0.154,16,1,63,6,Layer 2 Up
174.4275930408139,36.9277877666191,91.5,163,4.0,4.0,1.44,0.0425,326,3.22,-1.72e-05,26.441753317257827,23.947709746659807,72.7,84.9,10.0,4.0,5.62,0.131,324,14.7,0.00172,16.909885474173077,-11.366108134566263,4.0,32.5,4.0,4.0,0,0,0,0,1834.0,57.3,-0.38,1834.0,57.3,4.0,21.5,1.01,323,119.0,0.194,16,1,63,6,Layer 2 Up
204.69956519660903,21.772125666670178,110.0,163,4.0,4.0,0.656,0.0427,326,3.85,-4.4e-06,121.52751482512974,-6.646835860254193,66.5,85.5,10.0,4.0,8.34,0.157,325,16.5,0.00204,-42.462568212830945,38.42635176907532,4.0,32.5,4.0,4.0,0,0,0,0,1844.0,57.4,21.3,1844.0,57.3,4.000000954,22.5,0.875,323,119.0,0.168,16,1,63,6,Layer 2 Up
152.17661205151953,3.2819202433614647,79.0,163,4.0,4.0,0.307,0.0387,326,4.7,-1.07e-05,26.048763985582454,70.48776734202177,47.8,86.1,10.0,4.0,8.65,0.147,325,15.3,0.0019,46.486983753019004,19.69391069937405,4.0,32.5,4.0,4.0,0,0,0,0,1844.0,57.3,-34.4,1844.0,57.3,3.999999046,22.7,0.963,323,113.0,0.186,16,1,63,6,Layer 2 Up
116.36857963438706,18.217412342629437,-77.2,163,4.0,4.0,3.38,0.057,326,4.92,1.7e-05,57.96476375304947,31.218345015281642,10.25,86.7,10.0,4.0,7.74,0.138,324,16.8,0.00179,18.836574325672792,9.059124382451884,4.0,32.5,4.0,4.0,0,0,0,0,1854.0,57.3,9.88,1854.0,57.3,3.999999046,17.4,1.02,318,121.0,0.197,16,1,63,6,Layer 2 Up
196.69728389769008,-12.928138796012517,72.7,163,4.0,4.0,-0.0124,0.0522,326,4.39,-1.66e-05,55.50604336735168,41.17088590787029,10.25,87.3,10.0,4.0,6.31,0.104,325,14.2,0.00129,-42.972308408299256,30.483855464097232,4.0,32.5,4.0,4.0,0,0,0,0,1854.0,57.3,-23.4,1854.0,57.3,4.0,25.9,0.964,322,120.0,0.185,16,1,2,6,Layer 2 Up
152.53334293729753,-9.127261855251373,-89.7,163,4.0,4.0,4.54,0.0571,326,3.28,0.0,155.14129648422607,28.96446520805427,10.25,87.9,10.0,4.0,5.78,0.0979,325,14.3,0.00122,62.68480870221204,4.556426220571977,4.0,32.5,4.0,4.0,0,0,0,0,1864.0,57.2,-37.6,1864.0,57.3,4.0,25.1,0.917,320,123.0,0.175,16,1,63,6,Layer 2 Up
198.1929808181751,-6.4894121753362395,-71.0,163,4.0,4.0,2.25,0.0573,326,5.65,1.67e-05,105.25974718499404,54.28547225310397,-58.5,88.5,10.0,4.0,5.89,0.0821,325,13.3,0.000981,84.09246456013219,109.628960055903,4.0,32.5,4.0,4.0,0,0,0,0,1864.0,57.3,7.94,1874.0,57.3,4.0,18.4,0.99,318,121.0,0.192,16,1,63,6,Layer 2 Up
175.10503754623412,-37.18421005995139,72.7,163,4.0,4.0,0.831,0.0413,326,3.49,-1.81e-05,78.25609135774057,-8.716383801383678,4.0,89.1,10.0,4.0,3.12,0.053,325,11.6,0.000653,86.07411591625842,9.027452982981057,4.0,32.5,4.0,4.0,0,0,0,0,1874.0,57.3,-20.3,1874.0,57.3,3.999999046,21.0,0.981,322,116.0,0.189,16,1,63,6,Layer 2 Up
158.85936491186328,23.325762917956283,60.3,163,3.9017,-5.07,2.75,0.0414,326,1.73,-4.84e-06,114.90628576345685,-52.24989722889353,554.0,89.6,10.0,3.879,26.8,0.336,324,22.8,0.00411,45.40548272683814,10.486894348329177,4.0,32.5,4.0,4.0,0,0,0,0,1884.0,57.5,61.4,1884.0,57.3,4.0,12.2,0.759,323,119.0,0.143,16,1,63,6,Layer 2 Up
174.01251260829,29.859358001603056,104.0,163,2.96,-4.94,-5.21,0.0795,326,6.18,0.000187,-16.72426905539345,-0.8230774616254166,-58.5,90.2,9.91,2.46,4.21,0.0796,325,14.2,0.000969,34.15591822439095,-52.81844679869359,4.0,32.5,4.0,4.0,0,0,0,0,1884.0,57.4,58.5,1884.0,57.3,4.0,14.5,0.89,317,119.0,0.17,16,1,63,6,Layer 2 Up
224.602739134463,-13.496931754029418,-39.8,163,2.12,-4.62,-4.05,0.0876,326,9.35,0.000297,88.61129257140011,23.347344608874575,47.8,90.8,9.7,1.18,6.93,0.128,324,13.9,0.00161,80.2509257067461,-14.052370821732445,4.0,32.5,4.0,4.0,0,0,0,0,1894.0,57.3,-2.31,1894.0,57.3,4.0,23.1,0.944,322,118.0,0.182,16,1,63,6,Layer 2 Up
228.5801466036562,8.988381370073972,10.25,163,1.25,-4.08,-4.69,0.087,326,9.05,0.000541,192.65892134394824,12.861862727412257,-14.8,91.4,9.33,-0.13,6.78,0.122,325,15.2,0.00137,92.98637060562984,42.11367174476887,4.0,32.5,4.0,4.0,0,0,0,0,1894.0,57.3,-17.1,1894.0,57.3,4.0,21.4,0.919,319,121.0,0.177,16,1,63,6,Layer 2 Up
165.19069218506763,-5.524186700431288,-39.8,162,0.48,-3.36,-5.56,0.0975,326,9.92,0.000748,98.5155964556693,15.691261121659748,-64.7,91.9,8.86,-1.3,1.56,0.0404,325,9.69,0.000363,73.25494867314546,-40.36129866503697,4.0,32.5,4.0,4.0,0,0,0,0,1904.0,57.4,60.4,1904.0,57.3,4.000000954,19.8,0.903,317,119.0,0.174,16,1,63,6,Layer 2 Up
167.0579783716348,7.223765776097647,-33.5,162,-0.24,-2.44,-6.72,0.116,326,11.8,0.000986,95.7460859645151,40.39939975035249,91.5,92.4,8.25,-2.39,7.0,0.14,324,12.4,0.00145,-1.3508963377071979,-67.66988448208582,4.0,32.5,4.0,4.0,0,0,0,0,1904.0,57.4,12.5,1904.0,57.3,4.000000954,19.2,0.73,323,118.0,0.14,16,1,63,6,Layer 2 Up
195.98201683650012,-14.701197938155659,-2.25,162,-0.81,-1.45,-6.28,0.11,326,10.7,0.00111,120.51342026798338,16.583137863096013,-8.5,92.7,7.59,-3.25,6.29,0.108,324,11.8,0.000814,39.73890765293693,5.073457572565594,4.0,32.5,4.0,4.0,0,0,0,0,1914.0,57.3,-3.31,1914.0,57.3,4.0,17.4,0.901,318,119.0,0.173,16,1,63,6,Layer 2 Up
134.2984620076587,-20.909144407564394,16.5,161,-1.28,-0.34,-4.01,0.0732,326,13.4,0.000759,138.44527514297272,25.952675316670373,-2.25,93.0,6.86,-3.97,8.06,0.121,324,9.66,0.000724,48.30182820518583,49.53348651674537,4.0,32.5,4.0,4.0,0,0,0,0,1914.0,57.3,-2.75,1914.0,57.3,4.0,21.6,1.01,322,120.0,0.195,16,1,2,6,Layer 2 Up
171.51661465290235,21.871706361683945,-14.8,161,-1.65,0.91,-6.03,0.106,326,14.3,0.00121,-8.056511839270783,-16.363334989761498,-14.8,93.3,6.03,-4.53,3.9,0.0682,324,7.43,0.000289,-32.56076473281627,5.382822606528566,-8.5,32.5,4.0,4.0,0,0,0,0,1924.0,57.3,15.9,1924.0,57.3,4.000000954,22.3,0.886,322,119.0,0.17,16,1,63,6,Layer 2 Up
159.18338697129016,-3.4749476335824223,-8.5,160,-1.89,2.23,-4.99,0.0893,326,12.8,0.0011,8.034499500726767,-20.928888457683378,91.5,93.4,5.15,-4.9,1.81,0.0613,325,7.69,0.000158,49.37482156442101,-7.165410459915625,4.0,32.5,4.0,4.0,0,0,0,0,1924.0,57.3,-39.3,1924.0,57.3,3.999999046,18.0,0.95,322,118.0,0.183,16,1,63,6,Layer 2 Up
168.9115741527229,43.04308857979381,-2.25,159,-2.0,3.644,-5.41,0.0932,326,13.1,0.00117,104.1707119625768,43.071850717408076,-33.5,93.5,4.218,-5.07,7.06,0.112,325,6.4,5.39e-05,114.22038004160844,-57.73538175290304,4.0,32.5,4.0,4.0,0,0,0,0,1934.0,57.3,13.44,1934.0,57.3,3.999999046,18.5,1.02,316,120.0,0.197,16,1,63,6,Layer 2 Up
132.68658602978098,-1.0168283981417607,-14.8,159,-2.0,4.0,-4.51,0.0836,326,14.3,0.00103,57.22535523746156,6.500269827871193,41.5,93.5,4.0,4.0,4.58,0.0815,325,5.61,-1.3e-05,55.507485585249356,18.998008945800013,-8.5,32.5,4.0,4.0,0,0,0,0,1934.0,57.3,-21.6,1934.0,57.3,4.0,26.3,0.972,322,120.0,0.185,16,1,63,6,Layer 2 Up
107.80979947120602,-22.840726835960147,-71.0,158,-2.0,4.0,-4.51,0.0913,326,13.5,0.00118,160.0754800803318,-10.879939921207782,54.0,93.5,4.0,4.0,4.0,0.0795,325,6.1,-1.23e-05,85.47329959460643,25.966282622317998,4.0,32.5,4.0,4.0,0,0,0,0,1944.0,57.4,15.3,1944.0,57.3,4.0,16.6,0.808,323,120.0,0.156,16,1,65,6,Layer 2 Up
92.54606062137933,25.442952588663537,-27.3,158,-2.0,4.0,-5.26,0.1,326,14.8,0.00125,77.50725434193856,-10.835841305174837,54.0,93.5,4.0,4.0,3.73,0.0799,325,6.04,-2.52e-05,39.076293451862846,-55.18571424642234,4.0,32.5,4.0,4.0,0,0,0,0,1944.0,57.3,14.9,1954.0,57.3,4.000000954,21.9,0.934,323,120.0,0.18,16,1,65,6,Layer 2 Up
121.71887294203982,12.273101090451538,47.8,157,-2.0,4.0,-6.01,0.116,325,14.4,0.0014,-4.662982199248887,-11.70232675536827,-39.8,93.5,4.0,4.0,5.38,0.0949,324,6.11,7.57e-05,29.867597545411602,41.686977896942565,4.0,32.5,4.0,4.0,0,0,0,0,1954.0,57.3,-27.1,1954.0,57.3,3.999999046,21.2,1.01,322,117.0,0.194,16,1,65,6,Layer 2 Up
142.5174413004732,14.116475315212261,4.0,157,-2.0,4.0,-1.86,0.0818,326,16.0,0.001,29.157766894216053,-12.96554274727795,41.5,93.5,4.0,4.0,1.76,0.0766,324,9.12,-2.41e-05,46.207767243282724,29.409927307032845,-8.5,32.5,4.0,4.0,0,0,0,0,1964.0,57.5,66.0,1964.0,57.3,4.0,12.8,0.766,323,117.0,0.143,16,1,65,6,Layer 2 Up
146.74254815275316,24.36220569433752,-77.2,156,-2.0,4.0,-4.0,0.0839,326,13.4,0.0011,-46.02551550916539,-26.74174731155525,47.8,93.5,4.0,4.0,1.76,0.0767,324,8.73,-3.61e-05,3.168762219313024,41.58834984128437,-8.5,32.5,4.0,4.0,0,0,0,0,1964.0,57.2,-27.2,1964.0,57.3,4.0,23.8,1.06,322,121.0,0.203,16,1,65,6,Layer 2 Up
216.16759491008742,-16.69383298060995,4.0,155,-2.0,4.0,-3.37,0.0766,326,14.4,0.000968,81.61987810562223,-31.989112655212704,41.5,93.5,4.0,4.0,4.02,0.0795,324,5.61,-1.26e-05,-2.15039938783341,23.38357714095097,4.0,32.5,4.0,4.0,0,0,0,0,1974.0,57.4,19.4,1974.0,57.3,4.0,20.9,0.811,323,117.0,0.154,16,1,2,6,Layer 2 Up
189.9214671618692,-4.659011121483895,47.8,155,-2.0,4.0,-5.45,0.094,326,14.1,0.00107,83.94091293568518,-0.5871262438052778,47.8,93.5,4.0,4.0,3.17,0.0755,325,6.84,-3.59e-05,78.02717193151912,25.71407774795194,4.0,32.5,4.0,4.0,0,0,0,0,1974.0,57.4,6.19,1974.0,57.3,4.000000954,18.0,0.791,323,120.0,0.151,16,1,65,6,Layer 2 Up
123.62221090993856,-5.855031995251771,41.5,154,-2.0,4.0,-3.32,0.0637,326,13.2,0.000769,71.96168858660909,-10.151569328022463,47.8,93.5,4.0,4.0,3.73,0.0751,325,6.24,-3.58e-05,81.83952534471635,21.272343079418448,-8.5,32.5,4.0,4.0,0,0,0,0,1984.0,57.2,-71.3,1984.0,57.3,3.999999046,24.8,1.09,322,119.0,0.208,16,1,65,6,Layer 2 Up
164.97880840387697,-30.97645175862523,-46.0,154,-2.0,4.0,-2.29,0.0789,326,15.5,0.001,148.24505105982684,30.68668639029456,35.3,93.5,4.0,4.0,4.02,0.0739,325,6.11,-3.51e-05,-3.1330294925446935,32.8239740616109,-8.5,32.5,4.0,4.0,0,0,0,0,1984.0,57.4,57.6,1984.0,57.3,4.0,17.0,0.843,322,120.0,0.158,16,1,65,6,Layer 2 Up
140.14660535061702,-7.88067511784218,-27.3,153,-2.0,4.0,-4.49,0.0969,326,15.7,0.0012,154.31592771079232,11.094391974668339,29.0,93.5,4.0,4.0,4.29,0.0755,325,6.04,-1.2e-05,67.30225018137912,-56.44062224471766,-8.5,32.5,4.0,4.0,0,0,0,0,1994.0,57.4,13.56,1994.0,57.3,4.0,18.5,0.805,323,121.0,0.154,16,1,65,6,Layer 2 Up
143.0212821321229,27.91451856684974,29.0,152,-2.0,4.0,-5.18,0.0938,326,14.2,0.00113,84.85406046536735,10.427177149545216,22.8,93.5,4.0,4.0,3.72,0.0762,325,6.47,-6e-05,29.373546937692566,-45.86229680944852,4.0,32.5,4.0,4.0,0,0,0,0,1994.0,57.3,-5.19,1994.0,57.3,4.0,21.9,1.01,322,120.0,0.195,16,1,65,6,Layer 2 Up
157.85161155247596,3.264994068095574,-52.3,152,-2.0,4.0,-4.79,0.0959,326,14.3,0.00122,-14.81975559392454,-13.78664601252379,41.5,93.5,4.0,4.0,3.46,0.0767,324,6.5,-3.63e-05,44.71706366532574,-20.448761688815885,4.0,32.5,4.0,4.0,0,0,0,0,2004.0,57.4,-5.19,2004.0,57.3,4.0,19.7,0.773,323,119.0,0.148,16,1,65,6,Layer 2 Up
170.55017490823332,-31.98052030963786,60.3,151,-2.0,4.0,-4.94,0.0866,326,13.4,0.00107,124.82242857617312,1.0159603637011205,-33.5,93.5,4.0,4.0,5.97,0.0936,325,4.43,5.93e-05,49.04614050389743,-0.3123755041284939,4.0,32.5,4.0,4.0,0,0,0,0,2004.0,57.3,2.62,2004.0,57.3,4.000000954,22.8,0.837,318,122.0,0.159,16,1,65,6,Layer 2 Up
140.28799726409372,-36.78065254161988,16.5,151,-2.0,4.0,-4.1,0.0907,326,13.9,0.00107,121.68038256970993,12.752024419791262,41.5,93.5,4.0,4.0,5.43,0.0765,324,4.72,-2.32e-05,68.24966580210103,16.893159350796545,4.0,32.5,4.0,4.0,0,0,0,0,2014.0,57.3,6.44,2014.0,57.3,4.000000954,19.4,0.912,322,120.0,0.176,16,1,65,6,Layer 2 Up
183.59084907407814,34.891020404529556,-58.5,150,-2.0,4.0,-5.24,0.0957,326,13.5,0.00125,109.19931075957726,21.28948455509963,41.5,93.5,4.0,4.0,3.16,0.0794,324,6.7,-3.69e-05,35.47394949482743,14.785297769869278,4.0,32.5,4.0,4.0,0,0,0,0,2014.0,57.2,-79.4,2014.0,57.3,3.999999046,22.9,0.919,322,117.0,0.176,16,1,65,6,Layer 2 Up
112.94358289104606,-4.045009877860054,-58.5,149,-2.0,4.0,-5.23,0.107,325,14.7,0.00138,143.30276476441745,1.818215565483639,41.5,93.5,4.0,4.0,4.02,0.076,324,5.58,-6.04e-05,83.19924707127038,41.108098647361984,4.0,32.5,4.0,4.0,0,0,0,0,2024.0,57.4,40.3,2024.0,57.3,4.0,23.1,0.995,322,115.0,0.19,16,1,2,6,Layer 2 Up
149.20015432654859,-16.373669785919436,47.8,149,-2.0,4.0,-5.52,0.101,326,14.3,0.0013,34.39367639023824,29.887824818212287,-21.0,93.5,4.0,4.0,4.86,0.0749,324,5.15,-3.55e-05,43.62425243502113,42.1507968168229,4.0,32.5,4.0,4.0,0,0,0,0,2024.0,57.3,15.3,2034.0,57.3,4.0,20.0,0.979,316,119.0,0.189,16,1,65,6,Layer 2 Up
230.02090555766193,-8.142734308759907,16.5,148,-2.0,4.0,-5.23,0.0962,326,13.4,0.00116,195.42932868758453,4.242031070803178,29.0,93.5,4.0,4.0,3.73,0.0776,325,6.51,-3.64e-05,54.94116119521303,-24.978949285798965,4.0,32.5,4.0,4.0,0,0,0,0,2034.0,57.4,5.19,2034.0,57.3,4.0,19.1,0.765,323,117.0,0.147,16,1,65,6,Layer 2 Up
155.04368770964672,-34.77861756212725,16.5,148,-1.9,6.41,-5.56,0.0918,326,13.6,0.00111,44.81620929330271,24.106877497977518,35.3,93.6,5.08,17.5,7.55,0.141,325,9.15,0.00032,2.541891538462231,11.92503783962745,4.0,32.5,4.0,4.0,0,0,0,0,2044.0,57.4,60.1,2044.0,57.3,4.000000954,21.4,0.92,323,119.0,0.177,16,1,65,6,Layer 2 Up
192.25339363703156,30.319138695170455,22.8,147,-1.52,9.31,-6.11,0.111,325,13.1,0.00128,131.71746620426566,-5.604090254184362,-27.3,93.7,6.39,16.7,2.64,0.0511,325,7.2,0.000223,110.10979723674603,-24.163327400652292,4.0,32.5,4.0,4.0,0,0,0,0,2044.0,57.5,64.1,2044.0,57.3,4.0,14.8,0.866,315,118.0,0.165,16,1,65,6,Layer 2 Up
149.88972699446833,-9.838979526242941,-39.8,147,-0.82,12.15,-4.75,0.0924,326,12.0,0.000945,8.379710472997914,-35.81738348313428,54.0,94.0,7.58,15.1,2.15,0.0687,324,9.8,0.000491,49.39151313194274,-2.2532032307602323,4.0,32.5,4.0,4.0,0,0,0,0,2054.0,57.4,9.63,2054.0,57.3,4.0,15.9,0.813,323,117.0,0.155,16,1,65,6,Layer 2 Up
164.33789316894843,30.536618458403122,60.3,146,0.12,14.5,-3.88,0.0637,326,10.5,0.000527,47.196017012664406,14.880278043151092,41.5,94.4,8.58,12.93,5.83,0.105,325,12.5,0.000984,58.134241136253955,14.6892881086683,4.0,32.5,4.0,4.0,0,0,0,0,2054.0,57.3,-8.9,2054.0,57.3,4.0,21.4,0.906,318,121.0,0.175,16,1,65,6,Layer 2 Up
144.20708467854865,2.352345608369146,-14.8,146,1.26,16.2,-5.61,0.0924,326,9.45,0.000547,171.84438022000612,26.53389298502234,-21.0,94.9,9.34,10.32,6.58,0.118,324,13.6,0.00128,-25.31875419332072,-109.23083516081432,4.0,32.5,4.0,4.0,0,0,0,0,2064.0,57.3,-9.8,2064.0,57.3,4.0,21.3,0.936,322,118.0,0.181,16,1,65,6,Layer 2 Up
140.61942276357578,34.242743746143795,-8.5,146,2.55,17.3,-4.05,0.074,326,8.5,0.000233,82.26128313279094,23.97905148415518,60.3,95.5,9.82,7.39,5.59,0.117,324,14.2,0.00152,2.9215733560522352,84.07187244325536,-8.5,32.5,4.0,4.0,0,0,0,0,2064.0,57.4,12.06,2064.0,57.3,4.000000954,18.9,0.724,323,119.0,0.138,16,1,65,6,Layer 2 Up
120.38803607585513,9.476833694291692,4.0,145,3.9086,17.7,-3.93,0.0655,326,6.47,0.0,138.71979725331408,20.097680808042178,22.8,96.1,10.0,4.272,8.3,0.159,324,16.3,0.00201,77.00536260966905,22.815002894123435,4.0,32.5,4.0,4.0,0,0,0,0,2074.0,57.4,2.87,2074.0,57.3,4.0,17.9,0.891,317,120.0,0.172,16,1,65,6,Layer 2 Up
158.58665900303126,23.010552304409508,-8.5,145,4.0,4.0,-3.34,0.0421,326,4.2,-6.29e-06,108.52371571330404,1.8413618584933804,4.0,96.6,10.0,4.0,1.64,0.0407,324,11.5,0.000458,42.814533888537746,-15.81311289128037,-8.5,32.5,4.0,4.0,0,0,0,0,2074.0,57.5,48.9,2074.0,57.3,4.0,16.6,0.845,322,117.0,0.16,16,1,65,6,Layer 2 Up
118.1129238218185,19.96790820808872,-27.3,145,4.0,4.0,-2.49,0.0438,326,4.68,-1.95e-05,91.77415771230278,-9.260957129912798,41.5,97.2,10.0,4.0,2.63,0.0751,324,14.4,0.000942,-36.305705968062995,68.02350276363256,-2.25,32.5,4.0,4.0,0,0,0,0,2084.0,57.4,-5.75,2084.0,57.3,4.0,20.3,0.775,323,119.0,0.148,16,1,2,6,Layer 2 Up
166.01568924892612,17.980573718444408,29.0,145,4.0,4.0,-3.34,0.0687,326,3.2,3.1e-05,166.90521483441614,23.191343567718405,-14.8,97.8,10.0,4.0,4.98,0.0961,324,14.1,0.00121,69.82941166797742,-7.540992818546073,10.25,32.5,4.0,4.0,0,0,0,0,2084.0,57.3,4.625,2084.0,57.3,4.000000954,23.1,0.844,317,122.0,0.161,16,1,66,6,Layer 2 Up
179.26766879275047,11.76239029182026,-2.25,145,4.0,4.0,-2.24,0.0638,326,4.1,2.99e-05,86.19133269752054,19.65009233181484,-184.0,98.3,10.0,4.0,10.2,0.152,324,16.2,0.00178,12.949495275836018,8.402038187936633,10.25,32.5,4.0,4.0,0,0,0,0,2094.0,57.3,13.94,2094.0,57.3,3.999999046,19.2,0.999,314,119.0,0.193,16,1,66,6,Layer 2 Up
156.5731385466637,-1.2698808087502398,-27.3,145,4.0,4.0,-0.804,0.0398,326,6.98,-1.67e-05,8.440844713774794,-3.5317734885914263,47.8,98.9,10.0,4.0,7.16,0.13,325,16.5,0.00169,83.24077219583809,-12.181046915658523,4.0,32.5,4.0,4.0,0,0,0,0,2094.0,57.2,-83.1,2094.0,57.3,3.999999046,23.7,0.957,322,117.0,0.183,16,1,67,6,Layer 2 Up
135.96176702231986,46.70819440738578,-14.8,145,4.0,4.0,-2.54,0.0651,326,3.35,5.12e-05,58.641566240139014,36.5161256286758,16.5,99.5,10.0,4.0,5.43,0.0978,325,14.1,0.00122,29.34206297855292,58.90097991150281,22.8,32.5,4.0,4.0,0,0,0,0,2104.0,57.2,-36.5,2104.0,57.3,4.0,25.5,0.919,318,123.0,0.175,16,1,67,6,Layer 2 Up
159.33385090886787,-16.208691427780657,-2.25,145,4.0,4.0,-2.49,0.0667,326,3.77,6.32e-05,127.96886234685361,-11.34056013696332,-33.5,100.1,10.0,4.0,4.5,0.0735,325,12.2,0.000915,39.85977489555988,0.5376107141227866,10.25,32.5,4.0,4.0,0,0,0,0,2104.0,57.3,18.0,2114.0,57.3,4.0,18.1,0.953,316,120.0,0.184,16,1,67,6,Layer 2 Up
135.25372460060825,4.071103155329495,-2.25,145,4.0,4.0,-3.09,0.0439,326,4.69,-2.41e-05,120.66913234862203,-4.245570992320912,-52.3,100.7,10.0,4.0,4.56,0.0778,324,13.9,0.000921,74.88669717731639,8.940573269396813,-8.5,32.5,4.0,4.0,0,0,0,0,2114.0,57.4,1.81,2114.0,57.3,4.0,18.7,0.768,323,118.0,0.148,16,1,67,6,Layer 2 Up
174.53966914200464,4.38210268247147,10.25,145,4.0,4.0,-2.29,0.0665,326,3.91,3.11e-05,21.683501097570925,49.65312498442479,72.7,101.3,10.0,4.0,2.69,0.0774,324,12.8,0.001,0.23263070081085857,43.98731939831131,4.0,32.5,4.0,4.0,0,0,0,0,2124.0,57.2,-83.9,2124.0,57.3,3.999999046,26.0,1.05,317,120.0,0.201,16,1,67,6,Layer 2 Up
87.17380576582796,12.978420943165487,-8.5,145,4.0,4.0,-3.93,0.0622,326,1.66,3.84e-05,65.0450286127836,31.007240009773717,72.7,101.9,10.0,4.0,5.48,0.101,324,13.1,0.00135,-3.1956050311916258,23.437203250807837,4.0,32.5,4.0,4.0,0,0,0,0,2124.0,57.5,62.8,2124.0,57.3,4.0,15.7,0.871,314,118.0,0.165,16,1,67,6,Layer 2 Up
134.40328034152773,-5.606500298814003,-2.25,145,4.0,4.0,-1.99,0.0407,326,5.59,-2.28e-05,72.88198749573583,1.4648864463848827,47.8,102.5,10.0,4.0,4.54,0.104,324,14.6,0.00132,25.435335090529847,2.1696621872284707,-2.25,32.5,4.0,4.0,0,0,0,0,2134.0,57.4,13.81,2134.0,57.3,4.0,16.3,0.813,322,116.0,0.155,16,1,67,6,Layer 2 Up
82.14060354719379,11.021964844294294,-2.25,145,4.0,4.0,-2.04,0.0659,326,3.47,4.73e-05,84.45514847652358,16.977484243870485,-46.0,103.1,10.0,4.0,4.74,0.109,324,14.9,0.00134,62.23916349919177,40.885044654521266,10.25,32.5,4.0,4.0,0,0,0,0,2134.0,57.3,-15.9,2134.0,57.3,4.0,22.7,0.92,317,120.0,0.177,16,1,2,6,Layer 2 Up
97.79382398815613,0.2081354603381449,-21.0,145,4.0,4.0,-3.09,0.0614,326,1.98,3.83e-05,33.78266465752958,14.000587201026686,-2.25,103.7,10.0,4.0,6.14,0.107,324,12.8,0.00141,-15.34873998631457,88.32351271139552,10.25,32.5,4.0,4.0,0,0,0,0,2144.0,57.4,61.6,2144.0,57.3,4.000000954,17.6,0.904,315,121.0,0.174,16,1,67,6,Layer 2 Up
188.06361264692953,-31.293233837910584,16.5,145,4.0,4.0,-1.99,0.0425,326,6.23,-2.89e-05,72.11486074522522,-55.67358925519728,10.25,104.0,10.0,4.0,3.66,0.0925,324,15.5,0.00115,-27.470484657046576,14.543762394719188,4.0,32.5,4.0,4.0,0,0,0,0,2144.0,57.4,4.0625,2144.0,57.3,4.000000954,19.4,0.731,323,119.0,0.14,16,1,67,6,Layer 2 Up
173.2652444420557,4.213110740577443,-8.5,145,4.0,4.0,-1.7,0.0621,326,3.84,3.75e-05,68.02846123127011,-11.688012602630009,54.0,105.0,7.33,-649.0,8.77,0.162,324,14.6,0.00218,62.11505907626397,7.878544730872507,4.0,32.5,4.0,4.0,0,0,0,0,-2146.0,57.4,3.75,-2146.0,57.3,4.0,18.6,0.897,317,118.0,0.172,16,1,67,6,Layer 2 Up
122.28258954899997,-20.60352434688728,-27.3,145,4.0,4.0,-3.34,0.0416,326,4.74,-1.19e-05,144.14954890402376,8.407850444547542,-83.5,105.0,10.0,4.0,5.74,0.0878,324,14.1,0.00101,10.821252062315985,9.667902347223418,4.0,32.5,4.0,4.0,0,0,0,0,-2136.0,57.3,3.875,-2136.0,57.3,4.0,24.6,0.956,315,120.0,0.184,16,1,67,6,Layer 2 Up
97.55882491852094,-34.69400731343684,16.5,145,4.0,4.0,-2.84,0.0493,326,4.61,-3.8e-05,147.05686168821188,1.3584846795315233,-71.0,106.0,10.0,4.0,3.37,0.0587,324,13.6,0.000676,18.3983835877899,47.52993842533889,-2.25,32.5,4.0,4.0,0,0,0,0,-2136.0,57.4,-7.0,-2136.0,57.3,4.0,19.5,0.779,323,120.0,0.15,16,1,68,6,Layer 2 Up
51.39573502164956,7.078632811359916,22.8,145,4.0,4.0,-1.79,0.0458,326,6.87,-2.6e-05,99.60120858376511,16.18935854394401,29.0,107.0,10.0,4.0,2.08,0.0516,324,12.6,0.000634,-34.2574999511406,-15.904192094298054,4.0,32.5,4.0,4.0,0,0,0,0,-2126.0,57.3,4.438,-2126.0,57.3,4.0,23.1,1.03,321,118.0,0.198,16,1,68,6,Layer 2 Up
127.83926373402785,15.55963824654194,4.0,145,4.754,17.6,1.94,0.0445,326,7.77,3.94e-05,87.10690924004902,37.32824279644631,54.0,107.0,9.95,2.33,4.37,0.122,324,17.0,0.00161,8.08880459883456,-5.270172082322368,-8.5,32.5,4.0,4.0,0,0,0,0,-2126.0,57.3,7.5,-2126.0,57.3,4.000000954,21.2,0.917,322,119.0,0.177,16,1,68,6,Layer 2 Up
222.42400548511205,17.73059109363958,10.25,146,6.09,16.9,5.56,0.0967,326,10.4,0.00042,115.10011347887652,1.9015641940882748,41.5,108.0,9.63,-0.72,7.16,0.129,324,15.1,0.00153,32.22793463244473,-47.07088696147925,4.0,32.5,4.0,4.0,0,0,0,0,-2116.0,57.2,-78.2,-2116.0,57.3,3.999999046,23.2,0.936,322,118.0,0.18,16,1,70,6,Layer 2 Up
159.7313633321365,19.933533003176837,4.0,146,7.31,15.5,2.64,0.0572,326,9.49,0.000332,66.56491382755763,-16.491796225412365,-71.0,108.0,9.0,-3.53,4.19,0.0668,324,11.5,0.000643,65.9496724705466,-35.32580511332774,-2.25,32.5,4.0,4.0,0,0,0,0,-2116.0,57.4,39.8,-2106.0,57.3,4.0,18.7,0.988,321,118.0,0.188,16,1,70,6,Layer 2 Up
128.3316434404962,-34.98590612030691,16.5,146,8.32,13.58,5.37,0.0971,326,11.4,0.000849,50.80683966965691,16.338136167328162,54.0,109.0,8.16,-5.86,6.61,0.135,324,11.5,0.000939,4.772129814153132,-13.20031655253533,-2.25,32.5,4.0,4.0,0,0,0,0,-2106.0,57.3,9.94,-2106.0,57.3,4.0,21.6,0.983,316,118.0,0.191,16,1,2,6,Layer 2 Up
161.68479260871294,-21.334178548031957,-46.0,147,9.18,10.98,3.88,0.0805,326,13.8,0.000819,61.29079792257261,-0.8807201582821671,22.8,109.0,7.02,-7.8,6.22,0.0965,324,10.4,0.000626,92.08728265946448,2.1168810354897465,-2.25,32.5,4.0,4.0,0,0,0,0,-2096.0,57.4,2.69,-2096.0,57.3,4.0,18.6,0.775,322,118.0,0.149,16,1,70,6,Layer 2 Up
97.71312600209362,53.809105036857346,16.5,147,9.72,8.23,4.67,0.0887,326,13.6,0.00109,76.78797453853427,2.3988568759272186,10.25,109.0,5.82,-9.1,5.23,0.104,324,7.56,0.000436,7.888306365051982,62.74053312574424,-8.5,32.5,4.0,4.0,0,0,0,0,-2096.0,57.2,-75.9,-2096.0,57.3,3.999999046,25.8,1.05,318,120.0,0.2,16,1,70,6,Layer 2 Up
138.61208834572645,-13.393143481933302,47.8,148,9.98,5.15,5.42,0.105,326,13.3,0.00129,49.96239682839652,-2.463074643476208,-8.5,109.0,4.421,-9.7,2.29,0.0378,325,3.8,2.68e-05,7.94094924107587,21.804646323983714,4.0,32.5,4.0,4.0,0,0,0,0,-2086.0,57.5,67.6,-2086.0,57.3,4.0,14.6,0.861,316,119.0,0.163,16,1,70,6,Layer 2 Up
151.1409766114204,23.597814433149626,-46.0,148,10.0,4.0,4.41,0.0777,326,14.5,0.000935,117.22331189565872,57.859825116119914,-8.5,109.0,4.0,4.0,2.32,0.022,325,2.93,-4.57e-06,87.77228121323846,-26.322487474483484,-8.5,32.5,4.0,4.0,0,0,0,0,-2086.0,57.4,8.69,-2086.0,57.3,4.0,15.5,0.816,322,118.0,0.155,16,1,70,6,Layer 2 Up
146.28139320994637,-5.19552326714356,16.5,149,10.0,4.0,4.77,0.0803,326,13.4,0.00103,146.02761882960624,-49.857579366458765,4.0,109.0,4.0,4.0,1.18,0.0203,325,2.94,0.0,40.102580800038666,-20.20710646405656,-8.5,32.5,4.0,4.0,0,0,0,0,-2076.0,57.3,-1.5,-2076.0,57.3,4.0,25.8,1.02,321,119.0,0.197,16,1,70,6,Layer 2 Up
174.9695077397435,11.777492425645713,29.0,150,10.0,4.0,5.32,0.0989,326,13.6,0.00128,28.46661824823053,-5.333995731921528,4.0,109.0,4.0,4.0,1.26,0.0208,325,0.826,0.0,12.653175153740737,49.69149750587391,10.25,32.5,4.0,4.0,0,0,0,0,-2076.0,57.4,61.8,-2076.0,57.3,4.000000954,20.3,0.905,317,118.0,0.174,16,1,70,6,Layer 2 Up
160.882087793624,-4.227850484335939,-39.8,150,10.0,4.0,6.16,0.0911,326,13.9,0.00114,110.27509436074183,3.9113305601718764,-2.25,109.0,4.0,4.0,0.548,0.0221,324,2.35,-1.52e-06,26.922532324039363,41.42382102513699,4.0,32.5,4.0,4.0,0,0,0,0,-2066.0,57.4,6.06,-2066.0,57.3,4.000000954,19.2,0.725,323,119.0,0.139,16,1,70,6,Layer 2 Up
172.10222875634184,22.677938140456497,35.3,151,10.0,4.0,3.99,0.0828,326,13.6,0.00108,97.83990150316816,-14.775545040422337,4.0,109.0,4.0,4.0,0.667,0.0187,325,0.596,0.0,81.14675962191448,4.960085678367922,10.25,32.5,4.0,4.0,0,0,0,0,-2066.0,57.4,5.25,-2066.0,57.3,4.0,18.9,0.905,319,118.0,0.174,16,1,70,6,Layer 2 Up
129.26481541107492,13.12141959206849,66.5,151,10.0,4.0,4.41,0.0992,326,13.9,0.00124,126.32901442213604,25.65321841926388,10.25,109.0,4.0,4.0,0.459,0.0191,325,1.14,1.75e-06,85.21407062199222,-10.674874952651031,16.5,32.5,4.0,4.0,0,0,0,0,-2056.0,57.3,-2.31,-2056.0,57.3,4.0,25.2,0.973,317,121.0,0.187,16,1,70,6,Layer 2 Up
180.34829950640398,0.06869108967043935,47.8,152,10.0,4.0,5.74,0.103,326,13.5,0.0013,108.34345418266795,23.547465830014403,4.0,109.0,4.0,4.0,0.251,0.0185,325,2.13,-1.68e-06,3.1340127305129215,41.368097283976546,4.0,32.5,4.0,4.0,0,0,0,0,-2056.0,57.4,-6.8,-2056.0,57.3,4.0,19.7,0.773,322,119.0,0.149,16,1,2,6,Layer 2 Up
204.43328131340843,-13.60925579711687,-52.3,153,10.0,4.0,5.6,0.0943,326,13.5,0.00111,35.24069620265267,2.8521697396085357,4.0,109.0,4.0,4.0,0.163,0.0168,325,1.21,-3.62e-06,30.97438646868693,-28.99640967721446,4.0,32.5,4.0,4.0,0,0,0,0,-2046.0,57.3,6.94,-2046.0,57.3,4.000000954,24.0,0.845,319,120.0,0.159,16,1,70,6,Layer 2 Up
122.36776881813527,15.944020878431981,-8.5,153,10.0,4.0,5.98,0.0826,326,12.1,0.000947,44.94317423622729,-2.505915802716376,4.0,109.0,4.0,4.0,0.163,0.0208,325,1.74,0.0,35.741388788173616,17.022493066186804,-2.25,32.5,4.0,4.0,0,0,0,0,-2046.0,57.3,3.75,-2046.0,57.3,4.000000954,22.1,0.926,321,118.0,0.179,16,1,70,6,Layer 2 Up
125.97122918253274,-16.925659182210822,-8.5,154,10.0,4.0,4.6,0.0759,326,13.6,0.000944,110.49302664106871,1.3090049453635033,4.0,109.0,4.0,4.0,1.1,0.0179,324,2.01,1.49e-06,-2.9580758815386403,79.4933446420471,4.0,32.5,4.0,4.0,0,0,0,0,-2036.0,57.2,-80.6,-2036.0,57.3,3.999999046,23.2,0.937,322,118.0,0.18,16,1,70,6,Layer 2 Up
196.17706010304215,19.50706777829172,41.5,154,10.0,4.0,5.57,0.109,326,14.6,0.00138,161.20294578296193,1.4813474434733682,4.0,109.0,4.0,4.0,1.05,0.0182,324,1.24,2.74e-06,30.49796743077431,10.821519355316092,4.0,32.5,4.0,4.0,0,0,0,0,-2036.0,57.2,-37.1,-2026.0,57.3,4.0,26.9,0.94,319,121.0,0.178,16,1,70,6,Layer 2 Up
148.9583609361485,68.54666775366506,-27.3,155,10.0,4.0,4.89,0.0985,326,14.5,0.00122,-3.3534671623476413,2.1162254850209177,4.0,109.0,4.0,4.0,0.207,0.0197,324,1.54,-3.27e-06,32.69137164245365,-21.76424970053205,4.0,32.5,4.0,4.0,0,0,0,0,-2026.0,57.3,11.19,-2026.0,57.3,4.0,19.6,0.984,318,119.0,0.19,16,1,70,6,Layer 2 Up
200.32531331385,40.02218559967273,-46.0,156,10.0,4.0,5.16,0.0876,326,15.3,0.00107,126.54304104471075,-0.5437473898293503,-8.5,109.0,4.0,4.0,0.844,0.0189,325,2.18,-1.08e-06,73.4937030484505,17.60665614605233,-8.5,32.5,4.0,4.0,0,0,0,0,-2016.0,57.4,-2.19,-2016.0,57.3,4.0,18.9,0.781,322,118.0,0.15,16,1,70,6,Layer 2 Up
142.0270443284008,26.126283766206576,-2.25,156,10.0,4.0,4.5,0.0756,326,13.4,0.000846,169.36442925050696,10.042873049258409,-2.25,109.0,4.0,4.0,1.02,0.0201,325,4.11,0.0,75.9102890549664,-11.637782362674363,-2.25,32.5,4.0,4.0,0,0,0,0,-2016.0,57.4,56.0,-2016.0,57.3,4.000000954,22.3,0.93,321,119.0,0.18,16,1,70,6,Layer 2 Up
202.94270426324496,8.220108050585935,54.0,157,10.0,4.0,5.05,0.0952,326,14.0,0.00123,101.23508001979732,22.10420913966309,4.0,109.0,4.0,4.0,0.296,0.0205,324,2.36,1.02e-06,20.664006205532502,-42.309837192972275,4.0,32.5,4.0,4.0,0,0,0,0,-2006.0,57.3,-42.0,-2006.0,57.3,3.999999046,22.0,1.07,320,116.0,0.205,16,1,70,6,Layer 2 Up
161.15163215147302,-33.35341567743036,-14.8,157,10.0,4.0,4.98,0.0978,326,14.3,0.00118,136.9186661790186,-25.595539358537145,-8.5,109.0,4.0,4.0,0.889,0.0224,324,2.62,1.52e-06,24.807789219669196,27.262063565284073,-8.5,32.5,4.0,4.0,0,0,0,0,-2006.0,57.4,11.81,-2006.0,57.3,4.0,15.1,0.811,321,117.0,0.154,16,1,70,6,Layer 2 Up
166.1535112409105,-19.70010348400055,-64.7,158,10.0,4.0,4.67,0.0981,326,15.7,0.00106,73.32449668597673,-21.25376299111445,4.0,109.0,4.0,4.0,0.888,0.022,325,2.69,2.88e-06,56.383156447036754,41.10730097061983,-2.25,32.5,4.0,4.0,0,0,0,0,-1996.0,57.3,-5.87,-1996.0,57.3,4.0,26.2,1.02,320,119.0,0.198,16,1,2,6,Layer 2 Up
208.4055846066333,38.689005777340924,-2.25,159,10.0,4.0,4.99,0.089,326,13.9,0.00112,102.94305715670693,-38.05238852500416,-8.5,109.0,4.0,4.0,0.34,0.0234,325,2.91,9.12e-07,11.460847154974157,-6.327719486441993,4.0,32.5,4.0,4.0,0,0,0,0,-1996.0,57.3,-8.3,-1996.0,57.3,4.0,20.1,0.936,321,119.0,0.181,16,1,70,6,Layer 2 Up
147.57718663425686,-7.519394832341851,22.8,159,10.0,4.0,5.0,0.0938,326,14.1,0.00122,26.750748588881137,24.82473245794205,4.0,109.0,4.0,4.0,1.02,0.0214,325,4.17,1.68e-06,53.663251164356275,-8.55604089524252,-2.25,32.5,4.0,4.0,0,0,0,0,-1986.0,57.4,12.0,-1986.0,57.3,4.000000954,19.1,0.725,322,118.0,0.138,16,1,70,6,Layer 2 Up
130.28430254432027,-5.700258250559086,10.25,160,10.0,4.0,6.07,0.107,326,14.8,0.00133,-9.957908605375124,10.016771987693854,4.0,109.0,4.0,4.0,0.977,0.0191,325,3.35,-9.91e-07,29.339517206429136,-27.966346131867724,-2.25,32.5,4.0,4.0,0,0,0,0,-1986.0,57.2,-26.6,-1986.0,57.3,3.999999046,25.0,1.06,321,119.0,0.205,16,1,70,6,Layer 2 Up
145.8366960536436,6.104351167792372,-39.8,160,10.0,4.0,2.44,0.0979,326,19.8,0.00113,156.8383211262978,16.144612662325642,-2.25,109.0,4.0,4.0,2.15,0.0215,325,2.52,1.35e-06,-2.352575921807613,-1.0055712188087598,-8.5,32.5,4.0,4.0,0,0,0,0,-1976.0,57.5,49.9,-1976.0,57.3,4.0,15.0,0.837,320,118.0,0.159,16,1,70,6,Layer 2 Up
175.28233263722632,-13.69416688994965,-33.5,161,10.0,4.0,4.67,0.0899,326,15.4,0.00112,59.01886619241415,-30.38442715286518,-2.25,109.0,4.0,4.0,1.19,0.0181,325,3.03,-2.43e-06,-1.900941930618771,-14.680792110884632,4.0,32.5,4.0,4.0,0,0,0,0,-1976.0,57.4,-3.31,-1976.0,57.3,4.0,19.9,0.775,322,118.0,0.149,16,1,70,6,Layer 2 Up
112.56154448092789,-17.26911211702547,41.5,162,10.0,4.0,5.04,0.1,326,15.2,0.00125,85.88536505787255,46.90302244090605,4.0,109.0,4.0,4.0,0.503,0.0208,325,1.73,-1.51e-06,84.52578611615662,-29.609554201711354,-2.25,32.5,4.0,4.0,0,0,0,0,-1966.0,57.3,15.1,-1966.0,57.3,4.0,23.7,1.02,320,117.0,0.198,16,1,70,6,Layer 2 Up
182.12798611572524,8.80392748278466,35.3,162,10.0,4.0,5.55,0.103,326,14.9,0.00127,38.64841358393846,-10.634343620685948,-2.25,109.0,4.0,4.0,0.548,0.0186,325,2.53,1.21e-06,26.876212630349862,66.85419599099072,4.0,32.5,4.0,4.0,0,0,0,0,-1966.0,57.3,7.38,-1966.0,57.3,4.000000954,20.3,0.929,321,119.0,0.179,16,1,70,6,Layer 2 Up
145.98842887501033,-10.08995065925565,-64.7,163,10.0,4.0,5.54,0.0867,326,14.7,0.00106,37.45457127654143,8.042995661711746,4.0,109.0,4.0,4.0,-0.0008,0.0191,325,2.31,-6.29e-07,91.47529345422018,19.47099087633769,-2.25,32.5,4.0,4.0,0,0,0,0,-1956.0,57.2,-77.7,-1956.0,57.3,3.999999046,23.6,0.935,322,116.0,0.179,16,1,70,6,Layer 2 Up
199.24190092852413,-6.602065106941232,-52.3,163,10.0,4.0,4.92,0.0802,326,14.4,0.000933,100.17903544000514,24.535994184023448,4.0,109.0,4.0,4.0,0.548,0.0185,325,2.1,-1.57e-06,14.033347393061089,22.988860563786567,-8.5,32.5,4.0,4.0,0,0,0,0,-1956.0,57.4,46.8,-1946.0,57.3,4.0,20.8,1.0,319,116.0,0.191,16,1,70,6,Layer 2 Up
88.40182293176237,-7.328309164763484,10.25,164,9.91,1.71,4.54,0.0813,326,13.2,0.001,71.97940797796869,-20.743050585533645,10.25,109.0,2.97,-9.6,-6.11,0.0924,324,6.81,0.000203,42.96963716919871,33.34482840641082,4.0,32.5,4.0,4.0,0,0,0,0,-1946.0,57.3,-2.63,-1946.0,57.3,4.0,22.9,0.945,320,119.0,0.182,16,1,70,6,Layer 2 Up
139.1643801551426,21.0538144926999,-27.3,165,9.52,-1.31,3.8,0.0934,326,16.2,0.00106,128.17920437397905,-11.211455145857203,16.5,109.0,1.66,-8.7,-2.89,0.0588,324,10.0,0.000243,118.52338507641161,29.612334748235956,-2.25,32.5,4.0,4.0,0,0,0,0,-1936.0,57.4,4.375,-1936.0,57.3,4.0,18.6,0.78,321,117.0,0.15,16,1,2,6,Layer 2 Up
111.75018515906989,3.621294454711278,-27.3,165,8.85,-4.05,5.89,0.101,326,13.0,0.00103,131.96294390504715,4.726573713792163,29.0,109.0,0.47,-7.1,-2.5,0.0626,325,9.41,0.000422,-5.515995322644812,-9.722715183628704,-2.25,32.5,4.0,4.0,0,0,0,0,-1936.0,57.4,56.6,-1936.0,57.3,4.000000954,22.0,0.934,320,118.0,0.18,16,1,72,6,Layer 2 Up
138.91200891175697,4.0460737125151764,-21.0,165,7.92,-6.4,4.81,0.0989,326,12.7,0.00084,124.2807225232261,68.30223782500344,-39.8,108.0,-0.54,-5.03,-6.99,0.121,324,13.0,0.00111,-35.73171135402539,13.028672012179431,-2.25,32.5,4.0,4.0,0,0,0,0,-1926.0,57.3,-37.6,-1926.0,57.3,3.999999046,20.4,1.07,320,117.0,0.206,16,1,72,6,Layer 2 Up
173.8199895840385,20.017815111432903,-89.7,166,6.78,-8.1,4.17,0.061,326,9.78,0.00032,120.10720758282585,6.237835898136072,54.0,108.0,-1.31,-2.43,-6.71,0.0939,324,13.1,0.000993,78.75649475940041,-4.93667336317951,4.0,32.5,4.0,4.0,0,0,0,0,-1926.0,57.4,14.3,-1926.0,57.3,4.0,15.6,0.808,320,117.0,0.154,16,1,72,6,Layer 2 Up
160.340963621056,2.2311077277278923,-83.5,166,5.5,-9.3,5.8,0.0891,326,8.9,0.00028,187.05994909053612,36.58050503949985,-46.0,107.0,-1.81,0.49,-6.82,0.123,324,13.5,0.00159,2.7739123201770184,18.5649152252509,4.0,32.5,4.0,4.0,0,0,0,0,-1916.0,57.3,-1.5,-1916.0,57.3,4.0,26.1,1.04,319,119.0,0.202,16,1,72,6,Layer 2 Up
157.9996659163391,-2.107819266499787,-83.5,166,4.146,-9.7,4.15,0.0723,326,7.09,-1.1e-05,52.82759208105791,27.02956603976988,16.5,107.0,-2.0,3.602,-11.0,0.154,324,13.9,0.00199,31.755548601318775,15.350311647303725,4.0,32.5,4.0,4.0,0,0,0,0,-1916.0,57.3,-11.9,-1916.0,57.3,4.0,20.3,0.967,320,119.0,0.187,16,1,72,6,Layer 2 Up
160.97377704982887,14.32070971646942,-83.5,166,4.0,4.0,2.21,0.0489,326,6.34,-2.02e-05,103.2124659517455,7.1454911668394905,29.0,106.0,-2.0,4.0,-6.5,0.102,324,14.4,0.00119,11.43461019782972,-8.711235196302594,-2.25,32.5,4.0,4.0,0,0,0,0,-1906.0,57.4,8.69,-1906.0,57.3,4.000000954,19.4,0.731,322,118.0,0.14,16,1,72,6,Layer 2 Up
172.42193340319483,18.75744031992909,-77.2,166,4.0,4.0,4.71,0.0491,326,2.91,-2.62e-05,163.47554620679003,-25.576314753753913,97.7,106.0,-2.0,4.0,-4.82,0.0813,324,14.3,0.000954,42.14119805544859,-40.156737558907544,4.0,32.5,4.0,4.0,0,0,0,0,-1906.0,57.3,-19.6,-1906.0,57.3,3.999999046,25.9,1.06,320,117.0,0.205,16,1,72,6,Layer 2 Up
134.15572386909534,0.5938020169380591,-52.3,166,4.0,4.0,3.34,0.0457,326,4.74,-1.31e-05,169.16594810448095,23.2922433464354,16.5,105.0,-2.0,4.0,-3.74,0.0708,324,13.0,0.000876,-1.674421221711981,8.85771274316707,-2.25,32.5,4.0,4.0,0,0,0,0,-1896.0,57.5,52.4,-1896.0,57.3,4.0,14.7,0.828,319,118.0,0.157,16,1,72,6,Layer 2 Up
188.31860261974646,5.598353011717734,-89.7,166,4.0,4.0,4.16,0.0528,326,4.25,-3.07e-05,32.8561166149147,-38.25858802718024,-121.0,105.0,-2.0,4.0,-8.45,0.153,324,15.0,0.00207,26.03065321288246,-2.785438072620483,4.0,32.5,4.0,4.0,0,0,0,0,-1896.0,57.4,-4.81,-1896.0,57.3,4.0,18.6,0.778,321,120.0,0.15,16,1,72,6,Layer 2 Up
186.923514149135,-13.616677348735799,-89.7,166,4.0,4.0,3.59,0.0519,326,4.93,0.0,88.15029490456713,36.44864286687655,-8.5,104.0,-2.0,4.0,-8.91,0.15,324,16.5,0.00192,48.672112461909705,-58.819516982040604,-2.25,32.5,4.0,4.0,0,0,0,0,-1886.0,57.3,8.19,-1886.0,57.3,4.0,20.8,1.01,319,120.0,0.196,16,1,2,6,Layer 2 Up
178.15747766829597,-21.151769691499307,47.8,166,-2.0,4.0,-4.43,0.0893,326,15.4,0.00112,172.71449926170243,8.732328637059975,-21.0,103.8,4.0,4.0,1.85,0.0272,325,3.24,3.52e-06,-3.7515097695783837,20.838543995767925,-2.25,32.5,4.0,4.0,0,0,0,0,-1886.0,57.3,12.37,-1886.0,57.3,4.000000954,19.7,0.927,320,119.0,0.179,16,1,73,6,Layer 2 Up
182.57240583381548,15.159619105840171,-21.0,165,-2.0,4.0,-6.29,0.115,326,14.0,0.00145,129.58121879313595,-59.75078707928172,-27.3,103.8,4.0,4.0,0.836,0.0304,325,3.56,-2.34e-06,7.3300313666673595,36.04180151709839,-2.25,32.5,4.0,4.0,0,0,0,0,-1876.0,57.2,-78.5,-1876.0,57.3,3.999999046,22.3,0.928,321,119.0,0.178,16,1,75,6,Layer 2 Up
174.3593250765094,8.176621744085326,60.3,165,-2.0,4.0,-6.5,0.11,326,15.5,0.00135,113.70814006180916,-4.234406285625854,-27.3,103.8,4.0,4.0,1.24,0.0226,325,2.69,0.0,20.010620646701675,87.9871214844566,4.0,32.5,4.0,4.0,0,0,0,0,-1876.0,57.4,45.0,-1866.0,57.3,4.0,18.4,0.997,318,118.0,0.19,16,1,75,6,Layer 2 Up
228.25693629544668,8.277671659511455,41.5,164,-2.0,4.0,-5.25,0.0995,326,15.9,0.0012,92.75412810342445,19.668293252673173,-27.3,103.8,4.0,4.0,0.939,0.022,325,3.01,-2.07e-06,-18.869890098032414,-8.994825910809588,4.0,32.5,4.0,4.0,0,0,0,0,-1866.0,57.3,-2.81,-1866.0,57.3,4.0,23.8,0.939,320,118.0,0.181,16,1,75,6,Layer 2 Up
160.25002308589302,4.1658380037965035,16.5,163,-2.0,4.0,-5.45,0.0926,326,14.1,0.0012,84.32497034924768,-1.7471070552163281,-27.3,103.8,4.0,4.0,1.55,0.0227,325,2.14,-4.51e-06,17.307757022975654,-13.894969298919527,4.0,32.5,4.0,4.0,0,0,0,0,-1856.0,57.4,1.0,-1856.0,57.3,4.0,17.3,0.776,320,119.0,0.15,16,1,75,6,Layer 2 Up
153.30392331743283,3.8307913792859134,22.8,163,2.66,-4.85,-5.72,0.115,326,10.1,0.000314,118.62496420310963,26.93588342216791,16.5,104.0,9.85,2.0,6.29,0.0993,324,13.8,0.0012,36.77106612418643,-32.852825056328804,4.0,32.5,4.0,4.0,0,0,0,0,-1856.0,57.4,63.2,-1856.0,57.3,4.000000954,18.5,0.927,319,121.0,0.179,16,1,75,6,Layer 2 Up
139.2075529845007,17.586893452476396,54.0,163,1.79,-4.45,-4.97,0.0821,326,9.09,0.000361,92.19389861269349,-11.001185352226631,-77.2,105.0,9.58,0.69,4.23,0.0633,325,13.0,0.00071,18.135103928383042,10.905681380846318,-2.25,32.5,4.0,4.0,0,0,0,0,-1846.0,57.5,66.7,-1846.0,57.3,4.0,15.9,0.875,322,115.0,0.165,16,1,75,6,Layer 2 Up
130.406561437137,21.83220149016041,-8.5,163,0.98,-3.85,-5.66,0.111,326,11.3,0.000715,102.83945308156936,-22.320599160229477,16.5,105.0,9.18,-0.54,7.07,0.108,325,13.1,0.00118,22.743260057838636,10.720619412523511,4.0,32.5,4.0,4.0,0,0,0,0,-1846.0,57.4,9.44,-1846.0,57.3,4.0,14.3,0.822,320,118.0,0.157,16,1,75,6,Layer 2 Up
122.70611104275767,20.549423742080677,22.8,162,0.23,-3.08,-4.79,0.0764,326,10.1,0.000563,109.98829713419377,6.912737917724445,-14.8,106.0,8.67,-1.67,9.34,0.134,324,11.8,0.00127,31.784479560656404,-22.94969815282788,4.0,32.5,4.0,4.0,0,0,0,0,-1836.0,57.3,-1.25,-1836.0,57.3,4.0,23.0,1.04,319,121.0,0.2,16,1,75,6,Layer 2 Up
133.93644461887448,-2.6283472253260185,-21.0,162,-0.43,-2.14,-6.5,0.112,326,11.8,0.00105,71.59293571689437,8.808712544494679,16.5,106.0,8.05,-2.68,6.19,0.117,325,12.7,0.00104,8.924198121927255,-1.810833003642811,4.0,32.5,4.0,4.0,0,0,0,0,-1836.0,57.3,-10.2,-1836.0,57.3,4.0,23.0,0.936,319,116.0,0.182,16,1,2,6,Layer 2 Up
159.7682844273668,30.093696608186093,54.0,161,-0.99,-1.07,-5.01,0.0831,326,12.9,0.000873,134.00159025220438,-1.203768088884095,-71.0,107.0,7.34,-3.52,3.48,0.0499,324,9.16,0.000287,57.34562191104085,-61.72745392970188,4.0,32.5,4.0,4.0,0,0,0,0,-1826.0,57.4,15.0,-1826.0,57.3,4.000000954,17.7,0.732,321,120.0,0.14,16,1,75,6,Layer 2 Up
171.5552860169354,3.7769394936114455,72.7,161,-1.43,0.13,-3.95,0.0715,326,13.0,0.000748,254.87614394826664,36.02917643598156,-58.5,107.0,6.55,-4.2,2.93,0.0414,325,7.21,0.000186,84.12740875219558,34.7724473283447,4.0,32.5,4.0,4.0,0,0,0,0,-1826.0,57.2,-23.4,-1826.0,57.3,3.999999046,24.1,1.05,319,120.0,0.202,16,1,75,6,Layer 2 Up
161.61479785224157,12.408262158145611,-2.25,160,-1.75,1.4,-5.92,0.114,326,14.3,0.0013,16.83120370007063,-14.765588926896934,-8.5,107.0,5.7,-4.69,4.95,0.0792,325,8.25,0.00029,15.804232905575201,-21.600477322837996,4.0,32.5,4.0,4.0,0,0,0,0,-1816.0,57.5,50.8,-1816.0,57.3,4.0,16.4,0.838,318,116.0,0.159,16,1,75,6,Layer 2 Up
135.82841291873666,4.413358229362422,54.0,160,-1.94,2.74,-4.43,0.0827,325,13.6,0.00101,123.44121494542715,12.37725017992133,-39.8,107.0,4.813,-4.98,4.53,0.0727,324,7.63,0.000166,49.944226335829356,2.823782905073003,-2.25,32.5,4.0,4.0,0,0,0,0,-1816.0,57.4,1.87,-1816.0,57.3,4.0,17.6,0.761,320,120.0,0.147,16,1,75,6,Layer 2 Up
187.42310500892023,8.380699841288727,1034.0,159,4.0,4.0,17.5,0.245,326,13.0,0.000665,68.4260322880653,5.583726583288814,-33.5,107.0,4.0,4.0,4.27,0.0815,324,7.02,-1.29e-05,23.885096601404996,-43.39200143275248,4.0,32.5,4.0,4.0,0,0,0,0,-1806.0,57.3,5.88,-1806.0,57.3,4.0,18.3,1.03,318,121.0,0.199,16,1,75,6,Layer 2 Up
182.34677228398917,-18.564567916784515,-33.5,159,-2.0,4.0,-4.98,0.0956,326,13.7,0.00122,136.29886710635745,-33.54223278816866,-58.5,107.0,4.0,4.0,4.26,0.0627,325,4.59,-9.53e-06,45.640286909776115,-15.344662425755317,4.0,32.5,4.0,4.0,0,0,0,0,-1806.0,57.3,11.25,-1806.0,57.3,4.000000954,22.3,0.922,319,118.0,0.179,16,1,75,6,Layer 2 Up
152.95914417140378,13.747080975734953,16.5,158,-2.0,4.0,-6.38,0.111,325,14.4,0.00147,109.36244394630417,-27.829216410978983,-58.5,107.0,4.0,4.0,3.65,0.0627,324,5.57,0.0,88.79413044464758,-5.287478410066875,4.0,32.5,4.0,4.0,0,0,0,0,-1796.0,57.2,-77.9,-1796.0,57.3,3.999999046,22.1,0.925,320,119.0,0.177,16,1,77,6,Layer 2 Down
137.3843341870358,61.52828984134705,35.3,158,-2.0,4.0,-6.11,0.0905,326,12.4,0.00111,145.65843806052277,4.386293249007408,54.0,107.0,4.0,4.0,2.5,0.0531,325,3.4,-1.64e-05,50.78772575955882,3.6249398592881255,4.0,32.5,4.0,4.0,0,0,0,0,-1796.0,57.2,-39.7,-1786.0,57.3,4.0,25.5,0.897,323,123.0,0.171,16,1,77,6,Layer 2 Down
174.31647598350008,-10.511648071009729,-39.8,157,-2.0,4.0,-5.11,0.094,326,12.8,0.0012,166.64817669459006,51.74513355684381,60.3,107.0,4.0,4.0,2.27,0.054,325,3.83,8.12e-06,-31.259186648370722,19.935788112276917,4.0,32.5,4.0,4.0,0,0,0,0,-1786.0,57.3,6.31,-1786.0,57.3,4.0,21.3,0.967,322,118.0,0.187,16,1,77,6,Layer 2 Down
161.93521954226992,-0.4661135905604237,-14.8,156,-2.0,4.0,-5.62,0.101,326,13.4,0.00128,116.7639341725293,17.773332236195746,-64.7,107.0,4.0,4.0,3.78,0.0625,324,5.06,9.64e-06,48.82240605312758,51.8032963496665,4.0,32.5,4.0,4.0,0,0,0,0,-1776.0,57.4,-1.88,-1776.0,57.3,4.0,17.3,0.789,319,120.0,0.153,16,1,77,6,Layer 2 Down
110.275739880693,-11.904803675030553,-2.25,156,-2.0,4.0,-4.83,0.0959,326,15.0,0.0012,164.4431962153634,-37.35236770552671,66.5,107.0,4.0,4.0,2.89,0.0513,325,2.86,-1.59e-05,76.8248816345043,28.339243127603257,4.0,32.5,4.0,4.0,0,0,0,0,-1776.0,57.1,-90.4,-1776.0,57.3,3.999999046,25.1,1.04,322,121.0,0.198,16,1,2,6,Layer 2 Down
152.85354022762917,-13.01768487898411,22.8,155,-2.0,4.0,-4.98,0.0878,326,13.6,0.00113,-11.955604152179703,-70.66370744302392,54.0,107.0,4.0,4.0,2.23,0.0537,324,4.8,0.0,24.533001165674218,35.96124880554354,4.0,32.5,4.0,4.0,0,0,0,0,-1766.0,57.4,57.1,-1766.0,57.3,4.0,16.5,0.862,322,117.0,0.163,16,1,77,6,Layer 2 Down
163.27371596934276,32.5065440373409,79.0,155,-2.0,4.0,-5.55,0.0887,326,14.3,0.00111,187.70357204820215,21.494680005213038,-52.3,107.0,4.0,4.0,4.22,0.0615,324,4.02,-9.54e-06,68.2958413262416,52.036787040058904,4.0,32.5,4.0,4.0,0,0,0,0,-1766.0,57.4,13.94,-1766.0,57.3,4.0,14.3,0.818,319,118.0,0.156,16,1,77,6,Layer 2 Down
125.5923595955458,-17.0839294529897,-52.3,154,-2.0,4.0,-5.77,0.106,326,14.1,0.00131,126.03160216591131,1.7874122198432962,54.0,107.0,4.0,4.0,2.01,0.0531,325,4.08,-1.59e-05,7.688426262264667,22.924596086532812,4.0,32.5,4.0,4.0,0,0,0,0,-1756.0,57.3,-13.6,-1756.0,57.3,4.0,21.7,0.895,323,120.0,0.172,16,1,77,6,Layer 2 Down
158.99425818386803,-12.4566973534736,35.3,153,-2.0,4.0,-7.03,0.112,326,13.7,0.00137,161.6924978705964,31.50647482736884,41.5,107.0,4.0,4.0,2.45,0.0528,324,3.61,-1.64e-05,-20.90926583866765,2.780657819403614,4.0,32.5,4.0,4.0,0,0,0,0,-1756.0,57.4,54.8,-1756.0,57.3,4.000000954,20.5,0.921,323,119.0,0.177,16,1,77,6,Layer 2 Down
107.06433978032152,-37.23683762714654,54.0,153,-2.0,4.0,-6.09,0.109,325,14.6,0.0013,45.100419489053984,-17.293940560256516,-52.3,107.0,4.0,4.0,3.65,0.0633,324,4.88,9.74e-06,37.575418986222495,37.520749583007564,4.0,32.5,4.0,4.0,0,0,0,0,-1746.0,57.4,21.3,-1746.0,57.3,4.000000954,17.0,0.723,319,120.0,0.138,16,1,77,6,Layer 2 Down
194.18974569226592,-17.122256836328766,516.0,152,-2.0,4.233,-4.42,0.153,325,11.8,0.00167,64.84463508684708,12.242709434863542,-52.3,107.0,3.828,-5.07,3.54,0.0544,324,3.9,2.43e-05,-30.650224964745874,39.64329719232491,4.0,32.5,4.0,4.0,0,0,0,0,-1746.0,57.2,-17.9,-1746.0,57.3,3.999999046,23.8,1.03,318,119.0,0.199,16,1,77,6,Layer 2 Down
191.4037121818921,-40.21426464829457,-39.8,152,-1.91,5.54,-4.56,0.0805,326,12.9,0.00098,114.40527814102751,23.288629794240467,-52.3,107.0,2.96,-4.94,-4.9,0.105,324,9.6,0.000218,23.879564997695073,25.544105175841608,4.0,32.5,4.0,4.0,0,0,0,0,-1736.0,57.3,0.62,-1736.0,57.3,4.0,25.7,0.946,323,120.0,0.182,16,1,77,6,Layer 2 Down
143.02682761253544,12.21551218723776,-46.0,151,-1.67,6.92,-5.72,0.0932,325,11.7,0.00118,106.13545440407302,-8.525238354202463,29.0,107.0,2.05,-4.59,-6.52,0.109,324,8.31,0.000347,78.76555958320783,-44.31992082794333,4.0,32.5,4.0,4.0,0,0,0,0,-1736.0,57.4,0.37,-1736.0,57.3,4.0,17.7,0.774,319,120.0,0.149,16,1,77,6,Layer 2 Down
161.47598084132272,61.18102056570207,72.7,150,-1.32,8.18,-4.15,0.0818,326,12.7,0.0009,121.36361607134052,-9.121395000249652,-14.8,107.0,1.22,-4.05,-7.71,0.123,324,8.49,0.000828,-36.161289786955734,-23.951681970181475,4.0,32.5,4.0,4.0,0,0,0,0,-1726.0,57.3,12.12,-1726.0,57.3,4.0,20.6,1.02,317,119.0,0.196,16,1,77,6,Layer 2 Down
73.90730986172048,-9.080574489473488,29.0,150,-0.84,9.35,-3.68,0.082,326,12.6,0.000823,161.0310421394986,0.8572175407463359,-39.8,106.0,0.45,-3.33,-7.0,0.136,324,11.3,0.00115,-13.501469617714399,-5.130122770287757,4.0,32.5,4.0,4.0,0,0,0,0,-1726.0,57.3,11.81,-1726.0,57.3,4.000000954,21.1,0.918,318,118.0,0.178,16,1,2,6,Layer 2 Down
113.48860857181741,-37.28523585997971,35.3,149,-0.25,10.39,-6.15,0.108,326,12.7,0.00095,16.428256739508,13.09377151144249,35.3,106.0,-0.24,-2.44,-6.65,0.0969,324,11.2,0.000831,-4.604430524495548,29.897505364614666,4.0,32.5,4.0,4.0,0,0,0,0,-1716.0,57.2,-76.6,-1716.0,57.3,3.999999046,21.8,0.919,320,119.0,0.176,16,1,77,6,Layer 2 Down
139.7240032426217,20.65892035988782,79.0,149,0.44,11.29,-5.03,0.0801,326,10.1,0.00058,155.4140426086522,-0.874532207608512,-14.8,106.0,-0.83,-1.4,-7.34,0.13,324,13.2,0.00124,30.223474875440267,3.2909131646125735,4.0,32.5,4.0,4.0,0,0,0,0,-1716.0,57.4,46.5,-1706.0,57.3,4.0,17.5,0.986,316,118.0,0.187,16,1,77,6,Layer 2 Down
115.1476649683245,-14.887637555700342,29.0,149,1.21,12.02,-6.02,0.105,326,10.5,0.000617,105.42024505724696,22.380981081527842,29.0,105.0,-1.31,-0.24,-7.5,0.132,324,14.1,0.00149,19.351464062029287,41.76458144478606,4.0,32.5,4.0,4.0,0,0,0,0,-1706.0,57.3,7.19,-1706.0,57.3,4.0,23.5,0.927,318,117.0,0.179,16,1,77,6,Layer 2 Down
171.5568922812191,30.8883258511883,16.5,149,2.04,12.57,-4.18,0.0854,326,8.49,0.000397,94.6595929768338,-13.033076631375243,-46.0,105.0,-1.67,1.01,-7.16,0.132,324,13.7,0.00171,82.80284558677597,47.714621935144294,16.5,32.5,4.0,4.0,0,0,0,0,-1696.0,57.4,5.25,-1696.0,57.3,4.0,16.8,0.773,319,120.0,0.149,16,1,77,6,Layer 2 Down
211.06414406162082,-3.242045445747406,97.7,148,2.92,12.92,-5.57,0.0972,326,7.23,0.000263,29.351892373663958,-33.80931412393933,-2.25,104.0,-1.9,2.34,-8.27,0.151,324,16.3,0.00191,66.81147761028275,43.834128146444186,4.0,32.5,4.0,4.0,0,0,0,0,-1696.0,57.4,63.3,-1696.0,57.3,4.000000954,19.3,0.924,316,120.0,0.178,16,1,77,6,Layer 2 Down
110.84868119040686,-10.170757370375402,91.5,148,3.82,13.07,-4.72,0.0877,326,4.84,5.43e-05,128.92596170617628,45.56859031422053,-52.3,103.4,-2.0,3.701,-7.71,0.143,324,15.7,0.0018,50.30644035515325,44.04573043248526,4.0,32.5,4.0,4.0,0,0,0,0,-1686.0,57.3,-35.4,-1686.0,57.3,3.999999046,23.6,1.07,318,115.0,0.206,16,1,77,6,Layer 2 Down
121.55730010616651,0.17978119828297956,66.5,148,4.0,4.0,-3.68,0.0713,326,3.51,0.0,-19.497937940733337,-16.532979661925673,41.5,102.9,-2.0,4.0,-5.67,0.0886,324,13.0,0.00114,37.73581497202845,-30.446935747861687,10.25,32.5,4.0,4.0,0,0,0,0,-1686.0,57.4,13.69,-1686.0,57.3,4.0,14.1,0.805,318,118.0,0.153,16,1,77,6,Layer 2 Down
155.43422400709335,21.055938785046493,72.7,148,4.0,4.0,-7.15,0.0676,326,2.28,1.02e-05,135.30115199946044,-15.843076904860606,29.0,102.3,-2.0,4.0,-4.42,0.0876,324,14.2,0.0011,46.63770452299392,20.032219634754505,4.0,32.5,4.0,4.0,0,0,0,0,-1676.0,57.3,-2.5,-1676.0,57.3,4.0,24.2,1.01,317,120.0,0.194,16,1,79,6,Layer 2 Down
198.8705939878306,-0.9237360397035967,66.5,148,4.0,4.0,-3.67,0.0639,326,3.61,2.92e-05,26.08677618660927,-3.901648970330131,-46.0,101.7,-2.0,4.0,-4.51,0.112,324,15.0,0.00147,1.5093361268389778,-16.18094199467705,4.0,32.5,4.0,4.0,0,0,0,0,-1676.0,57.3,-3.5,-1676.0,57.3,4.0,21.3,0.93,317,117.0,0.179,16,1,79,6,Layer 2 Down
109.40383335349233,-6.9068882965955245,91.5,148,4.0,4.0,-4.73,0.0637,326,2.04,0.0,103.91258968792953,-0.48523449609337876,-14.8,101.1,-2.0,4.0,-7.56,0.135,324,15.0,0.0018,63.319097133384545,-50.7788002466488,4.0,32.5,4.0,4.0,0,0,0,0,-1666.0,57.4,17.1,-1666.0,57.3,4.000000954,17.3,0.728,319,120.0,0.139,16,1,2,6,Layer 2 Down
155.8632539795334,-0.3359171220038819,47.8,148,4.0,4.0,-4.52,0.0603,326,2.32,3.74e-05,94.55307180114991,-11.294330058420485,-14.8,100.5,-2.0,4.0,-8.73,0.143,324,15.1,0.00183,-7.481084863850732,-5.549236085964683,4.0,32.5,4.0,4.0,0,0,0,0,-1666.0,57.2,-18.3,-1666.0,57.3,3.999999046,23.5,1.05,317,119.0,0.202,16,1,79,6,Layer 2 Down
205.5070608388467,-24.27498720078414,47.8,148,4.0,4.0,-4.62,0.0667,326,1.72,3.03e-05,159.34532350132542,-2.2690412384808596,10.25,99.9,-2.0,4.0,-8.4,0.144,324,15.6,0.00179,62.53412710923042,48.005204787387214,4.0,32.5,4.0,4.0,0,0,0,0,-1656.0,57.5,58.3,-1656.0,57.3,4.0,16.5,0.841,317,115.0,0.157,16,1,79,6,Layer 2 Down
95.84611334759259,13.082743216905262,60.3,148,4.243,13.07,-2.32,0.0351,326,1.35,4.98e-06,90.4345848830623,-2.8857252031004834,91.5,99.4,-2.0,4.341,-7.65,0.133,324,16.1,0.0017,75.14512302629555,19.304960181144608,4.0,32.5,4.0,4.0,0,0,0,0,-1656.0,57.4,0.75,-1656.0,57.3,4.0,17.9,0.772,318,120.0,0.148,16,1,79,6,Layer 2 Down
107.5505565800107,-34.91172706568441,-33.5,148,5.14,12.91,3.93,0.0737,326,5.88,0.000173,63.677653844596826,2.231958260935648,-58.5,98.8,-1.89,5.7,-4.73,0.117,324,15.0,0.00151,40.081169110687895,71.02773223919448,4.0,32.5,4.0,4.0,0,0,0,0,-1646.0,57.3,14.3,-1646.0,57.3,4.0,20.5,1.01,317,120.0,0.194,16,1,79,6,Layer 2 Down
135.62472615155647,-3.908314041398137,41.5,149,5.98,12.57,6.04,0.104,326,8.6,0.000381,72.5936979451086,-58.41458092568291,60.3,98.3,-1.66,6.97,-5.3,0.0901,324,13.9,0.00111,26.164650271911007,9.887243308960471,4.0,32.5,4.0,4.0,0,0,0,0,-1646.0,57.3,-5.62,-1646.0,57.3,3.999999046,20.7,1.03,322,118.0,0.2,16,1,79,6,Layer 2 Down
132.56254959656437,23.74182312862376,-27.3,149,6.85,12.0,4.33,0.0794,326,8.36,0.000483,162.28929096566404,43.738752777598265,-21.0,97.7,-1.28,8.28,-6.99,0.133,324,13.5,0.00151,46.892254942400555,85.33628234953692,10.25,32.5,4.0,4.0,0,0,0,0,-1636.0,57.2,-75.9,-1636.0,57.3,3.999999046,21.3,0.913,319,119.0,0.175,16,1,79,6,Layer 2 Down
174.65768471863447,14.460982896657342,10.25,149,7.61,11.26,3.81,0.0807,326,9.85,0.000659,124.41306457806631,-4.07022267642154,10.25,97.2,-0.79,9.44,-5.71,0.0931,324,12.1,0.000868,-70.37954669608715,9.896912432942447,4.0,32.5,4.0,4.0,0,0,0,0,-1636.0,57.4,-42.1,-1626.0,57.3,4.0,18.9,0.993,315,118.0,0.19,16,1,79,6,Layer 2 Down
156.6303458950909,21.240004656954504,22.8,150,8.26,10.4,5.16,0.0988,326,12.5,0.000839,77.23215943126353,13.405848325517097,-33.5,96.7,-0.22,10.43,-4.99,0.111,324,12.1,0.00105,43.36702389468047,4.746752043306862,4.0,32.5,4.0,4.0,0,0,0,0,-1626.0,57.3,0.5,-1626.0,57.3,4.0,21.7,0.972,322,118.0,0.188,16,1,79,6,Layer 2 Down
93.95601188409321,7.398836256395888,-14.8,150,8.87,9.32,5.1,0.0927,326,12.0,0.001,84.40211064855646,-32.7240510711735,-2.25,96.3,0.5,11.35,-5.21,0.116,324,11.6,0.000838,28.424608405173963,-38.49886904550995,4.0,32.5,4.0,4.0,0,0,0,0,-1616.0,57.4,5.88,-1616.0,57.3,4.0,17.4,0.771,318,118.0,0.148,16,1,79,6,Layer 2 Down
166.27395601955106,35.44694351849935,54.0,150,9.33,8.2,6.57,0.108,326,11.6,0.00125,16.57747083764943,-10.24096474907251,-27.3,96.0,1.24,12.04,-5.0,0.0985,325,9.66,0.000617,30.679778478515153,40.89075045375924,-2.25,32.5,4.0,4.0,0,0,0,0,-1616.0,57.1,-88.4,-1616.0,57.3,3.999999046,25.6,1.04,322,120.0,0.198,16,1,79,6,Layer 2 Down
132.76435244708267,30.32996494621748,4.0,151,9.69,6.88,5.23,0.0923,326,12.7,0.00105,115.51216345084336,-14.039787688159535,16.5,95.8,2.11,12.6,-4.84,0.0935,324,8.01,0.000401,57.9018095471526,-12.679627504360205,4.0,32.5,4.0,4.0,0,0,0,0,-1606.0,57.3,-32.8,-1606.0,57.3,3.999999046,23.2,1.05,317,115.0,0.203,16,1,2,6,Layer 2 Down
192.24035572625488,19.923370037360524,60.3,152,9.91,5.56,5.53,0.104,326,13.0,0.00126,6.402500198432392,38.27628811021042,10.25,95.7,2.99,12.94,-5.06,0.0942,324,7.05,0.000196,29.811849248319216,-17.493673550427854,4.0,32.5,4.0,4.0,0,0,0,0,-1606.0,57.4,16.9,-1606.0,57.3,4.0,14.2,0.804,317,117.0,0.152,16,1,79,6,Layer 2 Down
132.18407872850335,30.443471929936415,-27.3,152,10.0,4.192,5.81,0.105,326,14.7,0.00133,133.74805406338507,-10.255618925615533,16.5,95.6,3.891,13.07,-6.6,0.117,325,6.56,5.63e-05,-8.493608769988292,46.585006100181346,10.25,32.5,4.0,4.0,0,0,0,0,-1596.0,57.3,8.38,-1596.0,57.3,4.0,23.7,1.0,316,121.0,0.194,16,1,79,6,Layer 2 Down
132.89902985995099,26.891889336815154,-2.25,153,10.0,4.0,4.73,0.0701,326,11.4,0.00091,102.12658490303332,22.221214541077465,4.0,95.6,4.0,4.0,-4.99,0.0924,325,5.3,1.47e-05,27.416180574574078,42.49892127812137,10.25,32.5,4.0,4.0,0,0,0,0,-1596.0,57.3,-6.6,-1596.0,57.3,4.0,23.7,0.943,317,116.0,0.183,16,1,79,6,Layer 2 Down
170.086096798703,0.3456042492973257,60.3,153,10.0,4.0,5.04,0.0897,326,11.9,0.00115,216.71997120876307,-11.608509410926573,4.0,95.6,4.0,4.0,-5.03,0.094,325,4.75,1.5e-05,34.928807604972825,41.629561159324254,22.8,32.5,4.0,4.0,0,0,0,0,-1586.0,57.4,22.3,-1586.0,57.3,4.000000954,17.2,0.718,317,119.0,0.137,16,1,81,6,Layer 2 Down
178.08921502131864,-20.102276978612096,4.0,154,10.0,4.0,5.61,0.107,326,13.9,0.00135,39.776339624197796,-6.879151206825442,-2.25,95.6,4.0,4.0,-4.89,0.0909,324,4.56,1.44e-05,36.632193889444345,-8.031290316352587,10.25,32.5,4.0,4.0,0,0,0,0,-1586.0,57.3,-15.4,-1586.0,57.3,3.999999046,24.7,1.05,316,118.0,0.203,16,1,81,6,Layer 2 Down
168.1486266090946,19.228245326852747,-64.7,155,10.0,4.0,5.29,0.0946,326,14.5,0.0012,90.39066585538407,-1.9020450583037176,-2.25,95.6,4.0,4.0,-5.24,0.0918,324,4.13,1.46e-05,38.32145174452226,2.3066801560038543,4.0,32.5,4.0,4.0,0,0,0,0,-1576.0,57.5,56.0,-1576.0,57.3,4.0,15.2,0.846,315,117.0,0.16,16,1,81,6,Layer 2 Down
101.77768152251925,22.23320695953185,-8.5,155,10.0,4.0,5.56,0.0871,326,12.2,0.00106,186.8496660383982,34.85850820029916,-2.25,95.6,4.0,4.0,-5.18,0.0903,324,4.3,1.43e-05,69.86820888813789,2.011752448694953,4.0,32.5,4.0,4.0,0,0,0,0,-1576.0,57.4,3.188,-1576.0,57.3,4.0,17.9,0.76,317,120.0,0.146,16,1,81,6,Layer 2 Down
172.98830439416102,34.45834269847556,35.3,156,10.0,4.0,3.28,0.0791,326,13.7,0.001,156.05412352116738,-41.42450842187294,-2.25,95.6,4.0,4.0,-4.74,0.0905,324,4.64,1.44e-05,-6.545963737255278,30.018743425162093,16.5,32.5,4.0,4.0,0,0,0,0,-1566.0,57.3,17.5,-1566.0,57.3,4.0,20.4,0.991,316,119.0,0.192,16,1,81,6,Layer 2 Down
123.34197903480027,-10.91925258079459,41.5,156,10.0,4.0,5.57,0.104,326,14.0,0.00133,60.27243969584823,-27.648296113245998,-14.8,95.6,4.0,4.0,-4.98,0.0893,324,4.28,1.43e-05,38.816920231373366,55.63141935825178,10.25,32.5,4.0,4.0,0,0,0,0,-1566.0,57.4,14.6,-1566.0,57.3,4.000000954,23.7,0.906,315,115.0,0.175,16,1,81,6,Layer 2 Down
164.42878504370282,-10.342404263325014,-27.3,157,10.0,4.0,6.37,0.111,325,14.2,0.0014,106.96467375718895,-42.80543717319714,-2.25,95.6,4.0,4.0,-4.59,0.0899,324,4.91,2.88e-05,78.87656149626469,16.22911791066864,4.0,32.5,4.0,4.0,0,0,0,0,-1556.0,57.2,-63.4,-1556.0,57.3,3.999999046,22.1,0.904,318,118.0,0.173,16,1,2,6,Layer 2 Down
112.04593726707603,20.29033807083256,-21.0,158,10.0,4.0,5.04,0.0809,326,12.9,0.000997,95.7014524011229,-22.18920665289357,-21.0,95.6,4.0,4.0,-4.59,0.0895,325,4.74,2.82e-05,-29.86410933557677,69.6270696174859,10.25,32.5,4.0,4.0,0,0,0,0,-1556.0,57.4,49.8,-1546.0,57.3,4.0,18.4,0.992,315,118.0,0.189,16,1,81,6,Layer 2 Down
172.09251144095597,8.542270184189924,47.8,158,10.0,4.0,4.33,0.0896,326,12.5,0.00113,109.90715381308415,-15.557623086070883,-21.0,95.6,4.0,4.0,-4.35,0.0893,325,4.83,1.42e-05,38.95879798544098,33.80306666459748,4.0,32.5,4.0,4.0,0,0,0,0,-1546.0,57.3,3.75,-1546.0,57.3,4.0,24.0,0.93,316,118.0,0.179,16,1,81,6,Layer 2 Down
133.5318390543964,-32.121190349146715,10.25,159,10.0,4.0,6.9,0.107,326,12.2,0.00139,60.147187628290496,-34.80567988883418,-2.25,95.6,4.0,4.0,-4.5,0.088,324,5.3,1.41e-05,11.454014219205416,-3.799582626628914,10.25,32.5,4.0,4.0,0,0,0,0,-1536.0,57.4,9.0,-1536.0,57.3,4.0,17.8,0.769,318,118.0,0.148,16,1,81,6,Layer 2 Down
118.50112809129885,18.318633060698428,-8.5,159,10.0,4.0,4.77,0.0996,326,13.9,0.00122,91.06765686454196,-13.670979087127131,-14.8,95.6,4.0,4.0,-4.99,0.0887,324,4.39,0.0,19.17193029105613,31.553193205571233,16.5,32.5,4.0,4.0,0,0,0,0,-1536.0,57.4,66.1,-1536.0,57.3,4.000000954,18.7,0.938,315,120.0,0.181,16,1,81,6,Layer 2 Down
182.53869429410818,-31.257406723492636,-2.25,160,10.0,4.0,4.98,0.0819,325,12.3,0.00103,14.510780804974232,-44.47568782785239,-21.0,95.6,4.0,4.0,-4.94,0.0883,324,4.15,1.38e-05,-0.03034708794940144,60.69304299077354,10.25,32.5,4.0,4.0,0,0,0,0,-1526.0,57.3,-33.6,-1526.0,57.3,3.999999046,23.5,1.05,316,114.0,0.202,16,1,81,6,Layer 2 Down
167.62986601744961,-10.888597890482348,54.0,161,10.0,4.0,4.91,0.1,325,12.8,0.0013,102.4565056918251,-20.493382302294485,-14.8,95.6,4.0,4.0,-5.24,0.0882,324,4.11,4.22e-05,26.404180048075265,70.37930262229733,4.0,32.5,4.0,4.0,0,0,0,0,-1526.0,57.4,18.5,-1526.0,57.3,4.0,15.4,0.811,317,116.0,0.154,16,1,81,6,Layer 2 Down
141.61383432181995,40.05590306336263,-21.0,161,10.0,4.0,7.39,0.1,326,13.0,0.00128,118.43518712775432,32.903311026634896,29.0,95.6,4.0,4.0,-5.03,0.0741,325,6.79,-1.16e-05,98.69826206364733,43.40123934762004,-2.25,32.5,4.0,4.0,0,0,0,0,-1516.0,57.3,-19.9,-1516.0,57.3,4.0,22.4,0.915,322,120.0,0.177,16,1,81,6,Layer 2 Down
207.82061330651186,50.53290458557737,-33.5,162,10.0,4.0,6.39,0.118,326,14.8,0.0015,84.06016383043097,13.65064497348692,-27.3,95.6,4.0,4.0,-3.84,0.0871,324,4.96,2.77e-05,-12.959789371229832,4.852855789745086,4.0,32.5,4.0,4.0,0,0,0,0,-1516.0,57.3,-5.37,-1516.0,57.3,4.0,24.1,0.945,317,115.0,0.183,16,1,81,6,Layer 2 Down
148.0865087546269,-17.151196120673312,-33.5,162,10.0,4.0,4.69,0.088,326,13.7,0.00111,13.648233146880273,8.45597395132389,-21.0,95.6,4.0,4.0,-4.59,0.0866,325,4.41,2.77e-05,-9.550733667663906,-3.1731316051379803,10.25,32.5,4.0,4.0,0,0,0,0,-1506.0,57.4,27.8,-1506.0,57.3,4.000000954,18.5,0.714,317,118.0,0.136,16,1,81,6,Layer 2 Down
164.01379186596208,2.701301207849653,60.3,163,10.0,4.0,4.14,0.0923,326,14.8,0.00116,145.76060684128032,-20.05279063678492,35.3,95.6,4.0,4.0,-5.48,0.0765,325,6.26,-4.83e-05,-14.308170028163786,23.1109168904783,-8.5,32.5,4.0,4.0,0,0,0,0,-1506.0,57.3,-10.3,-1506.0,57.3,4.0,19.0,0.897,321,119.0,0.173,16,1,81,6,Layer 2 Down
171.49087561282616,4.1509050728114305,-596.0,164,9.5,879.0,3.53,0.16,326,3.97,0.000259,114.09692235697537,-32.87134613004633,29.0,95.6,3.9601,-5.21,-4.45,0.0747,324,7.2,-4.69e-05,94.60549341207906,59.606201370236896,-2.25,32.5,4.0,4.0,0,0,0,0,-1496.0,57.3,-15.0,-1496.0,57.3,4.0,23.6,1.04,321,118.0,0.2,16,1,2,6,Layer 2 Down
144.43420136251345,49.76902995226096,54.0,164,9.87,1.22,4.05,0.0791,326,12.5,0.000986,58.76015776004934,-24.51076140469636,10.25,95.6,2.76,-9.5,-7.28,0.135,324,9.17,0.000302,15.877601269091628,18.43397291218418,10.25,32.5,4.0,4.0,0,0,0,0,-1496.0,57.4,1.62,-1496.0,57.3,4.0,20.0,0.777,317,118.0,0.149,16,1,81,6,Layer 2 Down
179.87601196027916,-1.565866712348658,-21.0,165,9.43,-1.77,4.58,0.0768,326,12.5,0.000856,81.16162365395941,0.6114083741570544,-33.5,95.4,1.46,-8.5,-3.77,0.0777,324,8.33,0.000351,31.578204447735367,19.12367137625378,16.5,32.5,4.0,4.0,0,0,0,0,-1486.0,57.3,17.8,-1486.0,57.3,4.0,22.9,1.02,317,117.0,0.197,16,1,81,6,Layer 2 Down
148.15637405177537,-1.8592443217801744,-27.3,165,8.72,-4.45,5.38,0.0835,326,11.2,0.000823,18.95223912303011,21.33750162978715,41.5,95.0,0.29,-6.8,-3.47,0.0697,324,10.7,0.000501,18.018832648113023,5.707337504381491,4.0,32.5,4.0,4.0,0,0,0,0,-1486.0,57.4,16.4,-1486.0,57.3,4.000000954,23.3,0.913,316,115.0,0.176,16,1,81,6,Layer 2 Down
153.00262176703177,42.251943047003714,4.0,166,7.71,-6.8,7.9,0.102,326,10.3,0.000795,42.56809672662704,21.089307969819803,4.0,94.6,-0.72,-4.54,-9.06,0.155,324,15.0,0.00148,-1.4546300435267057,-6.891908154920811,-2.25,32.5,4.0,4.0,0,0,0,0,-1476.0,57.3,21.1,-1476.0,57.3,4.000000954,23.1,0.919,322,120.0,0.177,16,1,81,6,Layer 2 Down
209.02510439392927,-1.641515950062085,22.8,166,6.59,-8.4,5.21,0.0948,326,9.26,0.000502,66.9100920939625,13.527402051259507,-52.3,94.1,-1.41,-1.99,-2.78,0.0659,324,11.1,0.000727,24.045680020172725,-1.360795333784882,16.5,32.5,4.0,4.0,0,0,0,0,-1476.0,57.4,51.6,-1466.0,57.3,4.0,15.2,1.0,317,121.0,0.191,16,1,81,6,Layer 2 Down
133.14375271077992,21.59226222767613,22.8,166,5.29,-9.4,5.0,0.105,326,6.88,0.000319,155.93317884432187,-19.507920652109732,29.0,93.5,-1.86,0.98,-5.15,0.0945,324,13.1,0.00115,120.88069692973332,8.523589809820457,10.25,32.5,4.0,4.0,0,0,0,0,-1466.0,57.3,5.63,-1466.0,57.3,4.0,31.2,0.958,317,110.0,0.184,16,1,81,6,Layer 2 Down
89.81705768957693,-28.829941128177083,41.5,166,4.0,3.469,2.21,0.0736,326,3.31,3.42e-05,60.54998056264746,-1.0899200996109233,160.0,93.0,4.0,421.0,0.864,0.0368,324,5.78,8.6e-05,82.5488226163641,61.07196533460068,4.0,32.5,4.0,4.0,0,0,0,0,-1456.0,57.4,9.81,-1456.0,57.3,4.0,18.9,0.781,319,118.0,0.15,16,1,81,6,Layer 2 Down
216.8649372607572,0.12981120713706407,-27.3,166,4.0,4.0,1.66,0.0415,326,6.32,-3.51e-05,124.98606025442058,-9.54379073693184,-14.8,92.4,-2.0,4.0,-7.92,0.128,325,15.8,0.00159,1.8345124143544957,-3.9628289904416008,4.0,32.5,4.0,4.0,0,0,0,0,-1456.0,57.3,-21.1,-1456.0,57.3,4.0,25.1,0.948,321,117.0,0.182,16,1,81,6,Layer 2 Down
246.49439969903497,-33.02547241213907,-8.5,166,4.0,4.0,1.38,0.0386,326,6.5,-2.7e-05,64.58447439808222,-6.655798210296489,-27.3,91.8,-2.0,4.0,-6.81,0.121,325,15.1,0.00145,55.78209067997965,5.722671601866743,-8.5,32.5,4.0,4.0,0,0,0,0,-1446.0,57.4,42.4,-1446.0,57.3,4.000000954,18.8,0.717,323,118.0,0.136,16,1,82,6,Layer 2 Down
153.2037231594888,-19.546643038331293,-8.5,166,4.0,4.0,3.04,0.0433,326,3.53,-2.16e-05,103.88148632788597,47.31441681298744,91.5,91.2,-2.0,4.0,-6.15,0.0996,325,14.9,0.00122,2.604442867378605,-24.77117539383553,-2.25,32.5,4.0,4.0,0,0,0,0,-1446.0,57.1,-68.7,-1446.0,57.3,3.999999046,28.6,1.1,321,117.0,0.21,16,1,2,6,Layer 2 Down
104.84481781383003,22.672514954146187,-21.0,166,4.0,4.0,3.05,0.0378,326,4.55,-1.06e-05,83.62523461438856,-44.70144693565085,4.0,90.8,-2.0,4.0,-4.53,0.0952,325,14.5,0.00127,-31.36535881077301,27.780100676890306,-8.5,32.5,4.0,4.0,0,0,0,0,-1436.0,57.4,37.1,-1436.0,57.3,4.0,17.9,0.865,321,116.0,0.165,16,1,82,6,Layer 2 Down
156.19654522890855,2.8866147258020534,-8.5,166,4.0,4.0,1.94,0.0351,326,5.31,-1.51e-05,134.50109995758163,-7.920693178033185,-14.8,90.2,-2.0,4.0,-8.0,0.121,325,12.1,0.00161,69.15425396425422,49.34844414296989,-14.8,32.5,4.0,4.0,0,0,0,0,-1436.0,57.4,18.9,-1436.0,57.3,4.0,19.7,0.752,322,119.0,0.144,16,1,84,6,Layer 2 Down
156.96258113674583,-3.16922348882881,-27.3,166,4.0,4.0,1.37,0.0438,326,6.26,-2.87e-05,62.46232009430834,27.025603087161056,-21.0,89.6,-2.0,4.0,-9.2,0.164,325,15.1,0.00209,74.20856543683936,57.937682587443526,-2.25,32.5,4.0,4.0,0,0,0,0,-1426.0,57.2,-36.4,-1426.0,57.3,4.0,24.2,1.04,321,118.0,0.199,16,1,84,6,Layer 2 Down
160.0032016845899,-12.804544083285679,-58.5,166,4.0,4.0,2.77,0.0524,326,5.52,-2.08e-05,9.205939475082545,-37.23417566101468,-2.25,89.0,-2.0,4.0,-7.81,0.143,325,17.2,0.00178,70.10848874244455,10.7303769449523,-2.25,32.5,4.0,4.0,0,0,0,0,-1426.0,57.4,31.6,-1426.0,57.3,4.000000954,22.1,0.87,322,118.0,0.168,16,1,84,6,Layer 2 Down
130.84504789784535,-0.9728193038767534,-27.3,166,4.0,4.0,-2.21,0.0498,326,11.0,-1.65e-05,18.276411027395156,-17.29311648918329,-14.8,88.4,-2.0,4.0,-7.84,0.143,325,16.2,0.00183,15.607037035637486,23.05394058368672,-8.5,32.5,4.0,4.0,0,0,0,0,-1416.0,57.3,-44.4,-1416.0,57.3,3.999999046,21.4,0.945,322,116.0,0.182,16,1,84,6,Layer 2 Down
184.29949975828887,10.667810617584358,-33.5,166,4.0,4.0,0.827,0.0411,326,6.89,-2.9e-05,60.81119077292002,-14.395972101544274,22.8,87.8,-2.0,4.0,-8.13,0.133,324,15.3,0.00162,26.503948360664232,-1.100645296073866,4.0,32.5,4.0,4.0,0,0,0,0,-1416.0,57.3,-18.4,-1416.0,57.3,4.0,20.6,1.02,321,116.0,0.195,16,1,84,6,Layer 2 Down
182.56119067309282,25.853781765151023,-33.5,166,4.0,4.0,2.22,0.0419,326,5.54,-1.83e-05,23.819538059566526,-7.016992930107174,66.5,87.2,-2.0,4.0,-5.41,0.0971,325,15.2,0.00117,59.45615764506686,21.514761276701023,-2.25,32.5,4.0,4.0,0,0,0,0,-1406.0,57.3,-2.0,-1406.0,57.3,4.0,24.8,0.886,321,120.0,0.17,16,1,84,6,Layer 2 Down
118.81451209476339,-54.641812062537824,-58.5,166,4.0,4.0,1.38,0.0419,326,6.16,-2.32e-05,107.41519515285762,-40.180434656681705,110.0,86.6,-2.0,4.0,-3.98,0.0632,325,14.4,0.000711,46.575371759458825,14.429316302266377,4.0,32.5,4.0,4.0,0,0,0,0,-1406.0,57.4,9.88,-1406.0,57.3,4.0,19.6,0.814,322,118.0,0.157,16,1,84,6,Layer 2 Down
188.07696390405656,-14.631525114986463,-39.8,166,4.0,4.0,3.88,0.0389,326,4.01,-1.07e-05,62.36574532940346,12.128298867662092,16.5,86.0,-2.0,4.0,-2.06,0.0548,324,13.5,0.000637,18.34763773219839,5.935430473625631,4.0,32.5,4.0,4.0,0,0,0,0,-1396.0,57.3,18.2,-1396.0,57.3,4.000000954,24.3,0.904,321,118.0,0.174,16,1,84,6,Layer 2 Down
230.81302071159234,7.424424408390852,-58.5,166,4.0,4.0,3.61,0.0401,326,4.79,-1.51e-05,205.89354202404974,13.884884616157162,-27.3,85.4,-2.0,4.0,-3.74,0.0833,324,14.1,0.00108,-25.710136500471016,8.55091174411258,-2.25,32.5,4.0,4.0,0,0,0,0,-1386.0,57.3,-22.4,-1386.0,57.3,3.999999046,23.3,1.01,320,117.0,0.196,16,1,84,6,Layer 2 Down
171.4296049738962,1.7193718087996297,-39.8,166,4.0,4.0,2.22,0.0453,326,5.51,-2.34e-05,-3.3760334538915373,10.399311977792726,47.8,84.8,-2.0,4.0,-5.52,0.103,324,15.2,0.00126,36.59413005195803,18.98698588453736,-2.25,32.5,4.0,4.0,0,0,0,0,-1386.0,57.5,43.7,-1386.0,57.3,4.0,15.4,0.803,321,115.0,0.154,16,1,2,6,Layer 2 Down
155.34904142234151,13.124291631844,72.7,166,4.0,4.0,0.84,0.0507,326,3.04,1.43e-05,94.53286250140562,-22.850306199056778,-21.0,84.1,-2.0,4.0,-6.61,0.101,324,13.6,0.0012,71.29339854156323,-5.74617606736266,16.5,32.5,4.0,4.0,0,0,0,0,-1376.0,57.4,59.4,-1376.0,57.3,4.0,19.7,0.961,318,114.0,0.184,16,1,84,6,Layer 2 Down
161.51628362001142,9.868802334610297,-58.5,166,4.0,4.0,2.21,0.0395,326,6.01,-2.29e-05,26.364810853645842,-0.020626179018039537,41.5,83.6,-2.0,4.0,-4.39,0.0775,325,14.7,0.000953,-10.556630910268112,-4.055275328280455,4.0,32.5,4.0,4.0,0,0,0,0,-1376.0,57.3,-16.4,-1376.0,57.3,4.0,22.7,0.935,321,119.0,0.181,16,1,84,6,Layer 2 Down
185.4265802747184,-2.6515775819344656,85.2,166,4.0,4.0,1.94,0.0509,326,1.82,3.68e-05,57.96356811554276,-23.8189503144892,-39.8,83.0,-2.0,4.0,-7.08,0.131,324,14.3,0.00169,55.465176921923955,60.715270281785926,4.0,32.5,4.0,4.0,0,0,0,0,-1366.0,57.3,-33.3,-1366.0,57.3,3.999999046,22.9,1.07,320,114.0,0.205,16,1,84,6,Layer 2 Down
111.35447202114284,-7.579052564321615,91.5,166,4.0,4.0,0.278,0.0449,326,2.86,1.28e-05,89.57598174476027,-9.994295082271606,-8.5,82.4,-2.0,4.0,-8.71,0.144,324,15.2,0.00184,44.41984635241276,94.03913134740571,4.0,32.5,4.0,4.0,0,0,0,0,-1366.0,57.4,15.1,-1366.0,57.3,4.0,15.0,0.829,321,117.0,0.158,16,1,84,6,Layer 2 Down
171.19059579554227,-1.3271185539900827,85.2,166,4.0,4.0,0.824,0.0477,326,2.56,6.68e-06,-36.19522471494,49.810766389168464,-14.8,81.8,-2.0,4.0,-7.57,0.138,324,16.1,0.00169,59.469917119030896,-35.981745176244814,16.5,32.5,4.0,4.0,0,0,0,0,-1356.0,57.3,5.94,-1356.0,57.3,4.0,23.8,1.03,320,120.0,0.198,16,1,84,6,Layer 2 Down
153.6711973506657,29.828349729148226,97.7,166,4.0,4.0,1.39,0.0519,326,1.98,3.22e-05,93.2171561285692,0.4001345976814399,-39.8,81.2,-2.0,4.0,-7.59,0.135,324,14.8,0.00166,63.84994521738102,-37.83720218461877,4.0,32.5,4.0,4.0,0,0,0,0,-1356.0,57.3,-2.88,-1356.0,57.3,4.0,22.0,0.953,320,117.0,0.184,16,1,84,6,Layer 2 Down
224.34461784905068,-12.231038297589807,60.3,166,4.0,4.0,4.44,0.0411,326,3.12,-1.76e-05,177.25833732575956,-30.993395007212364,-109.0,80.6,-2.0,4.0,-6.2,0.113,325,13.9,0.00154,7.532042417761868,-27.81976929639469,-2.25,32.5,4.0,4.0,0,0,0,0,-1346.0,57.4,10.81,-1346.0,57.3,4.000000954,18.5,0.74,321,119.0,0.141,16,1,84,6,Layer 2 Down
160.50053900000086,2.6987870419128757,54.0,166,4.0,4.0,1.1,0.0493,326,2.83,2.13e-05,57.09139393884789,2.3045411937845315,-64.7,80.1,-2.0,4.0,-6.2,0.135,324,14.6,0.00178,-25.634189125996798,0.5689582355814045,4.0,32.5,4.0,4.0,0,0,0,0,-1346.0,57.3,-12.7,-1346.0,57.3,3.999999046,24.1,1.06,320,118.0,0.206,16,1,84,6,Layer 2 Down
218.6631388814571,7.965350095644087,-71.0,166,4.0,4.0,3.34,0.0404,326,5.33,-1.13e-05,92.68330774073898,-34.4917739669872,-8.5,79.4,-2.0,4.0,-7.3,0.122,324,14.0,0.00157,13.318488698419578,33.73109940353729,-2.25,32.5,4.0,4.0,0,0,0,0,-1336.0,57.5,55.8,-1336.0,57.3,4.0,15.7,0.964,321,116.0,0.186,16,1,84,6,Layer 2 Down
131.14966040344015,38.71130415118308,-64.7,166,3.99695,3.236,3.34,0.045,326,4.33,-1.77e-05,131.00711886379278,-25.694420081490772,41.5,79.0,2.0,-496.0,0.167,0.0538,325,3.62,2.75e-06,64.46660078721364,23.64028140760758,4.0,32.5,4.0,4.0,0,0,0,0,-1336.0,57.3,-14.9,-1336.0,57.3,4.0,21.7,1.01,320,115.0,0.194,16,1,84,6,Layer 2 Down
184.54256297280455,-3.779853165350082,72.7,166,2.65,-9.4,-3.57,0.0583,326,7.73,0.000152,70.08058474980916,-26.844441154784715,-64.7,78.4,-1.85,7.03,-6.87,0.131,324,15.8,0.00164,13.013451709799831,9.689542282925633,-8.5,32.5,4.0,4.0,0,0,0,0,-1326.0,57.3,-3.5,-1326.0,57.3,4.0,25.0,0.89,320,119.0,0.171,16,1,2,6,Layer 2 Down
176.0849843470695,22.860899627471486,29.0,166,1.36,-8.4,-6.12,0.0986,326,9.91,0.000506,48.4206107132405,-11.77942432270797,129.0,77.8,-1.39,10.0,-4.38,0.0682,325,13.8,0.000696,7.547211546152777,21.54521783731238,-8.5,32.5,4.0,4.0,0,0,0,0,-1326.0,57.4,15.7,-1326.0,57.3,4.0,19.5,0.81,321,117.0,0.157,16,1,86,6,Layer 2 Down
138.56004804896205,27.68536171827852,-52.3,166,0.2,-6.7,-4.8,0.0888,326,11.6,0.000714,-38.07662074563659,22.05099169097035,110.0,77.3,-0.65,12.65,-5.23,0.0904,324,14.4,0.000874,-32.98261213691869,-19.014766152201222,-2.25,32.5,4.0,4.0,0,0,0,0,-1316.0,57.3,18.0,-1316.0,57.3,4.000000954,25.7,0.917,320,117.0,0.176,16,1,86,6,Layer 2 Down
170.6012384526829,-2.1423525407218134,-33.5,165,-0.75,-4.44,-5.09,0.11,326,14.4,0.00109,109.42549024746201,14.37238212035837,35.3,76.9,0.34,14.8,-5.16,0.0837,325,11.2,0.000605,95.51255578655,-4.134287234354497,-8.5,32.5,4.0,4.0,0,0,0,0,-1306.0,57.3,-20.6,-1306.0,57.3,3.999999046,21.7,1.0,320,119.0,0.194,16,1,86,6,Layer 2 Down
203.284982438106,-5.9011235297294,16.5,165,-1.46,-1.76,-7.33,0.118,326,13.8,0.00128,70.85754867335307,14.15071845207397,4.0,76.6,1.51,16.5,-5.36,0.095,325,10.4,0.000467,62.18670270239176,3.3324978925395152,4.0,32.5,4.0,4.0,0,0,0,0,-1306.0,57.5,35.3,-1306.0,57.3,4.0,16.1,0.802,320,114.0,0.154,16,1,86,6,Layer 2 Down
153.77635700521608,-9.221161042955718,29.0,164,-1.88,1.23,-5.22,0.0854,326,14.1,0.00105,25.01386017698057,-23.643756620735118,29.0,76.4,2.82,17.5,-8.64,0.109,325,6.45,0.000243,60.17990252458185,-48.624608679634626,4.0,32.5,4.0,4.0,0,0,0,0,-1296.0,57.2,-40.8,-1296.0,57.3,4.0,26.7,1.0,320,119.0,0.192,16,1,86,6,Layer 2 Down
109.5766977454453,-5.037393615450334,-1086.0,163,-2.0,-121.0,-17.0,0.22,326,18.8,0.00193,82.82383725833736,-9.06103468562809,-21.0,76.4,4.0,4.0,-2.53,0.0542,325,2.59,-8.32e-06,67.29242005168928,-34.57648326156827,4.0,32.5,4.0,4.0,0,0,0,0,-1296.0,57.4,33.6,-1296.0,57.3,4.0,17.8,0.819,321,119.0,0.157,16,1,86,6,Layer 2 Down
162.44545809695663,16.858022804521887,-27.3,163,-2.0,4.0,-4.64,0.0834,326,12.9,0.00106,46.78258249533797,10.562820031279614,22.8,76.4,4.0,4.0,-1.26,0.0442,325,3.2,-6.88e-06,53.234270110361344,-33.256259536577225,-2.25,32.5,4.0,4.0,0,0,0,0,-1286.0,57.4,40.0,-1286.0,57.3,4.000000954,19.3,0.728,321,118.0,0.138,16,1,86,6,Layer 2 Down
133.5062139354863,3.2038140723552484,-14.8,162,-2.0,4.0,-6.09,0.104,326,14.1,0.00131,49.58632165170021,-11.05230246338595,29.0,76.4,4.0,4.0,-1.45,0.0297,325,3.14,0.0,23.71569788672734,29.35720019172647,-2.25,32.5,4.0,4.0,0,0,0,0,-1286.0,57.2,-64.6,-1286.0,57.3,3.999999046,28.9,1.11,320,116.0,0.212,16,1,86,6,Layer 2 Down
151.19066951665695,3.5692945482557192,66.5,162,-2.0,4.0,-6.77,0.102,326,15.2,0.0012,107.16474664679973,-2.640817218689068,29.0,76.4,4.0,4.0,-0.429,0.0303,325,4.54,-3.98e-06,26.612224833772366,12.125217769771227,-2.25,32.5,4.0,4.0,0,0,0,0,-1276.0,57.4,47.7,-1276.0,57.3,4.0,15.6,0.851,319,117.0,0.162,16,1,86,6,Layer 2 Down
158.4238863474309,-26.983646306697114,97.7,161,-2.0,4.0,-4.43,0.0676,326,13.5,0.000846,8.487091513622062,14.658499847910107,35.3,76.4,4.0,4.0,-1.89,0.0303,325,2.64,3.99e-06,17.127871527139355,24.298273502278494,4.0,32.5,4.0,4.0,0,0,0,0,-1276.0,57.4,15.8,-1276.0,57.3,4.0,19.9,0.759,321,118.0,0.145,16,1,86,6,Layer 2 Down
107.14445305748276,-23.634626061953075,10.25,160,-2.0,4.0,-5.67,0.0835,326,12.7,0.00103,129.54342640617807,-4.358101994140837,22.8,76.4,4.0,4.0,-2.58,0.0311,325,2.15,-4.09e-06,127.22626047352108,-57.13478757663411,-2.25,32.5,4.0,4.0,0,0,0,0,-1266.0,57.2,-36.0,-1266.0,57.3,4.0,24.3,1.06,319,118.0,0.202,16,1,2,6,Layer 2 Down
108.98598746019944,45.87012681929347,-8.5,160,-2.0,4.0,-6.23,0.101,326,12.8,0.0013,5.477869160991901,9.433569468997653,10.25,76.4,4.0,4.0,-2.45,0.0298,325,2.23,7.7e-06,52.486584178725906,-45.28122150236404,4.0,32.5,4.0,4.0,0,0,0,0,-1266.0,57.4,38.3,-1266.0,57.3,4.000000954,20.2,0.846,319,119.0,0.162,16,1,86,6,Layer 2 Down
174.2211411249616,-5.8172776747903505,60.3,159,-2.0,4.0,-5.7,0.0895,326,14.1,0.00108,42.77285448565654,42.33282952034334,29.0,76.4,4.0,4.0,-1.82,0.0321,325,2.6,-4.31e-06,15.825083751951581,26.0057366850184,-2.25,32.5,4.0,4.0,0,0,0,0,-1256.0,57.3,-46.3,-1256.0,57.3,3.999999046,22.6,0.95,320,115.0,0.183,16,1,86,6,Layer 2 Down
142.4952864276984,-19.185101107394715,79.0,159,-2.0,4.0,-5.23,0.0733,326,13.7,0.000874,173.9751532573548,-0.13079899359150282,10.25,76.4,4.0,4.0,-1.21,0.034,325,3.1,0.0,49.23590413226418,-88.30204168124335,4.0,32.5,4.0,4.0,0,0,0,0,-1256.0,57.3,-11.9,-1256.0,57.3,4.0,20.8,1.0,319,116.0,0.193,16,1,86,6,Layer 2 Down
77.01883162375206,29.727707652176434,-83.5,158,-2.0,4.0,-4.78,0.092,326,13.3,0.00118,133.60483182633425,32.29656977825778,-14.8,76.4,4.0,4.0,-0.941,0.0351,324,2.46,9.67e-06,-3.8435500274503838,44.679823291795415,4.0,32.5,4.0,4.0,0,0,0,0,-1246.0,57.3,9.5,-1246.0,57.3,4.0,21.2,1.02,322,118.0,0.197,16,1,86,6,Layer 2 Down
182.78125637760118,4.317126128361339,-52.3,157,-2.0,4.0,-5.4,0.105,326,15.3,0.00138,81.35267343187168,17.420021870851457,-14.8,76.4,4.0,4.0,-2.33,0.0347,325,1.07,-9.47e-06,86.5912023584988,-56.592075861043455,-2.25,32.5,4.0,4.0,0,0,0,0,-1246.0,57.4,15.1,-1246.0,57.3,4.000000954,21.7,0.897,322,116.0,0.173,16,1,86,6,Layer 2 Down
165.60000767047362,10.99858984420392,35.3,157,-2.0,4.0,-5.71,0.107,326,15.4,0.00129,28.675118147415645,-31.241636248917807,16.5,76.4,4.0,4.0,-1.77,0.0362,325,2.91,4.12e-06,8.732726785172428,32.01428935591271,4.0,32.5,4.0,4.0,0,0,0,0,-1236.0,57.3,22.8,-1236.0,57.3,4.000000954,23.0,0.905,319,119.0,0.175,16,1,86,6,Layer 2 Down
133.45957895989488,-4.979819182210107,79.0,156,-2.0,4.0,-5.51,0.0923,326,14.2,0.00112,49.54338456246596,-22.46597141442343,16.5,76.4,4.0,4.0,-3.04,0.032,325,0.969,4.35e-06,50.51541541821321,-25.517065951910794,-2.25,32.5,4.0,4.0,0,0,0,0,-1226.0,57.3,-18.4,-1226.0,57.3,3.999999046,21.6,1.01,319,118.0,0.194,16,1,86,6,Layer 2 Down
114.42141171507919,-9.289571102546267,-27.3,156,-2.0,4.0,-4.14,0.0809,326,14.3,0.00103,80.11817478447485,-16.036315016420367,10.25,76.4,4.0,4.0,-1.77,0.0313,325,2.74,3.64e-06,70.8248615427497,38.842556662953626,4.0,32.5,4.0,4.0,0,0,0,0,-1226.0,57.5,37.6,-1226.0,57.3,4.0,16.0,0.812,319,113.0,0.155,16,1,86,6,Layer 2 Down
181.39042764534705,-5.833458374568333,-27.3,155,-2.0,4.0,-5.64,0.107,326,14.1,0.00139,78.30402370983911,-16.496816545715394,29.0,76.4,4.0,4.0,-3.21,0.0323,325,1.9,0.0,46.33349966379225,110.59391267538622,16.5,32.5,4.0,4.0,0,0,0,0,-1216.0,57.2,-42.3,-1216.0,57.3,4.0,27.3,1.0,319,119.0,0.193,16,1,86,6,Layer 2 Down
166.03065951900342,-32.728777724373,60.3,154,-2.0,4.0,-6.16,0.109,326,15.0,0.00137,71.78897920688017,1.8797951891431612,29.0,76.4,4.0,4.0,-1.89,0.0399,325,3.11,1.53e-05,35.89645903948731,-71.51057283603734,4.0,32.5,4.0,4.0,0,0,0,0,-1216.0,57.3,-18.1,-1216.0,57.3,4.0,22.1,0.949,319,119.0,0.183,16,1,2,6,Layer 2 Down
229.2300778995813,-3.9916534549621607,29.0,154,-2.0,4.0,-6.16,0.0986,325,14.1,0.00121,74.83548025610037,18.773587562575088,10.25,76.4,4.0,4.0,-2.58,0.0344,325,1.95,0.0,32.88836500403819,27.099086528160807,4.0,32.5,4.0,4.0,0,0,0,0,-1206.0,57.4,40.3,-1206.0,57.3,4.000000954,20.1,0.728,320,116.0,0.138,16,1,86,6,Layer 2 Down
166.26735109939642,4.634474215662694,72.7,153,-2.0,4.0,-7.48,0.088,326,11.9,0.00107,65.52206475221088,34.19399428532631,16.5,76.4,4.0,4.0,-2.79,0.0322,325,1.6,4.03e-06,30.470785536990547,-56.063674952208544,4.0,32.5,4.0,4.0,0,0,0,0,-1206.0,57.2,-58.0,-1206.0,57.3,3.999999046,28.9,1.09,319,117.0,0.208,16,1,86,6,Layer 2 Down
165.24163081309413,39.15368639425207,-8.5,153,-2.0,4.0,-4.35,0.0858,326,14.2,0.00109,3.23035200981316,11.357298048509318,-14.8,76.4,4.0,4.0,-1.01,0.0295,324,2.6,4.19e-06,11.766084837647746,18.176439781146744,4.0,32.5,4.0,4.0,0,0,0,0,-1196.0,57.3,-31.9,-1196.0,57.3,3.999999046,21.2,0.993,322,117.0,0.192,16,1,86,6,Layer 2 Down
146.7292918852003,0.06863224566719128,16.5,152,-2.0,4.0,-6.12,0.114,326,15.2,0.00144,50.19093862276398,-6.687356146211599,16.5,76.4,4.0,4.0,-2.01,0.0324,325,2.28,8.71e-06,16.33982015097712,-2.868572129806835,4.0,32.5,4.0,4.0,0,0,0,0,-1196.0,57.4,21.6,-1196.0,57.3,4.0,19.9,0.75,319,117.0,0.144,16,1,86,6,Layer 2 Down
177.78949603237712,-53.92530267926938,29.0,151,-2.0,4.0,-6.59,0.105,326,14.3,0.00128,122.8103376974363,-46.023761450100444,22.8,76.4,4.0,4.0,-2.84,0.0312,325,1.82,8.43e-06,85.69539043593386,8.311118226411068,4.0,32.5,4.0,4.0,0,0,0,0,-1186.0,57.2,-31.3,-1186.0,57.3,4.0,25.2,1.05,318,117.0,0.203,16,1,86,6,Layer 2 Down
170.7369106566954,-4.046807470553606,60.3,151,-2.0,4.0,-4.88,0.0896,326,14.3,0.0011,6.967257054399639,5.721691404866924,22.8,76.4,4.0,4.0,-3.09,0.0334,325,1.81,0.0,28.597806085314144,-26.28445822275261,4.0,32.5,4.0,4.0,0,0,0,0,-1186.0,57.4,35.4,-1186.0,57.3,4.000000954,21.0,0.86,318,119.0,0.165,16,1,86,6,Layer 2 Down
189.52290761558882,59.04811758187581,-52.3,150,-2.0,4.0,-5.38,0.105,325,14.1,0.00136,66.78147393500028,4.644412510778585,16.5,76.4,4.0,4.0,-2.4,0.0373,324,1.66,4.69e-06,4.248437880295032,29.9280689371452,4.0,32.5,4.0,4.0,0,0,0,0,-1176.0,57.3,-37.5,-1176.0,57.3,3.999999046,22.3,0.943,319,114.0,0.182,16,1,86,6,Layer 2 Down
133.53935775813224,17.448561245389918,22.8,150,-2.0,4.0,-6.14,0.11,326,14.4,0.00144,34.80361239438589,8.44687647924762,29.0,76.4,4.0,4.0,-0.502,0.0359,325,4.34,9.63e-06,13.937664954245108,-44.11165153463193,4.0,32.5,4.0,4.0,0,0,0,0,-1176.0,57.3,-3.62,-1176.0,57.3,4.0,20.3,0.993,318,116.0,0.192,16,1,86,6,Layer 2 Down
135.25211671050118,-19.81086732689264,79.0,149,-2.0,4.0,-7.04,0.103,325,14.3,0.00128,82.05020240676417,54.65060283964891,10.25,76.4,4.0,4.0,-3.65,0.0349,324,2.2,4.58e-06,72.06138741258977,45.2447930745551,4.0,32.5,4.0,4.0,0,0,0,0,-1166.0,57.3,-0.69,-1166.0,57.3,4.0,24.4,0.903,318,120.0,0.173,16,1,86,6,Layer 2 Down
132.8724358523483,11.257538947564438,-2.25,148,-2.0,4.0,-6.46,0.114,325,14.8,0.00146,56.67976949095271,33.868985089353245,22.8,76.4,4.0,4.0,-1.96,0.0405,324,2.22,0.0,56.78993812903107,-9.594505187793956,4.0,32.5,4.0,4.0,0,0,0,0,-1166.0,57.4,23.4,-1156.0,57.3,4.0,18.1,1.0,318,119.0,0.194,16,1,2,6,Layer 2 Down
172.96936879469396,-19.024260021606835,-390.0,148,-1.99,4.661,-2.78,0.0472,326,13.0,0.000353,151.36669107339432,22.96972834751635,10.25,76.4,4.316,17.7,-0.362,0.0157,324,3.58,7.4e-07,52.645392900307506,-42.59467661435361,4.0,32.5,4.0,4.0,0,0,0,0,-1156.0,57.3,4.812,-1156.0,57.3,4.0,22.4,0.973,322,117.0,0.188,16,1,86,6,Layer 2 Down
194.31080243039094,-32.23333722548951,-77.2,147,-1.76,7.76,-3.15,0.0752,326,12.6,0.000939,102.20531045550244,-17.47449094304354,60.3,76.5,5.67,17.2,5.46,0.094,324,7.2,0.000313,23.24139642600297,56.980722479364054,4.0,32.5,4.0,4.0,0,0,0,0,-1146.0,57.4,35.7,-1146.0,57.3,4.000000954,18.7,0.809,322,118.0,0.155,16,1,88,6,Layer 2 Down
132.51222489209658,-8.922092564761048,66.5,147,-1.21,10.78,-5.47,0.0928,326,13.6,0.00101,10.135789654880512,-5.180344481576169,60.3,76.7,6.98,16.0,6.64,0.128,324,11.2,0.000879,53.11397600668421,1.7630070688111714,4.0,32.5,4.0,4.0,0,0,0,0,-1146.0,57.4,58.7,-1146.0,57.3,4.000000954,18.7,0.918,317,121.0,0.177,16,1,88,6,Layer 2 Down
132.5878745840994,1.3919475216867565,-21.0,146,-0.43,13.22,-4.37,0.0941,326,11.0,0.000864,111.05980692851803,5.9703145305496985,29.0,77.1,8.05,14.2,4.72,0.0834,324,10.8,0.000727,9.362187047984175,67.3679845261507,4.0,32.5,4.0,4.0,0,0,0,0,-1136.0,57.4,56.4,-1136.0,57.3,4.0,17.3,0.937,322,116.0,0.177,16,1,88,6,Layer 2 Down
155.9169106778457,-41.297639167404164,29.0,146,0.65,15.4,-4.86,0.0832,325,9.39,0.000608,38.19220562224,-9.887689698552975,-64.7,77.5,8.98,11.73,4.17,0.0621,324,11.1,0.000569,23.166153277269586,44.57109296660709,4.0,32.5,4.0,4.0,0,0,0,0,-1136.0,57.4,-6.2,-1136.0,57.3,4.0,18.1,0.872,319,114.0,0.167,16,1,88,6,Layer 2 Down
138.2401414096437,-23.8576516430934,35.3,146,1.87,16.8,-5.73,0.0965,325,9.29,0.000482,48.72174482061915,21.479167946723425,-64.7,78.1,9.61,8.95,7.06,0.102,324,12.3,0.00117,67.36716950315568,-22.512859609583206,4.0,32.5,4.0,4.0,0,0,0,0,-1126.0,57.3,1.31,-1126.0,57.3,4.0,22.8,0.949,318,123.0,0.183,16,1,88,6,Layer 2 Down
176.06085867155693,3.100585585989729,-77.2,146,3.142,17.6,-2.53,0.0473,326,4.11,8.76e-05,94.52397076762156,18.70866297119694,72.7,78.6,9.94,6.03,9.7,0.145,324,12.7,0.00187,63.93271496472558,1.176802873248083,4.0,32.5,4.0,4.0,0,0,0,0,-1126.0,57.4,54.7,-1126.0,57.3,4.000000954,21.6,0.937,322,116.0,0.18,16,1,88,6,Layer 2 Down
73.90068887412329,-5.256310832813158,-71.0,145,4.0,4.0,-3.39,0.0549,326,3.08,-8.54e-06,54.14749223242414,-16.878571820394484,-8.5,79.2,10.0,4.0,12.3,0.21,324,15.6,0.00263,-2.802390822774761,8.020646709603252,4.0,32.5,4.0,4.0,0,0,0,0,-1116.0,57.3,-31.9,-1116.0,57.3,3.999999046,21.0,0.979,322,118.0,0.189,16,1,88,6,Layer 2 Down
118.89699257340062,12.958207807001198,85.2,145,4.0,4.0,-3.38,0.0645,326,6.16,1.91e-05,125.0057622637863,38.56669269533184,-2.25,79.8,10.0,4.0,7.04,0.107,324,12.9,0.00132,1.7414437798457811,54.70084599869643,4.0,32.5,4.0,4.0,0,0,0,0,-1116.0,57.2,-7.1,-1116.0,57.3,3.999999046,24.1,1.07,318,120.0,0.207,16,1,88,6,Layer 2 Down
120.29539773313932,-23.299153001529735,-89.7,145,4.0,4.0,-1.65,0.046,326,4.29,-1.39e-05,40.99940064640397,12.45913171989306,-33.5,80.4,10.0,4.0,4.04,0.0643,325,13.3,0.00077,36.40814482380518,18.53349387416929,4.0,32.5,4.0,4.0,0,0,0,0,-1106.0,57.2,-30.4,-1106.0,57.3,4.0,25.2,1.03,318,119.0,0.199,16,1,2,6,Layer 2 Down
71.73533269265413,20.156820479275478,117.0,145,4.0,4.0,-5.32,0.07,326,4.1,3.07e-05,49.39308652859649,-36.55996314946539,4.0,80.8,6.0,504.0,-4.61,0.0781,324,2.37,2.32e-05,94.55926129951489,9.856100565731328,4.0,32.5,4.0,4.0,0,0,0,0,-1106.0,57.4,10.94,-1106.0,57.3,4.0,17.4,0.727,320,118.0,0.139,16,1,88,6,Layer 2 Down
114.5733544101078,-22.209570552701123,97.7,145,4.0,4.0,-1.49,0.0649,326,8.88,1.99e-05,48.09408081763196,9.08592278760451,47.8,81.4,10.0,4.0,5.47,0.103,324,12.8,0.00139,-36.369897131029916,-2.639614045128364,4.0,32.5,4.0,4.0,0,0,0,0,-1096.0,57.3,-9.6,-1096.0,57.3,4.0,21.2,1.05,318,120.0,0.203,16,1,89,6,Layer 2 Down
116.10417194437976,40.87427057718566,104.0,145,4.0,4.0,-4.18,0.0691,326,4.16,3.24e-05,53.09805933762368,10.709079849066402,29.0,81.8,4.0,4.0,2.38,0.0319,325,0.764,-8.59e-06,42.70684355298948,19.82059286186427,1114.0,32.9,30.0,1004.0,0,0,0,0,-1096.0,57.3,-5.25,-1096.0,57.3,4.0,20.8,0.995,318,116.0,0.191,16,1,89,50,Repositioning
138.65017026325663,-34.47842977105875,-96.0,145,4.0,4.0,-2.24,0.0462,325,3.19,-1.32e-05,137.575759520838,27.40704230029725,29.0,81.8,4.0,4.0,2.0,0.0273,323,1.28,-6.11e-06,-12.172586185577579,97.43603076222507,22.8,37.7,54.0,4.0,0,0,0,0,-1086.0,57.5,47.9,-1086.0,57.3,4.0,13.0,0.837,322,116.0,0.156,16,1,91,50,Repositioning
180.14162281203554,-20.14979818149046,117.0,145,4.0,4.0,-3.04,0.0647,325,6.63,0.0,113.70671424192628,-4.136584595105763,-8.5,81.8,4.0,4.0,1.46,0.0255,323,0.414,2.61e-06,19.694035952706194,54.1230846008549,-8.5,42.9,54.0,4.0,0,0,0,0,-1086.0,57.4,21.6,-1076.0,57.3,4.0,17.9,1.0,316,119.0,0.194,16,1,91,50,Repositioning
137.2622705378969,13.111509154760153,-96.0,145,4.0,4.0,-1.7,0.0423,325,3.81,-6.21e-06,168.56688088779586,23.900328537647756,4.0,81.8,4.0,4.0,1.15,0.03,323,0.473,0.0,34.19778446108586,40.97895313187314,16.5,47.7,54.0,4.0,0,0,0,0,-1076.0,57.3,4.0,-1076.0,57.3,4.0,22.7,0.963,321,117.0,0.185,16,1,91,50,Repositioning
112.45231168477027,41.328910418285126,91.5,145,4.0,4.0,-2.75,0.0443,325,7.09,-6.06e-06,196.86600206046188,8.523145775286189,10.25,81.8,4.0,4.0,1.08,0.0231,323,0.693,-7.38e-06,37.18155511886934,35.248161656743925,-2.25,52.7,54.0,4.0,0,0,0,0,-1066.0,57.3,-22.6,-1066.0,57.3,3.999999046,21.0,0.993,316,118.0,0.192,16,1,91,50,Repositioning
143.2016744450518,11.153584878553286,60.3,145,4.0,4.0,-4.48,0.0713,326,3.59,4.25e-05,29.498810988009446,-27.658659478303992,-21.0,81.8,4.0,4.0,1.46,0.0229,324,1.26,-2.62e-06,38.00855084693404,13.604990552112362,-1166.0,57.3,24.0,-996.0,0,0,0,0,-1066.0,57.5,49.0,-1066.0,57.3,4.0,15.7,0.794,317,113.0,0.152,16,1,91,50,Repositioning
179.12739765459395,25.10731507459544,779.0,146,20.1,898.0,19.0,0.319,325,23.8,0.00653,85.27324461932994,-34.39495598783965,-477.0,81.7,-4.05,-443.0,-9.94,0.189,324,17.1,0.002,57.75911387194981,-42.57492244750892,10.25,57.5,4.0,4.0,0,0,0,0,-1056.0,57.4,55.6,-1056.0,57.3,4.0,18.9,0.939,323,115.0,0.178,16,1,91,50,Repositioning
118.18434171883864,49.29124687038149,60.3,150,48.7,3.9999046,8.87,0.173,324,64.2,0.0164,20.116621176422434,8.481854925042086,-8.5,79.6,-18.4,4.0,-9.3,0.15,323,36.8,0.00707,38.256073196352105,-20.901019252939506,16.5,57.5,4.0,4.0,0,0,0,0,-1056.0,57.4,29.2,-1056.0,57.3,4.0,17.7,0.801,322,119.0,0.153,16,1,2,50,Repositioning
125.24882320953604,25.801132775700083,-77.2,154,47.7,-251.0,10.2,0.157,323,62.7,0.0147,38.24230856381531,10.34668198271623,-46.0,77.5,-17.8,131.0,-5.57,0.166,323,37.7,0.00785,4.920588178559569,53.77462907615359,4.0,57.5,4.0,4.0,0,0,0,0,-1046.0,57.4,47.2,-1046.0,57.3,4.000000954,19.9,0.722,317,117.0,0.136,16,1,94,50,Repositioning
172.63604526962573,-6.984947254520697,10.25,155,4.0,4.0,0.766,0.0163,326,0.983,-1.53e-06,45.02801987248574,11.911447955179497,54.0,77.0,4.0,4.0,-1.21,0.0152,324,2.36,6.04e-08,84.53848231649607,-44.86282862642905,-983.0,56.2,-45.5,-871.0,0,0,0,0,-1046.0,57.4,55.5,-1046.0,57.3,4.000000954,22.1,0.92,322,116.0,0.177,16,1,94,50,Repositioning
148.00505192783422,-22.9626086932173,35.3,155,4.0,4.0,0.779,0.0214,326,1.02,2.76e-06,23.357288009884705,39.950814593007586,4.0,77.0,4.0,4.0,-1.06,0.0172,325,2.29,1.83e-06,78.86784904325202,-22.60080413415575,-8.5,51.4,-46.0,4.0,0,0,0,0,-1036.0,57.3,-35.2,-1036.0,57.3,3.999999046,21.7,0.975,322,117.0,0.188,16,1,94,50,Repositioning
175.44416899743183,-24.602916866119113,-33.5,155,4.0,4.0,0.993,0.0245,326,2.37,0.0,23.624579419214818,29.371679871888073,-8.5,77.0,4.0,4.0,0.539,0.022,324,0.472,5.04e-07,76.81446231738376,-128.33950664813636,-2.25,46.2,-46.0,4.0,0,0,0,0,-1036.0,57.3,-4.25,-1036.0,57.3,3.999999046,23.8,1.05,317,121.0,0.205,16,1,94,50,Repositioning
154.56910592367814,12.887986181559835,-33.5,155,4.0,4.0,0.96,0.0316,326,2.1,4.57e-06,69.6786457207192,20.431703726375524,-2.25,77.0,4.0,4.0,-0.738,0.0231,325,2.77,-3.53e-07,-12.893691758510798,14.828204642074144,1004.0,42.5,3.5,879.0,0,0,0,0,-1026.0,57.4,30.3,-1026.0,57.3,4.0,19.5,0.913,317,113.0,0.175,16,1,94,50,Repositioning
177.15485617919296,-20.983010734496713,41.5,155,4.0,4.0,0.665,0.0197,326,1.18,2.91e-06,15.260630218658328,-17.879287721655935,22.8,77.0,4.0,4.0,-0.58,0.0175,325,1.79,1.82e-06,52.846939232826706,-6.929825371370716,110.0,42.0,-2.0,4.0,0,0,0,0,-1026.0,57.4,0.12,-1026.0,57.3,4.0,19.0,0.84,323,119.0,0.161,16,1,94,6,Layer 3 Up
122.31766450600924,11.054224271152357,-27.3,155,4.0,4.0,1.64,0.0229,326,2.58,5.37e-06,119.73165175060521,45.591630538544116,-8.5,77.0,4.0,4.0,-0.42,0.0214,325,1.64,7.75e-07,65.80332056862149,-17.672508210948806,129.0,41.4,-2.0,4.0,0,0,0,0,-1016.0,57.3,-8.4,-1016.0,57.3,4.0,20.9,1.04,317,120.0,0.201,16,1,95,6,Layer 3 Up
154.61843013968473,-25.093561234103323,-27.3,155,4.0,4.0,1.09,0.0223,326,2.03,2.55e-06,30.430864398438274,16.890544036649672,-2.25,77.0,4.0,4.0,-0.899,0.0158,325,2.41,-7.44e-07,3.8254166383703705,3.9811404688275425,104.0,40.8,-2.0,4.0,0,0,0,0,-1016.0,57.4,39.2,-1016.0,57.3,4.000000954,23.7,0.849,317,115.0,0.163,16,1,95,6,Layer 3 Up
148.34751489646504,10.66228141759154,-8.5,155,4.0,4.0,0.977,0.0207,326,0.809,1.37e-06,219.56463529253196,-5.274022809706999,4.0,77.0,4.0,4.0,-1.54,0.0238,325,2.88,1.08e-06,40.62980379387707,-18.500357813579598,-127.0,40.2,-2.0,4.0,0,0,0,0,-1006.0,57.3,-1.56,-1006.0,57.3,4.0,23.5,0.88,316,121.0,0.168,16,1,95,6,Layer 3 Up
116.60854474012248,-6.95246893557458,-14.8,155,4.0,4.0,1.49,0.0224,326,0.624,0.0,54.09561135057277,-12.087541351585761,-8.5,77.0,4.0,4.0,0.22,0.0182,325,0.765,0.0,35.51989062506548,-72.48102500912661,-109.0,39.6,-2.0,4.0,0,0,0,0,-1006.0,57.4,27.5,-996.0,57.3,4.0,18.1,0.992,317,118.0,0.191,16,1,2,6,Layer 3 Up
105.63357041699138,35.456479786493276,35.3,155,4.0,4.0,0.338,0.0191,326,1.14,-1.2e-06,80.65435729245702,10.197056318910459,16.5,77.0,4.0,4.0,-1.38,0.0165,325,2.17,-1.31e-06,105.33044139071305,28.935296341112746,154.0,39.0,-2.0,4.0,0,0,0,0,-996.0,57.3,4.438,-996.0,57.3,4.0,22.9,0.971,322,117.0,0.188,16,1,95,6,Layer 3 Up
176.65235621496973,11.297142607621343,41.5,155,4.0,4.0,1.29,0.0231,326,0.47,0.0,11.271112221010569,-36.140584925360024,16.5,77.0,4.0,4.0,-1.06,0.0255,325,2.4,-1.76e-06,107.69098684636576,5.772574278166336,-33.5,38.4,-2.0,4.0,0,0,0,0,-991.0,57.4,33.4,-990.0,57.3,4.000000954,19.0,0.797,323,118.0,0.153,16,1,95,6,Layer 3 Up
143.91876531589685,31.520217269207006,-21.0,155,4.0,4.0,0.549,0.0227,326,1.9,5.31e-06,163.57141072593663,20.817350515111784,-2.25,77.0,4.0,4.0,-0.579,0.0251,325,2.27,6.15e-07,-21.93824289778069,-12.808562326780798,-46.0,37.8,-2.0,4.0,0,0,0,0,-985.0,57.4,55.1,-985.0,57.3,4.000000954,19.4,0.908,316,121.0,0.174,16,1,95,6,Layer 3 Up
122.72175289914634,-12.808417662773213,35.3,155,4.0,4.0,0.238,0.0191,326,1.36,-1.47e-06,133.80629590058908,-18.870033102025413,29.0,77.0,4.0,4.0,-0.739,0.0194,324,1.35,-1.76e-06,126.9636144374634,-33.69481298085013,72.7,37.2,-2.0,4.0,0,0,0,0,-980.0,57.4,51.3,-980.0,57.3,4.0,17.9,0.934,322,117.0,0.176,16,1,95,6,Layer 3 Up
151.96317385002664,5.277553419800451,22.8,155,4.0,4.0,1.08,0.0286,326,0.334,-1.64e-06,92.0662622183666,12.932938446980762,16.5,77.0,4.0,4.0,-0.259,0.0203,325,0.292,1.27e-06,3.795088991673758,-50.57582934035415,179.0,36.6,-2.0,4.0,0,0,0,0,-975.0,57.4,30.8,-974.0,57.3,4.0,17.7,0.797,323,119.0,0.152,16,1,95,6,Layer 3 Up
190.61691648132995,-17.962975843199242,-27.3,155,4.0,4.0,1.19,0.0222,326,1.31,2.8e-06,8.65983244354247,-8.562669163852158,-8.5,77.0,4.0,4.0,0.858,0.0189,325,0.163,0.0,71.35793335159141,5.487283536711248,85.2,36.0,-2.0,4.0,0,0,0,0,-969.0,57.3,5.25,-969.0,57.3,4.0,21.5,0.945,317,123.0,0.181,16,1,95,6,Layer 3 Up
82.98626651924349,-5.177499806635349,29.0,155,4.0,4.0,0.366,0.0211,326,1.86,-1.08e-06,87.68977017851834,-2.3305695655280614,16.5,77.0,4.0,4.0,1.5,0.0177,325,1.92,7.89e-07,70.39210252290493,51.49539418714552,-89.7,35.4,-2.0,4.0,0,0,0,0,-964.0,57.4,53.8,-964.0,57.3,4.000000954,21.3,0.933,323,118.0,0.179,16,1,95,6,Layer 3 Up
107.74400345905991,-1.8225241963721777,16.5,155,4.0,4.0,0.665,0.0221,326,1.02,-2.89e-06,20.095752486301322,-14.168089670631046,16.5,77.0,4.0,4.0,0.38,0.0209,325,0.557,-2.11e-06,-0.8978338554595311,5.048798174200667,4.0,34.8,-2.0,4.0,0,0,0,0,-959.0,57.3,-40.4,-958.0,57.3,3.999999046,22.4,0.978,322,117.0,0.189,16,1,95,6,Layer 3 Up
125.86008881094719,-12.268838711019693,-27.3,155,4.0,4.0,1.17,0.0228,326,1.43,8.12e-06,151.2036045472276,0.12468854673321683,4.0,77.0,4.0,4.0,-0.1,0.0214,325,0.723,-1.6e-07,52.03434955378606,-47.632671335580895,-8.5,34.2,-2.0,4.0,0,0,0,0,-953.0,57.3,-5.06,-953.0,57.3,3.999999046,14.7,1.04,316,129.0,0.201,16,1,95,6,Layer 3 Up
201.13636139253543,-23.092771333218266,16.5,155,4.0,4.0,0.58,0.0198,326,2.49,-4.34e-06,118.0605872484874,49.43813667501737,16.5,77.0,4.0,4.0,-0.739,0.0192,325,0.78,3.19e-06,29.833862714207772,5.19794311733477,10.25,33.6,-2.0,4.0,0,0,0,0,-948.0,57.3,22.0,-948.0,57.3,4.0,24.5,0.951,323,118.0,0.183,16,1,2,6,Layer 3 Up
163.92261410682332,-27.61045816811723,-33.5,155,4.0,4.0,0.0391,0.0271,326,0.856,-1.3e-06,81.84281819008245,37.316300458288524,16.5,77.0,4.0,4.0,-0.259,0.0198,325,0.246,0.0,53.02970591854486,-4.221950235057923,-165.0,33.0,-2.0,4.0,0,0,0,0,-943.0,57.4,50.4,-942.0,57.3,4.000000954,21.5,0.838,316,118.0,0.161,16,1,95,6,Layer 3 Up
179.22785212333488,-48.224592882353036,-2.25,155,4.0,4.0,0.763,0.0251,326,1.14,2.88e-06,-46.627863050658064,12.520258020977932,-2.25,77.0,4.0,4.0,-0.26,0.0195,325,0.885,6.04e-07,40.7933110450123,26.481861348475203,-83.5,32.4,-2.0,4.0,0,0,0,0,-938.0,57.3,-44.4,-937.0,57.3,3.999999046,21.1,0.935,317,117.0,0.181,16,1,95,6,Layer 3 Up
118.99970092058459,-19.54200491280134,16.5,155,4.0,4.0,0.267,0.0174,326,3.15,2.5e-06,27.09898606135195,3.4170269002505567,16.5,77.0,4.0,4.0,2.78,0.019,325,3.92,4.76e-07,74.91173294414008,18.58450494405372,173.0,31.8,-2.0,4.0,0,0,0,0,-932.0,57.3,-7.9,-932.0,57.3,3.999999046,29.9,1.08,322,114.0,0.208,16,1,95,6,Layer 3 Up
119.65093158011327,11.779338528168232,-396.0,155,-2.0,4.0,-5.05,0.0796,326,15.4,0.000873,111.89873925093603,24.316224246055356,16.5,77.0,4.0,4.0,-0.739,0.0175,324,2.64,-2.87e-06,34.21082335203951,-95.03326088990035,16.5,31.5,4.0,4.0,0,0,0,0,-927.0,57.5,51.1,-926.0,57.3,4.0,13.5,0.836,322,115.0,0.156,16,1,95,6,Layer 3 Up
168.13960736896416,-37.81237409658299,-64.7,154,-2.0,4.0,-3.34,0.0842,326,13.2,0.0011,138.54478605194697,31.134974317758587,-8.5,77.0,4.0,4.0,0.0595,0.0176,324,0.566,0.0,25.4644601463807,22.086893520869616,-2.25,31.5,4.0,4.0,0,0,0,0,-921.0,57.4,35.4,-921.0,57.3,4.0,17.9,0.987,315,118.0,0.19,16,1,97,6,Layer 3 Up
155.83999758905668,-32.49271101664161,10.25,154,-2.0,4.0,-5.89,0.0908,326,13.1,0.00109,133.28208146370474,-15.920518985885218,16.5,77.0,4.0,4.0,0.699,0.021,324,0.932,-4.05e-07,70.90655863856989,-29.333648913650585,4.0,31.5,4.0,4.0,0,0,0,0,-916.0,57.3,3.562,-916.0,57.3,4.0,21.2,0.987,322,119.0,0.191,16,1,97,6,Layer 3 Up
170.32629251205427,37.92480354674075,47.8,153,-2.0,4.0,-4.86,0.0852,326,14.2,0.00107,-3.782766132890174,2.1386789715423986,-2.25,77.0,4.0,4.0,0.0598,0.0182,325,0.295,1.89e-06,52.36684970916001,-43.22708435175358,4.0,31.5,4.0,4.0,0,0,0,0,-911.0,57.4,36.7,-910.0,57.3,4.000000954,19.1,0.807,323,117.0,0.154,16,1,97,6,Layer 3 Up
146.0743348692111,-16.20017584382564,47.8,152,-2.0,4.0,-5.15,0.0866,326,12.8,0.00108,92.3015267110273,-39.792597559319574,4.0,77.0,4.0,4.0,0.38,0.0145,324,0.871,-1.11e-07,57.81072757055515,-2.260722872286495,10.25,31.5,4.0,4.0,0,0,0,0,-905.0,57.4,52.0,-905.0,57.3,4.000000954,22.9,0.914,316,116.0,0.173,16,1,97,6,Layer 3 Up
160.78231938269153,5.132510726006876,-27.3,152,-2.0,4.0,-4.87,0.11,326,15.5,0.0014,128.5298104488029,31.019888211206442,16.5,77.0,4.0,4.0,-0.739,0.0224,324,1.84,1.3e-06,7.606260125172632,17.65166692242355,-2.25,31.5,4.0,4.0,0,0,0,0,-900.0,57.4,55.9,-900.0,57.3,4.0,15.7,0.96,322,119.0,0.183,16,1,97,6,Layer 3 Up
155.992571005775,12.400044043456148,10.25,151,-2.0,4.0,-5.95,0.0962,326,13.8,0.0012,-7.148140734824636,53.65993388603344,16.5,77.0,4.0,4.0,0.38,0.0183,324,0.687,7.18e-07,-6.080105112092269,-50.50203655579217,4.0,31.5,4.0,4.0,0,0,0,0,-895.0,57.4,28.4,-894.0,57.3,4.0,18.3,0.812,323,118.0,0.155,16,1,97,6,Layer 3 Up
175.55781298198787,12.900904840283566,22.8,151,-2.0,4.0,-6.18,0.112,325,14.7,0.00147,76.59890489845814,5.924866385352988,-8.5,77.0,4.0,4.0,-0.1,0.0153,324,1.01,0.0,11.088809438565956,27.404668493039658,4.0,31.5,4.0,4.0,0,0,0,0,-889.0,57.3,2.06,-889.0,57.3,4.0,25.1,0.953,316,119.0,0.182,16,1,2,6,Layer 3 Up
175.48108694326302,-34.112708439975854,654.0,150,-2.0,4.16,-1.93,0.13,326,12.7,0.00108,90.89545587170188,-47.026754504639925,16.5,77.0,4.142,11.56,-0.421,0.0154,324,3.06,0.0,9.179743941043231,29.35664300111925,4.0,31.5,4.0,4.0,0,0,0,0,-884.0,57.4,60.4,-884.0,57.3,4.000000954,19.0,0.928,322,120.0,0.179,16,1,97,6,Layer 3 Up
98.85294234329345,-7.254922934357669,10.25,150,-1.93,5.11,-4.91,0.0848,326,12.7,0.00106,61.7384442937831,19.460295649157334,22.8,77.1,4.895,11.48,3.84,0.0606,324,6.11,8.31e-05,59.76605106468753,5.560458560400404,4.0,31.5,4.0,4.0,0,0,0,0,-879.0,57.3,-44.9,-878.0,57.3,3.999999046,24.7,1.0,322,115.0,0.193,16,1,97,6,Layer 3 Up
78.04305107560023,-37.98252064865668,-8.5,149,-1.77,6.08,-4.57,0.105,325,14.3,0.00131,-16.783376891065387,-16.250691938142513,-21.0,77.2,5.66,11.27,4.11,0.0714,324,6.54,0.000231,66.58934198221856,-24.84578217575797,-2.25,31.5,4.0,4.0,0,0,0,0,-873.0,57.2,-5.94,-873.0,57.3,3.999999046,27.5,1.07,315,117.0,0.206,16,1,97,6,Layer 3 Up
179.62986321660577,53.07715530944694,35.3,148,-1.52,6.94,-5.04,0.0921,326,14.2,0.00105,60.87325416377481,-9.81427065811365,-8.5,77.4,6.35,10.97,4.19,0.0857,324,10.2,0.000381,25.92263448919791,-28.55804675332734,-8.5,31.5,4.0,4.0,0,0,0,0,-868.0,57.3,19.1,-868.0,57.3,4.0,23.2,0.959,322,120.0,0.185,16,1,97,6,Layer 3 Up
185.50212611595606,-36.76153927803436,22.8,148,-1.18,7.79,-3.92,0.0729,326,13.4,0.000737,60.99169467266295,22.2603933904641,41.5,77.7,7.02,10.54,4.67,0.109,324,10.7,0.000739,82.94551981690753,38.054484999327535,-8.5,31.5,4.0,4.0,0,0,0,0,-863.0,57.4,-5.62,-862.0,57.3,4.0,20.2,0.851,322,117.0,0.164,16,1,97,6,Layer 3 Up
114.774080541215,-24.057231276975866,29.0,147,-0.74,8.61,-2.32,0.0851,326,14.2,0.000786,70.48643169969428,13.838464295576056,-27.3,78.0,7.67,9.99,4.03,0.085,324,10.2,0.000636,80.70028204923688,-46.19990045126415,4.0,31.5,4.0,4.0,0,0,0,0,-857.0,57.3,-13.4,-857.0,57.3,4.0,24.6,1.05,316,116.0,0.201,16,1,97,6,Layer 3 Up
88.27615694331999,-23.415721645888517,-2.25,147,-0.27,9.3,-6.25,0.111,326,12.5,0.000962,49.70803478451994,-3.582185083432499,72.7,78.4,8.22,9.39,5.98,0.112,324,12.1,0.000986,40.25086822690057,39.3596539040435,-2.25,31.5,4.0,4.0,0,0,0,0,-852.0,57.3,-11.7,-852.0,57.3,3.999999046,27.4,1.07,322,116.0,0.206,16,1,97,6,Layer 3 Up
150.12699998371096,-32.9703752474751,29.0,146,0.3,9.94,-5.65,0.1,325,11.6,0.000743,56.32044291161778,-6.933924391414758,54.0,78.8,8.72,8.68,6.14,0.109,324,12.6,0.00112,1.950704153048246,-1.4875971735241285,4.0,31.5,4.0,4.0,0,0,0,0,-847.0,57.5,46.9,-846.0,57.3,4.0,14.5,0.848,321,114.0,0.159,16,1,97,6,Layer 3 Up
175.3909868168895,30.84626168836351,-27.3,146,0.95,10.5,-2.42,0.0717,326,10.2,0.000491,77.28520281158109,12.244596083108133,72.7,79.3,9.16,7.86,5.84,0.113,324,12.1,0.00126,88.13917354611527,0.8165629163341883,4.0,31.5,4.0,4.0,0,0,0,0,-841.0,57.3,22.9,-841.0,57.3,4.0,22.1,1.01,315,114.0,0.195,16,1,97,6,Layer 3 Up
202.75860253195503,55.62461846399996,-8.5,146,1.59,10.92,-4.8,0.0878,326,9.88,0.000392,102.25126567896429,-0.24191616721611986,60.3,79.9,9.5,7.05,6.16,0.157,324,17.9,0.00199,29.30625646859719,-52.76437636060592,-8.5,31.5,4.0,4.0,0,0,0,0,-836.0,57.3,-0.5,-836.0,57.3,4.0,21.6,0.99,322,118.0,0.192,16,1,2,6,Layer 3 Up
162.30196816767975,-8.31392471075818,16.5,146,2.3,11.25,-5.78,0.0875,326,8.39,0.000273,64.95261611945485,-17.16162955955658,4.0,80.4,9.75,6.16,7.21,0.138,324,16.3,0.00169,36.03598982738133,-0.8736432378987766,4.0,31.5,4.0,4.0,0,0,0,0,-831.0,57.4,37.8,-830.0,57.3,4.000000954,18.7,0.795,322,118.0,0.153,16,1,97,6,Layer 3 Up
134.26313722439053,-26.47853454694408,-2.25,146,3.067,11.46,-4.15,0.0776,326,4.54,0.000184,60.21337732144832,1.7065096261941575,-2.25,81.0,9.93,5.19,5.68,0.102,324,14.3,0.0012,19.290254483360997,24.382126404897694,4.0,31.5,4.0,4.0,0,0,0,0,-825.0,57.4,55.1,-825.0,57.3,4.000000954,22.9,0.926,316,116.0,0.177,16,1,97,6,Layer 3 Up
116.7996214791506,-46.08062854085245,60.3,145,3.789,11.55,-3.57,0.0717,326,8.69,0.0,86.2862774758961,18.1324500732124,-64.7,81.6,10.0,4.284,2.71,0.0552,324,12.5,0.000558,-0.4904377971190783,-40.392963374439404,4.0,31.5,4.0,4.0,0,0,0,0,-820.0,57.4,52.8,-820.0,57.3,4.0,17.3,0.964,321,117.0,0.185,16,1,97,6,Layer 3 Up
146.36157170279535,4.803954060121513,185.0,146,10.0,4.0,-3.77,0.131,326,0.897,0.000139,-15.572132315537132,-0.4558958623605953,-83.5,81.9,4.0,4.0,0.525,0.0246,324,2.23,0.0,-21.301673555400306,20.56372096657261,4.0,31.5,4.0,4.0,0,0,0,0,-815.0,57.4,28.6,-814.0,57.3,4.0,18.5,0.813,322,118.0,0.156,16,1,97,6,Layer 3 Up
136.55079097778727,2.8919127724832716,16.5,146,10.0,4.0,5.87,0.101,326,12.4,0.00125,106.10596883671923,-29.925100079212694,16.5,81.9,4.0,4.0,-1.08,0.0243,325,5.37,-2.11e-06,54.25337699250757,6.956815242094182,4.0,31.5,4.0,4.0,0,0,0,0,-809.0,57.3,6.0,-809.0,57.3,4.0,26.1,0.941,316,118.0,0.18,16,1,99,6,Layer 3 Up
114.94948188527809,-4.500364364274473,-27.3,147,10.0,4.0,5.4,0.0861,326,13.0,0.00103,81.87142702783832,27.773162425533698,4.0,81.9,4.0,4.0,-0.313,0.0205,325,1.88,-1.24e-06,3.334552540969451,-17.38431881555255,4.0,31.5,4.0,4.0,0,0,0,0,-804.0,57.4,57.1,-804.0,57.3,4.000000954,21.5,0.95,322,117.0,0.183,16,1,99,6,Layer 3 Up
211.68895305431442,14.98886416841622,16.5,147,10.0,4.0,4.93,0.0947,326,14.0,0.00117,83.91414992943265,-61.830086059302516,4.0,81.9,4.0,4.0,-0.633,0.0184,325,1.63,0.0,141.4986598830193,32.39059011198507,4.0,31.5,4.0,4.0,0,0,0,0,-799.0,57.3,-40.3,-798.0,57.3,3.999999046,25.2,0.991,322,114.0,0.192,16,1,99,6,Layer 3 Up
204.36625085428287,18.866281134933935,41.5,148,10.0,4.0,5.38,0.108,326,13.4,0.00141,130.65008858406094,-6.728835206775049,4.0,81.9,4.0,4.0,-0.346,0.0183,324,1.0,3.65e-06,-7.547366959184039,-69.15471873121972,4.0,31.5,4.0,4.0,0,0,0,0,-793.0,57.2,-5.31,-793.0,57.3,3.999999046,27.7,1.07,315,117.0,0.206,16,1,99,6,Layer 3 Up
183.8704562581518,11.707961582806437,-58.5,148,4.949,12.96,1.84,0.0286,326,4.62,7.08e-06,-17.290798908335546,-17.557093305662807,-371.0,81.8,-1.92,5.41,2.21,0.159,324,3.77,0.000183,-13.706398253922941,15.51606525684001,4.0,31.5,4.0,4.0,0,0,0,0,-788.0,57.3,17.1,-788.0,57.3,4.0,22.7,0.954,322,120.0,0.184,16,1,99,6,Layer 3 Up
119.92437639948872,-1.4227205496870061,-14.8,149,5.83,12.65,5.23,0.0765,326,8.84,0.000232,-18.85732262833035,2.0316282854919088,-21.0,81.2,-1.71,6.74,-6.82,0.129,324,15.4,0.0015,49.84090612970222,57.81950986873256,16.5,31.5,4.0,4.0,0,0,0,0,-783.0,57.4,-3.69,-782.0,57.3,4.0,20.0,0.851,322,118.0,0.165,16,1,2,6,Layer 3 Up
175.9970237332559,-18.027094700086383,22.8,149,6.7,12.11,6.56,0.12,326,10.2,0.000666,94.5934995957409,12.350106157415066,72.7,80.6,-1.36,8.06,-5.67,0.0836,324,12.8,0.00089,86.48307441123853,51.83213148152398,4.0,31.5,4.0,4.0,0,0,0,0,-777.0,57.3,-11.9,-777.0,57.3,4.0,24.8,1.04,316,116.0,0.201,16,1,100,6,Layer 3 Up
169.1960457113929,22.10468303180933,-39.8,149,7.45,11.44,4.67,0.0803,326,11.4,0.000549,79.83887277136613,26.18292483954314,104.0,80.1,-0.91,9.19,-5.3,0.0914,324,12.9,0.000863,33.82217786787811,16.948626791489474,4.0,31.5,4.0,4.0,0,0,0,0,-772.0,57.3,-5.69,-772.0,57.3,3.999999046,24.9,1.04,321,118.0,0.201,16,1,100,6,Layer 3 Up
162.97326865039534,8.499180969458376,41.5,149,8.15,10.57,4.87,0.0966,325,12.2,0.000862,88.33520849624253,-17.273367271380913,-14.8,79.7,-0.33,10.25,-7.23,0.12,324,12.7,0.00104,52.07370709350623,-6.02125303249913,4.0,31.5,4.0,4.0,0,0,0,0,-767.0,57.5,49.3,-766.0,57.3,4.0,13.9,0.845,321,115.0,0.158,16,1,100,6,Layer 3 Up
189.45787178638835,28.539185158879178,-33.5,150,8.78,9.51,5.55,0.0886,326,11.4,0.000912,55.850503428821725,14.179096135886653,-21.0,79.3,0.37,11.2,-5.79,0.121,324,11.7,0.00101,-34.78065875887475,-17.12013360476825,4.0,31.5,4.0,4.0,0,0,0,0,-761.0,57.4,28.8,-761.0,57.3,4.0,20.8,0.989,316,115.0,0.191,16,1,100,6,Layer 3 Up
170.06168671959503,26.906522167871437,47.8,150,9.25,8.41,6.09,0.1,326,12.8,0.00113,112.71098566411769,5.536691797890713,10.25,78.9,1.1,11.93,-4.08,0.107,324,11.9,0.000709,7.141574965782219,-6.087610119653336,-8.5,31.5,4.0,4.0,0,0,0,0,-756.0,57.3,-3.19,-756.0,57.3,4.0,22.2,0.989,321,118.0,0.191,16,1,100,6,Layer 3 Up
174.36576651863982,-22.019397776881267,22.8,151,9.63,7.17,3.65,0.0789,326,14.0,0.000856,126.02445365315816,-39.23856939634491,22.8,78.7,1.92,12.5,-6.74,0.114,324,9.9,0.000502,-7.099472466631774,22.064227035562563,4.0,31.5,4.0,4.0,0,0,0,0,-751.0,57.4,36.3,-750.0,57.3,4.000000954,18.7,0.807,322,118.0,0.155,16,1,100,6,Layer 3 Up
171.11015840161414,-22.04738246588211,66.5,152,9.88,5.8,5.33,0.102,326,12.8,0.00132,103.0584856465991,48.411395545079586,16.5,78.5,2.83,12.89,-1.35,0.0395,324,4.93,9.7e-05,-36.632170685341464,-22.815080951388396,4.0,31.5,4.0,4.0,0,0,0,0,-745.0,57.4,60.9,-745.0,57.3,4.000000954,22.9,0.91,316,117.0,0.175,16,1,100,6,Layer 3 Up
162.76040443586948,-6.926052862926259,-58.5,152,9.99,4.493,4.46,0.0748,326,14.4,0.000935,65.26490435289546,-30.95740650254956,16.5,78.5,3.692,13.06,-5.69,0.0855,324,6.25,4.11e-05,35.705764874525784,29.13515713985152,-8.5,31.5,4.0,4.0,0,0,0,0,-740.0,57.4,54.8,-740.0,57.3,4.0,17.0,0.952,321,117.0,0.182,16,1,100,6,Layer 3 Up
96.68291963533291,-13.665196577502241,-52.3,153,10.0,4.0,4.99,0.0855,326,15.0,0.00109,-28.449490136516673,14.133038636866392,35.3,78.5,4.0,4.0,-3.54,0.0569,324,6.55,-8.9e-06,-49.13589297196327,74.85947465401824,4.0,31.5,4.0,4.0,0,0,0,0,-735.0,57.4,24.3,-734.0,57.3,4.0,19.2,0.817,322,118.0,0.157,16,1,100,6,Layer 3 Up
155.64031484119806,26.899606573016598,47.8,153,10.0,4.0,5.33,0.101,326,13.8,0.00131,117.53299068997795,13.323079263488442,-21.0,78.5,4.0,4.0,-3.06,0.0692,324,3.38,0.0,-16.036623582705175,1.9443583855926838,4.0,31.5,4.0,4.0,0,0,0,0,-729.0,57.3,8.31,-729.0,57.3,4.0,25.6,0.94,316,119.0,0.181,16,1,2,6,Layer 3 Up
136.43837643595148,17.737690706572618,-52.3,154,10.0,4.0,5.57,0.0901,326,14.7,0.00111,140.4936024278368,10.675207145360627,29.0,78.5,4.0,4.0,-4.03,0.0549,325,5.76,-8.44e-06,12.186388529420029,-40.68320020774394,-2.25,31.5,4.0,4.0,0,0,0,0,-724.0,57.4,61.4,-724.0,57.3,4.000000954,20.2,0.928,321,118.0,0.178,16,1,102,6,Layer 3 Up
113.5893382449595,34.62270677907771,22.8,154,10.0,4.0,5.39,0.0851,326,12.8,0.00104,111.2065239925671,-7.837652532945726,35.3,78.5,4.0,4.0,-3.71,0.0562,324,5.46,-2.47e-05,1.612961401496868,-40.66982463978999,-2.25,31.5,4.0,4.0,0,0,0,0,-719.0,57.3,-46.1,-718.0,57.3,3.999999046,23.8,0.998,321,116.0,0.193,16,1,102,6,Layer 3 Up
208.10294387037993,18.975589109839902,41.5,155,10.0,4.0,5.17,0.0971,326,13.3,0.00126,33.8647185101195,23.83384906050477,-21.0,78.5,4.0,4.0,-3.54,0.0683,324,2.66,2.18e-05,45.751988538554514,29.796008581762216,4.0,31.5,4.0,4.0,0,0,0,0,-713.0,57.2,-5.37,-713.0,57.3,3.999999046,28.7,1.09,316,116.0,0.21,16,1,102,6,Layer 3 Up
210.59260033794396,14.474955444026568,-46.0,156,10.0,4.0,6.95,0.0975,326,12.7,0.0012,112.69003164464084,-33.43000078546872,47.8,78.5,4.0,4.0,-3.39,0.0552,324,6.3,-1.68e-05,42.4864580813872,2.015347266184778,4.0,31.5,4.0,4.0,0,0,0,0,-708.0,57.3,18.4,-708.0,57.3,4.0,24.7,0.967,322,118.0,0.186,16,1,102,6,Layer 3 Up
198.91705434268368,36.69587521638688,-64.7,156,10.0,4.0,6.88,0.0786,326,11.8,0.000948,122.1654537687692,2.467738890260941,35.3,78.5,4.0,4.0,-3.54,0.0534,324,6.03,-2.49e-05,63.63455163530398,33.126629773584646,4.0,31.5,4.0,4.0,0,0,0,0,-703.0,57.4,-4.56,-702.0,57.3,4.0,19.7,0.856,321,118.0,0.165,16,1,102,6,Layer 3 Up
165.05830052737826,20.509579291152477,10.25,157,10.0,4.0,4.19,0.0971,325,15.0,0.00123,157.5982788537579,-9.603294682286567,-21.0,78.5,4.0,4.0,-3.06,0.0691,324,3.35,1.07e-05,58.5502884663526,-13.701299654287931,22.8,31.5,4.0,4.0,0,0,0,0,-697.0,57.3,-8.1,-697.0,57.3,4.0,25.8,1.05,317,115.0,0.202,16,1,102,6,Layer 3 Up
199.64565420794264,11.549327034598406,16.5,157,10.0,4.0,8.9,0.091,326,8.72,0.0011,34.0439666535606,-12.204536886928693,47.8,78.5,4.0,4.0,-3.55,0.0565,324,6.26,-2.51e-05,72.5153937367414,31.591710852130866,4.0,31.5,4.0,4.0,0,0,0,0,-692.0,57.3,-6.9,-692.0,57.3,3.999999046,25.4,1.05,321,118.0,0.202,16,1,102,6,Layer 3 Up
158.3805761969604,42.95878849814211,-8.5,158,10.0,4.0,6.26,0.0957,326,13.5,0.00119,67.00912164838249,14.355384067368501,35.3,78.5,4.0,4.0,-3.57,0.0554,324,5.94,-2.54e-05,31.431028182319054,-1.2583929686229922,-2.25,31.5,4.0,4.0,0,0,0,0,-687.0,57.5,50.2,-686.0,57.3,4.0,14.2,0.852,320,114.0,0.16,16,1,102,6,Layer 3 Up
165.40327386980258,12.389676269014853,-33.5,159,10.0,4.0,7.3,0.121,326,13.7,0.00152,116.41847381910469,29.823279902559122,-39.8,78.5,4.0,4.0,-3.38,0.0684,324,2.93,3.16e-05,42.410479387272645,-20.307370726032758,10.25,31.5,4.0,4.0,0,0,0,0,-681.0,57.4,33.0,-681.0,57.3,4.0,22.6,1.01,317,114.0,0.193,16,1,102,6,Layer 3 Up
124.47391187414362,3.260185503459007,-14.8,159,10.0,4.0,3.83,0.0869,326,15.5,0.00108,81.41313222199288,-4.1754972913693384,47.8,78.5,4.0,4.0,-3.07,0.0562,324,7.08,-8.39e-06,49.890340712868614,-9.320395396964289,4.0,31.5,4.0,4.0,0,0,0,0,-676.0,57.3,1.31,-676.0,57.3,4.0,22.3,0.983,321,118.0,0.19,16,1,2,6,Layer 3 Up
172.53490227049542,-8.741769734511411,-58.5,160,9.97,3.108,3.84,0.0628,326,13.4,0.000742,21.803971611256003,23.314454770950093,10.25,78.5,4.608,13.03,3.09,0.0555,324,7.18,3.34e-05,36.592952387211405,-35.788834948994115,-8.5,31.5,4.0,4.0,0,0,0,0,-671.0,57.4,36.3,-670.0,57.3,4.000000954,19.7,0.81,322,117.0,0.156,16,1,102,6,Layer 3 Up
161.90667075760953,25.504441629309614,-33.5,160,9.8,1.71,3.45,0.0761,326,13.0,0.000882,99.63867891847781,6.595566895441091,-8.5,78.6,5.54,12.78,5.72,0.0991,324,6.72,0.000285,17.21975948800354,70.10768436872642,16.5,31.5,4.0,4.0,0,0,0,0,-665.0,57.4,60.8,-665.0,57.3,4.000000954,22.9,0.928,317,116.0,0.177,16,1,102,6,Layer 3 Up
119.86908153419847,37.09849841338499,-46.0,161,9.52,0.46,3.91,0.0663,326,13.9,0.000713,108.16275480712245,-15.127716062277893,35.3,78.8,6.36,12.35,4.72,0.0889,324,9.57,0.000429,19.547765971821917,0.7983822045663405,-2.25,31.5,4.0,4.0,0,0,0,0,-660.0,57.4,58.4,-660.0,57.3,4.0,15.7,0.957,320,119.0,0.183,16,1,102,6,Layer 3 Up
159.3834638545476,7.841399129643987,-46.0,161,9.1,-0.76,5.71,0.0918,325,13.4,0.000958,83.46345982895514,0.6998621342883649,-46.0,79.1,7.16,11.72,3.91,0.0437,324,8.08,0.000257,2.106500976330704,25.40951388594122,4.0,31.5,4.0,4.0,0,0,0,0,-655.0,57.4,25.6,-654.0,57.3,4.0,19.4,0.831,321,118.0,0.159,16,1,102,6,Layer 3 Up
159.48255873695783,37.77949271010949,-21.0,162,8.54,-1.91,4.81,0.0884,326,11.8,0.000851,90.54229456273924,0.6515555585812329,54.0,79.4,7.92,10.88,5.12,0.101,324,11.5,0.000813,46.65829805385401,-13.833756246712923,10.25,31.5,4.0,4.0,0,0,0,0,-649.0,57.3,10.31,-649.0,57.3,4.0,26.6,0.963,317,118.0,0.185,16,1,102,6,Layer 3 Up
218.7575493311444,-36.030877425940886,-46.0,162,7.93,-2.84,4.12,0.0757,326,11.2,0.000581,66.67260824902036,-8.244921309910751,54.0,79.8,8.54,9.96,8.81,0.168,324,14.4,0.00166,28.119892923457193,-30.94301165352796,4.0,31.5,4.0,4.0,0,0,0,0,-644.0,57.4,59.9,-644.0,57.3,4.000000954,25.7,0.949,321,113.0,0.183,16,1,102,6,Layer 3 Up
191.23456472438363,6.0928396537673795,16.5,163,7.2,-3.66,4.81,0.0885,326,10.9,0.000623,155.3116119497724,19.54901791991791,-8.5,80.3,9.08,8.86,2.04,0.051,324,11.7,0.00051,7.657058588495463,-3.7690591006112184,4.0,31.5,4.0,4.0,0,0,0,0,-639.0,57.3,-39.4,-638.0,57.3,3.999999046,23.6,1.0,321,116.0,0.194,16,1,102,6,Layer 3 Up
163.36138690905472,5.555485725384367,41.5,163,6.36,-4.33,5.94,0.109,326,8.46,0.000551,35.096600635710146,15.019956998036719,-39.8,80.9,9.51,7.6,5.46,0.0853,324,13.0,0.000952,7.690456253632494,40.604490267902975,16.5,31.5,4.0,4.0,0,0,0,0,-633.0,57.2,-6.4,-633.0,57.3,3.999999046,28.4,1.08,317,116.0,0.208,16,1,102,6,Layer 3 Up
170.85539778618792,-10.719186164811532,-52.3,163,5.54,-4.76,5.55,0.087,326,9.2,0.000279,51.597859090009415,-28.382864488160777,35.3,81.4,9.8,6.36,7.29,0.129,324,14.0,0.00166,-12.017201824370204,-13.297704913770907,-2.25,31.5,4.0,4.0,0,0,0,0,-628.0,57.3,16.9,-628.0,57.3,4.0,23.5,0.97,321,121.0,0.187,16,1,102,6,Layer 3 Up
164.39599490568673,57.80874864173586,-64.7,163,4.651,-5.01,3.39,0.0889,326,10.2,8.19e-05,82.55743274011854,-29.87608748133455,10.25,82.0,9.96,5.01,8.19,0.13,324,14.4,0.00153,66.69206954115418,-24.942391699557223,-2.25,31.5,4.0,4.0,0,0,0,0,-623.0,57.4,-1.5,-622.0,57.3,4.0,20.0,0.86,321,117.0,0.166,16,1,102,6,Layer 3 Up
156.59304110718523,2.57324767141876,41.5,163,4.0,4.0,3.67,0.0589,326,1.77,4.51e-05,127.00035034974802,15.627717744082531,404.0,82.5,10.0,129.0,12.8,0.206,324,13.7,0.00161,34.326523949048955,9.164222096981572,-2.25,31.5,4.0,4.0,0,0,0,0,-617.0,57.3,-15.1,-617.0,57.3,4.0,24.5,1.06,319,116.0,0.204,16,1,102,6,Layer 3 Up
128.82262890791336,-5.221440826462336,-58.5,163,4.0,4.0,2.92,0.0395,326,5.63,-2.23e-05,7.019498306166824,-9.646228877452316,-89.7,83.1,10.0,4.0,5.21,0.0925,324,14.9,0.00111,0.47993882179751424,20.576567505777433,4.0,31.5,4.0,4.0,0,0,0,0,-612.0,57.2,-13.8,-612.0,57.3,3.999999046,26.6,1.07,321,118.0,0.207,16,1,104,6,Layer 3 Up
158.23057431706738,4.5042126693025235,-33.5,163,4.0,4.0,2.11,0.0337,326,6.67,0.0,17.112229013231527,17.479862787741403,-33.5,83.7,10.0,4.0,5.53,0.102,324,14.4,0.0013,60.569541132552814,58.54724489145126,-14.8,31.5,4.0,4.0,0,0,0,0,-607.0,57.5,50.9,-606.0,57.3,4.0,14.6,0.854,320,114.0,0.16,16,1,104,6,Layer 3 Up
139.44213204333903,-40.607613939673335,47.8,163,4.0,4.0,1.93,0.0485,326,2.08,1.46e-05,-19.199498151643,29.150475506239992,10.25,84.3,10.0,4.0,5.04,0.0971,324,13.3,0.00129,11.350306012196551,15.750908028030343,4.0,31.5,4.0,4.0,0,0,0,0,-601.0,57.4,34.0,-601.0,57.3,4.0,22.4,1.02,318,114.0,0.195,16,1,2,6,Layer 3 Up
123.5215960398215,-13.002592495355248,-39.8,163,4.0,4.0,2.6,0.0342,326,5.89,-9.2e-06,86.45903841964763,-20.47862906410952,47.8,84.9,10.0,4.0,8.43,0.155,324,15.9,0.002,-19.067610694629245,25.367193647232252,-2.25,31.5,4.0,4.0,0,0,0,0,-596.0,57.3,1.75,-596.0,57.3,4.0,18.7,0.987,320,123.0,0.191,16,1,104,6,Layer 3 Up
179.14170237806152,25.8860048913598,-33.5,163,4.0,4.0,1.47,0.0357,326,6.88,-4.7e-06,28.654334500249696,-24.14771685237578,-8.5,85.5,10.0,4.0,9.63,0.151,324,15.7,0.00186,68.21578253300135,27.867934914961275,-2.25,31.5,4.0,4.0,0,0,0,0,-591.0,57.4,38.8,-590.0,57.3,4.000000954,19.4,0.811,321,117.0,0.156,16,1,104,6,Layer 3 Up
175.3540848844362,-9.981720445605262,35.3,163,4.0,4.0,2.25,0.0496,326,1.78,7.29e-06,66.48695484256916,50.14664869792042,35.3,86.1,10.0,4.0,7.87,0.146,325,16.2,0.00191,12.189868918629116,-34.300945260426516,4.0,31.5,4.0,4.0,0,0,0,0,-585.0,57.4,62.8,-585.0,57.3,4.000000954,22.6,0.922,319,117.0,0.177,16,1,104,6,Layer 3 Up
106.5851521502926,-14.54213843063059,-33.5,163,4.0,4.0,1.15,0.0326,326,7.46,-1.87e-05,120.16000206291835,18.170357182743828,10.25,86.7,10.0,4.0,6.48,0.113,324,15.2,0.00138,16.798940071580702,-28.00003180948299,-2.25,31.5,4.0,4.0,0,0,0,0,-580.0,57.4,62.3,-580.0,57.3,4.0,16.6,0.951,320,118.0,0.182,16,1,104,6,Layer 3 Up
159.12626290887167,33.16541196514182,-33.5,163,4.0,4.0,1.76,0.0349,326,6.76,-9.35e-06,54.64649980603705,-0.3768706220832634,-46.0,87.3,10.0,4.0,5.73,0.0976,324,14.7,0.00121,32.98053630223942,-32.00494243761187,4.0,31.5,4.0,4.0,0,0,0,0,-575.0,57.4,29.5,-574.0,57.3,4.0,18.9,0.822,321,118.0,0.158,16,1,104,6,Layer 3 Up
194.43902504012866,34.02596823619647,66.5,163,4.0,4.0,0.192,0.049,326,3.91,7.08e-06,99.53583477503868,-12.648197616913755,-21.0,87.9,10.0,4.0,5.42,0.0918,325,13.5,0.00117,72.57926146088168,-40.25131049174193,4.0,31.5,4.0,4.0,0,0,0,0,-569.0,57.3,9.25,-569.0,57.3,4.0,26.0,0.969,319,118.0,0.186,16,1,104,6,Layer 3 Up
196.44472762801513,15.434015986463546,-58.5,163,4.0,4.0,2.25,0.0349,326,6.13,-2.51e-05,73.21083749782811,-2.0489589208272623,35.3,88.5,10.0,4.0,3.11,0.0596,324,12.2,0.000725,32.220396354216405,30.39864152437405,-8.5,31.5,4.0,4.0,0,0,0,0,-564.0,57.4,63.6,-564.0,57.3,4.000000954,20.2,0.938,320,120.0,0.182,16,1,104,6,Layer 3 Up
195.39054464246482,-6.253631235359562,-58.5,163,4.0,4.0,2.6,0.0395,326,5.78,-1.08e-05,123.10478020880406,-18.416602913574607,85.2,89.1,10.0,4.0,3.84,0.0855,324,13.5,0.00109,-11.611596857928213,13.609904145835833,-2.25,31.5,4.0,4.0,0,0,0,0,-559.0,57.3,-40.9,-558.0,57.3,3.999999046,24.2,1.01,321,116.0,0.195,16,1,104,6,Layer 3 Up
164.22867488535329,-1.2675802641991725,47.8,163,3.9017,-5.07,2.14,0.0438,326,1.03,1.28e-05,113.70919979529475,30.45369964860503,523.0,89.6,10.0,3.879,27.9,0.345,324,22.0,0.00423,51.05389146759819,6.640705760387613,4.0,31.5,4.0,4.0,0,0,0,0,-553.0,57.2,-5.12,-553.0,57.3,3.999999046,28.1,1.09,319,116.0,0.21,16,1,104,6,Layer 3 Up
136.31790273440862,-15.020521173528811,-96.0,163,3.0,-4.95,-3.54,0.073,326,3.94,0.000171,55.089534269606304,-8.53999480096905,-71.0,90.2,9.92,2.51,3.87,0.0724,324,12.9,0.000917,14.063270078692153,-82.12503778204434,4.0,31.5,4.0,4.0,0,0,0,0,-548.0,57.4,33.7,-547.0,57.3,4.0,17.6,0.937,318,115.0,0.18,16,1,2,6,Layer 3 Up
128.78247750606977,-20.11330853394204,-64.7,163,2.12,-4.62,-4.05,0.0865,326,7.77,0.000354,82.24218349117207,36.33420309630473,104.0,90.8,9.7,1.18,5.49,0.124,324,15.2,0.0016,99.37611934177264,72.30397344618868,16.5,31.5,4.0,4.0,0,0,0,0,-542.0,57.4,8.31,-542.0,57.3,4.0,17.2,0.748,320,119.0,0.143,16,1,104,6,Layer 3 Up
173.880814652684,-22.05084812263394,-39.8,163,1.28,-4.1,-4.55,0.0922,326,9.07,0.000533,144.26217975738297,-0.349518816286043,16.5,91.4,9.35,-0.08,6.81,0.108,324,12.5,0.00123,31.459742878895263,-25.680989716812412,16.5,31.5,4.0,4.0,0,0,0,0,-537.0,57.3,-10.6,-537.0,57.3,4.0,24.4,1.07,320,116.0,0.205,16,1,104,6,Layer 3 Up
174.97567329571407,-13.208744265567205,-33.5,163,0.51,-3.39,-7.2,0.114,326,10.3,0.000832,111.76093729579058,-15.777970484222855,85.2,91.9,8.88,-1.26,2.58,0.0688,324,10.7,0.000729,-48.85574444534792,72.18225902818409,10.25,31.5,4.0,4.0,0,0,0,0,-532.0,57.4,38.1,-531.0,57.3,4.000000954,21.7,0.871,319,118.0,0.166,16,1,104,6,Layer 3 Up
202.64716151430179,-23.184542347943623,4.0,162,-0.19,-2.52,-4.74,0.0823,326,11.3,0.000672,21.41461209867994,-2.026587204808182,4.0,92.3,8.3,-2.31,9.49,0.158,324,13.6,0.00143,44.34826500664473,-44.14100443874978,4.0,31.5,4.0,4.0,0,0,0,0,-526.0,57.2,-66.7,-526.0,57.3,3.999999046,23.5,0.93,320,119.0,0.177,16,1,104,6,Layer 3 Up
196.73158545368597,-35.536135831474155,-14.8,162,-0.79,-1.49,-4.93,0.0962,326,12.5,0.000948,125.96771856356612,-55.574486423818385,-58.5,92.7,7.62,-3.22,6.04,0.0814,324,10.0,0.000596,101.4137008744437,-22.98639826575971,4.0,31.5,4.0,4.0,0,0,0,0,-521.0,57.4,36.1,-521.0,57.3,4.0,20.0,1.01,319,116.0,0.194,16,1,104,6,Layer 3 Up
156.8249128678787,3.744855972559519,35.3,161,-1.28,-0.34,-4.18,0.0812,326,13.4,0.000856,37.96411390223912,3.87720585781465,22.8,93.0,6.86,-3.97,6.68,0.123,325,12.0,0.000674,88.15871888462226,-69.14940420876832,10.25,31.5,4.0,4.0,0,0,0,0,-516.0,57.3,10.38,-515.0,57.3,4.0,22.2,0.9,320,119.0,0.172,16,1,104,6,Layer 3 Up
121.71450704547505,3.6838086020572147,-8.5,161,-1.65,0.91,-5.93,0.109,326,14.0,0.00128,164.97448559129575,2.191014229977096,-2.25,93.3,6.03,-4.53,2.86,0.0711,324,8.38,0.000309,97.32790074554195,16.054092671571073,16.5,31.5,4.0,4.0,0,0,0,0,-510.0,57.4,-9.6,-510.0,57.3,4.0,19.3,0.827,320,118.0,0.16,16,1,104,6,Layer 3 Up
149.92428810890075,35.874550086909885,-14.8,160,-1.89,2.23,-4.15,0.0844,326,12.9,0.00102,145.3653652070452,25.073520980557948,16.5,93.4,5.15,-4.9,3.58,0.0682,324,5.58,0.000217,-5.163215832184839,-32.58162577229766,4.0,31.5,4.0,4.0,0,0,0,0,-505.0,57.4,54.0,-505.0,57.3,4.000000954,23.1,0.937,320,117.0,0.18,16,1,104,6,Layer 3 Up
165.85902125864027,-17.040575416885794,-64.7,159,-1.99,3.589,-4.48,0.106,325,13.9,0.00136,108.20952220457183,-40.989235139831024,10.25,93.5,4.254,-5.06,6.24,0.119,324,6.23,7.65e-05,64.29441641765146,-31.642993849453724,10.25,31.5,4.0,4.0,0,0,0,0,-500.0,57.3,-32.1,-499.0,57.3,3.999999046,24.1,1.07,319,115.0,0.206,16,1,104,6,Layer 3 Up
152.61927149850678,4.535980415924541,-14.8,159,-2.0,4.0,-4.73,0.0838,325,13.1,0.00104,101.47839213739594,32.0516259419518,66.5,93.5,4.0,4.0,4.56,0.0895,324,4.11,0.0,5.54228756967591,-41.59227285679462,4.0,31.5,4.0,4.0,0,0,0,0,-494.0,57.4,0.0,-494.0,57.3,4.0,15.9,0.88,320,116.0,0.17,16,1,2,6,Layer 3 Up
139.75313644062527,4.796592573256534,-77.2,158,-2.0,4.0,-4.6,0.0947,326,13.1,0.00118,82.89317466055945,23.848928957368507,72.7,93.5,4.0,4.0,4.3,0.0895,325,4.28,1.41e-05,39.56382792501137,29.847234614020046,16.5,31.5,4.0,4.0,0,0,0,0,-489.0,57.3,3.812,-489.0,57.3,4.0,24.7,0.971,320,120.0,0.186,16,1,106,6,Layer 3 Up
165.9847754986514,-7.5630956383936105,-14.8,158,-2.0,4.0,-5.44,0.102,326,14.0,0.00124,127.93002136561677,34.21912566213995,72.7,93.5,4.0,4.0,4.29,0.0859,324,4.22,1.37e-05,-14.266181410122982,27.65844912866389,16.5,31.5,4.0,4.0,0,0,0,0,-484.0,57.3,-16.5,-483.0,57.3,4.0,22.5,0.97,320,118.0,0.186,16,1,106,6,Layer 3 Up
141.08765893495772,14.656022691313009,22.8,157,-2.0,4.0,-5.6,0.0857,326,13.5,0.00105,74.68577793732614,2.882788729920504,72.7,93.5,4.0,4.0,3.17,0.0878,325,5.45,4.18e-05,8.330022253367058,64.19226799552042,4.0,31.5,4.0,4.0,0,0,0,0,-478.0,57.4,45.8,-478.0,57.3,4.000000954,15.7,0.707,321,120.0,0.133,16,1,106,6,Layer 3 Up
137.16896871620685,15.115301008027625,-8.5,157,-2.0,4.0,-4.23,0.0758,326,11.6,0.000941,105.45341102180994,28.52002962085254,79.0,93.5,4.0,4.0,4.3,0.0843,324,4.13,5.38e-05,7.187049782229035,-18.77785029581029,10.25,31.5,4.0,4.0,0,0,0,0,-473.0,57.2,-9.1,-473.0,57.3,3.999999046,28.1,1.1,320,116.0,0.212,16,1,106,6,Layer 3 Up
165.83404622625386,5.024515285103554,-109.0,156,-2.0,4.0,-3.48,0.0844,326,13.5,0.00108,137.74415498780428,-31.212829337476926,79.0,93.5,4.0,4.0,4.01,0.0834,324,4.43,3.97e-05,63.80556227363854,11.268757107417457,4.0,31.5,4.0,4.0,0,0,0,0,-468.0,57.4,37.6,-467.0,57.3,4.0,16.2,0.936,320,116.0,0.179,16,1,106,6,Layer 3 Up
142.30718368820445,-7.703301324820274,-46.0,155,-2.0,4.0,-5.94,0.0984,326,13.7,0.00126,64.99251510279323,21.2388150161145,60.3,93.5,4.0,4.0,4.58,0.0854,325,4.11,0.0,60.28808017764534,-38.82922638487294,4.0,31.5,4.0,4.0,0,0,0,0,-462.0,57.4,4.438,-462.0,57.3,4.0,17.2,0.75,321,119.0,0.144,16,1,106,6,Layer 3 Up
162.70753571921517,-9.826468058437857,16.5,155,-2.0,4.0,-5.22,0.0908,326,13.9,0.00111,62.23282194468946,-14.410672193419128,66.5,93.5,4.0,4.0,4.0,0.0836,325,4.62,1.34e-05,41.45243943483278,-7.12934959148879,4.0,31.5,4.0,4.0,0,0,0,0,-457.0,57.3,-12.1,-457.0,57.3,4.0,23.1,1.05,321,118.0,0.203,16,1,106,6,Layer 3 Up
162.62634946294537,-32.51447982847151,35.3,154,-2.0,4.0,-4.98,0.0673,326,11.7,0.000812,32.894874808988845,-35.543103103228,79.0,93.5,4.0,4.0,4.59,0.084,325,4.13,1.32e-05,-17.05140710955402,-13.23503975229044,4.0,31.5,4.0,4.0,0,0,0,0,-452.0,57.4,42.2,-451.0,57.3,4.000000954,22.0,0.858,321,117.0,0.164,16,1,106,6,Layer 3 Up
118.02281105153821,-20.179961030025172,-64.7,154,-2.0,4.0,-4.82,0.0811,326,12.0,0.00101,39.48596067740911,-22.844847389019026,91.5,93.5,4.0,4.0,3.74,0.0831,325,4.84,2.65e-05,20.295695309045172,19.45313103535762,16.5,31.5,4.0,4.0,0,0,0,0,-446.0,57.3,-52.2,-446.0,57.3,3.999999046,21.9,0.914,321,119.0,0.175,16,1,106,6,Layer 3 Up
137.80493051652232,-15.906937991511995,-39.8,153,-2.0,4.0,-3.51,0.0966,326,15.3,0.0012,0.7225976579994153,4.257946477095622,72.7,93.5,4.0,4.0,4.29,0.0859,325,4.28,4.04e-05,4.6750365995637715,37.8085011975228,16.5,31.5,4.0,4.0,0,0,0,0,-441.0,57.4,30.0,-441.0,57.3,4.0,20.2,1.01,321,116.0,0.195,16,1,2,6,Layer 3 Up
197.39745134059345,-27.02571991027709,-8.5,152,-2.0,4.0,-5.03,0.0994,326,14.5,0.00122,130.5333585825514,-15.66286009092362,85.2,93.5,4.0,4.0,3.73,0.0831,324,4.76,3.98e-05,62.76726305732507,36.946322360283325,10.25,31.5,4.0,4.0,0,0,0,0,-436.0,57.3,13.69,-435.0,57.3,4.0,20.9,0.876,321,120.0,0.168,16,1,106,6,Layer 3 Up
115.30762674749775,7.784668427820508,22.8,152,-2.0,4.0,-3.85,0.0815,326,14.4,0.00096,185.28889883544662,13.164305379778348,72.7,93.5,4.0,4.0,4.85,0.0886,324,2.85,1.38e-05,73.85902339420022,-23.97159675737832,16.5,31.5,4.0,4.0,0,0,0,0,-430.0,57.4,-8.1,-430.0,57.3,4.0,18.8,0.821,322,118.0,0.158,16,1,106,6,Layer 3 Up
84.16715918564297,24.47667182269082,-39.8,151,-2.0,4.0,-3.96,0.0784,326,13.5,0.00098,165.82479542609786,-39.31280735355353,79.0,93.5,4.0,4.0,3.74,0.0832,324,4.91,3.95e-05,69.48000088439554,37.192176395477375,10.25,31.5,4.0,4.0,0,0,0,0,-425.0,57.4,52.4,-425.0,57.3,4.000000954,24.9,0.933,321,115.0,0.179,16,1,106,6,Layer 3 Up
92.21269968834136,-22.328800065326636,-46.0,151,-2.0,4.0,-5.06,0.104,326,14.3,0.00135,10.988360476899345,-46.97692771176723,79.0,93.5,4.0,4.0,4.58,0.0848,325,3.55,0.0,4.347760707203957,2.5355768451814193,4.0,31.5,4.0,4.0,0,0,0,0,-420.0,57.3,-31.8,-419.0,57.3,3.999999046,23.3,1.07,321,116.0,0.206,16,1,106,6,Layer 3 Up
150.91913936477405,4.373555707784563,-8.5,150,-2.0,4.0,-6.38,0.109,326,13.9,0.00136,130.28095928250244,37.136711563175865,79.0,93.5,4.0,4.0,3.45,0.0835,324,5.0,2.66e-05,-66.99383765100282,-6.782482294917333,4.0,31.5,4.0,4.0,0,0,0,0,-414.0,57.4,-0.81,-414.0,57.3,4.0,16.4,0.877,321,116.0,0.169,16,1,106,6,Layer 3 Up
149.97620540857653,-25.100936617566948,22.8,149,-2.0,4.0,-5.49,0.0881,326,13.2,0.00109,165.6612728791954,25.873744649360532,79.0,93.5,4.0,4.0,4.29,0.083,325,3.94,2.62e-05,-32.02719626345863,-19.485383914436248,16.5,31.5,4.0,4.0,0,0,0,0,-409.0,57.3,6.38,-409.0,57.3,4.0,24.9,0.955,322,120.0,0.183,16,1,106,6,Layer 3 Up
145.28646632307394,-8.932789187850355,-46.0,149,-2.0,4.0,-5.11,0.0968,326,13.9,0.00123,70.32030624798584,-21.07090425000257,79.0,93.5,4.0,4.0,1.76,0.0809,325,7.37,0.0,82.61144509999433,-14.59998621462304,4.0,31.5,4.0,4.0,0,0,0,0,-404.0,57.3,-15.9,-403.0,57.3,4.0,23.0,0.963,321,118.0,0.185,16,1,106,6,Layer 3 Up
186.33774360035832,-17.471197567299345,-46.0,148,-2.0,4.0,-5.79,0.114,326,14.0,0.00147,98.64769920437031,4.102900553813509,91.5,93.5,4.0,4.0,3.17,0.0837,325,5.1,1.33e-05,17.073768563527654,61.87630268886059,4.0,31.5,4.0,4.0,0,0,0,0,-398.0,57.4,43.9,-398.0,57.3,4.000000954,17.2,0.7,322,119.0,0.133,16,1,106,6,Layer 3 Up
63.605913720313694,11.24824366605675,-77.2,148,-1.92,6.16,-4.4,0.0893,326,12.3,0.0011,-8.385571609425995,29.4298770447749,41.5,93.5,4.972,17.6,8.4,0.15,325,8.65,0.000339,4.509361314010853,14.236592251456456,16.5,31.5,4.0,4.0,0,0,0,0,-393.0,57.2,-17.5,-393.0,57.3,3.999999046,28.8,1.11,322,116.0,0.214,16,1,106,6,Layer 3 Up
159.5015141775819,-16.673709739543895,4.0,147,-1.55,9.19,-5.71,0.0966,326,12.9,0.00106,107.23486777212406,16.375908018947523,41.5,93.7,6.29,16.7,3.37,0.0639,325,5.6,0.0003,90.55820774389636,9.800268511384314,4.0,31.5,4.0,4.0,0,0,0,0,-388.0,57.4,36.6,-387.0,57.3,4.0,16.5,0.929,322,116.0,0.178,16,1,2,6,Layer 3 Up
196.3020251053964,21.770062724343216,10.25,147,-0.88,11.94,-4.96,0.106,326,15.0,0.0011,40.03228945346645,11.012691117072528,54.0,94.0,7.49,15.2,5.96,0.107,324,10.5,0.00076,76.98601995705734,-4.7113344114339775,4.0,31.5,4.0,4.0,0,0,0,0,-382.0,57.4,6.81,-382.0,57.3,4.0,17.2,0.744,322,119.0,0.142,16,1,106,6,Layer 3 Up
110.39060122914229,-5.702010760814588,-52.3,146,0.04,14.3,-2.0,0.0731,326,12.7,0.000624,104.52998571065395,34.543129240859926,4.0,94.4,8.51,13.12,4.94,0.0824,324,11.5,0.000726,32.37899957403309,85.25068786839117,4.0,31.5,4.0,4.0,0,0,0,0,-377.0,57.3,-15.1,-377.0,57.3,4.0,24.9,1.06,322,116.0,0.204,16,1,106,6,Layer 3 Up
134.00770330978872,-13.442606681922438,-39.8,146,1.17,16.1,-2.78,0.0804,326,10.9,0.000465,15.680615251507163,-8.113408885420668,-21.0,94.9,9.29,10.55,3.9,0.0904,325,13.9,0.00101,20.951342572778785,47.34992930780331,4.0,31.5,4.0,4.0,0,0,0,0,-372.0,57.4,41.8,-371.0,57.3,4.000000954,20.6,0.849,322,119.0,0.163,16,1,106,6,Layer 3 Up
122.22762389060273,-25.76113992464892,-64.7,146,2.44,17.3,-3.78,0.0759,326,7.39,0.000253,122.9459992660528,10.499405355586925,60.3,95.5,9.79,7.63,11.7,0.158,324,11.6,0.00186,26.750593868548354,-19.927291548777966,16.5,31.5,4.0,4.0,0,0,0,0,-366.0,57.2,-57.8,-366.0,57.3,3.999999046,21.6,0.908,322,119.0,0.174,16,1,106,6,Layer 3 Up
116.76124475134804,9.123972325124306,-83.5,145,3.799,17.7,-4.48,0.0681,326,3.01,3.22e-05,147.98636427130356,9.390990036414905,29.0,96.1,10.0,4.524,7.05,0.126,324,15.3,0.00154,39.66713461234741,-5.088963943486002,4.0,31.5,4.0,4.0,0,0,0,0,-361.0,57.4,27.1,-361.0,57.3,4.0,19.9,1.0,322,116.0,0.192,16,1,106,6,Layer 3 Up
134.6983578703255,23.797250783443353,-83.5,145,4.0,4.0,-1.95,0.0476,326,2.28,7.14e-06,56.75947305716157,3.513889991953536,91.5,96.5,10.0,4.0,4.68,0.096,325,14.4,0.00121,89.0261514007602,-3.1167901630593926,4.0,31.5,4.0,4.0,0,0,0,0,-356.0,57.3,10.44,-355.0,57.3,4.0,22.2,0.883,322,119.0,0.169,16,1,106,6,Layer 3 Up
190.07249484001724,9.922775321000508,-77.2,145,4.0,4.0,-1.45,0.0527,326,3.0,6.8e-06,39.40967280042899,0.5606326835491924,4.0,97.1,10.0,4.0,5.99,0.0917,325,12.1,0.00114,46.688879286439914,8.870585534051802,16.5,31.5,4.0,4.0,0,0,0,0,-350.0,57.4,-5.06,-350.0,57.3,4.0,17.2,0.81,322,119.0,0.156,16,1,107,6,Layer 3 Up
203.0150299247016,53.698154989162056,-115.0,145,4.0,4.0,-0.649,0.043,326,4.09,5.98e-06,-11.702062029780919,11.701461346529538,-89.7,97.7,10.0,4.0,4.76,0.0841,324,14.1,0.00103,57.602763689277836,-19.293373861107877,4.0,31.5,4.0,4.0,0,0,0,0,-345.0,57.4,53.6,-345.0,57.3,4.000000954,23.6,0.933,322,116.0,0.178,16,1,107,6,Layer 3 Up
134.39280204129378,35.748443437655105,-71.0,145,4.0,4.0,-1.15,0.0485,326,3.7,6.85e-06,84.68150348801757,10.95701875392353,-83.5,98.2,10.0,4.0,5.14,0.0729,324,12.7,0.000819,73.5385135539743,18.576637835026766,-2.25,31.5,4.0,4.0,0,0,0,0,-340.0,57.3,-38.1,-339.0,57.3,3.999999046,24.0,1.07,321,117.0,0.205,16,1,107,6,Layer 3 Up
205.15180517077792,-3.060919776142174,-102.0,145,4.0,4.0,-1.95,0.0423,326,2.16,-5.89e-06,69.28845285105737,-15.38001231338055,35.3,98.8,10.0,4.0,5.83,0.104,324,14.5,0.00127,-10.553106498998488,52.235564702815374,4.0,31.5,4.0,4.0,0,0,0,0,-334.0,57.4,-4.69,-334.0,57.3,4.0,16.4,0.869,322,116.0,0.167,16,1,108,6,Layer 3 Up
146.1233184633446,-3.2701665517761915,-83.5,145,4.0,4.0,-1.49,0.0434,326,3.03,0.0,20.697352296195334,29.091970694576627,-27.3,99.4,10.0,4.0,4.33,0.0831,325,14.4,0.00101,58.639385204487716,-39.63619001438943,4.0,31.5,4.0,4.0,0,0,0,0,-329.0,57.3,-0.13,-329.0,57.3,4.0,24.9,0.956,322,120.0,0.182,16,1,2,6,Layer 3 Up
200.37236051075027,14.228896155836617,-109.0,145,4.0,4.0,-1.24,0.0386,326,3.99,1.12e-05,122.98731743613519,-13.438399973536631,-27.3,100.0,10.0,4.0,3.56,0.0634,324,12.6,0.000756,20.90943372334482,-33.47485688410071,4.0,31.5,4.0,4.0,0,0,0,0,-324.0,57.3,-17.4,-323.0,57.3,4.0,22.2,0.95,322,119.0,0.183,16,1,108,6,Layer 3 Up
142.05411820832683,-14.896140730771918,-89.7,145,4.0,4.0,-1.65,0.0505,326,2.5,-5.93e-06,77.76736479305075,5.104539782559071,79.0,100.6,10.0,4.0,1.47,0.0721,325,13.2,0.000853,-58.96062254571437,-12.02459454012745,16.5,31.5,4.0,4.0,0,0,0,0,-318.0,57.4,46.8,-318.0,57.3,4.000000954,17.0,0.696,323,119.0,0.132,16,1,108,6,Layer 3 Up
149.13811844908258,29.769798616672222,-109.0,145,4.0,4.0,-1.95,0.0446,326,2.13,0.0,46.61443678812477,2.932637009400403,35.3,101.2,10.0,4.0,6.1,0.106,324,13.4,0.00132,-45.01361600876841,-10.484505336906965,16.5,31.5,4.0,4.0,0,0,0,0,-313.0,57.2,-12.9,-313.0,57.3,3.999999046,27.5,1.08,322,116.0,0.208,16,1,108,6,Layer 3 Up
156.53976609820722,11.767278652588939,-134.0,145,4.0,4.0,-0.00597,0.046,326,4.65,0.0,73.65959355512105,18.457380311589908,-14.8,101.8,10.0,4.0,5.86,0.114,324,15.0,0.00141,-5.10416073186358,70.38517861329505,4.0,31.5,4.0,4.0,0,0,0,0,-308.0,57.4,34.8,-307.0,57.3,4.0,17.0,0.923,322,116.0,0.176,16,1,108,6,Layer 3 Up
245.37151885071887,9.446577740781576,-134.0,145,4.0,4.0,-2.2,0.0422,326,1.52,0.0,156.76070176789247,-40.884793418565806,-2.25,102.4,10.0,4.0,5.45,0.111,325,14.5,0.00138,50.598953032446865,37.27484663590949,4.0,31.5,4.0,4.0,0,0,0,0,-302.0,57.4,4.313,-302.0,57.3,4.0,17.2,0.736,323,119.0,0.141,16,1,108,6,Layer 3 Up
171.87913151758494,19.150881254459023,-83.5,145,4.0,4.0,-2.59,0.0477,326,1.9,1.43e-05,133.69454542876306,31.69391298312187,54.0,103.1,10.0,4.0,3.76,0.0759,324,12.2,0.000963,35.59141098612257,35.36856566133143,4.0,31.5,4.0,4.0,0,0,0,0,-296.0,57.4,28.6,-296.0,57.3,3.999999046,18.2,0.883,322,121.0,0.17,16,1,108,6,Layer 3 Up
122.66829736101846,42.26119657760767,-77.2,145,4.0,4.0,-1.26,0.0452,326,3.52,-1.11e-05,97.0021487874631,-5.9921435449986316,54.0,103.6,10.0,4.0,6.46,0.126,324,15.2,0.00167,38.128496066378645,-4.78171801925108,4.0,31.5,4.0,4.0,0,0,0,0,-292.0,57.4,39.3,-291.0,57.3,4.000000954,20.6,0.854,322,119.0,0.162,16,1,108,6,Layer 3 Up
175.59586813761447,7.5640002017050625,-109.0,145,4.0,4.0,-2.2,0.0409,326,2.56,2.25e-05,135.4149544306043,39.45304415012758,85.2,104.0,10.0,4.0,7.32,0.157,324,15.9,0.00205,101.64184610019855,-5.48577868734689,16.5,31.5,4.0,4.0,0,0,0,0,-286.0,57.2,-63.9,-286.0,57.3,3.999999046,22.4,0.911,322,119.0,0.174,16,1,108,6,Layer 3 Up
133.57522711646476,1.3030783883770916,-77.2,145,4.0,4.0,-1.2,0.0506,326,4.13,6.47e-06,46.09239124201426,-1.6131746329236645,35.3,105.0,9.94,-9.9,9.19,0.162,324,16.6,0.00207,-14.127302504053425,-44.197851540537485,10.25,31.5,4.0,4.0,0,0,0,0,-281.0,57.4,24.1,-281.0,57.3,4.0,20.7,1.0,322,116.0,0.193,16,1,108,6,Layer 3 Up
129.53625908160956,37.48441384132499,-83.5,145,4.0,4.0,-2.54,0.0447,326,2.2,6.2e-06,106.64254077890578,9.10599531718643,47.8,105.0,10.0,4.0,2.54,0.0574,325,12.1,0.000692,30.513694592261032,29.967901340697154,4.0,31.5,4.0,4.0,0,0,0,0,-276.0,57.3,3.375,-275.0,57.3,4.0,22.5,0.889,322,119.0,0.171,16,1,2,6,Layer 3 Up
173.68886325725586,25.38597221163644,-83.5,145,4.0,4.0,-6.37,0.049,326,3.31,0.0,113.47550764540547,56.14977129400411,66.5,106.0,10.0,4.0,4.74,0.0889,325,12.9,0.00115,42.44530404296155,20.31188606273129,4.0,31.5,4.0,4.0,0,0,0,0,-270.0,57.4,-10.1,-270.0,57.3,4.0,18.5,0.823,323,118.0,0.158,16,1,109,6,Layer 3 Up
145.98151974694812,-3.3610345058050273,-89.7,145,4.0,4.0,-3.39,0.0409,326,0.877,-5.89e-06,82.15930728372916,3.263897359215041,41.5,107.0,10.0,4.0,6.29,0.109,324,14.1,0.00139,5.028933007928103,46.71835002499005,4.0,31.5,4.0,4.0,0,0,0,0,-265.0,57.4,45.4,-265.0,57.3,4.000000954,21.2,0.927,323,119.0,0.177,16,1,109,6,Layer 3 Up
153.79596561372435,4.8907092537818855,104.0,145,4.645,17.7,1.37,0.0502,326,4.35,6e-05,129.09625729484486,39.72700232390922,148.0,107.0,9.97,2.59,7.92,0.133,325,15.0,0.00171,32.51842529615005,-3.003356101798987,4.0,31.5,4.0,4.0,0,0,0,0,-260.0,57.3,-34.1,-259.0,57.3,3.999999046,24.3,1.06,322,116.0,0.205,16,1,109,6,Layer 3 Up
146.44157992209412,10.2789325707836,85.2,146,5.98,17.0,4.86,0.0933,326,7.65,0.000324,68.39883269793525,10.438487881362313,16.5,108.0,9.66,-0.48,6.34,0.105,324,14.1,0.00121,-26.02262992514457,-0.7096295528941132,4.0,31.5,4.0,4.0,0,0,0,0,-254.0,57.4,-1.69,-254.0,57.3,4.0,15.4,0.871,323,117.0,0.167,16,1,111,6,Layer 3 Up
156.6275289914045,15.322017787365686,35.3,146,7.22,15.6,4.4,0.077,326,9.08,0.000535,133.8695921126254,19.305009183179127,16.5,108.0,9.06,-3.32,2.86,0.0777,325,12.6,0.000833,82.19005113957968,9.648584210788739,4.0,31.5,4.0,4.0,0,0,0,0,-249.0,57.3,1.75,-249.0,57.3,4.0,25.7,0.947,323,119.0,0.182,16,1,111,6,Layer 3 Up
159.41819312485993,-22.195633914987784,-27.3,146,8.28,13.67,5.1,0.0813,326,11.3,0.000697,137.0027097870618,10.031525021919016,41.5,109.0,8.2,-5.77,8.62,0.151,324,13.1,0.00142,6.994060454582993,33.62711578066385,4.0,31.5,4.0,4.0,0,0,0,0,-244.0,57.3,-18.2,-243.0,57.3,4.0,22.7,0.953,322,118.0,0.184,16,1,111,6,Layer 3 Up
85.84074807811167,-25.132707938091016,85.2,147,9.13,11.2,4.37,0.0873,326,11.4,0.000959,-39.024070207222906,27.548966135451977,-21.0,109.0,7.12,-7.7,3.83,0.0677,325,9.02,0.000428,104.53448766726474,-44.86272493008219,-2.25,31.5,4.0,4.0,0,0,0,0,-238.0,57.4,40.4,-238.0,57.3,4.000000954,16.7,0.695,323,119.0,0.131,16,1,111,6,Layer 3 Up
168.04686717950074,-9.997600248258188,41.5,147,9.7,8.35,4.73,0.0858,326,12.5,0.000972,169.39912182747327,-10.37744144111464,-21.0,109.0,5.87,-9.0,4.74,0.116,325,11.2,0.000539,30.332457705392212,28.45036391419267,4.0,31.5,4.0,4.0,0,0,0,0,-233.0,57.2,-12.3,-233.0,57.3,3.999999046,27.5,1.08,322,117.0,0.209,16,1,111,6,Layer 3 Up
116.99297965520707,-11.703237319894896,35.3,148,9.98,5.28,5.61,0.0999,326,14.3,0.00122,-45.64458420832162,-18.95259545913851,47.8,109.0,4.531,-9.7,1.84,0.0546,324,3.86,5.41e-05,68.46138591759001,3.319176988300476,4.0,31.5,4.0,4.0,0,0,0,0,-228.0,57.4,31.7,-227.0,57.3,4.0,17.0,0.915,322,116.0,0.175,16,1,111,6,Layer 3 Up
102.4597614502409,-4.31366213595013,16.5,148,10.0,4.0,6.5,0.0917,326,11.8,0.00116,77.7401143785712,-11.373820660270468,-8.5,109.0,4.0,4.0,1.3,0.0218,325,1.51,2.13e-06,29.5836135609998,-31.165886497176942,4.0,31.5,4.0,4.0,0,0,0,0,-222.0,57.4,-0.69,-222.0,57.3,4.0,18.0,1.08,323,121.0,0.206,16,1,2,6,Layer 3 Up
147.15567941924834,24.060343539876357,22.8,149,10.0,4.0,5.21,0.102,326,14.3,0.00125,161.02875249111833,6.396639128156293,4.0,109.0,4.0,4.0,1.05,0.0207,325,1.31,0.0,30.394673695017175,-65.24657907698125,4.0,31.5,4.0,4.0,0,0,0,0,-217.0,57.3,-5.5,-217.0,57.3,4.0,23.8,1.05,323,117.0,0.203,16,1,111,6,Layer 3 Up
152.65167941261018,6.481204065551868,4.0,150,10.0,4.0,4.47,0.0846,326,13.5,0.00108,92.90006910304676,-1.307601487348987,4.0,109.0,4.0,4.0,-0.177,0.0179,325,1.65,-1.46e-06,10.502520589450452,-0.5333932660799894,4.0,31.5,4.0,4.0,0,0,0,0,-212.0,57.4,35.3,-211.0,57.3,4.000000954,21.1,0.862,323,119.0,0.165,16,1,111,6,Layer 3 Up
128.10271434566133,14.561547892698211,47.8,150,10.0,4.0,4.38,0.0879,326,13.8,0.00114,34.602015082540746,21.072170655180972,4.0,109.0,4.0,4.0,0.163,0.0172,325,1.27,0.0,35.78283668625485,52.09023070641806,4.0,31.5,4.0,4.0,0,0,0,0,-206.0,57.2,-58.9,-206.0,57.3,3.999999046,22.0,0.892,323,119.0,0.171,16,1,111,6,Layer 3 Up
177.23962540611956,-17.16411092486794,85.2,151,10.0,4.0,5.1,0.0937,326,12.4,0.00116,53.50101529124839,35.360537978258705,4.0,109.0,4.0,4.0,0.119,0.0237,325,1.25,0.0,42.93293779732532,59.62979189559984,4.0,31.5,4.0,4.0,0,0,0,0,-201.0,57.4,28.0,-201.0,57.3,4.0,20.7,1.0,323,116.0,0.192,16,1,111,6,Layer 3 Up
108.6211510184491,-0.3992005370203362,4.0,151,10.0,4.0,7.07,0.105,326,12.8,0.00128,161.10779474083589,-19.45525539058,4.0,109.0,4.0,4.0,0.163,0.0207,325,1.11,-3.54e-06,3.303724647448508,15.8049117167185,4.0,31.5,4.0,4.0,0,0,0,0,-196.0,57.3,7.31,-195.0,57.3,4.0,22.2,0.882,323,119.0,0.169,16,1,111,6,Layer 3 Up
139.15085176262855,22.921671352711048,-33.5,152,10.0,4.0,5.94,0.103,326,14.5,0.00124,11.498000395692003,-13.641197003686212,4.0,109.0,4.0,4.0,-0.429,0.0159,325,1.5,0.0,27.00430535237511,69.19904078817352,10.25,31.5,4.0,4.0,0,0,0,0,-190.0,57.3,-16.9,-190.0,57.3,4.0,19.3,0.822,323,118.0,0.157,16,1,111,6,Layer 3 Up
134.53274381870716,23.403341644211434,10.25,153,10.0,4.0,4.22,0.0687,326,12.6,0.000861,166.28786382191643,-30.496458189475923,16.5,109.0,4.0,4.0,-0.133,0.017,325,1.36,0.0,9.56524835360592,2.5735801156503415,4.0,31.5,4.0,4.0,0,0,0,0,-185.0,57.4,50.4,-185.0,57.3,4.000000954,22.0,0.928,323,119.0,0.178,16,1,111,6,Layer 3 Up
151.52901845925828,-5.985184017332401,72.7,153,10.0,4.0,4.75,0.0877,326,12.8,0.00113,106.2039801345231,52.8020558521279,4.0,109.0,4.0,4.0,0.547,0.0185,325,1.72,9.09e-07,114.17932140758195,35.666903772645185,4.0,31.5,4.0,4.0,0,0,0,0,-180.0,57.2,-42.1,-179.0,57.3,3.999999046,23.7,1.08,322,117.0,0.207,16,1,111,6,Layer 3 Up
162.80507082944172,13.60667487955258,35.3,154,10.0,4.0,6.09,0.104,326,14.1,0.00134,48.494845217054255,11.323037678423944,4.0,109.0,4.0,4.0,0.459,0.0211,325,1.13,2.99e-06,28.273929173527048,-11.01401909430769,-8.5,31.5,4.0,4.0,0,0,0,0,-174.0,57.4,-3.38,-174.0,57.3,4.0,15.9,0.856,323,116.0,0.164,16,1,111,6,Layer 3 Up
122.17602935005999,59.02611932817454,4.0,154,10.0,4.0,4.87,0.094,326,14.7,0.00116,79.41126646071997,15.532531080598769,4.0,109.0,4.0,4.0,1.35,0.0173,325,1.56,-9.58e-07,87.05539498464532,-13.09398008330544,4.0,31.5,4.0,4.0,0,0,0,0,-169.0,57.3,1.75,-169.0,57.3,4.0,25.9,0.952,323,120.0,0.183,16,1,2,6,Layer 3 Up
177.86904643815214,9.757391609143777,16.5,155,10.0,4.0,5.66,0.0853,326,12.6,0.00108,57.38346424545463,-28.2132557699766,4.0,109.0,4.0,4.0,-0.562,0.0211,325,2.1,1.38e-06,24.46683294875408,-18.505545030622457,-2.25,31.5,4.0,4.0,0,0,0,0,-164.0,57.3,-20.0,-163.0,57.3,4.0,22.9,0.971,322,119.0,0.187,16,1,111,6,Layer 3 Up
157.98928420077655,-5.334945195204215,72.7,156,10.0,4.0,5.05,0.0992,326,13.0,0.00122,152.95445748297809,3.971878138095935,4.0,109.0,4.0,4.0,0.415,0.0167,325,0.775,1.25e-06,40.82211210095093,-64.42179407403067,16.5,31.5,4.0,4.0,0,0,0,0,-158.0,57.4,40.7,-158.0,57.3,4.000000954,16.3,0.703,323,120.0,0.133,16,1,111,6,Layer 3 Up
96.2622648971294,6.1533750239703195,79.0,156,10.0,4.0,6.32,0.107,326,13.3,0.00137,146.16523946851697,16.240287223590034,-2.25,109.0,4.0,4.0,0.163,0.0234,325,1.5,1.24e-06,-16.0067146630195,46.77972033227887,10.25,31.5,4.0,4.0,0,0,0,0,-153.0,57.2,-7.7,-153.0,57.3,3.999999046,26.9,1.08,322,118.0,0.209,16,1,111,6,Layer 3 Up
95.15795959511414,11.956463879026922,-21.0,157,10.0,4.0,5.39,0.0968,326,13.8,0.00121,21.765416094510186,-2.0752851750180614,4.0,109.0,4.0,4.0,0.207,0.0285,325,1.38,2.01e-06,15.42649648096003,-17.3137910506861,4.0,31.5,4.0,4.0,0,0,0,0,-148.0,57.4,28.8,-147.0,57.3,4.0,16.7,0.917,322,117.0,0.176,16,1,111,6,Layer 3 Up
156.6110213721042,6.657445546058062,-14.8,157,10.0,4.0,5.0,0.0846,326,12.8,0.001,88.52071517159618,29.855666038779756,4.0,109.0,4.0,4.0,0.207,0.017,324,1.17,-1.63e-06,39.06930716256266,-22.62224920324639,4.0,31.5,4.0,4.0,0,0,0,0,-142.0,57.4,3.125,-142.0,57.3,4.0,16.5,0.732,323,119.0,0.14,16,1,111,6,Layer 3 Up
151.02301158227624,9.520479141633333,79.0,158,10.0,4.0,3.76,0.0821,325,12.5,0.00102,65.1997763886065,59.56718505801627,4.0,109.0,4.0,4.0,0.163,0.0181,324,1.2,1.33e-06,88.52125028876478,-35.196381500607906,4.0,31.5,4.0,4.0,0,0,0,0,-137.0,57.3,-10.8,-137.0,57.3,4.0,23.6,1.04,322,118.0,0.201,16,1,111,6,Layer 3 Up
155.73453548787904,-22.203182317622726,35.3,159,10.0,4.0,6.53,0.106,326,13.0,0.00136,174.63596724743792,-18.76360707794544,4.0,109.0,4.0,4.0,0.756,0.0192,324,1.0,-9.59e-07,39.48089845597238,-2.7884259957644835,4.0,31.5,4.0,4.0,0,0,0,0,-132.0,57.4,33.4,-131.0,57.3,4.000000954,21.1,0.862,322,119.0,0.165,16,1,111,6,Layer 3 Up
158.1164608546339,-11.576208724476539,-14.8,159,10.0,4.0,6.1,0.0993,326,14.2,0.00121,40.49255617744858,-20.566894403600944,4.0,109.0,4.0,4.0,-0.133,0.0179,325,1.45,1.43e-06,81.24859675937478,62.579810393091776,4.0,31.5,4.0,4.0,0,0,0,0,-126.0,57.2,-63.9,-126.0,57.3,3.999999046,22.7,0.903,322,119.0,0.172,16,1,111,6,Layer 3 Up
167.1219961555027,6.768342833234832,10.25,160,10.0,4.0,3.54,0.0834,326,14.8,0.00107,190.40264206692086,-17.122749393550713,-2.25,109.0,4.0,4.0,1.69,0.0226,325,2.25,-2.71e-06,54.53599414262876,73.5512916908209,4.0,31.5,4.0,4.0,0,0,0,0,-121.0,57.4,28.0,-121.0,57.3,4.0,20.2,0.998,322,118.0,0.192,16,1,111,6,Layer 3 Up
189.9218020936684,6.462884838436608,29.0,160,10.0,4.0,4.26,0.0766,326,13.2,0.000962,107.31054071036768,42.60661143224687,4.0,109.0,4.0,4.0,-0.133,0.017,325,1.46,1.32e-06,90.00960589529312,-51.19579155381817,-2.25,31.5,4.0,4.0,0,0,0,0,-116.0,57.3,4.687,-115.0,57.3,4.0,21.9,0.89,323,120.0,0.171,16,1,2,6,Layer 3 Up
125.91713751047469,-2.6616373303761076,60.3,161,10.0,4.0,6.18,0.105,326,13.7,0.00132,50.04050954344837,29.054057865706,4.0,109.0,4.0,4.0,0.207,0.0153,325,1.42,0.0,29.377268021151206,-7.774078216372558,4.0,31.5,4.0,4.0,0,0,0,0,-110.0,57.4,-10.4,-110.0,57.3,4.0,19.1,0.819,323,118.0,0.157,16,1,111,6,Layer 3 Up
124.99528676237992,5.950841085925294,-2.25,162,10.0,4.0,6.01,0.104,326,14.8,0.00129,74.63339499260728,0.7424526608730009,4.0,109.0,4.0,4.0,1.1,0.0181,324,1.79,1.4e-06,117.4351565043068,-30.35936844628354,4.0,31.5,4.0,4.0,0,0,0,0,-105.0,57.4,51.6,-105.0,57.3,4.000000954,21.7,0.924,323,120.0,0.178,16,1,111,6,Layer 3 Up
127.47856954720933,11.261236532691562,-39.8,162,10.0,4.0,4.18,0.0713,326,13.8,0.000832,68.3238326255235,4.878748285239678,4.0,109.0,4.0,4.0,-0.000961,0.0181,325,2.04,1.03e-06,14.04865604023712,36.83067192174527,4.0,31.5,4.0,4.0,0,0,0,0,-100.0,57.3,-39.2,-99.0,57.3,3.999999046,23.9,1.07,322,117.0,0.206,16,1,111,6,Layer 3 Up
172.12247232177745,30.022742910225585,47.8,163,10.0,4.0,3.59,0.0727,326,12.6,0.00089,44.32263861304814,-15.626446880803378,4.0,109.0,4.0,4.0,0.459,0.0192,325,1.02,0.0,3.943564617293198,13.520084414222941,4.0,31.5,4.0,4.0,0,0,0,0,-94.5,57.4,-2.75,-94.1,57.3,4.0,16.2,0.859,323,117.0,0.165,16,1,111,6,Layer 3 Up
202.3089056268945,7.786594140974058,54.0,163,10.0,4.0,4.66,0.097,326,14.7,0.00119,113.81175469165765,25.39269743036438,4.0,109.0,4.0,4.0,0.711,0.0171,325,0.739,0.0,-12.004766544600777,-17.145604251675245,4.0,31.5,4.0,4.0,0,0,0,0,-89.2,57.3,-3.69,-88.7,57.3,4.0,26.1,0.968,323,120.0,0.187,16,1,111,6,Layer 3 Up
150.3805639003399,18.70396051384888,-8.5,164,9.93,1.96,5.67,0.106,326,14.0,0.00128,46.692459406538354,-6.081322236284914,-39.8,109.0,3.083,-9.6,-3.85,0.108,324,10.4,0.000189,115.30682229862903,6.410737645527396,4.0,31.5,4.0,4.0,0,0,0,0,-83.8,57.3,-21.6,-83.4,57.3,4.0,22.9,0.961,322,119.0,0.185,16,1,111,6,Layer 3 Up
85.00944604758594,-2.6530593045537483,-14.8,165,9.52,-1.31,6.19,0.0968,326,12.3,0.00108,-1.6372958490696732,-4.451201066049303,-64.7,109.0,1.66,-8.7,-3.74,0.0609,325,6.72,0.000268,60.96142009536436,-11.858925016416949,4.0,31.5,4.0,4.0,0,0,0,0,-78.1,57.3,34.9,-77.6,57.3,4.0,21.0,0.931,323,121.0,0.178,16,1,113,6,Layer 3 Up
111.19684673092084,21.943409728207914,35.3,165,8.91,-3.84,4.74,0.0995,326,12.9,0.00105,89.73425562008241,15.132874140660778,-58.5,109.0,0.55,-7.3,-5.68,0.114,325,10.7,0.000835,19.487430047244118,57.64713918939957,10.25,31.5,4.0,4.0,0,0,0,0,-73.2,57.2,-14.6,-72.7,57.3,3.999999046,26.9,1.09,322,119.0,0.211,16,1,113,6,Layer 3 Up
138.697071473231,16.382512817197245,10.25,165,8.0,-6.2,6.67,0.119,326,12.0,0.000983,16.51851694590053,-4.568647317518031,41.5,108.0,-0.47,-5.21,-5.08,0.0825,325,11.8,0.000714,76.40584097244451,22.168939263572423,4.0,31.5,4.0,4.0,0,0,0,0,-67.8,57.4,23.6,-67.4,57.3,4.0,16.9,0.933,322,117.0,0.18,16,1,113,6,Layer 3 Up
148.38984829400698,26.48630792784771,4.0,166,6.88,-8.0,2.28,0.0666,326,10.3,0.000409,69.83345524574136,-7.047643851756259,29.0,108.0,-1.26,-2.66,-3.28,0.0658,325,12.7,0.000678,56.22444734606752,26.25024104680254,4.0,31.5,4.0,4.0,0,0,0,0,-62.5,57.4,2.06,-62.1,57.3,4.0,17.3,0.737,323,120.0,0.141,16,1,2,6,Layer 3 Up
153.10523008184748,21.687245718562224,54.0,166,5.61,-9.2,2.18,0.0652,326,8.75,0.000203,60.86982019783691,-1.4458143044521585,4.0,107.0,-1.78,0.25,-7.69,0.141,324,15.8,0.00166,102.18775273832277,-84.58985052653965,4.0,31.5,4.0,4.0,0,0,0,0,-57.2,57.3,-9.4,-56.7,57.3,4.0,25.1,1.06,322,117.0,0.204,16,1,113,6,Layer 3 Up
167.21818941768075,17.534644547172952,16.5,166,4.256,-9.7,2.49,0.0673,326,7.28,3.12e-05,62.792293091459086,17.267166896369176,-21.0,107.0,-1.99,3.35,-7.91,0.133,324,15.2,0.00163,-24.1488967037455,1.806409015072484,16.5,31.5,4.0,4.0,0,0,0,0,-51.8,57.4,33.1,-51.4,57.3,4.000000954,21.0,0.863,322,119.0,0.165,16,1,113,6,Layer 3 Up
156.15668669373508,1.9543155030305153,72.7,166,4.0,4.0,1.94,0.0435,326,3.61,-6.22e-06,207.53392845957677,37.325116195700694,10.25,106.0,-2.0,4.0,-2.09,0.0622,325,13.2,0.000709,21.959565823568475,73.20024672619908,4.0,31.5,4.0,4.0,0,0,0,0,-46.5,57.2,-58.8,-46.1,57.3,3.999999046,22.2,0.9,323,119.0,0.172,16,1,113,6,Layer 3 Up
199.1326387194452,9.664574518430097,97.7,166,4.0,4.0,2.22,0.0425,326,2.39,-5.72e-06,108.86246559006312,11.892750148258495,-52.3,106.0,-2.0,4.0,-4.96,0.0951,325,12.9,0.00127,14.871069424373232,48.05144780861484,4.0,31.5,4.0,4.0,0,0,0,0,-41.2,57.3,24.0,-40.7,57.3,4.0,20.4,1.01,322,117.0,0.194,16,1,113,6,Layer 3 Up
144.6549207404508,27.876798931573425,66.5,166,4.0,4.0,1.65,0.0422,326,4.0,0.0,117.45074557026444,17.358464891203617,-27.3,105.0,-2.0,4.0,-7.45,0.126,325,13.7,0.00163,-39.45938337928379,-57.35675050826945,4.0,31.5,4.0,4.0,0,0,0,0,-35.8,57.3,0.31,-35.4,57.3,4.0,22.1,0.897,323,120.0,0.172,16,1,113,6,Layer 3 Up
138.77252366581612,-10.372731366147722,79.0,166,4.0,4.0,2.77,0.0407,326,1.9,0.0,14.861057711060326,-6.62369328459556,198.0,105.0,-2.0,4.0,-8.48,0.124,324,15.7,0.00145,69.62171304475191,-6.4364011390694085,-2.25,31.5,4.0,4.0,0,0,0,0,-30.5,57.3,-15.2,-30.1,57.3,4.0,19.5,0.82,323,118.0,0.158,16,1,113,6,Layer 3 Up
181.12037671117903,-9.894727162879956,72.7,166,4.0,4.0,0.549,0.0445,326,4.95,-1.91e-05,70.81625664505026,-18.812633150454857,-33.5,104.0,-2.0,4.0,-8.52,0.149,325,15.5,0.00191,21.778491523975767,-35.912157300412076,4.0,31.5,4.0,4.0,0,0,0,0,-25.2,57.4,50.1,-24.7,57.3,4.000000954,22.0,0.926,323,119.0,0.177,16,1,115,6,Layer 3 Up
117.51248137969877,1.8977199428032159,-77.2,166,-2.0,4.0,-4.52,0.0904,326,13.4,0.00112,114.72499997039814,19.744216507174013,10.25,103.8,4.0,4.0,0.668,0.0193,325,2.89,-1.76e-06,58.091799614629466,60.814490804224114,-8.5,31.5,4.0,4.0,0,0,0,0,-19.8,57.3,-38.6,-19.4,57.3,3.999999046,22.9,1.04,322,117.0,0.201,16,1,115,6,Layer 3 Up
177.3044192314877,7.314856596588135,4.0,165,-2.0,4.0,-6.61,0.112,326,14.5,0.00139,51.81281179757411,8.11594535799902,10.25,103.8,4.0,4.0,0.731,0.0298,325,3.25,-2.52e-06,116.34036637564483,12.11445299374788,4.0,31.5,4.0,4.0,0,0,0,0,-14.5,57.4,-4.69,-14.1,57.3,4.0,16.7,0.86,323,116.0,0.166,16,1,115,6,Layer 3 Up
168.23809141653547,-20.18574992944323,41.5,165,-2.0,4.0,-7.14,0.113,326,13.7,0.00143,149.87740528412783,-30.24430966088919,-14.8,103.8,4.0,4.0,2.02,0.0287,325,0.851,3.73e-06,18.799906487338717,-21.504686377367435,4.0,31.5,4.0,4.0,0,0,0,0,-8.9,57.4,45.0,-8.5,57.3,4.0,16.0,0.949,316,117.0,0.18,16,1,2,6,Layer 3 Up
159.34453984080113,-3.717946795989148,4.0,164,-2.0,4.0,-4.05,0.0858,326,14.8,0.00108,42.77213346192704,-3.835483188887724,29.0,103.8,4.0,4.0,0.0562,0.0218,325,3.36,0.0,16.358378545391332,5.134660947516259,4.0,31.5,4.0,4.0,0,0,0,0,-3.83,57.3,-24.8,-3.39,57.3,4.0,22.3,0.962,322,119.0,0.186,16,1,115,6,Layer 3 Up
213.1494253301386,-4.167105117103299,16.5,163,-2.0,4.0,-5.2,0.0957,326,13.4,0.00118,89.26905801057814,1.957486708927599,-14.8,103.8,4.0,4.0,0.702,0.0313,325,2.54,0.0,35.76630704797564,-82.61164973825997,4.0,31.5,4.0,4.0,0,0,0,0,1.72,57.2,-50.0,2.16,57.3,4.0,21.5,1.04,318,121.0,0.199,16,1,115,6,Layer 3 Up
143.35395377591527,-46.62272177871235,-39.8,163,2.77,-4.88,-4.0,0.0988,326,10.4,0.000236,74.2622575900533,-2.1393679684776394,66.5,104.0,9.87,2.16,2.27,0.0485,325,12.1,0.000569,66.99428905056158,-32.04032014188633,4.0,31.5,4.0,4.0,0,0,0,0,6.84,57.2,-10.6,7.28,57.3,3.999999046,26.4,1.07,322,119.0,0.208,16,1,115,6,Layer 3 Up
228.05340525833927,-2.949124295374606,-14.8,163,1.9,-4.5,-4.51,0.0572,326,6.06,0.00023,113.33804584445119,45.31500451988151,60.3,105.0,9.62,0.84,5.0,0.0947,324,13.1,0.00114,11.125090036159659,5.185590222673223,-8.5,31.5,4.0,4.0,0,0,0,0,12.17,57.4,28.0,12.61,57.3,4.0,17.0,0.915,322,116.0,0.175,16,1,117,6,Layer 3 Down
155.88205773590533,-2.309748238579613,4.0,163,1.04,-3.91,-5.71,0.112,326,11.1,0.000669,72.49991387489462,20.78341360701325,-64.7,105.0,9.22,-0.45,4.13,0.0777,324,13.3,0.000831,8.815175127354152,32.091703287540575,4.0,31.5,4.0,4.0,0,0,0,0,17.7,57.2,-36.7,18.2,57.3,4.0,19.7,1.08,317,121.0,0.207,16,1,117,6,Layer 3 Down
121.67852153405526,-3.046122703595448,4.0,162,0.32,-3.18,-6.66,0.0989,326,10.3,0.000743,92.25417223869954,41.68563952660158,22.8,106.0,8.74,-1.55,5.09,0.103,324,13.5,0.00101,69.50889556776545,-60.51170766357237,-2.25,31.5,4.0,4.0,0,0,0,0,22.8,57.3,-11.3,23.3,57.3,4.0,23.5,1.04,322,118.0,0.201,16,1,117,6,Layer 3 Down
164.20769348001346,31.368933951080333,10.25,162,-0.38,-2.22,-5.83,0.103,326,11.9,0.000962,94.01816194077426,14.25169097033924,-52.3,106.0,8.1,-2.6,7.62,0.11,325,10.4,0.00093,45.11313713893773,-8.661243557360239,4.0,31.5,4.0,4.0,0,0,0,0,28.4,57.4,5.38,28.8,57.3,4.0,17.0,0.81,318,119.0,0.156,16,1,117,6,Layer 3 Down
128.0178239366829,-28.154362568418236,10.25,162,-0.97,-1.11,-4.26,0.0756,326,11.6,0.000773,69.73530783186317,9.456238463069539,-27.3,107.0,7.37,-3.49,1.77,0.0325,324,6.99,0.000197,-42.01366987981726,37.53981118311072,10.25,31.5,4.0,4.0,0,0,0,0,33.9,57.3,-10.1,34.4,57.3,4.0,24.5,0.995,322,117.0,0.192,16,1,117,6,Layer 3 Down
137.26349500145494,-19.827263453064386,-39.8,161,-1.4,0.03,-5.17,0.0913,326,11.8,0.00104,131.61488975035257,-15.812070055121982,-39.8,107.0,6.61,-4.15,3.53,0.0605,325,6.6,0.000352,-12.556244465084141,-44.2144776175527,4.0,31.5,4.0,4.0,0,0,0,0,39.1,57.3,-11.4,39.5,57.3,4.0,24.6,1.02,317,119.0,0.196,16,1,117,6,Layer 3 Down
172.5362282685489,-59.84787883912317,66.5,160,-1.73,1.3,-4.44,0.0959,326,15.5,0.00119,119.09642905314082,6.016738322465075,-14.8,107.0,5.77,-4.66,4.11,0.0726,325,7.63,0.000252,85.47360602966128,11.613011367623606,4.0,31.5,4.0,4.0,0,0,0,0,44.4,57.5,35.7,44.8,57.3,4.0,14.3,0.863,317,115.0,0.165,16,1,2,6,Layer 3 Down
177.5423670633254,-12.79921226695328,-14.8,160,-1.94,2.69,-3.74,0.0715,326,13.4,0.000874,102.50350430215039,5.288764225983019,22.8,107.0,4.849,-4.98,2.37,0.0653,325,7.57,0.000129,45.950440017979005,6.1915456390628805,4.0,31.5,4.0,4.0,0,0,0,0,49.9,57.4,41.9,50.4,57.3,4.0,20.4,1.01,323,116.0,0.194,16,1,117,6,Layer 3 Down
139.35520871573954,-9.926775973558343,198.0,159,4.0,276.0,1.14,0.0559,326,1.12,-0.00012,85.15745547740381,-28.75995648509589,22.8,107.0,4.0,3.857,3.82,0.0736,325,5.11,0.0,4.096935704468141,60.948404882049786,4.0,31.5,4.0,4.0,0,0,0,0,55.3,57.4,26.9,55.7,57.3,4.0,16.9,0.803,323,118.0,0.153,16,1,117,6,Layer 3 Down
190.17707328669496,-13.347549918826068,-2.25,159,-2.0,4.0,-5.64,0.104,326,13.9,0.00136,147.4186586676428,-9.043085092408532,-33.5,107.0,4.0,4.0,3.42,0.0705,325,4.05,1.07e-05,25.37329871016912,-3.6446800909433135,10.25,31.5,4.0,4.0,0,0,0,0,60.4,57.5,60.9,60.8,57.3,4.000000954,16.4,0.735,317,119.0,0.139,16,1,117,6,Layer 3 Down
194.54802122795,22.712192640693246,-27.3,158,-2.0,4.0,-6.19,0.103,326,13.2,0.00132,95.03317401469403,-3.6704222330686145,47.8,107.0,4.0,4.0,2.8,0.0529,325,3.81,-1.58e-05,31.975895214173427,-1.7002406281896638,4.0,31.5,4.0,4.0,0,0,0,0,65.7,57.2,-38.7,66.2,57.3,4.0,29.7,1.0,318,118.0,0.191,16,1,117,6,Layer 3 Down
203.3508727910043,17.35030792708924,35.3,158,-2.0,4.0,-5.52,0.098,326,14.7,0.00121,91.43740394007365,14.038396488999503,47.8,107.0,4.0,4.0,0.728,0.0517,324,7.17,-7.47e-06,57.95166125288556,32.40011262550685,4.0,31.5,4.0,4.0,0,0,0,0,71.3,57.3,-39.2,71.7,57.3,4.0,22.7,0.981,322,118.0,0.189,16,1,117,6,Layer 3 Down
173.71609741525288,-0.39302272341902933,-21.0,157,-2.0,4.0,-3.64,0.0912,326,14.9,0.00117,112.31223689064764,15.064013710773496,-14.8,107.0,4.0,4.0,3.56,0.0644,325,3.59,3.02e-05,-17.33334799351453,-40.0337424306936,10.25,31.5,4.0,4.0,0,0,0,0,76.4,57.4,36.9,76.8,57.3,4.0,16.7,0.783,317,118.0,0.15,16,1,117,6,Layer 3 Down
199.04992443186268,-10.368347512192573,-14.8,156,-2.0,4.0,-5.31,0.0871,326,12.8,0.00108,193.0890991729623,-9.897574080653772,41.5,107.0,4.0,4.0,3.02,0.0486,325,3.42,-2.24e-05,1.2655387835801832,-3.3373137389300087,4.0,31.5,4.0,4.0,0,0,0,0,81.9,57.3,26.6,82.4,57.3,4.0,22.6,0.94,323,118.0,0.18,16,1,117,6,Layer 3 Down
96.61425472550849,20.824209225192593,-2.25,156,-2.0,4.0,-4.98,0.09,326,13.7,0.00115,38.98693607722038,15.319752225210188,29.0,107.0,4.0,4.0,3.2,0.0556,325,3.73,-2.29e-05,41.3135188024132,-11.13830514971355,4.0,31.5,4.0,4.0,0,0,0,0,86.8,57.2,-17.8,87.3,57.3,3.999999046,28.7,1.08,322,116.0,0.208,16,1,117,6,Layer 3 Down
144.962179339825,-2.370796268937792,35.3,155,-2.0,4.0,-8.07,0.0989,326,10.9,0.00119,146.06448581759247,-0.3014501005501433,41.5,107.0,4.0,4.0,2.58,0.0506,325,4.0,-2.2e-05,27.91066907230632,-0.6393822691478488,-8.5,31.5,4.0,4.0,0,0,0,0,92.6,57.4,31.6,93.0,57.3,3.999999046,18.4,0.746,323,121.0,0.141,16,1,117,6,Layer 3 Down
127.62452342693132,-20.225538967046784,35.3,155,-2.0,4.0,-5.81,0.0963,326,13.1,0.00118,10.935707213128197,-64.89920196423991,35.3,107.0,4.0,4.0,2.58,0.0504,325,3.89,-1.56e-05,52.05992863732334,32.15742451011563,-2.25,31.5,4.0,4.0,0,0,0,0,97.9,57.3,16.6,98.4,57.3,4.0,26.8,1.06,322,117.0,0.204,16,1,117,6,Layer 3 Down
157.76452708261243,-40.23937040194373,-8.5,154,-2.0,4.0,-4.82,0.109,326,16.0,0.00143,118.02498955939767,-7.700300581517912,-14.8,107.0,4.0,4.0,3.25,0.0657,325,4.17,5.1e-05,-12.704211659627099,22.408174806820686,4.0,31.5,4.0,4.0,0,0,0,0,103.1,57.3,26.8,103.5,57.3,4.0,20.4,0.893,316,121.0,0.172,16,1,2,6,Layer 3 Down
134.95663221333115,-11.845690978351957,-39.8,153,-2.0,4.0,-6.89,0.119,326,13.7,0.00155,186.92368625350554,30.00957661212921,35.3,107.0,4.0,4.0,2.67,0.0491,324,3.96,-1.53e-05,44.33976951218194,-20.844781067744726,10.25,31.5,4.0,4.0,0,0,0,0,109.0,57.3,-16.9,109.0,57.3,4.0,18.8,0.779,323,122.0,0.15,16,1,117,6,Layer 3 Down
147.75360722838602,14.936038598867162,16.5,153,-2.0,4.0,-6.1,0.102,325,14.5,0.00127,131.7962768350304,-36.3488919848359,35.3,107.0,4.0,4.0,1.61,0.0491,324,5.04,-2.21e-05,70.74546811086084,8.54088365673286,4.0,31.5,4.0,4.0,0,0,0,0,114.0,57.3,-10.4,114.0,57.3,4.0,24.9,1.01,322,116.0,0.194,16,1,117,6,Layer 3 Down
211.42920641328078,48.81939565216682,-14.8,152,-2.0,4.178,3.17,0.132,325,1.96,0.000165,115.65794801718309,6.708646284083196,22.8,107.0,3.864,-5.07,1.52,0.047,324,4.73,-6.57e-06,49.002481192250386,53.484593341107185,-2.25,31.5,4.0,4.0,0,0,0,0,119.0,57.4,43.2,120.0,57.3,3.999999046,17.7,0.786,323,119.0,0.15,16,1,117,6,Layer 3 Down
146.64113939678487,-0.5754781158530216,-39.8,152,-1.92,5.49,-4.53,0.1,325,14.5,0.00127,78.56137650642458,41.25334685646014,22.8,107.0,3.0,-4.95,-5.86,0.107,324,7.66,0.000224,36.50145407987477,-23.6163636842898,4.0,31.5,4.0,4.0,0,0,0,0,124.0,57.5,40.3,125.0,57.3,4.0,13.8,0.87,316,116.0,0.166,16,1,119,6,Layer 3 Down
164.06539009162685,-18.575020183300655,54.0,151,-1.7,6.82,-5.15,0.0981,325,12.9,0.00117,108.57541347502602,-16.16209692682693,-33.5,107.0,2.08,-4.61,-5.78,0.106,324,9.67,0.000477,28.052717721246776,8.822160221573874,4.0,31.5,4.0,4.0,0,0,0,0,130.0,57.2,-22.6,130.0,57.3,4.0,25.5,0.99,317,119.0,0.191,16,1,119,6,Layer 3 Down
143.666153343814,-27.906478797414287,-27.3,150,-1.33,8.14,-3.3,0.0756,326,13.6,0.000822,94.20969524818057,1.2516553084285407,-33.5,107.0,1.25,-4.08,-8.26,0.134,324,9.76,0.000799,1.484778342409811,-2.4164248194961333,4.0,31.5,4.0,4.0,0,0,0,0,135.0,57.4,27.6,136.0,57.3,4.0,16.9,0.805,323,118.0,0.153,16,1,119,6,Layer 3 Down
152.39062834465574,11.264069486006491,-27.3,150,-0.86,9.3,-4.46,0.0888,326,12.5,0.000925,66.1175590808327,-30.893341596327552,-27.3,106.0,0.48,-3.36,-7.78,0.148,324,12.9,0.00115,28.911450287945847,1.90709499586043,4.0,31.5,4.0,4.0,0,0,0,0,141.0,57.3,-37.6,141.0,57.3,4.0,20.3,0.87,322,120.0,0.168,16,1,119,6,Layer 3 Down
150.18997519694838,-39.56844265831352,66.5,150,-0.27,10.35,-4.98,0.0895,325,12.1,0.000776,91.29097813927123,39.042136253397125,35.3,106.0,-0.21,-2.48,-4.67,0.0801,324,11.1,0.000674,76.78993015347461,-50.16729846533894,4.0,31.5,4.0,4.0,0,0,0,0,146.0,57.4,56.4,146.0,57.3,3.999999046,21.1,0.929,322,118.0,0.177,16,1,119,6,Layer 3 Down
163.1557215203466,12.558155090829908,16.5,149,0.41,11.26,-3.71,0.0595,326,8.23,0.000432,116.066361820848,-2.4329834594444835,35.3,106.0,-0.81,-1.45,-6.24,0.101,324,13.2,0.000935,27.2205940276727,50.862818749118766,4.0,31.5,4.0,4.0,0,0,0,0,151.0,57.2,-42.9,152.0,57.3,4.0,23.3,0.986,322,118.0,0.19,16,1,119,6,Layer 3 Down
185.79429727458526,19.44308037927146,4.0,149,1.18,11.99,-4.91,0.0849,326,9.19,0.000477,66.06946555523652,0.020723037884440965,97.7,105.0,-1.29,-0.29,-7.31,0.113,324,13.1,0.00118,-0.49092902182338705,-21.72247537453793,4.0,31.5,4.0,4.0,0,0,0,0,157.0,57.3,-37.7,157.0,57.3,4.0,12.6,0.919,322,128.0,0.177,16,1,2,6,Layer 3 Down
201.01605810239812,11.583359624826851,-14.8,149,2.01,12.55,-5.66,0.0889,326,7.74,0.000381,64.08722123131685,30.85197309015516,-27.3,105.0,-1.66,0.96,-9.07,0.159,324,14.9,0.00198,13.802347633410498,38.05913016679485,-8.5,31.5,4.0,4.0,0,0,0,0,162.0,57.3,32.4,162.0,57.3,4.0,22.6,0.934,322,119.0,0.179,16,1,119,6,Layer 3 Down
157.77617752261253,-2.1506342905347298,-27.3,148,2.88,12.91,-3.92,0.0713,326,7.71,0.00016,34.977807751508905,14.019298162154655,-58.5,104.0,-1.9,2.28,-7.44,0.143,324,15.5,0.00179,38.72112699098104,-16.66593144277567,-2.25,31.5,4.0,4.0,0,0,0,0,167.0,57.3,-14.4,168.0,57.3,4.0,19.0,0.896,322,118.0,0.173,16,1,119,6,Layer 3 Down
166.61479714186726,16.253780688981685,4.0,148,3.784,13.07,-3.05,0.066,326,6.23,0.0,123.22637601600412,-22.766616805642833,-33.5,103.4,-2.0,3.646,-8.37,0.131,324,13.9,0.00152,18.071132614026453,-16.80305709083026,-8.5,31.5,4.0,4.0,0,0,0,0,173.0,57.4,40.1,173.0,57.3,3.999999046,15.5,0.73,323,122.0,0.138,16,1,119,6,Layer 3 Down
111.66173771127298,7.713621355635576,-52.3,148,4.0,4.0,-1.36,0.0562,326,4.29,-3.52e-05,130.57108150265503,-17.62797557735856,-21.0,102.9,-2.0,4.0,-3.01,0.0781,324,13.2,0.000952,48.948003232599284,44.272612623647866,-8.5,31.5,4.0,4.0,0,0,0,0,178.0,57.3,18.9,178.0,57.3,4.0,26.2,1.06,322,117.0,0.205,16,1,119,6,Layer 3 Down
145.22531358861912,-13.484880529231678,-52.3,148,4.0,4.0,-1.26,0.0413,325,4.88,-1.16e-05,114.05503683867634,9.946171430689745,4.0,102.3,-2.0,4.0,-4.87,0.0949,324,14.8,0.00122,50.29768785019027,37.01492797882977,4.0,31.5,4.0,4.0,0,0,0,0,183.0,57.4,24.1,184.0,57.3,4.0,15.6,0.925,322,116.0,0.177,16,1,119,6,Layer 3 Down
177.68940733644368,45.15755056346635,-52.3,148,4.0,4.0,-0.734,0.0401,326,5.32,-1.11e-05,150.67519183743505,-16.931376952065833,91.5,101.7,-2.0,4.0,-5.66,0.0811,324,13.6,0.000948,63.4614186566478,10.90647836461749,-8.5,31.5,4.0,4.0,0,0,0,0,189.0,57.3,-19.6,189.0,57.3,4.0,20.1,0.792,323,121.0,0.151,16,1,119,6,Layer 3 Down
175.34274561901572,-3.920938764753421,-33.5,148,4.0,4.0,-3.06,0.0459,326,2.11,-2.69e-05,105.5586261336737,-53.110071351874794,10.25,101.1,-2.0,4.0,-4.42,0.0831,324,13.6,0.00105,82.680923642435,29.2839519748738,4.0,31.5,4.0,4.0,0,0,0,0,194.0,57.3,-11.8,194.0,57.3,4.0,25.2,1.02,322,117.0,0.196,16,1,119,6,Layer 3 Down
154.6815249855916,21.231971630487322,-33.5,148,4.0,4.0,-2.65,0.0445,325,3.42,-1.25e-05,120.3916264064218,-3.5596961152565108,-39.8,100.5,-2.0,4.0,-4.52,0.12,324,15.3,0.00157,67.30389181047528,-5.585166351223929,-2.25,31.5,4.0,4.0,0,0,0,0,199.0,57.4,42.4,200.0,57.3,3.999999046,17.4,0.794,322,120.0,0.151,16,1,119,6,Layer 3 Down
175.987670083525,-50.009090745112154,-21.0,148,4.0,4.0,-3.06,0.0445,326,3.39,-6.27e-06,115.31747941954059,-37.70839928427738,-52.3,99.9,-2.0,4.0,-7.34,0.148,324,17.0,0.00198,-2.088493587737247,3.6970435596586375,-2.25,31.5,4.0,4.0,0,0,0,0,205.0,57.2,-62.4,205.0,57.3,4.0,25.8,0.925,323,122.0,0.175,16,1,119,6,Layer 3 Down
163.49583747839534,32.52796305936849,-14.8,148,4.243,13.07,-0.75,0.0254,325,1.24,-5.49e-06,94.85502789861025,36.94895670361621,135.0,99.4,-2.0,4.341,-4.51,0.13,324,15.9,0.00168,-0.9845771599210593,-18.027885148630507,-14.8,31.5,4.0,4.0,0,0,0,0,210.0,57.4,45.1,210.0,57.3,4.0,19.2,0.997,321,116.0,0.192,16,1,2,6,Layer 3 Down
185.89937328964487,37.86800139152992,41.5,148,5.14,12.91,2.27,0.0487,325,7.65,7.37e-05,71.96475792618756,2.2992685882594888,-27.3,98.8,-1.89,5.7,-5.37,0.109,324,13.2,0.00136,28.77580461054118,34.00629245073915,-2.25,31.5,4.0,4.0,0,0,0,0,215.0,57.4,22.3,216.0,57.3,4.0,16.7,0.819,322,118.0,0.156,16,1,120,6,Layer 3 Down
158.13644382742626,6.665589399001808,16.5,149,6.02,12.55,5.31,0.0956,325,8.77,0.000353,210.65170359300686,-23.286792410165656,66.5,98.2,-1.65,7.03,-6.75,0.103,324,12.3,0.00113,15.278990651175473,-19.033852328470108,4.0,31.5,4.0,4.0,0,0,0,0,221.0,57.3,-40.4,221.0,57.3,4.0,21.4,0.872,322,119.0,0.168,16,1,120,6,Layer 3 Down
137.76891364386097,19.386136987973863,16.5,149,6.85,12.0,3.49,0.0684,325,9.09,0.000432,74.76686424191703,-18.34233238209937,-46.0,97.7,-1.28,8.28,-6.19,0.13,324,14.1,0.00151,-9.426012876744942,53.30902690196152,-2.25,31.5,4.0,4.0,0,0,0,0,226.0,57.4,51.9,226.0,57.3,3.999999046,21.2,0.93,322,118.0,0.179,16,1,120,6,Layer 3 Down
159.60410463994958,20.210428925151106,22.8,149,7.61,11.26,3.56,0.076,325,10.1,0.000585,63.4116808500864,-45.9135703291764,16.5,97.2,-0.79,9.44,-5.47,0.092,324,12.9,0.000879,15.619951128498126,-6.516401399965652,-8.5,31.5,4.0,4.0,0,0,0,0,231.0,57.2,-40.8,232.0,57.3,4.0,24.0,0.997,322,118.0,0.191,16,1,120,6,Layer 3 Down
57.46720726754516,-6.120449906321234,47.8,150,8.29,10.36,4.18,0.107,325,13.8,0.000928,118.82275610675535,-26.956671675674468,22.8,96.7,-0.19,10.47,-3.77,0.0857,324,11.9,0.000799,14.439939850730457,4.681254907842566,4.0,31.5,4.0,4.0,0,0,0,0,237.0,57.3,-36.8,237.0,57.3,4.0,22.2,0.929,322,118.0,0.179,16,1,120,6,Layer 3 Down
162.0895224453645,21.15625477121211,16.5,150,8.87,9.32,4.55,0.0872,326,12.3,0.000925,109.17973000325186,24.7783498253496,-14.8,96.3,0.5,11.35,-4.89,0.114,324,12.3,0.000895,7.34520454677639,29.203480232782677,4.0,31.5,4.0,4.0,0,0,0,0,242.0,57.3,33.8,242.0,57.3,4.0,21.6,0.923,323,120.0,0.178,16,1,120,6,Layer 3 Down
34.802267232976675,-8.590480954443017,22.8,151,9.34,8.15,4.99,0.0862,325,11.9,0.00099,24.81732398146937,54.72322349540522,-2.25,96.0,1.27,12.07,-4.06,0.0814,324,9.2,0.000505,20.146489386026808,4.79273000514693,4.0,31.5,4.0,4.0,0,0,0,0,247.0,57.3,-17.0,248.0,57.3,4.0,19.3,0.905,322,118.0,0.175,16,1,120,6,Layer 3 Down
96.58206909374496,-3.931318162101526,-33.5,151,9.69,6.88,4.97,0.0859,325,13.6,0.001,152.767534029693,19.629670400103592,47.8,95.8,2.11,12.6,-4.13,0.0877,324,9.77,0.000335,73.86858674442232,-5.895939132175682,4.0,31.5,4.0,4.0,0,0,0,0,253.0,57.4,36.9,253.0,57.3,3.999999046,18.7,0.736,323,119.0,0.139,16,1,120,6,Layer 3 Down
166.26448186018195,35.112011177325336,66.5,152,9.91,5.56,4.97,0.102,326,14.5,0.0013,90.92032901688627,0.7076650590807394,10.25,95.7,2.99,12.94,-5.14,0.0821,324,7.15,0.000181,38.663161901217116,3.002679019672673,4.0,31.5,4.0,4.0,0,0,0,0,258.0,57.3,15.8,258.0,57.3,4.0,26.7,1.07,322,117.0,0.207,16,1,120,6,Layer 3 Down
167.0778707394867,31.564534940601042,4.0,152,10.0,4.192,5.93,0.0994,325,14.1,0.00116,39.22854654565445,-6.582577818192548,4.0,95.6,3.891,13.07,-5.49,0.102,324,7.86,-1.64e-05,120.36841332942903,33.66592031972028,-8.5,31.5,4.0,4.0,0,0,0,0,263.0,57.4,26.6,264.0,57.3,4.0,14.3,0.928,321,116.0,0.177,16,1,2,6,Layer 3 Down
116.29659871553233,-5.6091808216347605,4.0,153,10.0,4.0,4.44,0.0658,326,12.5,0.000821,155.921912545397,-18.96533839049843,16.5,95.6,4.0,4.0,-5.19,0.0789,324,6.19,-2.5e-05,37.63024367376558,-18.01867128021838,4.0,31.5,4.0,4.0,0,0,0,0,269.0,57.3,-19.6,269.0,57.3,4.0,19.6,0.785,322,121.0,0.15,16,1,120,6,Layer 3 Down
130.51555411814113,-6.236029412231071,66.5,153,10.0,4.0,2.86,0.0889,326,15.7,0.00116,127.34836091423371,53.508543956893526,10.25,95.6,4.0,4.0,-4.44,0.0745,325,6.65,-5.9e-05,21.071328408538484,-0.21834969955837336,-8.5,31.5,4.0,4.0,0,0,0,0,274.0,57.3,-10.4,274.0,57.3,4.0,24.5,1.02,322,118.0,0.197,16,1,121,6,Layer 3 Down
197.27449280450548,-4.60320844294473,-2.25,154,10.0,4.0,5.67,0.101,325,14.4,0.00124,31.43394114437376,-0.5117647877141946,22.8,95.6,4.0,4.0,-4.63,0.076,324,6.3,-7.25e-05,31.648588629911814,4.341705225129943,4.0,31.5,4.0,4.0,0,0,0,0,279.0,57.4,43.1,280.0,57.3,3.999999046,17.4,0.792,322,119.0,0.151,16,1,121,6,Layer 3 Down
138.71686828783865,26.245129991669955,-33.5,155,10.0,4.0,4.2,0.0888,326,15.2,0.00104,185.77875203141784,54.85128968866788,10.25,95.6,4.0,4.0,-4.35,0.0724,324,7.32,-2.29e-05,40.72160023474726,32.71985124029747,4.0,31.5,4.0,4.0,0,0,0,0,285.0,57.2,-65.1,285.0,57.3,4.0,27.7,0.926,322,119.0,0.174,16,1,121,6,Layer 3 Down
225.81965422888146,-12.209580290470727,4.0,155,10.0,4.0,3.35,0.0746,326,15.0,0.000926,129.02904465149464,37.49464223989414,10.25,95.6,4.0,4.0,-3.64,0.0737,324,7.81,-3.52e-05,47.1485907199896,0.683329416866223,4.0,31.5,4.0,4.0,0,0,0,0,290.0,57.4,47.4,290.0,57.3,4.0,19.3,0.993,321,116.0,0.192,16,1,121,6,Layer 3 Down
155.9393811107032,18.15823037901533,60.3,156,10.0,4.0,3.49,0.0775,325,14.3,0.00099,95.08262330593887,-37.84179215168909,10.25,95.6,4.0,4.0,-4.05,0.0728,324,7.63,-3.47e-05,106.16354997241896,64.0682052624426,4.0,31.5,4.0,4.0,0,0,0,0,295.0,57.4,23.9,296.0,57.3,4.0,16.5,0.812,322,119.0,0.155,16,1,121,6,Layer 3 Down
168.8836413847654,26.662092470072263,47.8,156,10.0,4.0,4.86,0.1,326,14.9,0.00125,176.2917240586611,-11.98183527638559,22.8,95.6,4.0,4.0,-4.5,0.0757,325,7.12,-3.51e-05,1.108377440974369,-1.1999093768908589,4.0,31.5,4.0,4.0,0,0,0,0,301.0,57.3,-46.4,301.0,57.3,4.0,22.5,0.89,322,118.0,0.17,16,1,121,6,Layer 3 Down
208.05240930763335,7.911251078654226,-33.5,157,10.0,4.0,5.48,0.0973,326,14.9,0.00121,103.68317243545089,-12.056172112773941,22.8,95.6,4.0,4.0,-4.24,0.0734,324,7.15,-4.62e-05,62.385095821795005,-3.895391654360033,4.0,31.5,4.0,4.0,0,0,0,0,306.0,57.4,54.6,306.0,57.3,3.999999046,20.9,0.932,322,119.0,0.179,16,1,121,6,Layer 3 Down
161.1371487930768,32.56444009961426,-33.5,158,10.0,4.0,4.2,0.0687,326,13.5,0.000836,94.17499374362689,2.105812373680772,22.8,95.6,4.0,4.0,-4.44,0.0723,324,7.32,-2.3e-05,38.969211986093356,-1.6813569276720237,4.0,31.5,4.0,4.0,0,0,0,0,311.0,57.2,-46.0,312.0,57.3,4.0,23.3,1.01,321,118.0,0.193,16,1,121,6,Layer 3 Down
126.3512366719477,3.3108645154205405,16.5,158,10.0,4.0,4.91,0.0834,326,12.7,0.00105,62.09470213181427,2.575286295900591,22.8,95.6,4.0,4.0,-3.23,0.0753,324,10.5,-1.15e-05,-24.985334939584682,-39.76128667651782,-2.25,31.5,4.0,4.0,0,0,0,0,317.0,57.3,-35.5,317.0,57.3,4.0,21.7,0.931,322,117.0,0.179,16,1,121,6,Layer 3 Down
155.53538284644608,5.158898686763894,4.0,159,10.0,4.0,6.77,0.104,325,12.9,0.0013,125.1245628626683,76.04261860774187,16.5,95.6,4.0,4.0,-4.14,0.0723,324,7.49,-4.59e-05,59.20876544760611,-30.438064599938755,4.0,31.5,4.0,4.0,0,0,0,0,322.0,57.3,35.6,322.0,57.3,4.0,22.4,0.933,322,119.0,0.179,16,1,2,6,Layer 3 Down
157.87559981071453,-11.852285070106326,-27.3,159,10.0,4.0,5.01,0.0912,325,14.3,0.00115,119.78403995028125,-21.867254839309744,22.8,95.6,4.0,4.0,-4.44,0.0721,324,6.85,-5.71e-05,77.07459378190099,-13.652729702399911,-14.8,31.5,4.0,4.0,0,0,0,0,327.0,57.3,-20.1,328.0,57.3,4.0,20.0,0.907,322,118.0,0.175,16,1,121,6,Layer 3 Down
116.90861980864611,32.643145077658644,-58.5,160,10.0,4.0,4.15,0.0865,326,15.7,0.00105,96.34490742590606,9.528522574231026,22.8,95.6,4.0,4.0,-4.35,0.0728,324,7.1,-4.59e-05,0.6821234556318423,41.70507502558123,-8.5,31.5,4.0,4.0,0,0,0,0,333.0,57.4,38.1,333.0,57.3,3.999999046,17.5,0.734,323,120.0,0.139,16,1,121,6,Layer 3 Down
151.92216561024196,-6.881009719671942,54.0,161,10.0,4.0,3.22,0.078,326,13.5,0.000967,55.51409443088063,18.843383330608788,22.8,95.6,4.0,4.0,-3.84,0.0736,324,7.57,-3.43e-05,31.178802593555833,2.8996162530014526,4.0,31.5,4.0,4.0,0,0,0,0,338.0,57.3,16.4,338.0,57.3,4.0,25.4,1.07,321,117.0,0.206,16,1,121,6,Layer 3 Down
137.5654681632469,17.80338121179621,16.5,161,10.0,4.0,5.41,0.107,326,13.7,0.00134,102.19296940916979,3.98721529233561,22.8,95.6,4.0,4.0,-4.68,0.0715,324,7.1,-1.14e-05,-30.531285984464823,-12.098944444385154,-2.25,31.5,4.0,4.0,0,0,0,0,343.0,57.4,24.2,344.0,57.3,4.0,15.0,0.92,321,116.0,0.176,16,1,121,6,Layer 3 Down
191.18636760557223,8.228944259874382,-39.8,162,10.0,4.0,6.48,0.106,326,14.9,0.00129,92.05823308060688,6.673300945283566,22.8,95.6,4.0,4.0,-4.63,0.0728,324,6.64,-4.57e-05,-13.75759446579216,44.74311660330844,4.0,31.5,4.0,4.0,0,0,0,0,349.0,57.3,-16.3,349.0,57.3,4.0,24.4,0.791,322,117.0,0.151,16,1,121,6,Layer 3 Down
163.09286136848402,-13.517505735740437,-46.0,162,10.0,4.0,4.96,0.0819,326,14.2,0.00101,27.936140544797993,-21.063032061998946,29.0,95.6,4.0,4.0,-4.4,0.0748,324,7.35,-3.44e-05,69.1795791339132,55.50211003434227,-8.5,31.5,4.0,4.0,0,0,0,0,354.0,57.3,-8.0,354.0,57.3,4.0,24.0,1.01,322,118.0,0.195,16,1,121,6,Layer 3 Down
154.07079415114322,-3.4890423065158984,22.8,163,10.0,4.0,3.71,0.0759,325,14.0,0.000969,20.916518897068556,6.60950273182944,29.0,95.6,4.0,4.0,-4.98,0.073,324,6.68,-1.15e-05,14.731028949176558,45.67638201932251,-8.5,31.5,4.0,4.0,0,0,0,0,359.0,57.4,41.0,360.0,57.3,3.999999046,17.9,0.8,322,119.0,0.153,16,1,121,6,Layer 3 Down
159.64733179753964,40.85176878726104,54.0,163,5.53,-918.0,5.59,0.103,326,14.4,0.00135,124.2773117840893,16.34198895356313,35.3,95.6,4.0,4.0,-4.84,0.0729,324,6.7,-2.32e-05,-8.364551850801178,-24.338002942817898,4.0,31.5,4.0,4.0,0,0,0,0,365.0,57.2,-60.7,365.0,57.3,4.0,27.4,0.903,322,120.0,0.171,16,1,121,6,Layer 3 Down
171.04502255697426,14.39896360916315,10.25,164,9.88,1.34,4.3,0.0928,325,14.7,0.00108,-36.42639360532169,10.744209361311494,-2.25,95.6,2.81,-9.5,-7.48,0.129,324,8.76,0.00031,39.74973850486644,-12.451203157884049,4.0,31.5,4.0,4.0,0,0,0,0,370.0,57.4,40.7,370.0,57.3,4.0,20.6,1.02,321,115.0,0.197,16,1,121,6,Layer 3 Down
184.47575582776477,-12.964063211676251,-33.5,165,9.46,-1.65,3.59,0.0648,326,13.4,0.000724,105.82304964681973,15.45535191627422,10.25,95.4,1.51,-8.5,-2.88,0.057,324,9.07,0.00025,12.717819638832683,64.24881110393035,4.0,31.5,4.0,4.0,0,0,0,0,375.0,57.4,18.4,376.0,57.3,4.0,17.2,0.81,322,118.0,0.155,16,1,2,6,Layer 3 Down
133.43433359123748,15.711849612388356,-8.5,165,8.75,-4.35,3.92,0.0781,326,12.7,0.000764,70.84085651797538,34.28345090668899,22.8,95.1,0.33,-6.9,-2.07,0.065,324,10.9,0.000444,14.572651487139222,12.010195083371922,-2.25,31.5,4.0,4.0,0,0,0,0,381.0,57.3,-45.3,381.0,57.3,4.0,22.5,0.885,322,118.0,0.17,16,1,122,6,Layer 3 Down
133.11212806651673,4.520207669179571,-64.7,166,7.79,-6.6,6.35,0.0921,326,10.0,0.000675,161.08374155169003,21.95093271442855,-27.3,94.6,-0.65,-4.74,-7.35,0.134,324,14.0,0.0013,58.08082756930816,-4.915054480983708,-2.25,31.5,4.0,4.0,0,0,0,0,386.0,57.4,54.2,386.0,57.3,3.999999046,21.0,0.924,322,118.0,0.177,16,1,122,6,Layer 3 Down
200.87997305834875,83.72949832099377,4.0,166,6.64,-8.3,4.37,0.0873,326,11.8,0.0005,69.16017502497277,0.2636377038570441,-58.5,94.1,-1.39,-2.1,-3.32,0.0954,324,13.7,0.00106,-10.267546417912186,27.86213260984836,4.0,31.5,4.0,4.0,0,0,0,0,391.0,57.2,-41.4,392.0,57.3,4.0,23.3,0.995,322,118.0,0.191,16,1,122,6,Layer 3 Down
152.9805652238835,11.74109004178829,-39.8,166,5.34,-9.4,5.34,0.0941,326,9.47,0.000257,127.063896948854,-30.064389889970595,47.8,93.6,-1.85,0.86,-8.0,0.0838,324,9.77,0.00101,-1.0503982949571196,37.46053057427118,4.0,31.5,4.0,4.0,0,0,0,0,397.0,57.3,-37.9,397.0,57.3,4.0,31.4,0.964,322,109.0,0.186,16,1,122,6,Layer 3 Down
121.26356128669838,-4.41670982311705,-33.5,166,4.00212,-4.24,4.43,0.0637,326,5.67,-1.94e-05,72.85958785105663,-16.7017299290786,-14.8,93.0,2.33,915.0,-5.46,0.103,324,14.3,0.00135,37.039604397736085,-14.982451646509357,4.0,31.5,4.0,4.0,0,0,0,0,402.0,57.3,34.4,402.0,57.3,4.0,22.0,0.931,322,119.0,0.178,16,1,122,6,Layer 3 Down
180.01327655159574,35.60570900129841,-21.0,166,4.0,4.0,2.21,0.0453,326,6.09,-2.7e-05,98.27186899113376,-6.979055519120918,22.8,92.5,-2.0,4.0,-6.3,0.107,324,15.2,0.0013,66.35297906069891,11.289371828643425,4.0,31.5,4.0,4.0,0,0,0,0,407.0,57.3,-16.2,408.0,57.3,4.0,18.8,0.892,321,117.0,0.172,16,1,122,6,Layer 3 Down
180.6307870421759,-37.09836929527516,-8.5,166,4.0,4.0,4.44,0.0525,326,3.15,-1.38e-05,129.28894913023885,4.3853857252960715,72.7,91.9,-2.0,4.0,-6.18,0.106,324,14.8,0.00128,76.0153076371426,34.75353691083984,-8.5,31.5,4.0,4.0,0,0,0,0,413.0,57.4,39.1,413.0,57.3,3.999999046,18.0,0.733,323,121.0,0.139,16,1,123,6,Layer 3 Down
117.66804427142027,6.104275127155985,4.0,166,4.0,4.0,1.66,0.0424,326,6.06,-3.04e-05,67.82875309267556,-13.49720876353289,60.3,91.3,-2.0,4.0,-3.72,0.0701,324,13.7,0.000849,7.58918082419423,-34.5674992243351,-8.5,31.5,4.0,4.0,0,0,0,0,418.0,57.3,16.5,418.0,57.3,4.0,25.2,1.06,321,119.0,0.205,16,1,123,6,Layer 3 Down
173.2458284189203,48.47053982174709,-14.8,166,4.0,4.0,5.0,0.0442,326,2.91,-2.21e-05,141.3677152508671,-24.791288082103488,-52.3,90.8,-2.0,4.0,-3.58,0.139,324,17.7,0.00185,65.20130992262463,4.38509226459837,-2.25,31.5,4.0,4.0,0,0,0,0,423.0,57.4,22.7,424.0,57.3,4.0,14.4,0.928,321,115.0,0.177,16,1,123,6,Layer 3 Down
189.22585424650126,1.4076032817036457,-2.25,166,4.0,4.0,2.21,0.044,326,5.5,-1.95e-05,39.77725652992649,-30.659549922005308,10.25,90.2,-2.0,4.0,-8.01,0.147,324,15.8,0.00193,3.307902916021604,-33.0178731082835,4.0,31.5,4.0,4.0,0,0,0,0,429.0,57.3,-21.8,429.0,57.3,4.0,19.9,0.793,322,122.0,0.152,16,1,2,6,Layer 3 Down
177.82115963335733,-34.74480734626301,-27.3,166,4.0,4.0,3.62,0.0453,326,4.29,-2.58e-05,104.54838589340082,-41.68771727459412,-27.3,89.6,-2.0,4.0,-8.56,0.156,324,16.7,0.00194,97.15730688470785,-28.672645449770798,-2.25,31.5,4.0,4.0,0,0,0,0,434.0,57.3,-4.69,434.0,57.3,4.0,23.0,1.0,322,119.0,0.194,16,1,125,6,Layer 3 Down
185.9546590717201,-4.8328980450080525,-14.8,166,4.0,4.0,1.93,0.0447,326,5.95,-6.19e-06,135.81707300502404,-7.597276347887389,-46.0,89.0,-2.0,4.0,-7.4,0.141,324,16.1,0.00178,-9.262222731505965,-14.705097591642723,4.0,31.5,4.0,4.0,0,0,0,0,439.0,57.4,45.8,440.0,57.3,3.999999046,17.8,0.783,322,119.0,0.149,16,1,125,6,Layer 3 Down
121.66055047914607,36.42518088416934,10.25,166,4.0,4.0,1.92,0.0622,326,3.6,3.77e-05,121.89197165046221,-37.174886271779066,-21.0,88.4,-2.0,4.0,-7.8,0.15,324,15.8,0.00191,79.26250932989879,19.84899003894584,4.0,31.5,4.0,4.0,0,0,0,0,445.0,57.4,45.2,445.0,57.3,3.999999046,19.0,0.977,316,119.0,0.188,16,1,125,6,Layer 3 Down
176.45251103352336,12.34008254418018,-21.0,166,4.0,4.0,3.05,0.0452,326,4.17,-4.01e-05,185.04525997333016,-25.79864059065429,4.0,87.8,-2.0,4.0,-6.45,0.102,324,13.8,0.00117,7.897497990057211,-6.696970105823359,4.0,31.5,4.0,4.0,0,0,0,0,450.0,57.4,42.9,450.0,57.3,4.0,17.9,1.0,321,118.0,0.194,16,1,125,6,Layer 3 Down
156.44485592733187,-14.789812551602026,-21.0,166,4.0,4.0,1.66,0.0497,326,6.54,-2.55e-05,48.46115820654163,-11.247827481106498,123.0,87.2,-2.0,4.0,-4.32,0.0619,324,13.9,0.000712,103.88181128625293,-17.56419843519868,-2.25,31.5,4.0,4.0,0,0,0,0,455.0,57.4,23.1,456.0,57.3,4.0,17.0,0.812,322,118.0,0.155,16,1,125,6,Layer 3 Down
150.7560201238915,-11.312712091816906,-8.5,166,4.0,4.0,-1.1,0.0479,326,9.7,-2.46e-05,16.618478946350876,-34.360115453402614,-14.8,86.6,-2.0,4.0,-3.19,0.0586,325,11.8,0.000719,52.759625369521274,5.7125430751190365,4.0,31.5,4.0,4.0,0,0,0,0,461.0,57.3,-39.8,461.0,57.3,4.0,21.6,0.875,322,120.0,0.169,16,1,125,6,Layer 3 Down
193.4875780941437,-8.511868177829342,-2.25,166,4.0,4.0,2.22,0.0429,326,5.61,-1.22e-05,35.54492179762954,6.847725593981783,-109.0,86.0,-2.0,4.0,-3.78,0.081,324,12.9,0.00101,-5.028620984380439,-34.12488778939703,-2.25,31.5,4.0,4.0,0,0,0,0,466.0,57.4,54.8,466.0,57.3,3.999999046,21.0,0.931,321,119.0,0.179,16,1,125,6,Layer 3 Down
212.70772687564136,12.008295835782963,-2.25,166,4.0,4.0,3.32,0.0654,326,2.09,3.85e-05,118.91252616817283,15.612005438179118,-58.5,85.4,-2.0,4.0,-3.99,0.0871,324,13.7,0.00109,12.724073693192246,18.244015154613916,4.0,31.5,4.0,4.0,0,0,0,0,471.0,57.5,64.1,472.0,57.3,3.999999046,16.9,0.719,317,116.0,0.137,16,1,125,6,Layer 3 Down
222.6567907574528,33.780048441835156,-39.8,166,4.0,4.0,3.34,0.042,326,4.5,-1.74e-05,110.06586899394247,-15.106030728236998,60.3,84.8,-2.0,4.0,-6.0,0.0958,325,14.2,0.00118,59.585637723197316,41.55748425576369,-2.25,31.5,4.0,4.0,0,0,0,0,477.0,57.3,-35.8,477.0,57.3,4.0,20.7,0.944,322,119.0,0.182,16,1,125,6,Layer 3 Down
207.51473341364525,27.47947304213421,4.0,166,4.0,4.0,1.94,0.0429,326,5.47,-2.26e-05,89.3887615303376,-12.654390657262665,22.8,84.2,-2.0,4.0,-1.62,0.0825,324,18.9,0.00104,69.34549547121921,1.3689946501826817,4.0,31.5,4.0,4.0,0,0,0,0,482.0,57.3,35.2,482.0,57.3,4.0,22.3,0.923,322,119.0,0.177,16,1,2,6,Layer 3 Down
162.53517035038442,14.198595224071019,10.25,166,4.0,4.0,3.32,0.0561,326,1.51,2.47e-05,26.61831923006919,10.787664773070915,35.3,83.6,-2.0,4.0,-3.01,0.0802,324,14.8,0.000988,28.957577733214997,-2.731608373222313,4.0,31.5,4.0,4.0,0,0,0,0,487.0,57.4,25.2,488.0,57.3,4.0,18.0,0.772,317,117.0,0.149,16,1,125,6,Layer 3 Down
177.1370519259858,-25.708887838083946,-2.25,166,4.0,4.0,0.837,0.0665,326,4.56,3.79e-05,121.91278596641028,-19.06158990095946,66.5,82.9,-2.0,4.0,-6.0,0.104,324,12.9,0.00128,33.105589448508866,16.404967661896798,4.0,31.5,4.0,4.0,0,0,0,0,493.0,57.4,0.5,494.0,57.3,4.0,17.9,0.993,316,115.0,0.191,16,1,125,6,Layer 3 Down
190.2122425546079,-25.62606792600827,-2.25,166,4.0,4.0,2.5,0.0426,326,4.36,-1.76e-05,20.25538215109897,-20.78379640341064,-8.5,82.4,-2.0,4.0,-8.45,0.149,324,16.1,0.00196,58.764901406619174,-63.40683843037029,-2.25,31.5,4.0,4.0,0,0,0,0,498.0,57.3,15.8,498.0,57.3,4.0,25.3,1.07,321,118.0,0.206,16,1,125,6,Layer 3 Down
169.82616378392802,15.84680984212891,-27.3,166,4.0,4.0,2.22,0.0405,326,5.63,-2.3e-05,140.60803293763823,26.80904369551443,-2.25,81.8,-2.0,4.0,-7.87,0.134,324,17.0,0.00171,36.238520139450806,21.832039660679605,4.0,31.5,4.0,4.0,0,0,0,0,503.0,57.4,22.8,504.0,57.3,4.0,15.0,0.945,321,115.0,0.181,16,1,125,6,Layer 3 Down
170.1288468975942,-26.042352327618158,-21.0,166,4.0,4.0,1.93,0.04,326,5.82,-2.11e-05,226.19365240776642,19.372341123930816,-21.0,81.2,-2.0,4.0,-7.36,0.131,324,16.0,0.00163,-15.005098470933895,107.01365866402448,-8.5,31.5,4.0,4.0,0,0,0,0,509.0,57.3,-18.6,509.0,57.3,4.0,20.8,0.798,322,121.0,0.153,16,1,125,6,Layer 3 Down
192.0098014391462,-1.1073821561905186,-33.5,166,4.0,4.0,4.16,0.0407,326,3.62,-1.14e-05,99.29465797762954,12.428859010560348,4.0,80.7,-2.0,4.0,-7.03,0.156,324,14.8,0.00214,2.271321965082187,-0.1000672569478529,-2.25,31.5,4.0,4.0,0,0,0,0,514.0,57.3,-7.4,514.0,57.3,4.0,22.6,1.01,321,119.0,0.195,16,1,125,6,Layer 3 Down
164.12816511130006,10.810572070480916,29.0,166,4.0,4.0,3.34,0.0599,326,1.54,3.62e-05,109.68838155637172,19.998798973437463,-52.3,80.0,-2.0,4.0,-4.72,0.091,324,11.6,0.00118,39.95321610491778,0.04289633337932841,4.0,31.5,4.0,4.0,0,0,0,0,519.0,57.4,-7.0,520.0,57.3,4.000000954,18.1,0.798,318,116.0,0.153,16,1,125,6,Layer 3 Down
142.97294532399624,-21.354630834915014,10.25,166,4.0,4.0,2.22,0.0413,326,5.21,-1.64e-05,54.49104882250093,-49.405881810772726,41.5,79.5,-2.0,4.0,-6.35,0.125,324,16.5,0.00153,75.19997457746459,28.7011891188734,-2.25,31.5,4.0,4.0,0,0,0,0,525.0,57.2,-64.2,525.0,57.3,4.0,25.7,0.939,322,121.0,0.177,16,1,125,6,Layer 3 Down
152.91311543822422,-18.876210563790263,-8.5,166,3.9601,-5.21,3.33,0.0364,326,3.54,-2.64e-05,-12.854802166885747,37.24079830154336,373.0,79.0,-1.5,-871.0,-3.16,0.0485,325,4.52,-4.35e-05,89.59906412055865,58.6547751637226,-2.25,31.5,4.0,4.0,0,0,0,0,530.0,57.5,75.1,531.0,57.3,3.999999046,14.7,0.719,322,117.0,0.134,16,1,125,6,Layer 3 Down
186.01556342191498,0.5701665952369486,-33.5,166,2.65,-9.4,-2.75,0.0632,326,4.65,0.000189,47.81649516751219,7.573607089980925,-83.5,78.4,-1.85,7.03,-6.64,0.132,324,15.6,0.00162,59.52625147655742,36.38654975942872,4.0,31.5,4.0,4.0,0,0,0,0,535.0,57.4,-6.9,536.0,57.3,4.0,18.6,0.906,317,115.0,0.175,16,1,2,6,Layer 3 Down
166.09451242944968,12.536397536701111,-58.5,166,1.36,-8.4,-5.67,0.103,326,8.46,0.000638,22.44373139847091,23.165146645984724,123.0,77.8,-1.39,10.0,-4.54,0.0724,324,13.1,0.000732,41.82890215705837,-67.60509942308076,10.25,31.5,4.0,4.0,0,0,0,0,541.0,57.3,8.19,541.0,57.3,4.0,22.2,0.985,317,120.0,0.189,16,1,126,6,Layer 3 Down
176.74204589159856,24.152398665303004,-14.8,166,0.25,-6.8,-7.59,0.1,326,10.4,0.000795,3.975328137912257,8.375822552920116,47.8,77.3,-0.68,12.55,-2.98,0.0725,324,13.0,0.000691,58.421942544406036,22.690021828190684,-2.25,31.5,4.0,4.0,0,0,0,0,546.0,57.4,51.5,546.0,57.3,3.999999046,21.5,0.945,321,118.0,0.182,16,1,126,6,Layer 3 Down
186.15758637357413,12.993313461875088,-2.25,165,-0.72,-4.54,-6.47,0.11,326,12.9,0.00106,164.2968995196626,1.545957342549102,79.0,76.9,0.29,14.8,-3.51,0.0724,325,12.0,0.000535,7.5284519067760804,89.43455469035356,4.0,31.5,4.0,4.0,0,0,0,0,551.0,57.2,-37.3,552.0,57.3,4.0,23.3,1.0,321,118.0,0.192,16,1,126,6,Layer 3 Down
153.16447350079227,0.3632727291802824,47.8,165,-1.44,-1.87,-5.34,0.0938,326,14.1,0.00103,90.44573426791926,-5.037333671915664,16.5,76.6,1.46,16.4,-4.4,0.0746,324,10.6,0.000412,25.990920660901924,24.651290042043698,-8.5,31.5,4.0,4.0,0,0,0,0,557.0,57.3,-34.2,557.0,57.3,4.0,21.1,0.928,321,119.0,0.179,16,1,126,6,Layer 3 Down
187.87834875957324,-18.57754512895475,-33.5,164,-1.87,1.1,-4.61,0.0924,326,13.6,0.00114,95.66630811753282,11.494684167954993,4.0,76.4,2.76,17.4,-6.68,0.098,324,7.65,0.000264,1.8702076786801314,-34.3786467689456,-2.25,31.5,4.0,4.0,0,0,0,0,562.0,57.3,30.3,562.0,57.3,4.0,21.6,0.921,322,120.0,0.177,16,1,126,6,Layer 3 Down
174.96186152300194,-21.491849222003378,948.0,163,4.0,4.0,14.7,0.219,326,13.2,0.000706,60.71942363389377,-3.493174373077104,22.8,76.4,4.0,4.0,-2.33,0.0517,325,5.88,-7.89e-06,-13.395771095531352,13.336836092360649,-2.25,31.5,4.0,4.0,0,0,0,0,567.0,57.3,-13.1,568.0,57.3,4.0,19.1,0.906,321,118.0,0.175,16,1,126,6,Layer 3 Down
124.01108212860274,-13.247626883285582,16.5,163,-2.0,4.0,-6.62,0.0947,326,14.0,0.00114,67.62808406432245,24.91027449186538,22.8,76.4,4.0,4.0,-2.01,0.0319,325,2.59,-4.24e-06,43.4920149654162,-38.59195831032403,-14.8,31.5,4.0,4.0,0,0,0,0,573.0,57.4,33.7,573.0,57.3,3.999999046,18.7,0.75,322,120.0,0.143,16,1,127,6,Layer 3 Down
207.54041712477783,7.325630036122606,91.5,162,-2.0,4.0,-5.26,0.0856,326,14.8,0.00104,125.34374108562841,-34.0820802270275,29.0,76.4,4.0,4.0,-2.01,0.0324,325,2.62,-4.38e-06,38.16971950519374,44.95135881049099,4.0,31.5,4.0,4.0,0,0,0,0,578.0,57.3,13.69,578.0,57.3,4.0,25.8,1.06,321,119.0,0.205,16,1,128,6,Layer 3 Down
146.18910854135459,5.4100479075216,16.5,162,-2.0,4.0,-4.22,0.0704,326,12.9,0.000884,74.7591328128042,-8.942320253835305,41.5,76.4,4.0,4.0,-2.53,0.0342,325,2.2,-4.47e-06,56.223019998727594,-27.75257438290755,4.0,31.5,4.0,4.0,0,0,0,0,583.0,57.4,25.0,584.0,57.3,4.0,14.5,0.926,321,115.0,0.177,16,1,128,6,Layer 3 Down
108.74077381526386,-48.84864495106368,-27.3,161,-2.0,4.0,-4.48,0.0843,326,13.5,0.00106,103.32875260643908,53.174382322396546,16.5,76.4,4.0,4.0,-2.89,0.0329,325,2.06,-4.01e-06,51.13423970806399,6.466230228002654,4.0,31.5,4.0,4.0,0,0,0,0,589.0,57.3,-26.0,589.0,57.3,4.0,21.5,0.818,322,120.0,0.156,16,1,2,6,Layer 3 Down
128.0030032909737,-19.428391512426156,41.5,161,-2.0,4.0,-3.37,0.0936,326,18.3,0.00113,66.45424620806344,-10.99847330527317,29.0,76.4,4.0,4.0,-2.4,0.0339,325,1.66,-9.1e-06,40.2237366368272,-24.49379584746765,4.0,31.5,4.0,4.0,0,0,0,0,594.0,57.3,-11.0,594.0,57.3,4.0,24.1,1.02,321,118.0,0.198,16,1,128,6,Layer 3 Down
127.76075153831879,24.97246691020485,22.8,160,-2.0,4.0,-5.5,0.101,326,14.3,0.00123,59.038296976982096,-1.7870032190896614,-14.8,76.4,4.0,4.0,-2.26,0.0357,324,1.55,9.38e-06,51.51191774504653,-14.126949633777643,16.5,31.5,4.0,4.0,0,0,0,0,599.0,57.4,-10.4,600.0,57.3,4.000000954,18.5,0.801,319,116.0,0.154,16,1,128,6,Layer 3 Down
160.64735963505595,-0.2627186342098866,10.25,159,-2.0,4.0,-4.49,0.0821,326,13.5,0.00104,5.00961697621365,-17.238719941807428,-14.8,76.4,4.0,4.0,-2.09,0.0375,325,0.824,0.0,29.96542393809138,53.36705565925934,4.0,31.5,4.0,4.0,0,0,0,0,605.0,57.4,57.5,605.0,57.3,3.999999046,18.5,0.969,317,119.0,0.186,16,1,128,6,Layer 3 Down
150.3532380058519,-33.743355248831236,-46.0,159,-2.0,4.0,-4.33,0.096,326,15.2,0.00126,-23.955989398204068,12.097388354487357,22.8,76.4,4.0,4.0,-1.77,0.0361,325,3.25,3.84e-06,46.344594401014135,7.436647308859532,4.0,31.5,4.0,4.0,0,0,0,0,610.0,57.4,35.5,610.0,57.3,4.0,19.6,1.0,321,116.0,0.194,16,1,128,6,Layer 3 Down
147.36461391444448,50.37818169378796,-64.7,158,-2.0,4.0,-4.28,0.0898,326,13.7,0.00118,63.12768761726695,-13.746866760055969,-21.0,76.4,4.0,4.0,-0.819,0.038,324,2.99,9.83e-06,5.393088450924264,-14.575626718668818,10.25,31.5,4.0,4.0,0,0,0,0,615.0,57.3,-13.1,616.0,57.3,4.0,20.2,0.924,318,114.0,0.178,16,1,128,6,Layer 3 Down
177.56693631857493,-2.5956877276655046,-27.3,157,-2.0,4.0,-5.61,0.109,326,14.5,0.00133,79.26678503890702,-0.46134540227148335,-2.25,76.4,4.0,4.0,-0.941,0.0363,325,2.86,9.9e-06,44.79195661926604,-34.067262497938295,4.0,31.5,4.0,4.0,0,0,0,0,621.0,57.3,9.56,621.0,57.3,4.0,21.1,0.981,318,121.0,0.189,16,1,128,6,Layer 3 Down
167.73148048438506,6.624459819986726,60.3,157,-2.0,4.0,-4.94,0.0885,326,14.2,0.00107,11.138509154353017,24.45336051116282,29.0,76.4,4.0,4.0,-1.13,0.0338,325,4.21,-4.39e-06,55.53147545177323,-58.174310332515944,4.0,31.5,4.0,4.0,0,0,0,0,626.0,57.4,49.2,626.0,57.3,3.999999046,21.1,0.938,321,118.0,0.18,16,1,128,6,Layer 3 Down
165.9791333624434,6.913365277215812,-21.0,156,-2.0,4.0,-4.29,0.0995,326,14.6,0.00119,74.65065815691541,-12.745481198592465,29.0,76.4,4.0,4.0,-0.624,0.0319,325,4.6,-4.12e-06,7.423089479089157,-37.56512723156755,4.0,31.5,4.0,4.0,0,0,0,0,631.0,57.3,-38.8,632.0,57.3,4.0,22.2,1.0,321,118.0,0.192,16,1,128,6,Layer 3 Down
168.94023219669305,-10.331025379673878,-52.3,156,-2.0,4.0,-5.76,0.0982,326,11.5,0.00128,79.12754099306446,22.90506099773399,-21.0,76.4,4.0,4.0,-0.624,0.038,325,2.81,0.0,33.36350816559783,7.7440698798591985,16.5,31.5,4.0,4.0,0,0,0,0,637.0,57.3,-2.06,637.0,57.3,4.0,24.5,1.01,318,120.0,0.193,16,1,128,6,Layer 3 Down
174.45429978276704,-18.112110511395326,-2.25,155,-2.0,4.0,-7.1,0.123,326,14.3,0.0015,-33.00129904021861,23.71310814016057,-21.0,76.4,4.0,4.0,-0.819,0.036,325,2.14,-1.02e-05,9.079754797466592,36.56147359919781,4.0,31.5,4.0,4.0,0,0,0,0,642.0,57.4,24.7,643.0,57.3,4.0,16.1,0.968,317,115.0,0.186,16,1,128,6,Layer 3 Down
88.44189449363202,45.43439882080227,79.0,155,-2.0,4.0,-4.29,0.0934,326,16.6,0.00116,29.964260313772783,29.406930224325514,29.0,76.4,4.0,4.0,-0.941,0.0303,325,4.6,0.0,12.570619417995715,-14.613794901753558,4.0,31.5,4.0,4.0,0,0,0,0,647.0,57.3,-10.3,648.0,57.3,4.0,18.7,0.907,321,118.0,0.175,16,1,2,6,Layer 3 Down
142.4929523040006,20.201442523526065,-33.5,154,-2.0,4.0,-5.28,0.0945,326,13.0,0.00124,97.06559998924732,7.328044090775429,-21.0,76.4,4.0,4.0,-0.38,0.0344,324,3.11,0.0,-8.94434008437264,56.195426711416445,16.5,31.5,4.0,4.0,0,0,0,0,653.0,57.3,-30.4,653.0,57.3,4.000000954,20.1,1.04,319,120.0,0.202,16,1,128,6,Layer 3 Down
84.16040634183236,16.117353061511864,-89.7,153,-2.0,4.0,-5.04,0.103,325,13.2,0.0013,96.04033884927263,81.88192016972614,-14.8,76.4,4.0,4.0,-0.697,0.0362,325,2.34,0.0,77.00813018748065,-19.83397899690979,4.0,31.5,4.0,4.0,0,0,0,0,658.0,57.4,39.5,659.0,57.3,3.999999046,19.5,0.883,318,118.0,0.169,16,1,128,6,Layer 3 Down
154.1385832716467,11.036965665766084,66.5,153,-2.0,4.0,-6.55,0.098,326,14.4,0.00118,17.859616954329006,29.42177745952321,35.3,76.4,4.0,4.0,-2.38,0.0366,325,2.94,-5.23e-06,69.81434697100397,-3.906289987287183,4.0,31.5,4.0,4.0,0,0,0,0,663.0,57.4,23.3,664.0,57.3,4.0,15.5,0.933,320,115.0,0.178,16,1,128,6,Layer 3 Down
151.85371504766988,-24.283930542382542,35.3,152,-2.0,4.0,-5.95,0.0977,325,13.3,0.00122,84.44005481721007,11.758760283735315,-27.3,76.4,4.0,4.0,-1.57,0.0349,324,1.19,0.0,50.822242303163755,-31.861454684811697,4.0,31.5,4.0,4.0,0,0,0,0,669.0,57.3,2.19,669.0,57.3,4.0,19.7,1.11,318,118.0,0.213,16,1,128,6,Layer 3 Down
185.01242303450928,26.371596157326003,-21.0,152,-2.0,4.0,-4.0,0.0755,326,13.5,0.000935,128.27952840999825,-17.003723809770186,29.0,76.4,4.0,4.0,-3.09,0.0349,324,1.92,-4.8e-06,102.4059314984231,36.886192301878495,-2.25,31.5,4.0,4.0,0,0,0,0,674.0,57.3,-10.3,674.0,57.3,4.0,22.5,1.01,320,119.0,0.195,16,1,128,6,Layer 3 Down
188.49926226880848,-20.960222005766294,-58.5,151,-2.0,4.0,-3.8,0.0912,325,14.0,0.00116,115.83064725349143,1.642086341560515,-14.8,76.4,4.0,4.0,-2.21,0.0357,324,0.498,-4.89e-06,24.69609069067188,73.70025366142826,16.5,31.5,4.0,4.0,0,0,0,0,679.0,57.4,45.9,680.0,57.3,3.999999046,18.0,0.786,319,116.0,0.151,16,1,128,6,Layer 3 Down
156.40257200582045,4.470105755460008,35.3,150,-2.0,4.0,-6.19,0.0924,326,14.1,0.00111,71.56495817729031,38.33320269570158,29.0,76.4,4.0,4.0,-2.89,0.0328,325,2.17,-8.86e-06,140.50029376566366,-54.54915851261477,-2.25,31.5,4.0,4.0,0,0,0,0,685.0,57.2,-62.9,685.0,57.3,4.0,25.9,0.933,322,121.0,0.176,16,1,128,6,Layer 3 Down
134.20122271179807,-38.544657359994034,47.8,150,-2.0,4.0,-4.73,0.0804,326,14.3,0.000978,52.653698291545254,45.14038298512201,29.0,76.4,4.0,4.0,-2.28,0.0337,325,2.0,-9.41e-06,23.319684487375735,-7.52383570485468,-2.25,31.5,4.0,4.0,0,0,0,0,690.0,57.4,37.8,690.0,57.3,4.0,19.5,1.0,320,116.0,0.194,16,1,128,6,Layer 3 Down
164.31884215671383,-47.56139734100766,29.0,149,-2.0,4.0,-4.21,0.0783,326,13.2,0.000972,44.46546917428513,39.483126009786375,-21.0,76.4,4.0,4.0,-1.75,0.035,324,2.2,4.82e-06,40.67491099230316,46.013545046690844,4.0,31.5,4.0,4.0,0,0,0,0,695.0,57.4,-6.6,696.0,57.3,4.0,18.0,0.906,319,115.0,0.174,16,1,128,6,Layer 3 Down
132.33113114634872,5.131051213584952,-8.5,149,-2.0,4.0,-4.81,0.0989,326,15.2,0.00127,100.13835895933124,22.922886401701767,29.0,76.4,4.0,4.0,-3.53,0.0335,325,1.91,-1.34e-05,17.19877729967394,-44.06473710528466,4.0,31.5,4.0,4.0,0,0,0,0,701.0,57.3,-37.3,701.0,57.3,4.0,21.9,0.898,321,119.0,0.173,16,1,2,6,Layer 3 Down
147.9560273750548,-20.30093978512093,-202.0,148,-2.0,4.409,4.03,0.14,326,0.499,2.76e-05,86.3000690395173,-26.106055302563096,22.8,76.4,4.206,17.7,-1.75,0.0258,325,1.83,-2.87e-06,44.88613976503087,22.79914548926841,-2.25,31.5,4.0,4.0,0,0,0,0,706.0,57.4,51.3,706.0,57.3,3.999999046,20.8,0.932,320,119.0,0.179,16,1,128,6,Layer 3 Down
178.13701035365025,-45.94816904282606,85.2,147,-1.79,7.52,-6.2,0.0882,326,13.8,0.00103,108.33755111074574,17.12942400768631,29.0,76.5,5.56,17.3,4.76,0.083,324,9.14,0.000206,61.54268149793352,44.549948617655495,-2.25,31.5,4.0,4.0,0,0,0,0,711.0,57.3,-37.5,712.0,57.3,4.0,22.4,0.996,321,118.0,0.192,16,1,128,6,Layer 3 Down
129.3885076775516,10.660954669745163,-14.8,147,-1.29,10.44,-4.53,0.0984,326,15.0,0.00111,83.39161080306476,-23.08835406816379,29.0,76.7,6.84,16.1,9.19,0.142,325,11.1,0.000814,27.404388732565693,6.573610203661929,-2.25,31.5,4.0,4.0,0,0,0,0,717.0,57.3,-32.4,717.0,57.3,4.0,20.6,0.929,321,119.0,0.179,16,1,128,6,Layer 3 Down
171.43910380374587,46.848832033933384,22.8,146,-0.5,13.03,-6.26,0.107,326,12.5,0.000963,118.54615359663197,-27.832865403641414,41.5,77.0,7.96,14.4,6.88,0.142,324,13.9,0.00121,95.37802167804055,22.253677014339814,-8.5,31.5,4.0,4.0,0,0,0,0,722.0,57.3,31.6,722.0,57.3,4.0,21.6,0.927,321,120.0,0.178,16,1,128,6,Layer 3 Down
167.3887807068647,31.55097796700071,16.5,146,0.51,15.1,-5.79,0.0921,326,10.6,0.000646,82.19986435857052,14.598419396524866,54.0,77.5,8.88,12.04,4.71,0.11,324,14.0,0.00115,40.098082141586374,62.46877810292615,-2.25,31.5,4.0,4.0,0,0,0,0,727.0,57.3,-9.4,728.0,57.3,4.0,19.1,0.898,321,117.0,0.173,16,1,128,6,Layer 3 Down
115.8526844775298,-3.910741390940345,60.3,146,1.71,16.7,-6.09,0.0918,326,9.8,0.000425,117.71709003201335,22.295624657967206,54.0,78.0,9.55,9.3,8.15,0.138,324,13.1,0.00172,41.224702172698045,68.6979689750573,-8.5,31.5,4.0,4.0,0,0,0,0,733.0,57.4,36.0,733.0,57.3,3.999999046,17.5,0.751,321,121.0,0.143,16,1,128,6,Layer 3 Down
176.75046627135913,3.2973380832750543,97.7,146,3.033,17.6,-3.98,0.048,326,7.31,0.000107,122.68774978764549,31.43357667593412,10.25,78.6,9.92,6.28,8.75,0.139,324,15.6,0.00168,-1.180996123072049,1.9165688016262754,-2.25,31.5,4.0,4.0,0,0,0,0,738.0,57.3,15.6,738.0,57.3,4.0,24.4,1.05,321,118.0,0.201,16,1,128,6,Layer 3 Down
167.05705961177935,23.929655420879808,66.5,145,4.0,4.0,-6.36,0.0562,326,3.84,-2.58e-05,38.276284034345956,21.599169280649456,373.0,79.1,10.0,4.0,7.72,0.109,325,14.7,0.00114,46.54620607449072,-13.709564476230836,-8.5,31.5,4.0,4.0,0,0,0,0,744.0,57.3,18.7,744.0,57.3,3.999999046,19.7,0.866,321,120.0,0.167,16,1,128,6,Layer 3 Down
148.21828468928976,29.184586160807193,97.7,145,4.0,4.0,-3.68,0.0472,326,6.03,-3.53e-05,-12.149801959710132,22.77720354067892,16.5,79.7,10.0,4.0,5.15,0.0881,324,13.6,0.00114,26.681348522561187,-26.559963402963145,4.0,31.5,4.0,4.0,0,0,0,0,749.0,57.3,-21.6,749.0,57.3,4.0,20.4,0.809,322,121.0,0.155,16,1,130,6,Layer 3 Down
120.92982532212957,-3.539254345526551,72.7,145,4.0,4.0,-3.93,0.0463,326,5.5,-2.71e-05,158.52073119984448,-13.717114695893521,22.8,80.3,10.0,4.0,5.37,0.097,324,15.4,0.0012,9.632089491157348,36.452863190992154,4.0,31.5,4.0,4.0,0,0,0,0,754.0,57.3,-8.4,754.0,57.3,4.000000954,23.9,1.01,320,118.0,0.196,16,1,2,6,Layer 3 Down
117.87078243020383,4.887502097766273,66.5,145,4.0,4.0,-2.33,0.0431,326,7.81,-1.32e-05,93.8235131182355,2.4517798564750795,-752.0,80.9,9.5,879.0,6.88,0.0854,325,8.83,0.000171,3.5835847268714893,-41.542736017950894,10.25,31.5,4.0,4.0,0,0,0,0,760.0,57.2,-33.8,760.0,57.3,4.0,23.6,0.937,322,120.0,0.18,16,1,130,6,Layer 3 Down
128.0234370889053,10.631692238438553,-46.0,145,4.0,4.0,-1.6,0.0564,326,3.17,8.78e-06,-5.597350485832266,-26.075066962063538,66.5,81.4,10.0,4.0,7.07,0.133,324,13.7,0.00167,127.55732685857372,-4.390021984868163,4.0,31.5,4.0,4.0,0,0,0,0,765.0,57.4,52.3,765.0,57.3,3.999999046,17.6,0.985,320,119.0,0.189,16,1,130,6,Layer 3 Down
162.13228600425555,16.45693630080755,66.5,145,4.0,4.0,-4.23,0.043,326,5.54,-6.31e-06,45.57899337271202,-44.327990898910684,-52.3,81.8,4.0,4.0,1.38,0.03,324,2.99,-1.17e-05,22.12725981200077,18.31115596353991,1114.0,31.7,22.0,1004.0,0,0,0,0,770.0,57.4,43.6,770.0,57.3,4.0,19.1,0.982,319,116.0,0.19,16,1,130,50,end
114.82637164880941,1.2060752475507446,97.7,145,4.0,4.0,-3.73,0.0479,325,5.97,-2.07e-05,120.96685376106299,21.80209205734136,-2.25,81.8,4.0,4.0,1.15,0.0199,323,0.732,0.0,-16.582679488970427,37.1912275001864,10.25,36.3,54.0,4.0,0,0,0,0,775.0,57.4,24.7,776.0,57.3,4.0,16.2,0.805,320,118.0,0.154,16,1,132,50,end
158.81434106099113,1.14590780982599,-89.7,145,4.0,4.0,-1.95,0.0538,325,2.17,3.23e-05,67.60849025077893,-14.102101878160308,10.25,81.8,4.0,4.0,1.46,0.0261,323,0.819,0.0,15.896995937076536,63.39508905188371,35.3,41.5,54.0,4.0,0,0,0,0,781.0,57.3,3.125,781.0,57.3,4.0,20.6,0.994,318,122.0,0.191,16,1,132,50,end
105.79187624024277,34.958948654794106,91.5,145,4.0,4.0,-2.84,0.0522,325,7.39,-1.52e-05,55.81670851664373,24.946378572448296,-2.25,81.8,4.0,4.0,0.471,0.0247,323,2.29,4.88e-06,43.94599269924561,139.18818201620905,29.0,46.3,54.0,4.0,0,0,0,0,786.0,57.4,52.4,786.0,57.3,3.999999046,20.5,0.931,319,118.0,0.179,16,1,132,50,end
138.55658490896042,30.83430990346485,-83.5,145,4.0,4.0,-1.85,0.0522,325,2.69,2.39e-05,152.88428859697643,30.66524819353493,10.25,81.8,4.0,4.0,0.919,0.0226,324,0.22,-2.82e-06,70.65420075472045,50.16072955696261,60.3,51.5,54.0,4.0,0,0,0,0,791.0,57.5,58.7,792.0,57.3,3.999999046,15.8,0.72,319,117.0,0.138,16,1,132,50,end
148.46210073668877,14.47599161905299,-83.5,145,4.0,4.0,-2.2,0.0527,325,2.22,4.66e-05,28.658001472858658,-10.860914462027868,16.5,81.8,4.0,4.0,1.32,0.0238,323,1.4,2.88e-06,75.94647850597515,39.73666554367572,79.0,56.5,54.0,4.0,0,0,0,0,797.0,57.3,0.37,797.0,57.3,4.0,24.3,1.0,318,120.0,0.192,16,1,132,50,end
222.20437969201248,42.50318553015544,91.5,145,4.0,4.0,-4.02,0.0502,326,5.8,-1.44e-05,41.29967999827255,18.213720564021955,16.5,81.8,4.0,4.0,1.08,0.0217,325,1.0,0.0,83.82617560735636,39.20736325653853,348.0,59.5,4.0,4.0,0,0,0,0,802.0,57.3,-29.1,803.0,57.3,4.0,22.4,0.929,321,120.0,0.178,16,1,132,50,end
101.51159876318759,-4.4465739736713905,97.7,145,4.0,4.0,-4.23,0.0547,329,5.97,-1.58e-05,92.52628436667146,-11.916566595726708,-8.5,81.8,4.0,4.0,1.69,0.0221,327,0.696,0.0,36.31547785177624,11.933506177367981,-8.5,59.5,4.0,4.0,0,0,0,0,807.0,55.4,-61.1,807.0,4.0,4.0,0.0819,2.61e-08,328,0.0,0.000977,16,1,132,50,end
