X_ActualPosition,X_ActualVelocity,X_ActualAcceleration,X_SetPosition,X_SetVelocity,X_SetAcceleration,X_CurrentFeedback,X_DCBusVoltage,X_OutputCurrent,X_OutputVoltage,X_OutputPower,Y_ActualPosition,Y_ActualVelocity,Y_ActualAcceleration,Y_SetPosition,Y_SetVelocity,Y_SetAcceleration,Y_CurrentFeedback,Y_DCBusVoltage,Y_OutputCurrent,Y_OutputVoltage,Y_OutputPower,Z_ActualPosition,Z_ActualVelocity,Z_ActualAcceleration,Z_SetPosition,Z_SetVelocity,Z_SetAcceleration,Z_CurrentFeedback,Z_DCBusVoltage,Z_OutputCurrent,Z_OutputVoltage,S_ActualPosition,S_ActualVelocity,S_ActualAcceleration,S_SetPosition,S_SetVelocity,S_SetAcceleration,S_CurrentFeedback,S_DCBusVoltage,S_OutputCurrent,S_OutputVoltage,S_OutputPower,S_SystemInertia,M_CURRENT_PROGRAM_NUMBER,M_sequence_number,M_CURRENT_FEEDRATE,Machining_Process
207.06804487480048,8.00076325988865,4.0,202,4.0,4.0,0.18,0.0207,329,2.77,-1.42e-06,201.34485175934367,24.523371132208528,-2.25,162.0,4.0,4.0,0.539,0.0167,328,1.84,6.43e-07,130.3944710466252,-28.298420683430955,4.0,123.0,4.0,4.0,0,0,0,0,-357.0,4.001,4.25,-357.0,4.0,4.0,0.524,2.74e-19,329,0.0,6.96e-07,16,1,0,50,Starting
184.70301709456618,-17.09521193616772,-346.0,202,-9.6,-354.0,-10.9,0.186,328,23.3,0.00448,166.005074202254,-8.931243959574534,-746.0,161.0,-20.6,-643.0,-14.5,0.281,325,37.8,0.0126,132.39978956680244,-14.142383336387107,-708.0,122.0,-21.6,-670.0,0,0,0,0,-357.0,4.0,4.25,-357.0,4.0,4.0,-0.288,2.74e-19,328,0.0,-5.27e-07,16,1,4,50,Prep
212.4814806566139,-21.08187537060065,-2.25,200,-13.9,3.9999046,-8.59,0.14,328,30.6,0.00533,168.990039453561,12.914268852751398,4.0,158.0,-28.3,3.9999046,-7.79,0.139,327,49.4,0.00943,136.2571090386908,-37.939155269044164,41.5,119.0,-29.7,3.9999046,0,0,0,0,-357.0,4.0,3.562,-357.0,4.0,4.0,0.524,2.74e-19,328,0.0,9.1e-07,16,1,7,50,Prep
213.64344274422098,-24.784665625175826,4.0,198,-13.9,3.9999046,-6.11,0.13,327,30.3,0.00489,158.1632710805228,-43.697943358636586,-58.5,155.0,-28.3,3.9999046,-8.13,0.156,325,47.6,0.0105,119.76069999521894,-37.4004944351897,-2.25,116.0,-29.7,4.0,0,0,0,0,-357.0,3.999,3.75,-357.0,4.0,4.0,-0.18,2.74e-19,328,0.0,1.07e-06,16,1,7,50,Prep
164.55044418126784,-27.865621766428966,-14.8,196,-13.9,4.0000954,-5.7,0.114,328,30.5,0.00425,163.88691412002635,-36.727759590121615,142.0,152.0,-28.3,4.0000954,-13.8,0.202,326,47.1,0.0135,122.26799758458189,4.9637321556070475,22.8,112.0,-29.7,4.0,0,0,0,0,-357.0,4.0,3.812,-357.0,4.0,4.0,0.226,2.74e-19,328,0.0,1.96e-06,16,1,7,50,Prep
173.3421914480728,-1.0937002782142287,85.2,195,-13.9,4.000191,-5.85,0.128,328,30.9,0.00474,144.89221615981654,-23.097625392149638,-8.5,148.0,-28.3,4.0,-9.78,0.166,326,49.6,0.0113,104.09107145108864,-56.39881074456407,-2.25,109.0,-29.7,4.0000954,0,0,0,0,-357.0,4.0,4.0,-357.0,4.0,4.0,0.821,2.74e-19,328,0.0,0.0,16,1,7,50,Prep
195.12623755972763,-5.807623062436594,-2.25,193,-13.9,4.0000954,-5.84,0.0955,328,29.3,0.00345,183.86468934645146,-23.27064307869174,85.2,145.0,-28.3,3.9999046,-8.56,0.179,326,50.0,0.0124,107.18738617416781,-22.800680143343293,66.5,106.0,-29.7,4.0000954,0,0,0,0,-357.0,4.00075,3.9375,-357.0,4.0,4.0,0.523,2.74e-19,328,0.0,3.79e-06,16,1,2,50,Prep
185.74026316276021,-2.322494891543869,54.0,191,-13.9,3.999809,-7.31,0.117,327,29.1,0.00441,129.79917678072783,-3.609405314019263,54.0,142.0,-28.3,3.9999046,-8.0,0.185,325,50.8,0.0128,104.63649209076823,-47.106723206970244,22.8,102.3,-29.7,4.0,0,0,0,0,-357.0,4.0,4.0,-357.0,4.0,4.0,-0.288,2.74e-19,328,0.0,0.0,16,1,7,50,Prep
188.72056367746453,-13.438003568066474,29.0,189,-13.9,4.0,-7.98,0.113,328,29.4,0.00417,169.26301669379234,-36.762252453612035,41.5,139.0,-28.3,4.0,-9.96,0.154,327,49.7,0.0102,103.17354807667643,-13.707619687140873,22.8,98.8,-29.7,4.0000954,0,0,0,0,-357.0,3.99925,3.812,-357.0,4.0,4.0,-0.0997,2.74e-19,328,0.0,-8.36e-08,16,1,7,50,Prep
173.81220025932566,-4.771167744779955,16.5,187,-13.9,3.9999046,-7.44,0.138,328,29.8,0.00501,118.77698509205175,-17.242879994596542,-27.3,136.0,-28.3,4.0,-6.29,0.119,325,48.1,0.00784,110.43042920084773,-24.47817437343646,-33.5,95.6,-29.7,4.0000954,0,0,0,0,-357.0,3.999,4.0,-357.0,4.0,4.0,0.118,2.74e-19,328,0.0,0.0,16,1,7,50,Prep
200.62611942528855,-34.79819281061142,-52.3,186,-13.9,3.9999046,-4.52,0.114,327,31.3,0.0043,131.38955400384535,-13.382124443970103,117.0,132.0,-28.3,4.0,-8.62,0.186,325,48.6,0.0126,103.01339945997552,-23.062390381007646,-21.0,92.2,-29.7,4.0,0,0,0,0,-357.0,4.0,4.25,-357.0,4.0,4.0,-0.288,2.74e-19,328,0.0,-6.99e-07,16,1,7,50,Prep
196.93621097704323,-3.557230836768472,66.5,184,-13.9,4.0000954,-5.53,0.13,328,31.6,0.00485,100.34796851094269,-19.378495346794452,16.5,129.0,-28.3,4.0000954,-10.9,0.181,326,50.6,0.0124,89.83738562602873,-46.23328546538235,4.0,88.7,-29.7,4.0000954,0,0,0,0,-357.0,4.001,4.0625,-357.0,4.0,4.0,0.118,2.74e-19,328,0.0,-1.02e-06,16,1,7,50,Prep
183.09822048250237,-11.818536055253873,-33.5,182,-13.9,4.0000954,-7.55,0.122,327,30.4,0.00457,138.16213564159605,-40.56711801861711,-2.25,126.0,-28.3,3.9999046,-10.5,0.174,325,50.4,0.012,70.37669844187556,-42.99593883078345,10.25,85.5,-29.7,3.9999046,0,0,0,0,-357.0,3.99825,3.313,-357.0,4.0,4.0,2.34,2.74e-19,328,0.0,0.0,16,1,7,50,Prep
198.74824025696964,-6.430378980842637,110.0,180,-13.9,4.0000954,-8.41,0.133,327,28.5,0.005,161.62615754165176,-10.476448777133701,54.0,123.0,-28.3,3.9999046,-8.39,0.177,325,49.4,0.012,83.68156444535411,-13.475356348212792,-8.5,82.1,-29.7,4.0,0,0,0,0,-357.0,4.004,5.19,-357.0,4.0,4.0,-0.288,2.74e-19,328,0.0,7.61e-06,16,1,7,50,Prep
186.7756006582607,-9.334069815273086,47.8,178,-13.9,3.9999046,-8.81,0.131,328,30.3,0.00478,117.93237954500837,-12.635589533470949,135.0,119.0,-28.3,3.9999046,-11.3,0.165,327,51.2,0.011,78.36939663916561,1.3846819029123303,54.0,78.6,-29.7,4.0000954,0,0,0,0,-357.0,4.00075,4.375,-357.0,4.0,4.0,-0.18,2.74e-19,328,0.0,0.0,16,1,7,50,Prep
162.70827481682457,-25.599603023478508,-21.0,177,-13.9,4.000191,-5.78,0.127,327,29.9,0.00475,110.73752583338172,-20.708695750269673,41.5,116.0,-28.3,3.999809,-10.8,0.155,325,49.3,0.0104,79.25849034395827,-21.095773616844973,-2.25,75.3,-29.7,4.0000954,0,0,0,0,-357.0,4.0,3.812,-357.0,4.0,4.0,0.821,2.74e-19,328,0.0,2.91e-06,16,1,7,50,Prep
181.1330514287353,-31.404554951207317,22.8,175,-13.9,4.0000954,-7.39,0.127,327,30.2,0.00468,83.20787689287357,-25.612765981893194,47.8,113.0,-28.3,3.9999046,-12.8,0.172,325,43.2,0.0114,114.08737712818518,-45.202694455162145,35.3,72.0,-29.7,4.0000954,0,0,0,0,-357.0,3.999,3.75,-357.0,4.0,4.0,0.415,2.74e-19,328,0.0,-1.06e-06,16,1,7,50,Prep
157.05189477864803,-22.267866396292355,10.25,173,-13.9,3.9999046,-6.08,0.125,328,31.0,0.00472,103.87133410980239,-25.4372598176017,16.5,110.0,-28.3,4.0,-12.6,0.196,326,47.3,0.0134,58.780743440579386,-23.869394728560643,-46.0,68.5,-29.7,4.0000954,0,0,0,0,-357.0,4.0,4.25,-357.0,4.0,4.0,-0.694,2.74e-19,328,0.0,0.0,16,1,2,50,Prep
185.6103577485552,-7.161246153521151,10.25,171,-13.9,3.9999046,-6.89,0.131,327,31.8,0.00491,64.42687915018192,-29.296869222777197,41.5,107.0,-28.3,3.9999046,-11.4,0.185,325,50.2,0.0126,73.49734788546432,12.774896030832405,-21.0,65.2,-29.7,4.0000954,0,0,0,0,-357.0,3.99675,2.44,-357.0,4.0,4.0,0.00893,2.74e-19,328,0.0,0.0,16,1,7,50,Prep
169.16963382066558,-5.690233864691361,54.0,170,-13.9,4.0000954,-6.42,0.11,328,29.8,0.0041,79.20007225508587,-20.28705720001451,4.0,103.3,-28.3,3.999809,-11.0,0.161,326,46.6,0.0109,82.33463189233065,-27.90784826477435,10.25,61.9,-29.7,3.9999046,0,0,0,0,-357.0,4.00025,4.812,-357.0,4.0,4.0,0.00893,2.74e-19,328,0.0,-2.82e-07,16,1,7,50,Prep
164.9253749909126,-29.975684629910674,-39.8,168,-13.9,4.000191,-7.26,0.112,328,29.8,0.00416,106.26166784512687,-27.705803462773574,91.5,99.9,-28.3,4.0,-12.2,0.203,326,49.4,0.0138,60.45596917039771,-4.021316751637851,47.8,58.4,-29.7,4.000191,0,0,0,0,-357.0,4.0,4.25,-357.0,4.0,4.0,-0.288,2.74e-19,328,0.0,0.0,16,1,7,50,Prep
154.67480126024526,-25.529612237886212,22.8,166,-13.9,3.9999046,-4.17,0.0986,328,28.4,0.00361,132.3553431977882,-38.84312467848375,123.0,96.8,-28.3,3.9999046,-12.3,0.176,325,48.6,0.0117,99.67432368257815,-42.65397527478096,10.25,55.1,-29.7,4.0000954,0,0,0,0,-357.0,3.99875,2.94,-357.0,4.0,4.0,0.118,2.74e-19,328,0.0,0.0,16,1,7,50,Prep
184.3332690464606,-22.59926856748247,-89.7,164,-13.9,3.999809,-5.34,0.107,328,30.5,0.00394,168.9862032291946,-41.5761569834965,-14.8,93.6,-28.3,3.9999046,-10.5,0.181,326,50.0,0.0123,44.84065748000503,-30.436404224210772,10.25,51.8,-29.7,4.0,0,0,0,0,-357.0,4.003,4.75,-357.0,4.0,4.0,-0.0997,2.74e-19,328,0.0,8.51e-07,16,1,7,50,Prep
159.4298705204332,-18.198951637428728,-33.5,162,-13.9,4.0,-5.22,0.111,328,30.1,0.00409,74.82141655270007,-37.82148666262738,60.3,90.2,-28.3,4.0000954,-10.2,0.19,326,47.6,0.013,54.63763119436832,-18.859105755351933,-8.5,48.3,-29.7,3.9999046,0,0,0,0,-357.0,3.997,2.81,-357.0,4.0,4.0,0.117,2.74e-19,328,0.0,-2.29e-07,16,1,7,50,Prep
153.8760651500152,-29.906449956793594,-8.5,161,-13.9,3.9999046,-6.7,0.132,328,30.7,0.00494,125.76352790178458,-25.38759677541821,22.8,87.1,-28.3,3.9999046,-14.6,0.202,326,43.8,0.0139,30.172144087364437,-22.847714546110538,10.25,45.0,-29.7,4.0000954,0,0,0,0,-357.0,4.001,4.5,-357.0,4.0,4.0,0.524,2.74e-19,328,0.0,0.0,16,1,7,50,Prep
153.14332587712056,-30.411564587088737,22.8,159,-13.9,3.9999046,-7.03,0.139,328,30.3,0.00518,90.61515645680224,-28.84128625561775,-64.7,83.9,-28.3,3.9999046,-9.87,0.174,326,48.9,0.0119,35.242792566310904,-43.0099503155395,16.5,41.7,-29.7,4.0,0,0,0,0,-357.0,3.99925,3.625,-357.0,4.0,4.0,0.306,2.74e-19,328,0.0,-5.2e-07,16,1,7,50,Prep
165.8533496114723,-23.457984303301835,-21.0,157,-13.9,4.0000954,-8.66,0.134,328,30.7,0.00498,76.75736592853504,-25.273544931217607,123.0,80.5,-28.3,3.9999046,-9.71,0.208,326,50.2,0.0144,43.11433305572194,-43.96459971474091,-58.5,38.2,-29.7,3.9999046,0,0,0,0,-357.0,3.99925,3.812,-357.0,4.0,4.0,0.00893,2.74e-19,328,0.0,9.84e-07,16,1,7,50,Prep
161.0780541705086,-12.186368436592966,192.0,155,-10.3,362.0,-1.97,0.0687,328,23.5,0.00212,89.26263325278316,-20.55923444731608,423.0,77.5,-21.9,651.0,-3.21,0.0867,326,40.6,0.00515,51.22738337164151,-11.507410629672922,254.0,35.0,-23.0,678.0,0,0,0,0,-357.0,3.99825,3.562,-357.0,4.0,4.0,0.821,2.74e-19,328,0.0,0.0,16,1,2,50,Prep
161.86455579893254,-9.774022753400695,35.3,155,4.0,4.0,1.17,0.033,329,1.81,1.33e-05,78.6549393785256,-3.892473252182177,10.25,77.0,4.0,4.0,1.18,0.0235,328,0.991,0.0,40.54304701416701,24.899260448055596,4.0,34.5,4.0,4.0,0,0,0,0,-357.0,4.003,5.19,-357.0,4.0,4.0,0.415,0.0447,329,1.19,0.0,16,1,7,50,Prep
162.16540135528373,2.5641087283991046,-33.5,155,4.0,4.0,0.45,0.0276,329,4.82,-1.44e-05,79.95072043304201,22.531636966728893,-8.5,77.0,4.0,4.0,0.7,0.017,328,3.32,-1.54e-06,58.34523163481704,30.433858945355077,-8.5,34.5,4.0,4.0,0,0,0,0,-357.0,4.00225,5.38,-357.0,4.0,4.0,-0.0997,0.034,329,1.29,0.0,16,1,9,50,Prep
190.61981545625014,16.514824046500564,47.8,155,4.0,4.0,0.651,0.0402,328,2.0,1.1e-05,66.08583642745704,0.6355290046934119,29.0,77.0,4.0,4.0,-1.54,0.0205,327,4.47,2.77e-06,32.70153830323655,35.61442518122708,29.0,34.5,4.0,4.0,0,0,0,0,-357.0,9.73,105.0,-357.0,10.6,104.0,60.1,2.61,322,26.5,0.0576,16,1,9,50,Prep
148.24051824567917,-11.223160501567506,41.5,155,4.0,4.0,0.878,0.0377,327,1.56,7.5e-06,39.630521082916964,-1.4625934966933354,10.25,77.0,4.0,4.0,-0.1,0.0184,325,1.82,1.77e-06,27.909362144372572,0.47551489660587176,-21.0,34.1,-2.0,4.0,0,0,0,0,-356.0,19.8,102.3,-356.0,20.6,104.0,56.7,2.56,318,44.9,0.15,16,1,12,6,Layer 1 Up
146.48039506083163,1.4989057412989606,-33.5,155,4.0,4.0,0.664,0.0332,325,4.3,3.56e-06,35.74109798381183,10.032463706290368,-27.3,77.0,4.0,4.0,1.98,0.0194,324,0.51,-3.39e-06,84.70831610733494,-7.245234920189337,-8.5,33.5,1.33,782.0,0,0,0,0,-354.0,30.3,92.5,-354.0,31.0,104.0,54.7,2.41,317,72.8,0.231,16,1,14,6,Layer 1 Up
141.46535760984335,10.0426617018403,10.25,154,-2.0,4.0,-8.1,0.0983,323,10.2,0.00126,94.46030486405645,-19.201947379890875,29.0,77.0,4.0,4.0,-0.0991,0.0258,322,1.1,1.7e-06,40.96610849286541,27.639077449755117,4.0,33.5,4.0,4.0,0,0,0,0,-351.0,39.9,102.9,-350.0,40.6,104.0,62.0,2.61,309,88.4,0.341,16,1,14,6,Layer 1 Up
164.244950358812,-7.065376069097079,-39.8,154,-2.0,4.0,-6.42,0.101,322,11.5,0.00126,69.60420088628763,-5.958910052977882,22.8,77.0,4.0,4.0,0.22,0.034,322,1.29,-3.55e-06,19.87439298734396,16.47698966506167,4.0,33.5,4.0,4.0,0,0,0,0,-347.0,49.9,129.0,-346.0,50.6,104.0,59.0,2.65,306,109.0,0.441,16,1,14,6,Layer 1 Up
171.77703162069852,-8.671609777299048,66.5,153,-2.0,4.0,-6.67,0.098,325,14.2,0.00118,61.06739313165666,16.32130485391438,-46.0,77.0,4.0,4.0,1.18,0.0209,324,2.25,-1.26e-06,20.351969671224467,-13.190593425860602,4.0,33.5,4.0,4.0,0,0,0,0,-341.0,57.7,-47.0,-341.0,57.3,3.999999046,9.37,0.389,324,112.0,0.0746,16,1,14,6,Layer 1 Up
151.10482947253982,11.74308554481553,-8.5,153,-2.0,4.0,-5.99,0.113,325,13.6,0.00144,77.22734328189478,-17.9473965943534,35.3,77.0,4.0,4.0,-5.37,0.0413,325,8.21,0.0,15.647441965785724,-14.086126894473093,4.0,33.5,4.0,4.0,0,0,0,0,-336.0,57.2,-50.8,-336.0,57.3,4.0,27.3,1.2,320,117.0,0.231,16,1,14,6,Layer 1 Up
138.02654393205717,-5.498403336133977,16.5,152,-2.0,4.0,-5.65,0.0976,326,13.9,0.00121,98.24740635159746,18.199541008052858,29.0,77.0,4.0,4.0,6.29,0.0396,325,6.91,1.69e-07,51.236835717787116,12.607590025918205,4.0,33.5,4.0,4.0,0,0,0,0,-331.0,57.3,14.3,-331.0,57.3,4.0,22.8,0.917,319,116.0,0.176,16,1,2,6,Layer 1 Up
138.28725438390035,11.159724359782672,66.5,151,-2.0,4.0,-5.9,0.0915,326,14.6,0.00111,81.82087118066022,23.10741096040235,-8.5,77.0,4.0,4.0,1.98,0.0201,325,0.263,-3.05e-07,26.599389657664947,0.8981217176123861,4.0,33.5,4.0,4.0,0,0,0,0,-325.0,57.3,-17.8,-325.0,57.3,4.0,20.6,0.872,322,120.0,0.168,16,1,14,6,Layer 1 Up
161.82063875964664,2.841084305183827,-71.0,151,-2.0,4.0,-3.92,0.0813,326,12.7,0.00104,59.46458641392971,-0.6526522467383185,16.5,77.0,4.0,4.0,1.66,0.0375,325,0.731,-6.28e-07,35.91200215787882,3.5375396465103006,4.0,33.5,4.0,4.0,0,0,0,0,-320.0,57.3,25.8,-320.0,57.3,3.999999046,21.9,0.979,320,117.0,0.189,16,1,14,6,Layer 1 Up
162.36177997005404,-5.929016873269127,-21.0,150,-2.0,4.0,-6.86,0.123,326,14.6,0.00154,109.77706325187965,7.69462424123857,4.0,77.0,4.0,4.0,6.13,0.0553,325,7.42,-2.01e-06,32.29726694224849,22.766742653918097,4.0,33.5,4.0,4.0,0,0,0,0,-315.0,57.3,-9.3,-315.0,57.3,4.0,27.0,0.906,319,119.0,0.172,16,1,14,6,Layer 1 Up
159.0337246862846,3.6071923123827694,-14.8,150,-1.97,4.731,-4.75,0.0939,326,14.3,0.00122,119.20937817447428,18.668695592771478,-14.8,77.0,4.595,11.52,3.38,0.0394,325,5.11,2.04e-05,47.35306980985699,17.281316212058243,4.0,33.5,4.0,4.0,0,0,0,0,-309.0,57.3,-8.4,-309.0,57.3,4.0,25.0,0.884,322,122.0,0.167,16,1,14,6,Layer 1 Up
137.93126350556858,1.9458353057532303,10.25,149,-1.86,5.63,-5.25,0.0894,326,13.5,0.00107,90.31879465953294,-0.5099903849449081,47.8,77.1,5.31,11.38,3.09,0.0682,325,6.47,0.000196,17.464283289248414,27.269568888556154,4.0,33.5,4.0,4.0,0,0,0,0,-304.0,57.2,-15.7,-304.0,57.3,4.0,23.2,1.04,320,118.0,0.201,16,1,15,6,Layer 1 Up
152.86129981438324,10.177136535570398,-64.7,149,-1.64,6.55,-3.16,0.0814,326,13.1,0.00102,103.32463819951064,16.90685469579075,10.25,77.3,6.04,11.12,7.05,0.129,324,10.8,0.000516,13.130714134917188,-29.797215292089817,4.0,33.5,4.0,4.0,0,0,0,0,-299.0,57.3,-13.3,-299.0,57.3,4.000000954,23.1,0.876,319,117.0,0.168,16,1,15,6,Layer 1 Up
149.940714703141,-7.6440072367732315,54.0,148,-1.33,7.46,-4.73,0.0836,326,14.5,0.000854,110.6958209368724,-1.8473753199267033,10.25,77.5,6.76,10.72,4.96,0.0862,325,9.64,0.00049,37.74776282134764,8.433851344861491,4.0,33.5,4.0,4.0,0,0,0,0,-293.0,57.2,-67.4,-293.0,57.3,4.000000954,24.3,0.923,321,121.0,0.176,16,1,15,6,Layer 1 Up
151.63722185419658,-0.5857575393545337,10.25,148,-0.96,8.24,-4.78,0.0729,326,10.7,0.000777,108.00594434964731,1.0531055265925122,16.5,77.8,7.38,10.26,4.35,0.0704,325,9.82,0.000428,44.881021639395634,16.15537078231752,4.0,33.5,4.0,4.0,0,0,0,0,-288.0,57.3,0.0,-288.0,57.3,4.0,25.0,0.91,321,120.0,0.175,16,1,15,6,Layer 1 Up
161.4935759931578,-1.192915492466152,-8.5,147,-0.49,8.99,-6.44,0.109,326,11.3,0.000986,94.61399592032708,-2.1703518408314517,22.8,78.2,7.98,9.67,5.97,0.0993,324,11.3,0.000847,39.79752721609491,-22.71156427782553,4.0,33.5,4.0,4.0,0,0,0,0,-283.0,57.3,3.063,-283.0,57.3,4.0,21.2,1.02,319,115.0,0.198,16,1,15,6,Layer 1 Up
150.71883412609807,8.224956951695232,10.25,147,0.06,9.69,-4.21,0.0801,326,11.3,0.00067,94.59296393101289,12.96823598433645,-33.5,78.6,8.53,8.97,1.96,0.0815,325,15.0,0.000773,18.170491593209004,-7.459091502442728,4.0,33.5,4.0,4.0,0,0,0,0,-277.0,57.2,-68.7,-277.0,57.3,4.0,26.3,1.03,321,120.0,0.196,16,1,2,6,Layer 1 Up
157.29166900172427,-11.247626344711547,54.0,146,0.64,10.25,-4.98,0.0847,326,10.5,0.000558,92.9897866155258,23.260977893275715,-58.5,79.1,8.97,8.25,4.74,0.0771,324,12.4,0.000751,46.33026961145144,-10.70645973808508,4.0,33.5,4.0,4.0,0,0,0,0,-272.0,57.2,-59.9,-272.0,57.3,4.000000954,23.7,1.04,321,118.0,0.2,16,1,15,6,Layer 1 Up
147.12397295564455,13.251236959076376,-14.8,146,1.29,10.74,-3.38,0.0743,326,9.91,0.000463,50.2697276522598,6.848957022939851,-71.0,79.6,9.35,7.43,4.39,0.0806,324,15.0,0.000862,19.412694048476258,4.379665571012021,4.0,33.5,4.0,4.0,0,0,0,0,-267.0,57.4,31.9,-267.0,57.3,3.999999046,20.4,0.854,320,118.0,0.164,16,1,15,6,Layer 1 Up
150.80862473451447,7.450168570864638,47.8,146,2.01,11.13,-5.54,0.0892,326,9.21,0.000354,98.92933146084088,-6.31521065267505,-2.25,80.2,9.66,6.52,6.22,0.114,324,14.1,0.00146,23.623053669003546,32.48351157532093,4.0,33.5,4.0,4.0,0,0,0,0,-261.0,57.4,9.25,-261.0,57.3,3.999999046,18.9,0.835,321,120.0,0.161,16,1,15,6,Layer 1 Up
156.499565892602,-12.926144362950613,-64.7,146,2.71,11.38,-3.81,0.0727,326,5.95,0.000174,44.461024570283115,-3.988087233658815,35.3,80.8,9.86,5.64,7.9,0.128,324,15.0,0.00152,15.623322220057336,39.39042802845013,4.0,33.5,4.0,4.0,0,0,0,0,-256.0,57.1,-59.0,-256.0,57.3,4.0,27.3,1.23,320,117.0,0.235,16,1,15,6,Layer 1 Up
120.76463029063989,17.399175252953444,-102.0,145,3.458,11.53,-1.65,0.078,326,6.14,4.9e-05,60.06148885911172,14.796000005868375,29.0,81.3,9.98,4.702,6.48,0.104,324,13.8,0.00125,58.14145525213746,-10.248064869239874,4.0,33.5,4.0,4.0,0,0,0,0,-251.0,57.4,21.5,-251.0,57.3,4.0,22.5,0.904,320,117.0,0.175,16,1,15,6,Layer 1 Up
139.68323839613294,30.37945268751225,66.5,145,4.0,4.0,-3.59,0.0653,326,7.62,-4.96e-05,116.64243669806899,29.048249169094106,398.0,81.8,10.0,129.0,15.6,0.238,325,14.0,0.00183,45.49579480478709,13.213479727260241,4.0,33.5,4.0,4.0,0,0,0,0,-245.0,57.3,-25.6,-245.0,57.3,4.0,21.0,0.893,321,120.0,0.172,16,1,15,6,Layer 1 Up
138.17677682604455,21.843279627581857,-27.3,146,10.0,4.0,3.17,0.0552,326,12.2,0.000644,104.35788764525545,8.959928999777063,22.8,81.9,4.0,4.0,0.182,0.0181,325,1.5,-3.8e-07,44.95741962158164,13.77761236318332,4.0,33.5,4.0,4.0,0,0,0,0,-240.0,57.3,-0.13,-240.0,57.3,4.000000954,19.6,0.932,321,120.0,0.179,16,1,17,6,Layer 1 Up
135.3742037465619,26.739535870712437,16.5,147,10.0,4.0,3.66,0.0875,326,14.6,0.0011,121.65603675874618,-0.8984744139019645,-2.25,81.9,4.0,4.0,-0.677,0.0233,324,3.42,0.0,57.119803428134034,10.78251450201676,4.0,33.5,4.0,4.0,0,0,0,0,-235.0,57.3,-7.3,-235.0,57.3,4.0,26.9,0.903,320,119.0,0.173,16,1,17,6,Layer 1 Up
142.42384274194862,10.703261197314289,-71.0,147,10.0,4.0,6.68,0.099,326,13.7,0.00122,74.63853085674666,13.700610025187558,4.0,81.9,4.0,4.0,-0.229,0.0241,325,6.73,1.08e-06,86.76620750059651,10.981179677639798,4.0,33.5,4.0,4.0,0,0,0,0,-229.0,57.3,-3.44,-229.0,57.3,4.0,24.6,0.873,322,123.0,0.166,16,1,17,6,Layer 1 Up
172.86381681208934,-9.345552753499152,16.5,148,10.0,4.0,4.14,0.0765,326,12.7,0.000967,51.102030413322154,0.9177218972065577,-21.0,81.9,4.0,4.0,0.0386,0.0136,325,1.87,0.0,1.130520452087623,9.314759954438719,4.0,33.5,4.0,4.0,0,0,0,0,-224.0,57.3,-9.1,-224.0,57.3,4.0,23.2,1.03,321,117.0,0.197,16,1,2,6,Layer 1 Up
133.59952414919363,-11.571600682798502,60.3,148,10.0,4.0,6.74,0.0984,326,11.3,0.00128,75.47345634240493,-0.8144468309339232,-14.8,81.9,4.0,4.0,-0.808,0.0216,324,0.558,-2.4e-06,19.516557096406622,33.5283999637373,4.0,33.5,4.0,4.0,0,0,0,0,-219.0,57.3,-15.1,-219.0,57.3,4.000000954,23.3,0.894,320,117.0,0.172,16,1,17,6,Layer 1 Up
164.10437510205313,8.197654623131758,-52.3,148,5.41,12.82,5.59,0.0959,326,9.75,0.000275,84.22715118187713,-13.984994220332695,-39.8,81.5,-1.83,6.11,-8.49,0.146,325,16.2,0.00179,21.83082016504889,23.290500454778787,4.0,33.5,4.0,4.0,0,0,0,0,-213.0,57.2,-59.2,-213.0,57.3,4.000000954,22.7,0.904,321,122.0,0.173,16,1,17,6,Layer 1 Up
121.01056295279714,-0.9067735261983962,10.25,149,6.24,12.43,9.78,0.117,326,3.33,0.000452,83.11125582980388,16.5822877658569,110.0,80.9,-1.57,7.36,-5.27,0.0865,325,13.8,0.000927,17.387100540604216,-14.550131888112258,4.0,33.5,4.0,4.0,0,0,0,0,-208.0,57.3,3.625,-208.0,57.3,4.0,24.2,0.903,321,119.0,0.172,16,1,19,6,Layer 1 Up
143.43020272695387,-3.6478510339831427,79.0,149,7.05,11.82,7.14,0.103,326,8.31,0.000652,110.70166371620832,-33.21876171548398,-8.5,80.4,-1.17,8.59,-5.8,0.109,324,14.9,0.00117,13.092630363715259,17.923196462254424,4.0,33.5,4.0,4.0,0,0,0,0,-203.0,57.3,-5.31,-203.0,57.3,4.0,22.2,1.02,321,115.0,0.197,16,1,19,6,Layer 1 Up
151.70690385366066,7.182618079920986,22.8,149,7.82,11.01,4.83,0.0757,326,10.0,0.000558,70.24375634564014,9.451648287857719,4.0,79.9,-0.62,9.76,-8.44,0.151,325,13.6,0.00156,27.825142995289003,19.614378089944108,4.0,33.5,4.0,4.0,0,0,0,0,-197.0,57.2,-68.7,-197.0,57.3,4.0,26.5,1.02,321,121.0,0.195,16,1,19,6,Layer 1 Up
159.7500313547678,15.834190443628184,104.0,150,8.45,10.1,6.99,0.0881,326,8.66,0.000805,88.90937978643144,-5.941447312088973,-39.8,79.5,-0.02,10.71,-7.25,0.132,324,12.0,0.0011,10.459848091552061,9.511166567743569,4.0,33.5,4.0,4.0,0,0,0,0,-192.0,57.2,-57.0,-192.0,57.3,4.000000954,23.5,1.04,321,117.0,0.199,16,1,19,6,Layer 1 Up
161.82909807827613,-8.172410548030504,-8.5,150,9.01,9.02,5.05,0.0889,326,12.7,0.000898,52.67540507733298,-4.495299804596574,47.8,79.1,0.69,11.55,-3.18,0.0506,324,7.2,0.00028,39.845062855567356,23.797192975281785,4.0,33.5,4.0,4.0,0,0,0,0,-187.0,57.4,31.1,-187.0,57.3,3.999999046,20.4,0.845,320,118.0,0.162,16,1,19,6,Layer 1 Up
164.19492623299087,4.004912607523788,-46.0,151,9.46,7.78,5.91,0.099,326,14.0,0.00106,90.83633914544127,23.04630240188928,72.7,78.8,1.52,12.25,-2.04,0.0431,325,9.01,0.000196,34.47906751734989,7.290841215487873,4.0,33.5,4.0,4.0,0,0,0,0,-181.0,57.3,1.37,-181.0,57.3,3.999999046,18.7,0.848,320,120.0,0.163,16,1,19,6,Layer 1 Up
145.2000155798703,27.493588552760524,47.8,151,9.76,6.54,6.11,0.101,326,13.0,0.00124,78.68308711681568,-6.741571648611155,-2.25,78.6,2.34,12.71,-2.73,0.0726,324,7.4,0.000226,42.60976464167388,7.507700791081666,4.0,33.5,4.0,4.0,0,0,0,0,-176.0,57.1,-56.9,-176.0,57.3,4.0,27.8,1.2,321,116.0,0.229,16,1,19,6,Layer 1 Up
144.31017954406477,-2.586495832068568,22.8,152,9.95,5.2,4.21,0.0939,326,14.4,0.0012,58.45855794258495,-5.560315457929595,-39.8,78.5,3.223,12.99,-3.08,0.0633,325,5.57,0.000119,43.1154076360055,6.121416616059985,4.0,33.5,4.0,4.0,0,0,0,0,-171.0,57.4,18.7,-171.0,57.3,4.0,21.2,0.885,321,118.0,0.171,16,1,2,6,Layer 1 Up
166.26982783903014,17.621196302932493,1034.0,152,10.0,129.0,17.1,0.206,326,18.0,0.00142,72.19661720305243,2.4240862299175916,41.5,78.5,4.0,4.0,-4.15,0.0812,325,8.09,1.29e-05,44.91979868233501,-31.31439544654993,4.0,33.5,4.0,4.0,0,0,0,0,-165.0,57.3,-20.4,-165.0,57.3,4.0,20.5,0.879,321,120.0,0.17,16,1,19,6,Layer 1 Up
149.81823249282652,4.353576267858265,10.25,153,10.0,4.0,4.7,0.0853,326,13.1,0.00107,73.57724474385735,9.1146973486817,-58.5,78.5,4.0,4.0,-3.38,0.0682,325,3.11,1.05e-05,26.428347562749536,2.593222348259939,4.0,33.5,4.0,4.0,0,0,0,0,-160.0,57.3,22.2,-160.0,57.3,3.999999046,21.4,0.975,322,117.0,0.187,16,1,19,6,Layer 1 Up
131.78282524216854,16.594019437365315,79.0,154,10.0,4.0,4.04,0.0809,326,13.4,0.00102,71.27913836060833,-1.7193100049688947,-58.5,78.5,4.0,4.0,-3.21,0.0669,324,3.45,3.13e-05,73.67040684826145,-7.692770567105377,4.0,33.5,4.0,4.0,0,0,0,0,-155.0,57.3,-9.9,-155.0,57.3,4.0,25.6,0.878,321,120.0,0.167,16,1,19,6,Layer 1 Up
135.15120274440824,23.025493642671456,60.3,154,10.0,4.0,5.51,0.0932,326,13.7,0.00121,125.84542726598812,-15.801535114732697,66.5,78.5,4.0,4.0,-3.66,0.0661,325,7.61,-2.05e-05,37.9396778243684,-16.759973173438294,4.0,33.5,4.0,4.0,0,0,0,0,-149.0,57.3,-1.13,-149.0,57.3,4.0,25.2,0.863,322,122.0,0.163,16,1,19,6,Layer 1 Up
139.70769853317915,18.591341191063723,-2.25,155,10.0,4.0,6.1,0.102,326,13.7,0.00122,75.86867864267192,-7.085553621046021,-64.7,78.5,4.0,4.0,-2.43,0.0664,324,4.16,0.0,-1.7719057885134717,29.091855410942316,4.0,33.5,4.0,4.0,0,0,0,0,-144.0,57.3,-6.2,-144.0,57.3,4.0,21.7,1.0,322,118.0,0.192,16,1,19,6,Layer 1 Up
163.26876183929113,20.734195733330218,-27.3,155,10.0,4.0,3.84,0.0736,326,13.3,0.000863,71.98100452396426,20.097892401063227,-58.5,78.5,4.0,4.0,-3.05,0.065,325,3.61,2.02e-05,14.51691687970586,12.822413414676,4.0,33.5,4.0,4.0,0,0,0,0,-139.0,57.3,-12.1,-139.0,57.3,4.000000954,21.5,0.872,321,119.0,0.168,16,1,19,6,Layer 1 Up
158.3688203572764,-3.6032131852395217,-71.0,156,10.0,4.0,4.11,0.0726,326,14.0,0.000853,22.438124745304577,5.096744517927274,72.7,78.5,4.0,4.0,-3.99,0.0664,325,7.23,0.0,0.5381959545723873,3.478028155025463,4.0,33.5,4.0,4.0,0,0,0,0,-133.0,57.2,-62.7,-133.0,57.3,4.000000954,23.4,0.919,321,122.0,0.177,16,1,19,6,Layer 1 Up
167.48413066516684,23.15742519814257,47.8,157,10.0,4.0,4.43,0.0853,326,12.8,0.00114,54.599111716240216,9.561189499984637,-64.7,78.5,4.0,4.0,-3.06,0.0626,325,3.47,1.95e-05,33.828284784851014,-5.882694085767522,4.0,33.5,4.0,4.0,0,0,0,0,-128.0,57.3,9.75,-128.0,57.3,4.0,23.8,0.889,322,119.0,0.169,16,1,19,6,Layer 1 Up
149.893947440505,-0.09061696872252867,-8.5,157,10.0,4.0,3.63,0.0903,324,15.7,0.00113,71.46842224072688,0.5651615110474673,-52.3,78.5,4.0,4.0,-3.22,0.0655,324,2.86,9.87e-06,31.19324157886222,9.182252188627464,4.0,33.5,4.0,4.0,0,0,0,0,-123.0,57.3,-4.94,-123.0,57.3,4.0,20.9,1.01,319,116.0,0.196,16,1,19,6,Layer 1 Up
160.63682714950312,12.850064056506643,-58.5,158,10.0,4.0,5.0,0.0864,324,15.6,0.00108,60.168135297559225,-4.199861443050301,72.7,78.5,4.0,4.0,-3.52,0.0653,323,6.94,-3.99e-05,24.628911492057284,21.347736334639027,4.0,33.5,4.0,4.0,0,0,0,0,-117.0,57.2,-65.0,-117.0,57.3,4.0,25.3,1.01,319,122.0,0.194,16,1,2,6,Layer 1 Up
168.40479973234736,13.334838770382902,72.7,158,10.0,4.0,4.3,0.0889,325,12.8,0.00111,115.43107505439437,25.089607884655326,-71.0,78.5,4.0,4.0,-2.89,0.0625,324,3.58,1.96e-05,71.58310177266807,-10.469904321922133,4.0,33.5,4.0,4.0,0,0,0,0,-112.0,57.2,-62.0,-112.0,57.3,4.000000954,24.2,1.03,321,118.0,0.198,16,1,19,6,Layer 1 Up
153.85495809283194,15.851028027417014,97.7,159,10.0,4.0,5.12,0.101,326,13.4,0.00135,74.09144829799234,1.5173139948710217,-46.0,78.5,4.0,4.0,-3.08,0.0634,324,3.46,1.99e-05,43.89668764356808,3.9155151504522783,4.0,33.5,4.0,4.0,0,0,0,0,-107.0,57.4,25.6,-107.0,57.3,3.999999046,19.7,0.845,321,118.0,0.162,16,1,19,6,Layer 1 Up
166.5970713670012,13.529822974880165,-121.0,159,9.99,3.655,8.1,0.164,326,15.7,0.00211,112.93827876681902,-1.3384799007709773,91.5,78.5,4.246,13.06,-2.47,0.0425,325,3.72,-1.75e-05,47.25091686631838,19.18906649102661,4.0,33.5,4.0,4.0,0,0,0,0,-101.0,57.3,6.69,-101.0,57.3,3.999999046,18.0,0.848,320,120.0,0.163,16,1,19,6,Layer 1 Up
148.99086859251923,-0.06622477543218075,-8.5,160,9.9,2.35,4.68,0.0976,326,15.0,0.00105,80.1492769398098,18.978193864864842,29.0,78.5,5.11,12.92,6.52,0.128,324,8.7,0.000286,15.867245529073926,-29.875342402083675,4.0,33.5,4.0,4.0,0,0,0,0,-96.0,57.1,-56.3,-95.8,57.3,4.0,28.6,1.21,322,116.0,0.23,16,1,21,6,Layer 1 Up
154.96169985665546,-5.9832737441171595,79.0,161,9.66,1.02,2.51,0.0866,326,14.2,0.000987,79.69504701833252,-3.095761908636109,35.3,78.7,5.99,12.57,5.85,0.0955,324,6.55,0.000428,14.57810309510674,2.992668245801979,4.0,33.5,4.0,4.0,0,0,0,0,-90.9,57.3,15.7,-90.5,57.3,4.0,25.1,0.902,321,114.0,0.173,16,1,21,6,Layer 1 Up
154.6509473681144,19.381603812716698,-77.2,161,9.28,-0.28,13.5,0.105,326,5.99,0.00109,76.52659748650791,-0.8998078305970765,-39.8,78.9,6.85,12.0,3.53,0.0741,324,10.2,0.000424,34.19702589232876,-3.51156182147335,4.0,33.5,4.0,4.0,0,0,0,0,-85.4,57.3,-17.8,-85.0,57.3,4.0,21.9,0.874,320,119.0,0.167,16,1,21,6,Layer 1 Up
142.11083267208087,11.18387728117042,22.8,162,8.81,-1.39,4.14,0.0911,325,12.3,0.000864,79.301468396229,7.779732662127963,-14.8,79.3,7.58,11.29,2.45,0.0861,324,12.7,0.000634,36.776424959696215,1.6583008207135594,4.0,33.5,4.0,4.0,0,0,0,0,-80.3,57.3,22.8,-79.8,57.3,3.999999046,21.1,0.977,322,117.0,0.188,16,1,21,6,Layer 1 Up
170.09931096544764,21.65716322001867,-21.0,162,8.22,-2.43,4.91,0.0834,326,12.0,0.000717,125.54094116945046,8.32341977193338,66.5,79.6,8.27,10.4,4.51,0.1,324,11.0,0.000918,-1.6549974393692466,-4.777287807574783,4.0,33.5,4.0,4.0,0,0,0,0,-74.9,57.3,-11.0,-74.5,57.3,4.0,25.9,0.892,321,120.0,0.169,16,1,21,6,Layer 1 Up
154.192915059435,6.824310755311224,-46.0,163,7.5,-3.35,5.47,0.0848,326,10.5,0.00059,18.100110691145247,12.066923967458171,-14.8,80.1,8.87,9.31,7.09,0.119,324,13.8,0.00114,30.08532918779963,6.408098091633981,4.0,33.5,4.0,4.0,0,0,0,0,-69.4,57.3,1.69,-69.0,57.3,4.0,23.6,0.859,320,123.0,0.163,16,1,21,6,Layer 1 Up
163.2078017892336,-9.713108402984993,72.7,163,6.76,-4.04,4.07,0.0791,325,9.42,0.000392,27.10153442961,36.01249900265748,91.5,80.6,9.33,8.19,3.7,0.0974,324,13.3,0.00112,33.766498386450095,37.65882889573271,4.0,33.5,4.0,4.0,0,0,0,0,-64.3,57.3,-11.3,-63.8,57.3,4.0,22.7,1.01,322,118.0,0.194,16,1,2,6,Layer 1 Up
170.9957632919988,17.503692564531114,54.0,163,5.92,-4.58,5.29,0.0995,325,7.46,0.000439,66.58181769772891,14.037219219721564,-39.8,81.2,9.68,6.93,9.44,0.0957,324,7.85,0.00114,29.42548551344554,-1.6678607007066741,4.0,33.5,4.0,4.0,0,0,0,0,-58.9,57.3,-9.4,-58.5,57.3,4.000000954,21.3,0.864,321,118.0,0.166,16,1,21,6,Layer 1 Up
170.4266924582664,0.4975055888358595,-96.0,163,5.01,-4.94,4.5,0.0734,326,8.1,0.000122,82.08830958213532,-19.858400997126477,10.25,81.8,9.91,5.55,5.81,0.1,324,12.7,0.00131,18.095938327473775,9.104237888639572,4.0,33.5,4.0,4.0,0,0,0,0,-53.4,57.2,-60.9,-53.0,57.3,4.000000954,23.7,0.915,320,121.0,0.175,16,1,21,6,Layer 1 Up
174.0666641791649,8.369131373263832,54.0,163,4.144,-5.07,4.51,0.0786,325,3.63,6.01e-05,100.74550788349089,14.131251682115689,47.8,82.3,10.0,4.246,9.32,0.155,324,15.1,0.00196,23.282233610508015,38.90324303731455,4.0,33.5,4.0,4.0,0,0,0,0,-48.3,57.3,14.0,-47.8,57.3,4.0,24.0,0.884,321,120.0,0.169,16,1,21,6,Layer 1 Up
161.3619925229906,-3.4337666526541977,91.5,163,4.0,4.0,2.78,0.0456,325,1.43,0.0,95.44494665974423,10.19959637658622,-27.3,82.9,10.0,4.0,5.16,0.0874,324,14.4,0.00104,30.150624492500835,-5.62394379008688,4.0,33.5,4.0,4.0,0,0,0,0,-42.9,57.3,-2.06,-42.5,57.3,4.0,22.2,1.02,321,115.0,0.196,16,1,21,6,Layer 1 Up
155.95971580393214,23.148385326412196,-77.2,163,4.0,4.0,3.9,0.0504,326,5.32,-1.51e-05,73.1296542944767,10.370118196222652,-77.2,83.5,10.0,4.0,4.62,0.0741,324,13.0,0.00083,35.21957911271749,35.75243437108459,4.0,33.5,4.0,4.0,0,0,0,0,-37.4,57.2,-63.8,-37.0,57.3,4.0,26.5,1.01,320,121.0,0.192,16,1,21,6,Layer 1 Up
161.67412922656638,-6.076150789938298,123.0,163,4.0,4.0,1.5,0.0467,326,2.39,5.83e-06,111.23758579542559,13.263924381639539,41.5,84.1,10.0,4.0,3.76,0.0801,324,12.7,0.00102,44.95359804494842,4.093139755650412,4.0,33.5,4.0,4.0,0,0,0,0,-32.3,57.2,-61.0,-31.8,57.3,4.000000954,23.5,1.04,322,118.0,0.2,16,1,21,6,Layer 1 Up
134.93630682931544,0.18461754092352134,85.2,163,4.0,4.0,1.96,0.0469,325,2.24,1.41e-05,112.13565511029415,9.586905890804509,35.3,84.7,10.0,4.0,6.14,0.1,324,12.6,0.00126,53.96935320046485,35.17887891145539,4.0,33.5,4.0,4.0,0,0,0,0,-26.9,57.4,27.7,-26.5,57.3,3.999999046,21.2,0.858,321,117.0,0.164,16,1,21,6,Layer 1 Up
138.9316709288691,5.137707854721058,-58.5,163,4.0,4.0,2.75,0.0531,326,5.49,-7.4e-06,90.11960354970752,9.303881392171007,10.25,85.3,10.0,4.0,5.07,0.0921,324,13.9,0.00119,27.925616017159363,17.12670720910544,4.0,33.5,4.0,4.0,0,0,0,0,-21.4,57.3,6.75,-21.0,57.3,3.999999046,18.2,0.849,320,120.0,0.163,16,1,21,6,Layer 1 Up
141.00090169971566,-8.660028888949725,85.2,163,4.0,4.0,0.975,0.0428,326,3.35,6.01e-06,111.53046513718603,17.831716590902932,-33.5,85.9,10.0,4.0,4.76,0.0766,324,12.9,0.000907,24.861272433746002,9.37365437485275,4.0,33.5,4.0,4.0,0,0,0,0,-16.3,57.2,-51.0,-15.8,57.3,4.0,27.8,1.18,322,116.0,0.227,16,1,21,6,Layer 1 Up
146.41382216707453,7.884175373079505,-8.5,163,4.0,4.0,1.64,0.0353,325,5.96,-1.5e-05,93.98741937534095,3.166746991269033,35.3,86.7,10.0,4.0,9.26,0.145,324,14.2,0.00182,41.78836298549838,2.8516216299718193,4.0,33.5,4.0,4.0,0,0,0,0,-8.6,57.3,7.44,-8.2,57.3,4.0,21.2,0.823,322,120.0,0.157,16,1,2,6,Layer 1 Up
169.6490323497975,22.992732391465214,29.0,163,4.0,4.0,1.09,0.0586,326,4.13,3.51e-05,72.29235880060959,-2.1786008138839446,16.5,87.3,10.0,4.0,7.88,0.125,324,14.4,0.00151,45.06823663263379,-6.919217520807004,4.0,33.5,4.0,4.0,0,0,0,0,-3.47,57.3,-14.7,-3.04,57.3,4.000000954,21.5,0.8,317,118.0,0.153,16,1,21,6,Layer 1 Up
147.94010086518622,-1.7387775720383614,29.0,163,4.0,4.0,2.25,0.0626,326,2.94,2.53e-05,106.55164972592206,48.1039186701706,10.25,87.9,10.0,4.0,5.66,0.0988,324,13.9,0.0012,25.277072669370504,5.326169012846434,4.0,33.5,4.0,4.0,0,0,0,0,1.86,57.3,-9.4,2.3,57.3,3.999999046,21.7,1.06,316,118.0,0.205,16,1,21,6,Layer 1 Up
156.71041230972247,8.618610660740375,-14.8,163,4.0,4.0,1.79,0.0399,325,5.94,-2.08e-05,91.45653114416741,0.736571115816222,22.8,88.5,10.0,4.0,6.45,0.104,324,13.8,0.00126,48.46854361686294,19.70165751768821,4.0,33.5,4.0,4.0,0,0,0,0,7.41,57.3,-23.8,7.84,57.3,3.999999046,17.7,0.913,321,117.0,0.177,16,1,21,6,Layer 1 Up
184.6087241355058,-28.310614933888985,-2.25,163,4.0,4.0,0.629,0.0365,325,7.48,-2.04e-05,89.13581219448203,10.947903509590828,-64.7,89.1,10.0,4.0,6.03,0.0885,324,13.7,0.00101,52.05147636315867,3.770581634627648,4.0,33.5,4.0,4.0,0,0,0,0,12.74,57.3,10.38,13.18,57.3,4.0,19.4,0.995,320,120.0,0.191,16,1,21,6,Layer 1 Up
157.0746288522159,3.4675146512127517,-2.25,163,3.9751,-1.86,1.12,0.0643,325,4.74,3.74e-05,128.86995004361796,-15.611466242644852,-240.0,89.6,9.5,879.0,1.08,0.0287,324,0.299,2.14e-05,57.96207586977704,-1.5401341314571777,4.0,33.5,4.0,4.0,0,0,0,0,17.9,57.4,48.8,18.3,57.3,4.0,19.7,0.99,316,118.0,0.191,16,1,21,6,Layer 1 Up
175.2663357100541,-0.478787583060575,41.5,163,3.035,-4.96,-4.52,0.0534,325,6.11,5.62e-05,24.59168046723734,11.794599735243873,72.7,90.2,9.92,2.57,3.69,0.0944,324,14.3,0.00117,67.17800321327064,-0.38808846033743194,4.0,33.5,4.0,4.0,0,0,0,0,23.4,57.4,4.0,23.8,57.3,4.0,19.5,0.834,322,118.0,0.161,16,1,23,6,Layer 1 Up
147.47210014610818,-7.318760633577754,29.0,163,2.15,-4.64,-4.92,0.0778,325,9.33,0.000246,52.807322314415245,-2.165513668334322,22.8,90.8,9.71,1.23,8.04,0.147,324,15.9,0.0018,17.091732295593285,21.365942925400756,4.0,33.5,4.0,4.0,0,0,0,0,28.7,57.3,-5.0,29.2,57.3,4.000000954,21.4,0.948,321,120.0,0.183,16,1,23,6,Layer 1 Up
159.58316900686486,14.128911026487716,-39.8,163,1.35,-4.15,-5.07,0.101,325,9.34,0.000596,59.571299064000456,3.547876161608868,-46.0,91.3,9.38,0.01,5.04,0.0835,324,12.3,0.00091,33.76320555350293,25.43736548799252,4.0,33.5,4.0,4.0,0,0,0,0,33.9,57.4,65.8,34.3,57.3,4.0,17.0,0.904,316,119.0,0.171,16,1,23,6,Layer 1 Up
147.19926309934067,-3.133926785509833,-8.5,163,0.54,-3.43,-7.54,0.108,325,10.7,0.000754,82.09056053251112,22.201502109635783,47.8,91.8,8.9,-1.21,5.48,0.109,324,12.2,0.00115,33.71357804518089,-7.673522162831082,4.0,33.5,4.0,4.0,0,0,0,0,39.4,57.5,64.4,39.8,57.3,4.0,14.4,0.744,321,118.0,0.14,16,1,23,6,Layer 1 Up
156.3612125579229,-2.335667033324035,-33.5,162,-0.13,-2.59,-3.9,0.0877,325,10.4,0.000743,85.49468643571375,14.426085312533704,10.25,92.3,8.35,-2.23,5.71,0.107,323,12.0,0.000982,31.64267383142502,-7.698672204609554,4.0,33.5,4.0,4.0,0,0,0,0,44.5,57.3,-5.0,45.0,57.3,4.0,21.7,0.855,318,119.0,0.165,16,1,2,6,Layer 1 Up
175.9759784805176,-5.182667810635858,-8.5,162,-0.74,-1.58,-5.49,0.0786,325,9.95,0.000794,52.41133335582742,15.196599473583124,10.25,92.7,7.68,-3.15,3.2,0.0713,324,10.2,0.000588,21.204199725560187,10.63786456730395,4.0,33.5,4.0,4.0,0,0,0,0,49.9,57.4,50.6,50.3,57.3,4.000000954,21.1,0.94,316,119.0,0.181,16,1,23,6,Layer 1 Up
132.27126111554668,-23.82589744289398,16.5,161,-1.26,-0.39,-3.2,0.0669,325,13.1,0.000706,66.66812963460171,-15.705120017321129,-27.3,93.0,6.89,-3.94,8.28,0.108,324,8.64,0.000585,5.366291551049489,30.728120633014996,4.0,33.5,4.0,4.0,0,0,0,0,55.4,57.3,-3.13,55.8,57.3,4.000000954,16.7,0.794,322,121.0,0.152,16,1,23,6,Layer 1 Up
168.22532035926258,-15.002795970924334,-14.8,161,-1.62,0.81,-6.98,0.0949,325,10.6,0.00108,70.19092862203586,29.58682143012507,16.5,93.3,6.1,-4.49,7.08,0.109,324,7.6,0.000555,35.255171785572834,24.052061695812384,4.0,33.5,4.0,4.0,0,0,0,0,60.5,57.5,42.8,61.0,57.3,4.0,15.9,0.743,318,115.0,0.141,16,1,23,6,Layer 1 Up
163.9540110515915,9.344508575537706,-46.0,160,-1.88,2.17,-6.07,0.106,325,12.7,0.00137,159.083444181606,-9.920338996894863,-14.8,93.4,5.19,-4.89,3.44,0.0546,324,8.23,0.000105,18.94881057552218,-17.90438925232548,4.0,33.5,4.0,4.0,0,0,0,0,66.1,57.4,48.8,66.5,57.3,4.0,18.8,0.835,321,121.0,0.158,16,1,23,6,Layer 1 Up
150.11811664689503,-26.595564655576432,41.5,159,-1.99,3.534,-6.37,0.115,325,14.9,0.0014,141.6579948028169,23.778018336058942,10.25,93.5,4.29,-5.06,6.22,0.0987,324,7.29,7.92e-05,35.12855236644593,-0.620691470293024,4.0,33.5,4.0,4.0,0,0,0,0,71.4,57.3,5.25,71.8,57.3,4.0,22.5,0.834,322,119.0,0.16,16,1,23,6,Layer 1 Up
134.94921130281074,-10.855529027920339,41.5,159,-2.0,4.0,-6.93,0.123,325,15.5,0.0015,82.49452480322505,16.883706650435876,-27.3,93.5,4.0,4.0,5.97,0.0802,324,7.15,-2.54e-05,18.462331124961572,-12.28331387937611,4.0,33.5,4.0,4.0,0,0,0,0,76.7,57.3,-5.75,77.2,57.3,4.0,22.4,1.01,321,119.0,0.195,16,1,23,6,Layer 1 Up
159.19965570090707,-6.547401104864473,35.3,158,-2.0,4.0,-6.16,0.106,325,15.1,0.00123,83.78193675188655,11.234575800507251,-27.3,93.5,4.0,4.0,5.95,0.0815,324,6.54,-3.83e-05,12.674570143722416,-0.6808228262817764,4.0,33.5,4.0,4.0,0,0,0,0,82.1,57.3,17.8,82.5,57.3,4.000000954,20.3,0.87,321,121.0,0.168,16,1,23,6,Layer 1 Up
149.19349393680974,18.39056872929045,16.5,158,-2.0,4.0,-4.86,0.0835,326,13.7,0.00108,62.78341475694107,-6.899911895713546,-39.8,93.5,4.0,4.0,5.12,0.0799,324,7.11,-5.05e-05,37.93716367716325,32.073298694167,4.0,33.5,4.0,4.0,0,0,0,0,87.4,57.3,-22.6,87.8,57.3,3.999999046,18.3,0.915,321,116.0,0.177,16,1,23,6,Layer 1 Up
160.86986342017494,6.962421867338998,-46.0,157,-2.0,4.0,-4.99,0.0961,325,14.0,0.00123,42.49839311722838,5.869270086553815,-21.0,93.5,4.0,4.0,5.14,0.0793,324,7.59,0.0,36.35816561315481,-20.89207436658314,4.0,33.5,4.0,4.0,0,0,0,0,92.7,57.3,9.0,93.2,57.3,4.0,19.0,0.996,320,120.0,0.19,16,1,23,6,Layer 1 Up
157.3634441962122,-8.427716103291697,35.3,157,-2.0,4.0,-6.47,0.108,326,14.8,0.00135,90.37595917015088,-2.012308211638219,-27.3,93.5,4.0,4.0,5.7,0.0786,324,7.01,-1.24e-05,44.47049470532363,-24.326231472116547,4.0,33.5,4.0,4.0,0,0,0,0,98.1,57.2,-29.9,98.5,57.3,4.0,26.1,0.974,321,120.0,0.187,16,1,2,6,Layer 1 Up
182.64073607972583,13.400289250483006,60.3,156,-2.0,4.0,-5.31,0.0845,326,14.8,0.000982,66.8288384148837,4.267668302469752,-46.0,93.5,4.0,4.0,5.12,0.078,324,7.38,-4.98e-05,74.89608698914257,-10.49769590759994,4.0,33.5,4.0,4.0,0,0,0,0,103.4,57.4,6.13,103.8,57.3,4.0,19.4,0.838,322,118.0,0.162,16,1,23,6,Layer 1 Up
151.01904474128293,-10.752339996845087,47.8,155,-2.0,4.0,-4.21,0.0733,325,14.2,0.000889,91.23206619965492,0.736382061783226,-39.8,93.5,4.0,4.0,5.69,0.0779,324,6.7,-6.09e-05,38.75133438393328,9.027241405905087,4.0,33.5,4.0,4.0,0,0,0,0,109.0,57.3,-2.31,109.0,57.3,4.000000954,21.6,0.96,321,120.0,0.185,16,1,23,6,Layer 1 Up
137.9772219331005,9.608665729653625,-89.7,155,-2.0,4.0,-3.99,0.0795,325,13.8,0.000957,50.72877792903127,-21.910727414207646,-39.8,93.5,4.0,4.0,6.23,0.0788,324,5.93,-6.24e-05,42.68652266199703,14.861709624569068,4.0,33.5,4.0,4.0,0,0,0,0,114.0,57.3,-31.3,115.0,57.3,3.999999046,20.0,0.979,321,118.0,0.19,16,1,23,6,Layer 1 Up
156.98170671512466,-17.819154852081486,-2.25,154,-2.0,4.0,-7.07,0.103,325,13.5,0.00131,73.13350853374573,18.10284298805224,-46.0,93.5,4.0,4.0,5.12,0.0764,324,7.54,-3.61e-05,13.093045462740239,11.65429073959289,4.0,33.5,4.0,4.0,0,0,0,0,119.0,57.5,60.9,120.0,57.3,4.0,14.7,0.742,321,118.0,0.141,16,1,23,6,Layer 1 Up
157.65897792002582,10.812633380588116,54.0,154,-2.0,4.0,-6.89,0.105,325,15.4,0.00122,97.47259046563309,2.8981070735248995,-33.5,93.5,4.0,4.0,6.24,0.0807,324,6.42,-1.24e-05,9.128429743027088,24.571654113871027,4.0,33.5,4.0,4.0,0,0,0,0,125.0,57.2,-19.2,125.0,57.3,4.0,24.3,1.04,320,121.0,0.2,16,1,23,6,Layer 1 Up
175.60596494998282,-6.702771856048843,60.3,153,-2.0,4.0,-4.17,0.0777,325,14.8,0.000957,103.288260704521,-2.2130292711675787,-33.5,93.5,4.0,4.0,4.28,0.077,324,8.64,0.0,63.47576814907809,-26.84973830418677,4.0,33.5,4.0,4.0,0,0,0,0,130.0,57.3,-7.4,131.0,57.3,4.0,22.3,0.942,321,120.0,0.183,16,1,23,6,Layer 1 Up
165.88954394402987,-14.2367013844635,-21.0,152,-2.0,4.0,-4.81,0.0841,325,12.4,0.00101,104.6584305646866,-3.1942700543826086,-52.3,93.5,4.0,4.0,5.69,0.078,324,6.56,-3.69e-05,16.011055862605186,24.793018413609882,4.0,33.5,4.0,4.0,0,0,0,0,135.0,57.3,-11.9,136.0,57.3,4.000000954,20.4,0.839,322,118.0,0.159,16,1,23,6,Layer 1 Up
157.93546821774763,-4.501812529615773,-8.5,152,-2.0,4.0,-6.66,0.101,326,12.9,0.00126,58.20521113429949,8.43843555931187,-46.0,93.5,4.0,4.0,5.96,0.0785,324,6.45,-4.92e-05,13.729692143559234,-1.460914082037494,4.0,33.5,4.0,4.0,0,0,0,0,141.0,57.2,-76.1,141.0,57.3,3.999999046,24.2,1.11,320,118.0,0.213,16,1,23,6,Layer 1 Up
175.33760760671043,1.4592731731756003,60.3,151,-2.0,4.0,-5.43,0.0974,325,15.8,0.00115,116.3445316497046,-7.415796297560002,-46.0,93.5,4.0,4.0,5.12,0.0852,324,7.49,-1.31e-05,32.75954107079845,16.799383139584396,4.0,33.5,4.0,4.0,0,0,0,0,146.0,57.4,51.6,147.0,57.3,4.0,17.4,0.842,320,122.0,0.16,16,1,23,6,Layer 1 Up
131.22853031517514,-7.864148646313394,35.3,151,-2.0,4.0,-4.65,0.0835,325,14.3,0.00101,72.11148164181314,-24.652644766274573,-46.0,93.5,4.0,4.0,6.52,0.08,324,5.74,-5.04e-05,31.7919278651798,-19.15674758745406,4.0,33.5,4.0,4.0,0,0,0,0,151.0,57.3,4.0,152.0,57.3,4.0,19.6,0.841,322,123.0,0.161,16,1,2,6,Layer 1 Up
139.35967265336407,4.45991054904597,-2.25,150,-2.0,4.0,-5.16,0.0937,325,14.7,0.00115,110.41539024258611,9.054646431444542,-52.3,93.5,4.0,4.0,4.84,0.0822,324,7.59,-1.28e-05,16.40824962517096,4.086730222334669,4.0,33.5,4.0,4.0,0,0,0,0,157.0,57.3,-4.19,157.0,57.3,4.0,22.1,1.02,320,119.0,0.197,16,1,23,6,Layer 1 Up
133.5892181208283,-8.801185148607091,-8.5,149,-2.0,4.0,-5.4,0.106,325,15.0,0.00132,93.21564333398109,10.47233244750062,-52.3,93.5,4.0,4.0,5.96,0.0791,324,6.54,-2.5e-05,27.724389422083384,8.134167657791274,4.0,33.5,4.0,4.0,0,0,0,0,162.0,57.3,16.4,163.0,57.3,4.000000954,21.3,0.869,321,120.0,0.167,16,1,23,6,Layer 1 Up
142.51669562919585,5.41044720880373,29.0,149,-2.0,4.0,-5.89,0.107,326,15.4,0.00132,56.711123485170624,1.3724732393248558,-46.0,93.5,4.0,4.0,5.96,0.0773,324,6.46,-3.63e-05,56.78202925179927,24.222850874753295,4.0,33.5,4.0,4.0,0,0,0,0,167.0,57.3,-31.0,168.0,57.3,3.999999046,18.0,0.932,321,117.0,0.181,16,1,23,6,Layer 1 Up
125.10299934629734,3.2668730868493183,66.5,148,-2.0,4.0,-4.14,0.0843,325,15.4,0.001,85.0484859344461,-10.633530615090152,-46.0,93.5,4.0,4.0,5.67,0.0835,324,6.41,-2.59e-05,18.236019665774805,-23.738125938350308,4.0,33.5,4.0,4.0,0,0,0,0,173.0,57.3,11.0,173.0,57.3,4.0,19.5,1.0,319,119.0,0.191,16,1,23,6,Layer 1 Up
158.56381054623378,-2.5659511262785273,29.0,148,-1.93,6.04,-4.85,0.101,326,15.3,0.00128,103.26565218645501,5.876007638991303,-14.8,93.5,4.917,17.6,8.72,0.139,324,8.92,0.000224,7.106503624080894,4.53809530155047,4.0,33.5,4.0,4.0,0,0,0,0,178.0,57.2,-25.9,179.0,57.3,4.0,25.0,0.982,321,121.0,0.189,16,1,23,6,Layer 1 Up
143.30399909974392,-6.737004577704858,47.8,147,-1.57,9.07,-4.43,0.0783,326,14.4,0.000903,110.08369115183918,-12.342357957029087,10.25,93.7,6.24,16.8,3.68,0.0697,324,9.05,0.000312,51.35092379756465,-14.988995678766216,4.0,33.5,4.0,4.0,0,0,0,0,183.0,57.4,-0.44,184.0,57.3,4.0,18.8,0.85,321,119.0,0.165,16,1,25,6,Layer 1 Up
122.53759602617059,0.9608661093146954,60.3,147,-0.91,11.84,-6.03,0.0868,326,12.4,0.000833,90.2315944073578,-5.6757060125807435,47.8,94.0,7.45,15.3,5.91,0.106,324,11.7,0.000786,42.82316373241883,12.84495950090431,4.0,33.5,4.0,4.0,0,0,0,0,189.0,57.3,1.56,189.0,57.3,4.000000954,22.0,0.957,321,119.0,0.185,16,1,25,6,Layer 1 Up
129.10892070238927,6.4164319435814665,-8.5,146,0.0,14.2,-4.31,0.0927,326,12.7,0.000771,135.34226697939016,-1.3045423081306264,-89.7,94.4,8.47,13.21,3.68,0.0562,324,10.7,0.000496,21.74856187590647,17.599411641597605,4.0,33.5,4.0,4.0,0,0,0,0,194.0,57.3,-29.3,195.0,57.3,3.999999046,20.8,0.995,320,117.0,0.193,16,1,25,6,Layer 1 Up
151.21435243810234,25.42970142641329,117.0,146,1.12,16.0,-5.2,0.0722,326,9.15,0.000412,121.7293272178186,20.21506281251618,35.3,94.9,9.26,10.66,6.28,0.105,324,12.0,0.00118,3.536777022805257,26.5223694551057,4.0,33.5,4.0,4.0,0,0,0,0,199.0,57.5,62.5,200.0,57.3,4.0,13.5,0.745,321,118.0,0.141,16,1,25,6,Layer 1 Up
159.93969468424413,13.51981263348989,72.7,146,2.39,17.2,-5.91,0.0796,326,8.1,0.000234,88.54000119764353,4.939004138377523,-8.5,95.4,9.78,7.75,9.28,0.134,324,14.7,0.0016,19.39825509217539,-5.361722825270402,4.0,33.5,4.0,4.0,0,0,0,0,205.0,57.2,-24.0,205.0,57.3,4.0,24.1,1.05,320,120.0,0.202,16,1,2,6,Layer 1 Up
178.20956531268152,15.244567754884155,85.2,145,3.744,17.7,-6.54,0.0741,326,5.48,1.15e-05,116.04968712391891,4.07958976956449,10.25,96.0,9.99,4.65,6.43,0.102,324,14.2,0.00125,32.4640023951649,20.22422333082409,4.0,33.5,4.0,4.0,0,0,0,0,210.0,57.3,-8.2,211.0,57.3,4.0,22.7,0.946,321,118.0,0.183,16,1,25,6,Layer 1 Up
193.46326877581993,40.395353130859704,72.7,145,4.0,4.0,-3.59,0.0548,326,6.11,-7.54e-06,148.18754422677358,35.068246676457306,97.7,96.6,10.0,4.0,1.67,0.0676,324,13.7,0.000846,55.57560415017505,27.812489857964884,4.0,33.5,4.0,4.0,0,0,0,0,215.0,57.3,-15.9,216.0,57.3,4.000000954,18.6,0.812,322,120.0,0.156,16,1,25,6,Layer 1 Up
151.8924446443106,10.213403326143101,85.2,145,4.0,4.0,-4.53,0.0525,326,5.4,-2.95e-05,149.50095971210706,14.462506893464646,22.8,97.2,10.0,4.0,3.97,0.0792,324,14.4,0.000966,13.869116199127678,-24.752851906328324,4.0,33.5,4.0,4.0,0,0,0,0,221.0,57.2,-70.1,221.0,57.3,3.999999046,24.0,1.11,320,119.0,0.212,16,1,25,6,Layer 1 Up
128.54203314862178,9.870398391144695,97.7,145,4.0,4.0,-3.09,0.0515,326,7.92,-1.54e-05,64.87731307057913,14.11198950783869,-21.0,97.8,10.0,4.0,4.29,0.0977,324,16.1,0.00124,31.899354790031087,14.71455668330355,4.0,33.5,4.0,4.0,0,0,0,0,226.0,57.4,50.6,227.0,57.3,4.0,19.1,0.836,320,120.0,0.158,16,1,25,6,Layer 1 Up
109.53987339795442,12.423393180857685,91.5,145,4.0,4.0,-4.53,0.0514,326,5.27,-2.93e-05,73.43509023723652,5.369240664830649,-121.0,98.2,10.0,4.0,4.51,0.0788,324,15.6,0.000924,46.28595102798577,20.771631188775313,4.0,33.5,4.0,4.0,0,0,0,0,231.0,57.3,2.69,232.0,57.3,4.0,20.3,0.83,321,121.0,0.159,16,1,25,6,Layer 1 Up
149.45256861135067,-7.732093041280788,79.0,145,4.0,4.0,-3.34,0.0478,326,6.75,-2.9e-05,138.4897631781006,2.229373481936098,4.0,98.8,10.0,4.0,6.14,0.107,324,15.3,0.00133,-11.596657655680119,-0.5270866817492337,4.0,33.5,4.0,4.0,0,0,0,0,237.0,57.3,-2.63,237.0,57.3,4.0,22.0,1.02,319,119.0,0.197,16,1,26,6,Layer 1 Up
131.47918930267224,-1.04161098699793,91.5,145,4.0,4.0,-3.09,0.0519,325,7.38,-3.17e-05,71.11365554879626,-17.931963012558626,-64.7,99.4,10.0,4.0,5.74,0.0866,324,13.7,0.00106,53.07793655471336,-17.18561239138436,4.0,33.5,4.0,4.0,0,0,0,0,242.0,57.3,16.2,243.0,57.3,4.000000954,22.9,0.879,321,118.0,0.169,16,1,26,6,Layer 1 Up
138.09179112847477,-1.7983631986817024,79.0,145,4.0,4.0,-4.32,0.0511,326,5.77,-1.53e-05,64.6503601122182,22.23516675155053,-39.8,100.0,10.0,4.0,3.38,0.0661,324,13.6,0.000788,11.106643424242087,20.49944756144946,4.0,33.5,4.0,4.0,0,0,0,0,247.0,57.3,-35.3,248.0,57.3,3.999999046,17.4,0.941,320,117.0,0.182,16,1,26,6,Layer 1 Up
134.8196253132354,11.785582867304445,91.5,145,4.0,4.0,-3.13,0.0533,325,6.95,-3.22e-05,87.60472370716504,15.976022749375812,54.0,100.6,10.0,4.0,2.97,0.0706,324,12.5,0.000926,39.78736087687215,-16.988506482464555,4.0,33.5,4.0,4.0,0,0,0,0,253.0,57.3,12.62,253.0,57.3,4.0,19.6,1.0,319,119.0,0.192,16,1,26,6,Layer 1 Up
142.65837041068977,2.103148039126561,91.5,145,4.0,4.0,-4.23,0.0484,325,5.63,-2.85e-05,112.43206112628178,7.731589924697106,41.5,101.2,10.0,4.0,6.62,0.11,324,13.5,0.00146,38.171707943069954,0.8792807911130747,4.0,33.5,4.0,4.0,0,0,0,0,258.0,57.2,-27.1,259.0,57.3,4.0,25.0,0.988,320,121.0,0.19,16,1,26,6,Layer 1 Up
162.72934963027257,5.799364005068737,97.7,145,4.0,4.0,-4.44,0.055,325,5.44,-1.56e-05,99.06308194635274,8.112580819814616,-27.3,101.8,10.0,4.0,6.87,0.115,324,14.5,0.00144,54.03999581220907,3.2979259277127713,-2.25,33.5,4.0,4.0,0,0,0,0,263.0,57.3,-4.69,264.0,57.3,4.0,18.9,0.848,321,119.0,0.164,16,1,2,6,Layer 1 Up
147.61202682822233,16.92947016617136,79.0,145,4.0,4.0,-5.07,0.0537,325,4.34,0.0,85.01136147184214,19.220279096716318,-89.7,102.4,10.0,4.0,6.37,0.106,324,14.4,0.00138,43.933456076398144,16.520187172958778,4.0,33.5,4.0,4.0,0,0,0,0,269.0,57.3,1.31,269.0,57.3,4.000000954,22.1,0.955,320,120.0,0.185,16,1,26,6,Layer 1 Up
142.3615903858535,14.31851211517439,97.7,145,4.0,4.0,-3.43,0.0504,325,6.77,-2.27e-05,84.97926164270008,-9.4340925596209,-21.0,103.0,10.0,4.0,7.52,0.098,324,12.3,0.00123,-11.521343738818246,-6.964538356690323,4.0,33.5,4.0,4.0,0,0,0,0,274.0,57.3,-30.4,275.0,57.3,3.999999046,20.4,1.02,320,117.0,0.196,16,1,26,6,Layer 1 Up
127.77503939619447,2.274498870742057,97.7,145,4.0,4.0,-4.48,0.0473,325,5.5,-2.18e-05,84.5602453399418,2.8115472443709093,54.0,103.6,10.0,4.0,6.02,0.125,324,15.0,0.00164,18.637779178349582,-7.978560608017775,4.0,33.5,4.0,4.0,0,0,0,0,279.0,57.5,57.8,280.0,57.3,4.0,13.9,0.744,320,118.0,0.14,16,1,26,6,Layer 1 Up
117.14672600018156,-3.698599682594004,91.5,145,4.0,4.0,-5.07,0.0524,325,4.55,-2.3e-05,80.4919609165203,-4.316663543402646,41.5,104.0,10.0,4.0,8.9,0.154,324,14.7,0.00207,36.11734132060315,5.730781899673576,4.0,33.5,4.0,4.0,0,0,0,0,285.0,57.2,-16.9,285.0,57.3,4.0,24.1,1.04,319,120.0,0.201,16,1,26,6,Layer 1 Up
136.91174217034288,17.516439076868686,97.7,145,4.0,4.0,-4.43,0.0514,326,5.1,-3.1e-05,165.98479551035956,32.228974566054475,-8.5,105.0,9.94,-9.9,10.7,0.162,324,15.1,0.00203,29.807453167506456,21.60940193030438,4.0,33.5,4.0,4.0,0,0,0,0,290.0,57.3,-1.94,291.0,57.3,4.0,22.5,0.93,320,119.0,0.18,16,1,26,6,Layer 1 Up
144.10549030842594,13.29455813149291,104.0,145,4.0,4.0,-3.43,0.05,325,7.1,-1.5e-05,112.952046983115,21.36662305454757,29.0,105.0,10.0,4.0,2.12,0.0544,324,12.1,0.000627,42.54503547737645,44.024848558032325,4.0,33.5,4.0,4.0,0,0,0,0,295.0,57.3,-9.6,296.0,57.3,4.000000954,18.3,0.805,321,119.0,0.154,16,1,26,6,Layer 1 Up
174.40415464976803,-14.65129213052836,135.0,145,4.0,4.0,-3.09,0.0519,326,7.08,-7.79e-06,129.7018059033209,-17.818161644577817,35.3,106.0,10.0,4.0,3.59,0.0883,324,15.2,0.00111,48.449095687869075,-22.377278938555193,4.0,33.5,4.0,4.0,0,0,0,0,301.0,57.2,-71.5,301.0,57.3,3.999999046,25.0,1.11,320,118.0,0.213,16,1,27,6,Layer 1 Up
147.1667217387349,0.5449003015398852,129.0,145,4.0,4.0,-5.62,0.0538,325,4.26,-7.35e-06,92.92765620665266,-9.285646693827742,10.25,107.0,10.0,4.0,4.69,0.105,324,15.8,0.00134,45.02291437229743,9.517723448507393,4.0,33.5,4.0,4.0,0,0,0,0,306.0,57.4,58.4,307.0,57.3,4.0,17.8,0.828,319,120.0,0.156,16,1,27,6,Layer 1 Up
161.34489260043492,6.395092576455748,-33.5,145,4.645,17.7,3.3,0.0537,325,7.24,6.06e-05,102.02964300483079,8.254379233567679,123.0,107.0,9.97,2.59,7.95,0.131,323,15.2,0.00169,29.442041632303876,-15.0117379027335,4.0,33.5,4.0,4.0,0,0,0,0,311.0,57.3,1.75,312.0,57.3,4.0,20.7,0.837,321,120.0,0.16,16,1,27,6,Layer 1 Up
137.6957313281354,14.852594462394269,-46.0,146,5.98,17.0,6.1,0.0967,325,9.34,0.000365,88.92771888375586,3.548462333045621,-2.25,108.0,9.66,-0.48,6.24,0.106,324,15.2,0.00127,-1.4660983899644293,21.82673531964722,4.0,33.5,4.0,4.0,0,0,0,0,317.0,57.3,-0.69,317.0,57.3,4.0,22.3,1.02,319,118.0,0.197,16,1,2,6,Layer 1 Up
126.29205259135378,17.845264599807294,4.0,146,7.22,15.6,4.94,0.0735,325,9.61,0.000483,37.123614859886445,-7.4179250424214676,22.8,108.0,9.06,-3.32,4.95,0.0769,324,11.2,0.000845,24.874054646407046,-12.42226206487263,4.0,33.5,4.0,4.0,0,0,0,0,322.0,57.3,17.4,323.0,57.3,4.000000954,19.6,0.884,320,121.0,0.169,16,1,29,6,Layer 1 Up
129.9482084025036,11.366385909624107,-58.5,146,8.28,13.67,4.81,0.0796,325,12.2,0.000668,72.1677756763944,32.922520015281016,16.5,109.0,8.2,-5.77,9.38,0.157,324,12.7,0.00147,41.38521789174272,-7.80471387570598,4.0,33.5,4.0,4.0,0,0,0,0,327.0,57.3,-32.7,328.0,57.3,3.999999046,16.7,0.938,320,118.0,0.181,16,1,29,6,Layer 1 Up
134.93806293232993,16.07766940178602,41.5,147,9.13,11.2,3.93,0.0832,325,13.9,0.000892,60.60474279382437,11.087049421582451,-52.3,109.0,7.12,-7.7,3.56,0.0621,324,10.5,0.00038,12.84901066701395,-6.310816361871769,4.0,33.5,4.0,4.0,0,0,0,0,333.0,57.3,14.6,333.0,57.3,4.0,19.7,0.985,318,120.0,0.189,16,1,29,6,Layer 1 Up
182.40064156341117,10.473718212566279,10.25,147,9.7,8.35,5.1,0.0913,325,14.0,0.00111,48.8664855300021,12.09162146556433,-14.8,109.0,5.87,-9.0,7.45,0.12,324,9.34,0.0005,45.45513830442785,2.6667026681798083,4.0,33.5,4.0,4.0,0,0,0,0,338.0,57.3,-21.4,339.0,57.3,4.0,26.2,0.984,319,120.0,0.19,16,1,29,6,Layer 1 Up
134.33872261696874,1.8010787080457664,-33.5,148,9.98,5.28,6.3,0.105,325,14.9,0.00131,77.04975798907954,-4.186560466604514,-33.5,109.0,4.531,-9.7,2.76,0.0457,324,5.74,4.71e-05,50.70323495533293,9.630177103279236,-2.25,33.5,4.0,4.0,0,0,0,0,343.0,57.4,6.44,344.0,57.3,4.0,19.1,0.835,320,118.0,0.161,16,1,29,6,Layer 1 Up
161.94572603214812,6.8096921187030315,-2.25,148,10.0,4.0,6.17,0.0996,325,13.7,0.00125,144.41417726406726,13.119670387520424,-8.5,109.0,4.0,4.0,0.547,0.0254,324,2.69,0.0,35.9026183458813,12.463605771038475,4.0,33.5,4.0,4.0,0,0,0,0,349.0,57.3,7.63,349.0,57.3,4.000000954,22.2,0.952,320,120.0,0.184,16,1,29,6,Layer 1 Up
133.98254360763158,10.123179246830844,-33.5,149,10.0,4.0,5.75,0.0945,326,14.3,0.00115,107.81228455826366,-0.8166367540460593,4.0,109.0,4.0,4.0,-0.31,0.0239,324,2.23,1.14e-06,-24.522142006273604,3.899081876127809,4.0,33.5,4.0,4.0,0,0,0,0,354.0,57.3,-18.8,355.0,57.3,3.999999046,20.0,0.992,319,116.0,0.192,16,1,29,6,Layer 1 Up
165.49389301447945,9.492458910205135,-33.5,150,10.0,4.0,6.12,0.0931,326,14.5,0.00115,143.49493032910675,0.4126087854139113,4.0,109.0,4.0,4.0,-0.474,0.0184,324,2.0,-8.47e-07,9.295446241675712,-19.269879891001935,4.0,33.5,4.0,4.0,0,0,0,0,359.0,57.5,63.4,360.0,57.3,4.0,12.2,0.73,320,119.0,0.138,16,1,29,6,Layer 1 Up
156.40249234599705,-12.088738610340009,4.0,150,10.0,4.0,5.42,0.086,326,13.7,0.00108,119.9849786353635,11.735859784766735,4.0,109.0,4.0,4.0,0.963,0.0209,324,0.989,1.38e-06,69.22082198586904,16.734499307299032,4.0,33.5,4.0,4.0,0,0,0,0,365.0,57.2,-15.6,365.0,57.3,4.0,24.4,1.05,319,120.0,0.202,16,1,29,6,Layer 1 Up
148.3948034187471,5.328884234647448,4.0,151,10.0,4.0,4.65,0.0852,326,13.8,0.00107,129.9166822745129,-16.624642115119986,4.0,109.0,4.0,4.0,-0.518,0.0194,324,1.97,-8e-07,23.149617523906493,3.073351333431015,4.0,33.5,4.0,4.0,0,0,0,0,370.0,57.3,-10.0,371.0,57.3,4.0,23.7,0.947,320,118.0,0.182,16,1,2,6,Layer 1 Up
150.3220389489454,10.46051350880732,-27.3,151,10.0,4.0,7.89,0.107,325,12.8,0.0013,84.92030708282111,24.219875562602983,4.0,109.0,4.0,4.0,1.6,0.0212,324,1.96,1.27e-06,-4.075884977578696,24.32755208710963,4.0,33.5,4.0,4.0,0,0,0,0,375.0,57.3,-9.5,376.0,57.3,4.000000954,18.6,0.799,321,119.0,0.153,16,1,29,6,Layer 1 Up
141.10959166917166,6.493416579788983,-64.7,152,10.0,4.0,6.45,0.0921,326,14.6,0.00113,123.00446238180311,6.309219092785117,4.0,109.0,4.0,4.0,0.504,0.0206,324,2.12,1.31e-06,56.89322748526388,-8.383718751991392,4.0,33.5,4.0,4.0,0,0,0,0,381.0,57.2,-69.9,381.0,57.3,3.999999046,24.3,1.1,320,118.0,0.211,16,1,29,6,Layer 1 Up
160.41905880803964,7.169394059670414,-14.8,153,10.0,4.0,4.99,0.072,326,12.7,0.000872,128.47749306784524,20.217959094711016,4.0,109.0,4.0,4.0,0.963,0.0224,325,0.65,1.12e-06,33.75292940842303,-24.035936650975756,4.0,33.5,4.0,4.0,0,0,0,0,386.0,57.4,58.4,387.0,57.3,4.0,16.9,0.829,319,121.0,0.156,16,1,29,6,Layer 1 Up
145.43272908260258,15.78474152300248,10.25,153,10.0,4.0,4.63,0.0847,323,14.0,0.00104,93.58703959400415,-9.615826124928269,4.0,109.0,4.0,4.0,-0.177,0.0217,323,1.82,5.17e-06,54.42546356339608,3.404627159484831,4.0,33.5,4.0,4.0,0,0,0,0,391.0,57.3,7.63,392.0,57.3,4.0,20.3,0.824,319,121.0,0.158,16,1,29,6,Layer 1 Up
133.6157635318891,-2.7796106494832067,-8.5,154,10.0,4.0,5.93,0.106,325,15.4,0.00135,123.95571676831558,-7.688139199604663,4.0,109.0,4.0,4.0,2.21,0.0204,324,4.99,-2.9e-06,38.74506860304855,26.676041037898877,4.0,33.5,4.0,4.0,0,0,0,0,397.0,57.3,0.75,397.0,57.3,4.0,22.5,1.01,318,119.0,0.196,16,1,29,6,Layer 1 Up
132.74538250673385,-9.25230815978013,-46.0,154,10.0,4.0,6.0,0.0991,325,15.3,0.00125,124.13339197600337,-10.71075019261166,4.0,109.0,4.0,4.0,-0.147,0.0386,324,1.1,-2.01e-06,42.18423466454874,6.8160985563943495,4.0,33.5,4.0,4.0,0,0,0,0,402.0,57.4,20.2,403.0,57.3,4.000000954,22.1,0.869,319,118.0,0.167,16,1,29,6,Layer 1 Up
157.87047681268464,5.908403557886442,-33.5,155,10.0,4.0,5.22,0.0915,325,15.8,0.00119,94.31124154302532,7.169004074458922,4.0,109.0,4.0,4.0,1.35,0.0188,324,2.09,0.0,40.374702178206235,0.48126091445741537,-2.25,33.5,4.0,4.0,0,0,0,0,407.0,57.3,-32.3,408.0,57.3,3.999999046,16.5,0.937,320,118.0,0.181,16,1,29,6,Layer 1 Up
182.26339605033834,18.82966413285248,4.0,156,10.0,4.0,5.88,0.105,325,13.0,0.00125,78.9899997368205,4.835410694789688,4.0,109.0,4.0,4.0,0.503,0.0158,324,1.5,-1.24e-06,46.70909714401454,-11.228970060428464,4.0,33.5,4.0,4.0,0,0,0,0,414.0,57.4,50.8,415.0,57.3,4.000000954,19.4,0.803,317,118.0,0.154,16,1,29,6,Layer 1 Up
158.66097547874696,29.61166315391349,-21.0,156,10.0,4.0,5.59,0.113,325,15.9,0.00141,77.34993705689755,-1.879890658596742,4.0,109.0,4.0,4.0,1.35,0.0187,324,1.43,2.22e-06,76.63018515086085,34.75666642295957,4.0,33.5,4.0,4.0,0,0,0,0,418.0,57.3,-18.6,419.0,57.3,4.0,26.3,0.979,319,119.0,0.188,16,1,29,6,Layer 1 Up
155.02681109611365,18.971357793180168,-77.2,157,10.0,4.0,6.3,0.102,325,15.2,0.00128,111.31216986621064,-8.839070255119303,4.0,109.0,4.0,4.0,1.05,0.0236,324,1.56,0.0,51.889006381789045,-14.015557902228942,4.0,33.5,4.0,4.0,0,0,0,0,423.0,57.4,4.937,424.0,57.3,4.0,18.0,0.838,320,119.0,0.163,16,1,2,6,Layer 1 Up
161.75385135307832,-7.354635336187931,-58.5,157,10.0,4.0,6.1,0.088,325,12.9,0.00107,117.74050780763402,-12.036300684450453,4.0,109.0,4.0,4.0,0.459,0.0178,324,1.29,1.03e-06,3.5713901392347545,-8.692646964150658,4.0,33.5,4.0,4.0,0,0,0,0,429.0,57.3,6.63,429.0,57.3,4.000000954,21.9,0.947,319,119.0,0.183,16,1,29,6,Layer 1 Up
179.72137984149714,7.369283565317299,16.5,158,10.0,4.0,5.13,0.0826,325,12.7,0.00108,87.81691389157433,3.38614819506169,4.0,109.0,4.0,4.0,0.548,0.0215,324,2.25,1.29e-06,41.95891643626571,13.974221235282993,4.0,33.5,4.0,4.0,0,0,0,0,434.0,57.3,-23.6,435.0,57.3,3.999999046,19.5,0.984,319,117.0,0.19,16,1,29,6,Layer 1 Up
162.64876285423196,12.835897266772845,-27.3,159,10.0,4.0,6.22,0.115,325,15.0,0.00143,109.71058828985706,-1.8947667623988593,4.0,109.0,4.0,4.0,1.05,0.0228,324,1.85,-2.43e-06,55.11746669614088,-28.475877947969096,4.0,33.5,4.0,4.0,0,0,0,0,439.0,57.5,64.4,440.0,57.3,4.0,12.3,0.741,319,119.0,0.141,16,1,29,6,Layer 1 Up
152.165471237053,11.867002380101386,-58.5,159,10.0,4.0,6.88,0.102,325,14.6,0.00125,124.24964196761192,-4.6804297024775074,4.0,109.0,4.0,4.0,0.711,0.0223,324,1.43,-1.74e-06,56.2768573568871,26.30225724750404,4.0,33.5,4.0,4.0,0,0,0,0,445.0,57.2,-21.5,445.0,57.3,4.0,24.4,1.06,318,120.0,0.205,16,1,29,6,Layer 1 Up
178.39975898819674,16.367760047286303,-33.5,160,10.0,4.0,4.67,0.0841,325,14.1,0.00102,125.52335688871867,23.587608757627702,4.0,109.0,4.0,4.0,0.8,0.0197,324,1.78,0.0,25.42091599667326,14.921871455281051,4.0,33.5,4.0,4.0,0,0,0,0,450.0,57.3,-2.19,451.0,57.3,4.0,22.2,0.946,319,119.0,0.182,16,1,29,6,Layer 1 Up
167.13106358276423,-0.6769091556337123,-2.25,160,10.0,4.0,4.34,0.0794,325,14.1,0.000987,150.47954420048939,2.9576794428499817,4.0,109.0,4.0,4.0,-0.089,0.0194,324,2.01,0.0,55.561823948690034,19.734371224568797,4.0,33.5,4.0,4.0,0,0,0,0,455.0,57.3,-11.3,456.0,57.3,4.000000954,18.3,0.804,321,120.0,0.155,16,1,29,6,Layer 1 Up
186.54264529724392,10.663193456054712,16.5,161,10.0,4.0,6.01,0.105,325,14.4,0.00134,143.13187796242644,20.079938696599708,4.0,109.0,4.0,4.0,-0.221,0.0184,324,1.37,0.0,51.06967001574792,13.765699304713976,-2.25,33.5,4.0,4.0,0,0,0,0,461.0,57.2,-69.1,461.0,57.3,3.999999046,24.6,1.13,319,118.0,0.216,16,1,29,6,Layer 1 Up
165.0475493897415,14.739519280861044,-64.7,162,10.0,4.0,6.13,0.102,325,15.1,0.00127,82.23690683058801,-2.7514744409885523,4.0,109.0,4.0,4.0,0.875,0.0204,324,0.431,3.18e-06,82.2185693994156,1.1807277171141268,4.0,33.5,4.0,4.0,0,0,0,0,466.0,57.4,55.7,467.0,57.3,4.0,18.7,0.829,318,119.0,0.156,16,1,29,6,Layer 1 Up
141.6346696234944,19.553059897228465,-77.2,162,10.0,4.0,5.2,0.0746,325,13.4,0.00087,153.99986029098358,7.09909809560057,4.0,109.0,4.0,4.0,0.756,0.0175,324,1.69,-1.09e-06,19.296398845736867,-14.602533872429131,4.0,33.5,4.0,4.0,0,0,0,0,471.0,57.4,11.0,472.0,57.3,4.0,18.8,0.824,320,122.0,0.158,16,1,29,6,Layer 1 Up
140.2448192820826,0.7114198111874206,35.3,163,10.0,4.0,3.29,0.083,325,14.5,0.00107,94.80775466831695,3.2976214293990473,4.0,109.0,4.0,4.0,0.371,0.0234,324,0.986,1.45e-06,23.890801695095192,1.5490181992490522,4.0,33.5,4.0,4.0,0,0,0,0,477.0,57.3,1.31,477.0,57.3,4.0,22.3,1.0,319,118.0,0.194,16,1,29,6,Layer 1 Up
190.45818138042154,5.973810614389055,35.3,163,10.0,4.0,5.02,0.0931,325,15.0,0.00119,136.92796134579794,-17.493495958146923,4.0,109.0,4.0,4.0,1.35,0.0206,324,2.34,-3e-06,27.702689594031774,-13.064279295743173,4.0,33.5,4.0,4.0,0,0,0,0,482.0,57.4,28.0,483.0,57.3,4.000000954,21.2,0.871,319,120.0,0.167,16,1,2,6,Layer 1 Up
192.66795398907416,-22.02452809253458,-46.0,164,9.93,1.96,7.04,0.112,325,13.7,0.00132,110.8171856342265,21.184107071651383,-2.25,109.0,3.083,-9.6,-6.23,0.106,324,7.72,0.000152,24.21612829729643,12.506543380591694,4.0,33.5,4.0,4.0,0,0,0,0,487.0,57.3,-31.7,488.0,57.3,3.999999046,16.5,0.936,320,118.0,0.181,16,1,29,6,Layer 1 Up
161.01424209782297,2.4167484188112214,-14.8,164,9.57,-1.07,4.63,0.0704,325,11.9,0.000818,97.98383442172023,0.28882815088311187,35.3,109.0,1.76,-8.8,-3.13,0.0495,324,7.29,0.000215,16.64470602175817,18.116697863622143,4.0,33.5,4.0,4.0,0,0,0,0,493.0,57.3,11.81,493.0,57.3,4.0,19.9,1.0,318,119.0,0.192,16,1,31,6,Layer 1 Up
158.62684054160397,2.8072191765533763,-46.0,165,8.91,-3.84,4.74,0.083,326,12.8,0.000855,60.68283888435795,10.030357065183816,-14.8,109.0,0.55,-7.3,-6.68,0.113,324,10.8,0.000871,-18.819800214755766,29.840583092974956,4.0,33.5,4.0,4.0,0,0,0,0,498.0,57.3,-21.7,499.0,57.3,4.0,23.5,0.978,319,121.0,0.188,16,1,31,6,Layer 1 Up
189.30669544704708,-4.101879117160267,-27.3,165,8.0,-6.2,5.94,0.11,325,12.5,0.000934,103.41432511926718,-9.5913913106656,29.0,108.0,-0.47,-5.21,-6.0,0.0804,324,11.3,0.000685,25.26762179563056,10.505035523249296,4.0,33.5,4.0,4.0,0,0,0,0,503.0,57.4,9.13,504.0,57.3,4.0,20.7,0.83,320,117.0,0.161,16,1,31,6,Layer 1 Up
147.58765107760942,8.996228830003698,-46.0,166,6.88,-8.0,3.47,0.0688,325,9.7,0.000424,66.3199082225141,-3.487084994903029,41.5,108.0,-1.26,-2.66,-4.68,0.0703,324,11.3,0.000765,40.49493655752236,20.177834976784,4.0,33.5,4.0,4.0,0,0,0,0,509.0,57.3,6.38,509.0,57.3,4.000000954,22.0,0.97,319,120.0,0.187,16,1,31,6,Layer 1 Up
151.11892839607506,4.792544537942684,-102.0,166,5.61,-9.2,4.7,0.082,326,9.13,0.000272,132.854530184376,-12.67516661383381,10.25,107.0,-1.78,0.25,-8.1,0.143,324,15.8,0.00169,24.159319791475415,-1.1993150031943136,4.0,33.5,4.0,4.0,0,0,0,0,514.0,57.3,-20.0,515.0,57.3,3.999999046,18.5,1.0,319,119.0,0.195,16,1,31,6,Layer 1 Up
176.69979099062374,-22.42466544126845,-134.0,166,4.256,-9.7,3.33,0.0801,326,7.53,5.61e-05,147.54170631415738,13.828903907896672,-2.25,107.0,-1.99,3.35,-7.98,0.131,324,15.2,0.0016,70.15242503279308,-4.368694402973238,4.0,33.5,4.0,4.0,0,0,0,0,519.0,57.5,65.4,520.0,57.3,4.0,15.6,0.755,319,115.0,0.143,16,1,31,6,Layer 1 Up
159.43694002288862,6.307590889988559,-102.0,166,4.0,4.0,3.87,0.0581,326,4.88,-8.54e-06,84.69970484461211,1.8127353853874504,60.3,106.0,-2.0,4.0,-3.74,0.0642,324,12.1,0.000747,33.753312358822704,12.288113703349119,4.0,33.5,4.0,4.0,0,0,0,0,525.0,57.2,-25.9,525.0,57.3,4.0,24.7,1.05,319,121.0,0.203,16,1,31,6,Layer 1 Up
165.9148132740016,-7.084412047314372,-89.7,166,4.0,4.0,2.21,0.0525,326,7.05,-7.67e-06,114.07124764288757,2.4672430574847026,-33.5,106.0,-2.0,4.0,-4.12,0.091,324,13.9,0.00118,57.94962577036571,-2.762341558445069,4.0,33.5,4.0,4.0,0,0,0,0,530.0,57.3,-7.4,531.0,57.3,4.0,20.8,0.957,319,120.0,0.185,16,1,31,6,Layer 1 Up
163.28162285862925,9.532684209541193,-83.5,166,4.0,4.0,3.06,0.0539,325,5.66,0.0,85.61131829086438,15.245889399277747,-14.8,105.0,-2.0,4.0,-6.96,0.127,324,14.7,0.00163,38.45080357356532,8.71010095465478,4.0,33.5,4.0,4.0,0,0,0,0,535.0,57.3,-7.4,536.0,57.3,4.000000954,21.5,0.813,321,117.0,0.155,16,1,2,6,Layer 1 Up
171.61452926525246,-11.238966324941032,-83.5,166,4.0,4.0,2.49,0.0523,326,6.23,-1.46e-05,88.20149874657587,12.8203689747647,210.0,105.0,-2.0,4.0,-8.48,0.127,324,16.3,0.00154,49.15057686320078,-14.568299485011327,4.0,33.5,4.0,4.0,0,0,0,0,541.0,57.1,-82.6,541.0,57.3,3.999999046,25.1,1.12,320,119.0,0.213,16,1,31,6,Layer 1 Up
189.40919399514527,4.152628658558522,-89.7,166,4.0,4.0,3.05,0.0511,326,5.32,-2.21e-05,124.7011397887441,7.869956720533752,-39.8,104.0,-2.0,4.0,-8.56,0.146,324,15.2,0.00184,38.788301967950076,-11.426354440799702,4.0,33.5,4.0,4.0,0,0,0,0,546.0,57.5,66.7,547.0,57.3,4.0,15.6,0.839,318,121.0,0.158,16,1,32,6,Layer 1 Up
167.50660531903117,-5.077658227397876,72.7,166,-2.0,4.0,-5.86,0.102,325,14.7,0.00126,102.76992717748217,-14.000406106709708,-14.8,103.8,4.0,4.0,3.0,0.0227,324,2.44,-1.82e-06,59.422167960423394,15.118127626116621,4.0,33.5,4.0,4.0,0,0,0,0,551.0,57.3,12.19,552.0,57.3,4.0,22.4,0.816,320,118.0,0.156,16,1,32,6,Layer 1 Up
175.70996973186413,1.6819707013651972,72.7,165,-2.0,4.0,-5.64,0.0899,326,14.6,0.0011,150.2983131834157,-4.8579523105132845,-21.0,103.8,4.0,4.0,1.55,0.0239,324,2.48,-5.41e-06,34.55938450500604,19.514934086386905,4.0,33.5,4.0,4.0,0,0,0,0,557.0,57.3,-3.06,557.0,57.3,4.0,22.1,1.01,319,119.0,0.195,16,1,34,6,Layer 1 Down
130.90160217647556,-0.6045915958032231,22.8,165,-2.0,4.0,-4.72,0.0841,326,13.9,0.00108,90.91061301971536,-8.760168494378703,-21.0,103.8,4.0,4.0,1.35,0.0282,325,2.08,-5.79e-06,42.895579132004585,-13.246601622731486,4.0,33.5,4.0,4.0,0,0,0,0,562.0,57.4,25.8,563.0,57.3,4.000000954,19.1,0.873,319,121.0,0.167,16,1,34,6,Layer 1 Down
163.18971707326224,-5.068619806054265,-33.5,164,-2.0,4.0,-4.79,0.0932,326,14.3,0.00121,130.5108361248669,13.161261194959504,-21.0,103.8,4.0,4.0,2.09,0.0256,324,2.18,2.43e-06,40.43764644501073,15.734130237253117,4.0,33.5,4.0,4.0,0,0,0,0,567.0,57.3,-33.3,568.0,57.3,3.999999046,21.5,0.949,320,114.0,0.184,16,1,34,6,Layer 1 Down
148.975420698182,-19.83385332011657,41.5,163,-2.0,4.0,-6.25,0.112,326,15.0,0.00136,106.4037217154273,6.110614171768162,-21.0,103.8,4.0,4.0,1.55,0.0319,325,2.57,1.96e-06,28.040423751155565,-5.321587194740836,4.0,33.5,4.0,4.0,0,0,0,0,573.0,57.3,5.31,573.0,57.3,4.0,20.2,0.999,318,119.0,0.19,16,1,34,6,Layer 1 Down
142.72873955999495,-14.529745177875741,35.3,163,2.73,-4.87,-6.11,0.102,326,8.14,0.000262,125.27001222643284,-8.055195928696161,-152.0,104.0,9.86,2.11,5.06,0.074,324,13.9,0.000833,41.16959202162263,4.288800707185912,4.0,33.5,4.0,4.0,0,0,0,0,578.0,57.3,-19.3,579.0,57.3,4.0,23.1,0.978,319,122.0,0.188,16,1,34,6,Layer 1 Down
148.3945974866463,-4.7616800924781675,66.5,163,1.86,-4.49,-4.22,0.0689,326,8.84,0.000262,93.0481130138191,7.3903206486300395,29.0,105.0,9.61,0.79,3.72,0.078,324,13.2,0.000967,75.81501012825296,28.793103954611766,4.0,33.5,4.0,4.0,0,0,0,0,583.0,57.4,7.31,584.0,57.3,4.0,21.0,0.824,320,115.0,0.159,16,1,34,6,Layer 1 Down
157.44286945595857,1.1526970618387071,10.25,163,1.04,-3.91,-7.23,0.112,326,10.1,0.000661,103.67536289298977,-9.61686818012225,-64.7,105.0,9.22,-0.45,4.42,0.0718,324,12.5,0.000776,28.37919809617152,18.129075715353146,4.0,33.5,4.0,4.0,0,0,0,0,589.0,57.3,12.12,589.0,57.3,4.000000954,21.9,0.945,319,119.0,0.182,16,1,2,6,Layer 1 Down
177.23326224229027,-6.747964016930535,-14.8,162,0.29,-3.14,-5.07,0.108,326,12.1,0.000799,102.91287954084429,8.076988838995065,-2.25,106.0,8.71,-1.59,6.2,0.102,324,12.8,0.00105,41.44386432504086,17.925836972643232,4.0,33.5,4.0,4.0,0,0,0,0,594.0,57.3,-20.9,595.0,57.3,3.999999046,17.7,0.987,319,120.0,0.191,16,1,34,6,Layer 1 Down
139.93947808724715,7.167320123835478,22.8,162,-0.38,-2.22,-7.97,0.101,326,10.1,0.000878,83.65338469143978,-13.058573661638297,-52.3,106.0,8.1,-2.6,6.23,0.102,324,11.8,0.000855,57.31993226807353,37.399219657023195,4.0,33.5,4.0,4.0,0,0,0,0,599.0,57.5,69.4,600.0,57.3,4.0,15.2,0.747,319,114.0,0.141,16,1,34,6,Layer 1 Down
162.50946202023115,-4.251328103925379,-2.25,162,-0.95,-1.16,-5.16,0.0893,326,12.1,0.00094,124.69649596119837,14.365453710693476,4.0,107.0,7.4,-3.46,2.43,0.047,324,7.7,0.000309,55.0942204325859,-8.316187903823671,4.0,33.5,4.0,4.0,0,0,0,0,605.0,57.2,-23.1,605.0,57.3,4.0,24.5,1.04,319,120.0,0.199,16,1,34,6,Layer 1 Down
152.94730923150487,-12.790566399554043,-14.8,161,-1.4,0.03,-3.78,0.0816,326,14.2,0.000962,124.38022932214838,11.535362521125158,-39.8,107.0,6.61,-4.15,3.3,0.0558,324,7.3,0.000319,33.72188658532313,-13.25043019955124,4.0,33.5,4.0,4.0,0,0,0,0,610.0,57.3,-5.44,611.0,57.3,4.0,21.6,0.938,319,119.0,0.181,16,1,34,6,Layer 1 Down
154.55015141314212,-4.838111803209442,79.0,160,-1.73,1.3,-6.08,0.0912,325,13.8,0.0011,122.8648711865709,29.8564233694267,-33.5,107.0,5.77,-4.66,5.79,0.0673,324,5.42,0.000229,-11.636832218166859,-8.635395089741444,4.0,33.5,4.0,4.0,0,0,0,0,615.0,57.3,1.44,616.0,57.3,4.000000954,21.6,0.795,320,116.0,0.152,16,1,34,6,Layer 1 Down
176.67783657318006,0.7242432083737589,4.0,160,-1.93,2.63,-4.38,0.0955,325,14.8,0.00119,148.0809017717677,15.65987372229737,-33.5,107.0,4.885,-4.97,4.95,0.0652,324,8.81,0.000145,43.2853650153879,-0.45315356294165987,4.0,33.5,4.0,4.0,0,0,0,0,621.0,57.2,-70.5,621.0,57.3,3.999999046,23.8,1.1,319,119.0,0.21,16,1,34,6,Layer 1 Down
167.9499190027569,1.9679566252584553,60.3,159,2.91,941.0,-5.52,0.0935,325,14.6,0.00112,145.73892123824984,-1.3294924552410503,-27.3,107.0,4.000573,-0.1,5.25,0.0797,324,5.67,-1.27e-05,-8.532605550115846,-37.19894718238477,4.0,33.5,4.0,4.0,0,0,0,0,626.0,57.4,62.1,627.0,57.3,4.0,16.0,0.832,318,120.0,0.156,16,1,34,6,Layer 1 Down
181.24356320773154,20.22419935811925,29.0,159,-2.0,4.0,-6.91,0.102,325,14.2,0.00126,96.97826273197671,14.207537212306724,-64.7,107.0,4.0,4.0,4.0,0.0621,324,5.32,-9.4e-06,61.33780508899143,0.37050700208576126,4.0,33.5,4.0,4.0,0,0,0,0,631.0,57.4,13.94,632.0,57.3,4.0,21.5,0.82,319,118.0,0.157,16,1,34,6,Layer 1 Down
155.43026640816763,-9.810840163868185,54.0,158,-2.0,4.0,-6.67,0.102,326,12.3,0.00125,116.97115687670784,-13.845739981451063,-71.0,107.0,4.0,4.0,4.04,0.0617,324,5.29,9.36e-06,36.7095115999844,-5.528672131415789,4.0,33.5,4.0,4.0,0,0,0,0,637.0,57.3,-3.25,637.0,57.3,4.0,22.1,0.993,318,119.0,0.191,16,1,35,6,Layer 1 Down
146.4251043982326,-2.7135011946673453,54.0,158,-2.0,4.0,-6.37,0.105,326,15.4,0.0013,90.3320421995611,-8.335808881669692,-71.0,107.0,4.0,4.0,3.31,0.0651,325,6.28,-1.81e-05,52.43191758936922,17.713902374704737,4.0,33.5,4.0,4.0,0,0,0,0,643.0,57.4,-0.5,643.0,57.3,4.0,18.7,0.762,320,120.0,0.147,16,1,2,6,Layer 1 Down
153.2767872070564,3.0576924264909424,16.5,157,-2.0,4.0,-6.71,0.113,325,13.2,0.00149,107.62425431869933,8.067897954389936,-64.7,107.0,4.0,4.0,4.22,0.0633,324,4.69,-9.52e-06,16.415737145311923,10.166487691431517,4.0,33.5,4.0,4.0,0,0,0,0,647.0,57.3,-38.1,648.0,57.3,3.999999046,20.1,0.951,320,115.0,0.183,16,1,35,6,Layer 1 Down
160.03319899609207,-2.0552602294975784,85.2,156,-2.0,4.0,-6.28,0.105,326,14.3,0.00128,90.9695518607574,-23.450471715856548,-52.3,107.0,4.0,4.0,3.87,0.0603,324,5.13,0.0,4.098472144789572,-6.510739709686929,4.0,33.5,4.0,4.0,0,0,0,0,653.0,57.3,5.75,653.0,57.3,4.0,19.3,0.999,318,120.0,0.192,16,1,35,6,Layer 1 Down
158.9367625374292,-7.833127941865358,54.0,156,-2.0,4.0,-6.08,0.1,325,12.9,0.00129,150.30217078262808,3.3795094931895067,-71.0,107.0,4.0,4.0,4.09,0.064,324,4.81,0.0,38.43819026352155,14.322889455103539,4.0,33.5,4.0,4.0,0,0,0,0,658.0,57.3,-14.3,659.0,57.3,4.0,22.9,0.954,319,122.0,0.183,16,1,35,6,Layer 1 Down
136.96449173047324,-20.336447881121813,-14.8,155,-2.0,4.0,-6.84,0.109,326,11.5,0.00135,116.72113329320595,-9.042493380266423,-52.3,107.0,4.0,4.0,3.25,0.062,325,5.92,0.0,32.86361499516566,16.65535615152228,4.0,33.5,4.0,4.0,0,0,0,0,663.0,57.4,8.88,664.0,57.3,4.0,20.4,0.82,319,116.0,0.158,16,1,35,6,Layer 1 Down
156.5050231984717,-8.003188442360981,66.5,155,-2.0,4.0,-7.45,0.0867,326,10.9,0.0011,101.17239209463698,5.157642651583975,-58.5,107.0,4.0,4.0,3.65,0.0568,324,5.5,-8.72e-06,24.19115508892633,-9.447694523391217,4.0,33.5,4.0,4.0,0,0,0,0,669.0,57.3,4.562,670.0,57.3,4.0,24.1,0.922,319,117.0,0.178,16,1,35,6,Layer 1 Down
157.7958863998595,-14.417857974432112,29.0,154,-2.0,4.0,-6.32,0.111,326,14.6,0.00135,138.90372353370554,-9.770156479012185,-52.3,107.0,4.0,4.0,5.34,0.0631,324,6.5,9.44e-06,35.10332304129338,-4.626733328152932,4.0,33.5,4.0,4.0,0,0,0,0,674.0,57.3,-18.4,675.0,57.3,3.999999046,17.8,0.99,319,119.0,0.191,16,1,35,6,Layer 1 Down
194.8705489158966,-22.240610901189637,72.7,153,-2.0,4.0,-6.13,0.0925,326,14.2,0.00121,48.98254319685098,9.221380651938302,-64.7,107.0,4.0,4.0,4.13,0.0616,325,5.06,1.88e-05,85.90995284495469,-34.93847932185812,4.0,33.5,4.0,4.0,0,0,0,0,679.0,57.5,69.4,680.0,57.3,4.0,15.1,0.749,319,114.0,0.141,16,1,35,6,Layer 1 Down
184.2156204721723,-11.420600779639717,16.5,153,-2.0,4.0,-4.97,0.0876,326,13.6,0.0011,53.165907711066545,4.119703371384386,-52.3,107.0,4.0,4.0,4.0,0.0624,324,4.88,9.46e-06,49.30432078352638,-15.083914529267716,4.0,33.5,4.0,4.0,0,0,0,0,685.0,57.2,-21.3,685.0,57.3,4.0,24.3,1.04,318,120.0,0.201,16,1,35,6,Layer 1 Down
137.80888346251507,-9.180136378889134,242.0,152,-2.0,-121.0,-13.2,0.254,326,14.6,0.00198,128.27163319357498,21.604950299109372,-58.5,107.0,3.9365,-5.29,3.16,0.0605,324,5.66,1.87e-05,53.37550013444035,-8.991423509330147,4.0,33.5,4.0,4.0,0,0,0,0,690.0,57.3,-1.38,691.0,57.3,4.0,19.6,0.93,319,121.0,0.179,16,1,35,6,Layer 1 Down
147.2202489805429,5.110500291924765,29.0,152,-1.92,5.43,-6.18,0.106,325,14.2,0.00131,108.61623545137068,3.260265539149462,29.0,107.0,3.033,-4.96,-6.04,0.0965,324,7.35,0.000185,49.482553676409935,5.297728905959341,4.0,33.5,4.0,4.0,0,0,0,0,695.0,57.3,1.12,696.0,57.3,4.000000954,21.2,0.796,320,116.0,0.152,16,1,2,6,Layer 1 Down
126.66007870988093,5.463867366084994,97.7,151,-1.71,6.77,-4.43,0.0743,325,14.3,0.000887,113.69407272302406,-7.401741229524426,16.5,107.0,2.15,-4.64,-6.12,0.103,324,9.29,0.000429,61.51818875675879,-12.541912854907924,4.0,33.5,4.0,4.0,0,0,0,0,701.0,57.2,-70.9,701.0,57.3,3.999999046,24.3,1.1,319,119.0,0.211,16,1,37,6,Layer 1 Down
141.17537954538363,-11.84214293911588,41.5,151,-1.37,8.04,-5.82,0.105,326,14.2,0.00116,71.54732225668559,-1.7258072626611538,-8.5,107.0,1.31,-4.12,-7.99,0.136,324,11.5,0.000794,29.900405356246797,-4.984169279150747,4.0,33.5,4.0,4.0,0,0,0,0,706.0,57.5,64.1,707.0,57.3,4.0,17.4,0.84,318,119.0,0.158,16,1,37,6,Layer 1 Down
155.2491324811738,-3.8381359065916794,29.0,150,-0.9,9.22,-7.19,0.112,325,12.1,0.00117,106.37899601672642,-16.31929775785894,16.5,106.0,0.54,-3.42,-8.2,0.143,324,13.2,0.00101,-5.413256691130698,-17.440326542591254,4.0,33.5,4.0,4.0,0,0,0,0,711.0,57.4,13.81,712.0,57.3,4.0,21.2,0.813,319,118.0,0.155,16,1,37,6,Layer 1 Down
170.05571944975082,-22.217561054944884,54.0,150,-0.32,10.27,-4.0,0.0945,326,12.7,0.000852,159.55095156337177,4.762079833377139,4.0,106.0,-0.16,-2.55,-4.2,0.0857,324,10.9,0.000775,29.928538646003037,6.994079815048654,4.0,33.5,4.0,4.0,0,0,0,0,717.0,57.3,-3.0,717.0,57.3,4.0,21.6,1.01,318,119.0,0.195,16,1,37,6,Layer 1 Down
136.87390056981985,-5.409348296707676,54.0,149,0.41,11.26,-3.68,0.0673,326,9.86,0.00051,128.02968136266264,7.018059187257005,16.5,106.0,-0.81,-1.45,-6.18,0.102,325,13.3,0.000938,48.872724768789894,11.448976883577686,4.0,33.5,4.0,4.0,0,0,0,0,723.0,57.4,3.188,723.0,57.3,4.0,18.4,0.768,320,120.0,0.148,16,1,37,6,Layer 1 Down
138.12025700815227,5.7887265016832234,66.5,149,1.11,11.94,-5.04,0.0773,326,8.2,0.000514,109.53601412189494,29.71234542098713,-39.8,105.0,-1.26,-0.39,-4.91,0.115,324,14.6,0.00132,15.133831835694444,11.040421487204036,4.0,33.5,4.0,4.0,0,0,0,0,727.0,57.3,-31.9,728.0,57.3,3.999999046,20.2,0.945,319,114.0,0.182,16,1,37,6,Layer 1 Down
113.28635647646513,11.664445132642415,47.8,149,1.94,12.51,-5.92,0.0957,326,8.7,0.000444,93.2647146294019,-9.423028809617785,-39.8,105.0,-1.64,0.86,-8.53,0.148,324,15.0,0.00175,30.159965574915777,4.216289943986796,4.0,33.5,4.0,4.0,0,0,0,0,733.0,57.3,10.88,733.0,57.3,4.0,19.0,1.01,318,120.0,0.193,16,1,37,6,Layer 1 Down
145.29454553191866,-5.399534868595834,104.0,148,2.81,12.89,-4.51,0.0822,326,7.51,0.000205,93.45362993106848,-4.940531306421767,16.5,104.0,-1.88,2.18,-7.59,0.115,324,14.2,0.00136,20.399201634732925,-22.965054223799093,4.0,33.5,4.0,4.0,0,0,0,0,738.0,57.3,-15.9,739.0,57.3,4.0,23.6,0.96,318,122.0,0.185,16,1,37,6,Layer 1 Down
130.32995695785007,16.26111149853645,129.0,148,3.711,13.06,-5.35,0.0812,326,4.56,7e-05,46.5895745029004,-9.139644727509582,104.0,103.4,-1.99,3.536,-4.39,0.055,324,12.2,0.000615,61.94556670219098,-6.84769131706638,4.0,33.5,4.0,4.0,0,0,0,0,743.0,57.4,13.75,744.0,57.3,4.0,20.4,0.827,319,116.0,0.159,16,1,37,6,Layer 1 Down
139.1943801163285,-13.661998159007224,72.7,148,4.0,4.0,-4.11,0.0586,326,2.48,-7.5e-06,109.8863613167417,0.6155590624428462,22.8,102.9,-2.0,4.0,-6.95,0.0935,324,11.1,0.00124,47.693285181372005,-3.126882717247824,4.0,33.5,4.0,4.0,0,0,0,0,749.0,57.3,10.25,749.0,57.3,4.000000954,21.4,0.964,318,120.0,0.186,16,1,2,6,Layer 1 Down
133.41607915024926,-10.511781689306147,79.0,148,4.0,4.0,-3.8,0.0528,326,2.94,2.16e-05,124.99855868652546,2.612561350132831,16.5,102.3,-2.0,4.0,-5.21,0.089,324,12.5,0.00108,45.838935583959085,-3.056693619184343,4.0,33.5,4.0,4.0,0,0,0,0,754.0,57.3,-21.4,755.0,57.3,3.999999046,19.5,1.01,318,117.0,0.195,16,1,37,6,Layer 1 Down
146.4322281660409,12.464752732624916,66.5,148,4.0,4.0,-3.15,0.055,326,2.94,-5.98e-06,59.685940623196835,-2.9757757579873925,-39.8,101.7,-2.0,4.0,-1.36,0.112,324,20.1,0.00149,45.27194225269239,5.311990161045307,4.0,33.5,4.0,4.0,0,0,0,0,759.0,57.5,63.9,760.0,57.3,4.0,15.2,0.756,318,115.0,0.143,16,1,37,6,Layer 1 Down
118.76551674659866,23.738560992608612,47.8,148,4.0,4.0,1.9,0.0578,326,9.32,2.14e-05,83.52126897970349,11.623908376809954,-33.5,101.1,-2.0,4.0,-7.56,0.14,324,14.6,0.00183,32.794570264342,28.943529924618154,4.0,33.5,4.0,4.0,0,0,0,0,765.0,57.2,-19.0,765.0,57.3,4.0,23.5,1.05,318,121.0,0.203,16,1,37,6,Layer 1 Down
123.60014967655874,9.923678174880765,60.3,148,4.0,4.0,-3.16,0.0493,326,2.59,0.0,69.66261975348974,-9.81154111598416,10.25,100.5,-2.0,4.0,-9.08,0.142,324,14.5,0.00183,37.24133886219407,18.20972170669159,4.0,33.5,4.0,4.0,0,0,0,0,770.0,57.3,0.5,771.0,57.3,4.0,20.8,0.924,318,120.0,0.179,16,1,37,6,Layer 1 Down
183.41357091632415,3.40090727411395,-58.5,148,4.0,4.0,-1.05,0.0379,326,2.29,-9.51e-06,74.09753817652819,10.555891469219132,16.5,99.9,-2.0,4.0,-9.45,0.16,324,16.5,0.00207,11.054866525687853,-13.279175315535841,4.0,33.5,4.0,4.0,0,0,0,0,776.0,57.3,-17.9,776.0,57.3,4.0,22.6,0.905,323,120.0,0.174,16,1,37,6,Layer 1 Down
126.58762816975512,-21.84720080099974,-39.8,148,4.207,13.07,-0.752,0.0225,326,0.57,-4.57e-06,100.9294876742786,4.4978895716743885,-377.0,99.4,-2.0,4.286,-6.6,0.0913,324,15.4,0.00102,-7.907037226938911,15.870411303997168,4.0,33.5,4.0,4.0,0,0,0,0,781.0,57.4,58.9,781.0,57.3,4.000000954,20.2,0.875,323,119.0,0.168,16,1,37,6,Layer 1 Down
129.75829679740394,-18.96724631676138,-77.2,148,5.07,12.93,3.55,0.0672,325,6.25,0.000112,43.18690064499598,-1.9523101064795934,72.7,98.9,-1.9,5.59,-7.23,0.111,324,13.2,0.00135,36.34225010846557,15.203744470853104,4.0,33.5,4.0,4.0,0,0,0,0,786.0,57.5,62.8,787.0,57.3,4.0,17.7,0.84,316,119.0,0.158,16,1,38,6,Layer 1 Down
179.55148795782307,7.270785589887904,-21.0,149,5.95,12.59,7.73,0.121,325,6.98,0.000536,114.71857348934577,-5.937394237948905,16.5,98.3,-1.67,6.92,-5.92,0.102,324,12.0,0.00117,39.63575696634419,-10.104233326730666,4.0,33.5,4.0,4.0,0,0,0,0,791.0,57.4,20.3,792.0,57.3,4.0,20.3,0.808,318,119.0,0.155,16,1,38,6,Layer 1 Down
197.31698567696023,2.712145144613224,47.8,149,6.81,12.03,4.0,0.0806,326,9.26,0.000501,117.94947178497854,29.293897401456327,-21.0,97.7,-1.3,8.23,-7.59,0.147,324,14.7,0.00169,56.401162477049255,18.853102795626818,4.0,33.5,4.0,4.0,0,0,0,0,797.0,57.3,-1.19,797.0,57.3,4.0,24.9,0.94,322,120.0,0.181,16,1,38,6,Layer 1 Down
129.5145407225267,-5.445473518781221,41.5,149,7.55,11.33,6.4,0.108,325,10.6,0.000818,90.58838563992153,-11.29409835099336,66.5,97.2,-0.84,9.35,-2.35,0.0442,324,10.0,0.000381,63.25810072477924,1.1937963391011892,4.0,33.5,4.0,4.0,0,0,0,0,802.0,57.4,23.8,803.0,57.3,4.000000954,20.1,0.868,317,121.0,0.167,16,1,2,6,Layer 1 Down
142.87529494702352,8.820121020328656,-27.3,150,8.24,10.44,4.33,0.0857,325,12.6,0.000708,30.494196507709432,3.42211438555269,-8.5,96.8,-0.25,10.39,-8.12,0.146,324,12.3,0.00131,63.232774226983224,-20.670779643526043,4.0,33.5,4.0,4.0,0,0,0,0,807.0,57.3,-32.5,808.0,57.3,3.999999046,19.8,0.936,319,115.0,0.181,16,1,38,6,Layer 1 Down
155.68074116750765,10.232992436645947,-21.0,150,8.87,9.32,5.39,0.0934,326,12.2,0.00101,69.76715001143593,-9.198479410624097,-21.0,96.3,0.5,11.35,-5.38,0.111,324,11.1,0.000847,14.599338339406547,11.964947916502222,4.0,33.5,4.0,4.0,0,0,0,0,813.0,57.3,4.687,813.0,57.3,3.999999046,19.9,0.986,322,116.0,0.189,16,1,38,6,Layer 1 Down
178.75164478430267,20.448517761432186,-2.25,151,9.34,8.15,4.76,0.102,326,13.9,0.00114,129.05371182823401,23.777639006681895,35.3,96.0,1.27,12.07,-4.54,0.0819,324,8.9,0.000511,26.82877270118584,7.796307735935784,4.0,33.5,4.0,4.0,0,0,0,0,819.0,57.2,-77.2,819.0,57.3,3.999999046,22.6,0.931,320,117.0,0.178,16,1,38,6,Layer 1 Down
134.58662414814614,11.405312780917125,41.5,151,9.68,6.94,4.85,0.0875,326,12.8,0.00107,21.54817148434597,13.27805585597806,35.3,95.8,2.08,12.58,-6.73,0.0829,324,5.05,0.000326,42.59661462057245,0.016191555831785553,4.0,33.5,4.0,4.0,0,0,0,0,824.0,57.2,-41.3,824.0,57.3,4.0,25.6,0.907,322,122.0,0.173,16,1,38,6,Layer 1 Down
147.92054659019837,24.21575565505343,35.3,152,9.91,5.61,5.74,0.108,326,15.1,0.0013,86.41119440872262,-5.718547816163073,-14.8,95.7,2.95,12.93,-6.51,0.0874,324,7.96,0.000205,81.449441268156,3.3446614990230845,4.0,33.5,4.0,4.0,0,0,0,0,829.0,57.3,6.75,829.0,57.3,4.0,21.4,0.959,322,118.0,0.185,16,1,38,6,Layer 1 Down
164.92865408635586,9.87394365542592,-21.0,152,10.0,4.192,6.35,0.106,326,14.3,0.0013,64.06026067839484,10.339934985955626,29.0,95.6,3.891,13.07,-7.13,0.113,324,6.62,3.63e-05,61.53025345441212,-8.582258578142811,4.0,33.5,4.0,4.0,0,0,0,0,835.0,57.4,8.81,835.0,57.3,4.0,17.5,0.779,319,119.0,0.15,16,1,38,6,Layer 1 Down
160.2310156595534,8.844614590855613,79.0,153,10.0,4.0,4.92,0.0875,326,12.5,0.00117,117.10501765842272,7.162670331695632,-39.8,95.6,4.0,4.0,-5.53,0.0921,324,5.86,0.0,54.69924535344117,14.675809748034885,4.0,33.5,4.0,4.0,0,0,0,0,840.0,57.2,-89.3,840.0,57.3,3.999999046,25.0,1.04,322,119.0,0.198,16,1,38,6,Layer 1 Down
146.74378406862155,22.57750659349956,29.0,153,10.0,4.0,5.24,0.0892,326,12.4,0.00115,77.55516608841441,-2.4659556478641003,41.5,95.6,4.0,4.0,-5.24,0.091,324,6.39,0.0,26.156036397195507,3.2397188723366197,4.0,33.5,4.0,4.0,0,0,0,0,845.0,57.3,-38.9,846.0,57.3,3.999999046,22.2,1.06,318,115.0,0.204,16,1,39,6,Layer 1 Down
151.77426066831336,-1.7183704185696147,-21.0,154,10.0,4.0,6.44,0.114,326,14.1,0.00142,106.39711534467345,13.69907244811771,54.0,95.6,4.0,4.0,-5.58,0.0899,325,6.02,4.28e-05,16.77388498689679,6.912452630564654,4.0,33.5,4.0,4.0,0,0,0,0,851.0,57.4,19.9,851.0,57.3,4.0,14.1,0.816,319,118.0,0.155,16,1,39,6,Layer 1 Down
131.13277621126576,42.824619020296645,-83.5,155,10.0,4.0,5.95,0.0937,326,13.6,0.00109,110.71395123013778,9.028972600838761,54.0,95.6,4.0,4.0,-5.14,0.0893,324,6.41,2.83e-05,48.440409310354724,10.249120826644628,4.0,33.5,4.0,4.0,0,0,0,0,856.0,57.3,2.81,856.0,57.3,4.0,26.2,1.02,318,118.0,0.197,16,1,2,6,Layer 1 Down
151.0387017904096,14.439923557278908,-14.8,155,10.0,4.0,5.0,0.0881,326,14.1,0.00109,144.67970009639043,6.830948697535193,47.8,95.6,4.0,4.0,-5.28,0.0901,325,5.8,0.0,12.655576783955873,-16.20245878664066,4.0,33.5,4.0,4.0,0,0,0,0,861.0,57.3,-10.1,862.0,57.3,4.0,23.4,0.935,318,116.0,0.181,16,1,39,6,Layer 1 Down
151.5694516548306,14.505401533886474,35.3,156,10.0,4.0,4.86,0.095,326,14.0,0.00118,90.17565103537035,3.369257007814988,-46.0,95.6,4.0,4.0,-4.1,0.0775,325,5.38,-2.46e-05,28.984470680105257,-11.6477923052431,4.0,33.5,4.0,4.0,0,0,0,0,866.0,57.4,58.4,867.0,57.3,4.0,14.8,0.921,322,119.0,0.177,16,1,39,6,Layer 1 Down
159.8614422931317,16.050784701658042,-2.25,156,10.0,4.0,5.65,0.0942,326,13.7,0.0011,105.65113014133793,9.357555513076138,-39.8,95.6,4.0,4.0,-5.03,0.0897,325,6.31,1.42e-05,31.326324753483664,-34.668688842398744,4.0,33.5,4.0,4.0,0,0,0,0,872.0,57.4,0.12,872.0,57.3,4.0,17.5,0.872,322,118.0,0.167,16,1,39,6,Layer 1 Down
147.76381518410113,32.129595995884145,10.25,157,10.0,4.0,5.03,0.0858,326,13.7,0.00104,55.906583229003886,6.804263655993335,-39.8,95.6,4.0,4.0,-3.5,0.0758,324,5.96,-2.4e-05,63.6667141477225,13.881625112656247,4.0,33.5,4.0,4.0,0,0,0,0,877.0,57.3,3.313,877.0,57.3,4.0,26.1,0.942,322,119.0,0.181,16,1,39,6,Layer 1 Down
164.84261385801474,19.263330999096826,-71.0,158,10.0,4.0,5.58,0.0766,326,12.8,0.000956,127.41805822192477,4.848177204909123,54.0,95.6,4.0,4.0,-5.09,0.0916,325,6.07,1.44e-05,26.78271018820312,-17.210746729825505,4.0,33.5,4.0,4.0,0,0,0,0,883.0,57.4,2.19,883.0,57.3,4.0,18.3,0.776,319,120.0,0.149,16,1,39,6,Layer 1 Down
174.8434575911117,-9.062180194622961,-58.5,158,10.0,4.0,7.29,0.0985,325,11.5,0.00124,75.2726822069545,-4.015864713922966,54.0,95.6,4.0,4.0,-4.98,0.0897,324,5.88,2.88e-05,-12.694731701909035,6.319649636250274,4.0,33.5,4.0,4.0,0,0,0,0,887.0,57.3,-28.5,888.0,57.3,3.999999046,19.5,0.94,318,115.0,0.181,16,1,39,6,Layer 1 Down
161.58509568324385,26.393201260014607,-21.0,159,10.0,4.0,6.41,0.111,326,13.2,0.00145,80.61184026183011,25.56967449901035,54.0,95.6,4.0,4.0,-4.7,0.091,324,7.1,2.88e-05,43.053218657385095,10.491397633075692,4.0,33.5,4.0,4.0,0,0,0,0,893.0,57.4,12.69,894.0,57.3,4.000000954,21.3,0.911,318,117.0,0.176,16,1,39,6,Layer 1 Down
164.85040150753113,6.143876354883944,35.3,159,10.0,4.0,5.05,0.0932,325,12.6,0.00119,95.00534814651893,-9.199304963262145,47.8,95.6,4.0,4.0,-5.49,0.0896,324,5.1,1.43e-05,20.26186051346386,14.539719402955246,4.0,33.5,4.0,4.0,0,0,0,0,898.0,57.3,-16.6,899.0,57.3,4.0,22.6,0.948,318,122.0,0.182,16,1,39,6,Layer 1 Down
160.88407806702975,11.389257196697642,47.8,160,10.0,4.0,5.26,0.0875,326,12.9,0.00116,53.82632854033825,9.514276951071672,54.0,95.6,4.0,4.0,-5.39,0.0888,325,5.34,1.41e-05,34.30735022153437,-17.067387100849253,4.0,33.5,4.0,4.0,0,0,0,0,904.0,57.2,-37.4,904.0,57.3,4.0,25.5,0.907,323,122.0,0.172,16,1,39,6,Layer 1 Down
160.00140362323882,-4.833443850869006,10.25,161,10.0,4.0,4.45,0.0797,325,12.0,0.00103,101.71469687874868,0.04545084516260012,54.0,95.6,4.0,4.0,-5.09,0.0881,324,6.05,2.82e-05,31.857978482661583,2.859829112272272,4.0,33.5,4.0,4.0,0,0,0,0,909.0,57.3,7.25,910.0,57.3,4.0,23.9,0.929,318,117.0,0.179,16,1,2,6,Layer 1 Down
148.99906950829603,16.113782630925243,-39.8,161,10.0,4.0,5.17,0.0912,325,14.4,0.00115,121.45899484755839,26.327524224344113,29.0,95.6,4.0,4.0,-4.64,0.0898,324,6.28,4.24e-05,28.316568811734665,33.225871985130766,4.0,33.5,4.0,4.0,0,0,0,0,914.0,57.3,-21.1,915.0,57.3,3.999999046,16.3,0.997,317,120.0,0.192,16,1,39,6,Layer 1 Down
167.2639225936066,2.1452269614773725,-58.5,162,10.0,4.0,7.82,0.118,326,13.8,0.00148,103.42970367493025,-7.33893912868588,47.8,95.6,4.0,4.0,-4.84,0.0888,325,6.29,2.81e-05,48.467541883101205,33.9963651347972,4.0,33.5,4.0,4.0,0,0,0,0,920.0,57.4,61.8,920.0,57.3,4.000000954,19.4,0.939,316,120.0,0.181,16,1,39,6,Layer 1 Down
160.38193235878472,11.327166271194853,35.3,162,10.0,4.0,4.67,0.0849,325,13.3,0.0011,53.13103226929705,-5.384124801326084,-33.5,95.6,4.0,4.0,-3.41,0.0761,324,6.66,-2.41e-05,4.470465395981751,21.275768784014076,4.0,33.5,4.0,4.0,0,0,0,0,925.0,57.4,53.7,925.0,57.3,4.0,17.2,0.873,322,117.0,0.166,16,1,39,6,Layer 1 Down
197.81350939934057,6.7613459578189925,10.25,163,10.0,4.0,4.86,0.0808,326,12.7,0.00104,92.29075398931383,-8.178809312286193,47.8,95.6,4.0,4.0,-5.0,0.093,325,6.21,4.35e-05,23.70873754364354,9.905314549713435,4.0,33.5,4.0,4.0,0,0,0,0,931.0,57.4,24.6,931.0,57.3,4.0,13.9,0.81,318,118.0,0.153,16,1,39,6,Layer 1 Down
189.16798919232855,32.5722255287514,16.5,163,5.53,-918.0,5.49,0.105,326,13.6,0.00135,115.43337519443774,8.195371936518786,47.8,95.6,4.0,4.0,-4.94,0.0884,324,5.8,1.4e-05,46.45437226707229,-13.586933479096867,4.0,33.5,4.0,4.0,0,0,0,0,936.0,57.3,2.81,936.0,57.3,4.0,24.1,1.02,317,120.0,0.198,16,1,39,6,Layer 1 Down
170.41738771164162,33.014982519673296,-58.5,164,9.89,1.46,5.44,0.0876,325,13.7,0.00103,45.40403639698858,-14.434113436955585,-14.8,95.6,2.87,-9.5,-7.6,0.14,324,9.13,0.000314,21.87040662395667,16.574142262602972,4.0,33.5,4.0,4.0,0,0,0,0,941.0,57.4,54.8,941.0,57.3,4.000000954,17.7,0.897,322,122.0,0.172,16,1,39,6,Layer 1 Down
152.30885651736466,10.046610093037433,-21.0,165,9.46,-1.65,5.52,0.0893,326,11.8,0.00103,66.6730359792115,-4.228621055029426,35.3,95.4,1.51,-8.5,-4.32,0.0658,325,7.67,0.000303,3.0322720890319843,1.2350102744363616,4.0,33.5,4.0,4.0,0,0,0,0,947.0,57.4,13.25,947.0,57.3,4.000000954,18.3,0.744,319,119.0,0.142,16,1,40,6,Layer 1 Down
146.4984074282996,9.751848618406328,29.0,165,8.78,-4.25,4.25,0.0852,325,11.9,0.00092,118.5287614730743,-27.000976765911947,-27.3,95.1,0.38,-7.0,-4.6,0.0849,324,9.08,0.000691,46.161161949662095,13.807890587284819,4.0,33.5,4.0,4.0,0,0,0,0,952.0,57.3,-4.37,952.0,57.3,4.0,18.3,0.879,322,119.0,0.168,16,1,40,6,Layer 1 Down
184.81105208615713,3.6614000908115045,16.5,166,7.83,-6.5,4.99,0.0737,326,9.08,0.000602,101.91926607336941,2.5739605878360177,-39.8,94.7,-0.61,-4.83,-7.56,0.131,324,12.8,0.00122,54.76926834740088,-7.073231517263979,4.0,33.5,4.0,4.0,0,0,0,0,957.0,57.3,-0.94,957.0,57.3,4.0,25.2,0.948,323,120.0,0.182,16,1,40,6,Layer 1 Down
170.37003683855824,19.597484349211754,-27.3,166,6.64,-8.3,5.13,0.0972,326,10.2,0.000578,105.21141333573077,-7.733190830847754,-52.3,94.1,-1.39,-2.1,-4.78,0.102,324,13.6,0.00117,32.64787666171115,0.9740883297510754,4.0,33.5,4.0,4.0,0,0,0,0,963.0,57.4,1.94,963.0,57.3,4.0,18.3,0.77,319,120.0,0.148,16,1,40,6,Layer 1 Down
173.98572996528176,1.5346233745252986,-39.8,166,5.34,-9.4,7.59,0.107,326,5.92,0.000395,143.30164645018056,-20.69019868958439,60.3,93.6,-1.85,0.86,-4.95,0.0859,324,13.8,0.00109,-3.6346724409785196,6.8721822231671705,4.0,33.5,4.0,4.0,0,0,0,0,968.0,57.3,23.1,968.0,57.3,4.0,20.0,1.0,317,120.0,0.193,16,1,2,6,Layer 1 Down
136.98410080242726,-1.0014407603468998,-89.7,166,4.00212,-4.24,5.25,0.0807,326,3.36,2.51e-05,105.52374808743355,11.544836636585288,10.25,93.0,2.33,915.0,-5.88,0.108,324,13.7,0.0014,46.86971932790783,8.30927159605164,4.0,33.5,4.0,4.0,0,0,0,0,973.0,57.4,11.5,974.0,57.3,4.000000954,21.7,0.902,318,116.0,0.174,16,1,40,6,Layer 1 Down
181.4251276198289,15.350156488670068,-77.2,166,4.0,4.0,3.59,0.0621,326,4.24,9.51e-06,110.08440903642816,-18.2562934920532,16.5,92.5,-2.0,4.0,-6.23,0.111,324,15.1,0.00135,2.0648922009054083,12.6389546745457,4.0,33.5,4.0,4.0,0,0,0,0,979.0,57.2,-72.6,979.0,57.3,3.999999046,21.3,0.912,319,118.0,0.175,16,1,40,6,Layer 1 Down
173.55790475528445,-2.150944183433582,85.2,166,4.0,4.0,1.94,0.0435,326,2.99,-6.12e-06,164.3543651629848,8.16005706655346,72.7,91.9,-2.0,4.0,-4.64,0.076,324,13.3,0.000873,39.34806881516727,-6.134512900636798,4.0,33.5,4.0,4.0,0,0,0,0,984.0,57.2,-35.9,984.0,57.3,4.0,25.7,0.895,323,122.0,0.17,16,1,41,6,Layer 1 Down
147.53135182477033,3.4313131302969713,-58.5,166,4.0,4.0,4.16,0.0617,326,2.8,1.83e-05,85.58530883114823,-10.90583653466178,60.3,91.3,-2.0,4.0,-4.56,0.0717,324,12.6,0.000868,16.693129300572956,-19.504232551845316,4.0,33.5,4.0,4.0,0,0,0,0,989.0,57.3,4.5,990.0,57.3,4.0,24.0,0.939,317,117.0,0.18,16,1,41,6,Layer 1 Down
158.15761425101655,-14.733133108585177,-77.2,166,4.0,4.0,3.31,0.0675,326,3.45,1.98e-05,69.47373070175692,17.897400776648816,-71.0,90.8,-2.0,4.0,-6.07,0.125,324,14.5,0.00169,11.534858025154215,32.429812735918574,4.0,33.5,4.0,4.0,0,0,0,0,995.0,57.4,6.25,995.0,57.3,4.0,18.2,0.766,318,119.0,0.148,16,1,41,6,Layer 1 Down
170.38613623828658,12.450452915523787,85.2,166,4.0,4.0,1.65,0.0391,326,3.29,0.0,101.73438812045708,7.460015175053275,-8.5,90.2,-2.0,4.0,-8.81,0.155,324,16.0,0.00198,25.131067869163235,47.5559339479167,4.0,33.5,4.0,4.0,0,0,0,0,1000.0,57.1,-91.0,1000.0,57.3,3.999999046,25.2,1.03,322,119.0,0.197,16,1,43,6,Layer 1 Down
166.87262613805842,26.683539028871618,-46.0,166,4.0,4.0,4.71,0.0676,326,0.985,1.02e-05,101.43360465866255,-14.412834652190483,16.5,89.6,-2.0,4.0,-9.7,0.149,324,14.8,0.0018,30.028694190674273,11.82878148265054,4.0,33.5,4.0,4.0,0,0,0,0,1004.0,57.2,-16.4,1004.0,57.3,4.0,23.5,1.05,317,120.0,0.202,16,1,43,6,Layer 1 Down
161.14061803831476,12.375643915626037,-52.3,166,4.0,4.0,3.05,0.0564,326,3.86,1.71e-05,74.92164813633516,-13.581128116485711,-52.3,89.0,-2.0,4.0,-7.66,0.142,324,16.5,0.00184,21.299925511448507,-19.166662907811503,4.0,33.5,4.0,4.0,0,0,0,0,1014.0,57.4,21.7,1014.0,57.3,4.0,14.3,0.803,318,117.0,0.152,16,1,43,6,Layer 1 Down
164.27878638441814,21.07866521000618,-39.8,166,4.0,4.0,3.88,0.0614,326,2.2,3.52e-05,60.905498820553994,5.886518917708564,97.7,88.4,-2.0,4.0,-4.15,0.0682,324,13.6,0.000804,44.64891627291456,-9.529046514070162,4.0,33.5,4.0,4.0,0,0,0,0,1014.0,57.3,0.75,1014.0,57.3,4.000000954,20.4,0.797,318,118.0,0.152,16,1,43,6,Layer 1 Down
161.80912018054184,-6.043161587134412,-39.8,166,4.0,4.0,3.59,0.0663,326,2.86,6.04e-05,149.63884990212838,-5.501954041429798,-27.3,87.8,-2.0,4.0,-3.74,0.0628,324,11.4,0.00079,25.052297504735403,12.908327436088287,4.0,33.5,4.0,4.0,0,0,0,0,1024.0,57.2,-65.6,1024.0,57.3,3.999999046,23.4,1.09,318,119.0,0.209,16,1,2,6,Layer 1 Down
168.53741489702747,6.727218520906131,-21.0,166,4.0,4.0,4.43,0.0615,326,0.835,5.19e-05,96.03606021548319,-4.244035495880912,-27.3,87.2,-2.0,4.0,-4.03,0.0842,324,12.9,0.00109,52.06294395518969,27.466283084233282,4.0,33.5,4.0,4.0,0,0,0,0,1024.0,57.5,63.8,1024.0,57.3,4.0,15.4,0.832,316,122.0,0.156,16,1,43,6,Layer 1 Down
190.47380815689107,-7.20875824800993,-46.0,166,4.0,4.0,3.32,0.0664,326,3.04,3.05e-05,67.12705525292625,14.207741209561496,-2.25,86.6,-2.0,4.0,-6.13,0.108,324,13.4,0.00135,38.824883006348465,-17.222655774391573,4.0,33.5,4.0,4.0,0,0,0,0,1034.0,57.4,18.8,1034.0,57.3,4.0,21.3,0.815,317,118.0,0.156,16,1,43,6,Layer 1 Down
123.31141763563679,1.448361415999936,66.5,166,4.0,4.0,1.94,0.0418,326,3.35,-1.1e-05,110.58151179034081,-11.379105678255666,-8.5,86.0,-2.0,4.0,-5.97,0.109,324,14.9,0.0014,20.289598122352942,1.8244760218368499,4.0,33.5,4.0,4.0,0,0,0,0,1034.0,57.3,-1.13,1034.0,57.3,4.0,23.1,0.962,322,122.0,0.185,16,1,43,6,Layer 1 Down
162.0607138591942,12.92481871331252,-52.3,166,4.0,4.0,4.71,0.0666,326,1.39,0.0,82.58270562928523,-0.9741349337508989,41.5,85.4,-2.0,4.0,-4.39,0.0944,324,14.3,0.00118,17.10075165286372,7.4283377581119945,4.0,33.5,4.0,4.0,0,0,0,0,1044.0,57.4,23.2,1044.0,57.3,4.000000954,20.3,0.877,316,120.0,0.169,16,1,43,6,Layer 1 Down
168.93574903381256,5.021568080493541,-77.2,166,4.0,4.0,4.15,0.0639,326,3.21,8.54e-06,78.04083929292409,10.186486204475456,47.8,84.8,-2.0,4.0,-6.23,0.1,324,14.0,0.0013,2.299565115885578,19.12803408571747,4.0,33.5,4.0,4.0,0,0,0,0,1044.0,57.3,17.3,1044.0,57.3,4.0,20.6,1.01,317,120.0,0.196,16,1,43,6,Layer 1 Down
170.92296271549458,-12.750972095164263,-64.7,166,4.0,4.0,2.76,0.0639,326,4.33,2.67e-05,99.22875263423859,8.04418880971135,16.5,84.2,-2.0,4.0,-4.68,0.0888,324,13.6,0.00115,39.00593138808881,-2.0121890156385964,4.0,33.5,4.0,4.0,0,0,0,0,1054.0,57.3,12.56,1054.0,57.3,4.000000954,21.4,0.902,317,117.0,0.174,16,1,43,6,Layer 1 Down
159.81432839521847,-11.55386346289317,-52.3,166,4.0,4.0,1.93,0.0585,326,4.69,8.82e-06,49.06982788676013,-4.2408465716961645,10.25,83.6,-2.0,4.0,-4.76,0.0933,324,13.6,0.00119,26.784788751798413,-23.36297893948023,4.0,33.5,4.0,4.0,0,0,0,0,1054.0,57.2,-72.0,1054.0,57.3,3.999999046,22.1,0.925,319,117.0,0.177,16,1,43,6,Layer 1 Down
136.78225863375982,-12.331061903685276,-46.0,166,4.0,4.0,2.49,0.0602,326,4.08,1.79e-05,92.4252226712092,-5.807820321738177,-33.5,83.0,-2.0,4.0,-6.91,0.136,324,14.6,0.00178,-11.424854853104549,14.869456484129639,4.0,33.5,4.0,4.0,0,0,0,0,1064.0,57.4,44.4,1064.0,57.3,4.0,17.6,0.994,316,119.0,0.19,16,1,43,6,Layer 1 Down
171.45521055641066,9.625416826463248,-71.0,166,4.0,4.0,2.21,0.0632,326,4.69,0.0,133.53055607322622,-23.98504003930389,4.0,82.4,-2.0,4.0,-8.23,0.153,324,15.4,0.00199,23.354582972989107,23.681211896133195,4.0,33.5,4.0,4.0,0,0,0,0,1074.0,57.3,5.69,1074.0,57.3,4.0,23.6,0.928,317,117.0,0.178,16,1,43,6,Layer 1 Down
194.72923436695876,28.154325795174397,-39.8,166,4.0,4.0,4.71,0.0591,326,1.9,4.47e-05,94.26026461300884,-15.323055569178095,-8.5,81.8,-2.0,4.0,-8.16,0.137,324,15.9,0.00173,16.43613553220438,2.5548489594995822,4.0,33.5,4.0,4.0,0,0,0,0,1074.0,57.4,8.5,1074.0,57.3,4.0,17.8,0.772,318,119.0,0.149,16,1,43,6,Layer 1 Down
140.48886541540682,19.886237765009298,-64.7,166,4.0,4.0,2.76,0.0576,326,4.43,1.73e-05,71.14438656356161,2.1807273951678527,-27.3,81.2,-2.0,4.0,-7.5,0.136,324,15.1,0.00171,63.34032567557428,11.090722542373305,4.0,33.5,4.0,4.0,0,0,0,0,1084.0,57.4,59.6,1084.0,57.3,4.000000954,20.0,0.941,316,119.0,0.182,16,1,2,6,Layer 1 Down
180.36716032150318,-18.40610105843464,-58.5,166,4.0,4.0,3.34,0.0588,326,3.16,8.87e-06,67.14579847303888,-3.7157182637824935,66.5,80.7,-2.0,4.0,-8.27,0.163,324,13.6,0.00223,1.2526236428224138,-4.302450149515991,4.0,33.5,4.0,4.0,0,0,0,0,1084.0,57.3,-29.3,1084.0,57.3,3.999999046,21.9,1.04,317,115.0,0.201,16,1,43,6,Layer 1 Down
160.53597883442418,20.57509692169721,-58.5,166,4.0,4.0,3.88,0.064,326,2.9,4.66e-05,69.13219724197982,-1.1513526764524702,-52.3,80.1,-2.0,4.0,-7.39,0.125,325,12.9,0.00163,6.203567347453152,-10.798980530171924,4.0,33.5,4.0,4.0,0,0,0,0,1094.0,57.4,22.1,1094.0,57.3,4.0,14.7,0.802,317,117.0,0.152,16,1,43,6,Layer 1 Down
164.9800554113053,14.854322360776168,-64.7,166,4.0,4.0,4.71,0.0608,326,1.77,3.59e-05,72.71193950952465,11.22792867054144,16.5,79.5,-2.0,4.0,-7.2,0.13,324,14.4,0.00167,54.520706142457875,21.959969576710833,4.0,33.5,4.0,4.0,0,0,0,0,1094.0,57.3,0.81,1094.0,57.3,4.0,23.6,1.03,316,121.0,0.198,16,1,43,6,Layer 1 Down
148.48822512621032,-14.259943583645702,-52.3,166,4.0,4.0,5.27,0.0605,326,0.775,1.82e-05,68.90176974910699,-12.032627871677956,-452.0,79.0,4.0,4.0,-8.27,0.121,324,9.01,0.000366,59.194504183162934,10.780241151155936,4.0,33.5,4.0,4.0,0,0,0,0,1104.0,57.3,-1.94,1104.0,57.3,4.0,22.8,0.933,317,117.0,0.181,16,1,43,6,Layer 1 Down
160.4373354735494,-0.6931427218155783,47.8,166,2.7,-9.4,-4.48,0.066,326,4.09,0.000184,102.99169908721214,-4.540264879867372,-14.8,78.4,-1.86,6.91,-7.87,0.126,324,13.2,0.00141,19.39144529008967,12.580265764528445,4.0,33.5,4.0,4.0,0,0,0,0,1104.0,57.4,18.3,1104.0,57.3,4.000000954,17.7,0.729,318,120.0,0.139,16,1,44,6,Layer 1 Down
187.6223007600555,14.404280650140073,16.5,166,1.41,-8.4,-6.3,0.108,326,8.98,0.000623,31.5737904732144,0.8192583801448443,41.5,77.8,-1.41,9.88,-1.8,0.0492,325,12.2,0.000539,21.52950114842507,30.283385996652946,4.0,33.5,4.0,4.0,0,0,0,0,1114.0,57.2,-21.9,1114.0,57.3,3.999999046,24.2,1.06,317,119.0,0.205,16,1,45,6,Layer 1 Down
175.69070363666904,6.938544526935474,-8.5,166,0.25,-6.8,-5.73,0.103,326,11.5,0.000775,100.44003300787955,-9.715327447860263,85.2,77.3,-0.68,12.55,-4.15,0.0785,324,12.5,0.000761,45.170322036270896,-14.45719236339458,4.0,33.5,4.0,4.0,0,0,0,0,1114.0,57.5,57.3,1114.0,57.3,4.0,16.0,0.845,316,117.0,0.159,16,1,45,6,Layer 1 Down
193.81175206992182,-15.884128088389378,4.0,165,-0.72,-4.54,-6.79,0.116,325,12.7,0.00114,66.75152023164134,18.453847330394844,60.3,76.9,0.29,14.8,-3.72,0.0636,324,10.0,0.000452,-10.570827792091677,-5.659126003553206,4.0,33.5,4.0,4.0,0,0,0,0,1124.0,57.4,8.69,1124.0,57.3,4.0,18.6,0.769,318,120.0,0.148,16,1,45,6,Layer 1 Down
184.5826774602574,5.957275276236421,54.0,165,-1.44,-1.87,-6.25,0.101,326,12.6,0.00109,86.67527716560586,13.173563919138841,54.0,76.6,1.46,16.4,-5.43,0.0869,325,9.19,0.000432,-1.7474554229444834,6.763452039417972,4.0,33.5,4.0,4.0,0,0,0,0,1124.0,57.3,20.1,1124.0,57.3,4.0,20.6,0.995,317,119.0,0.192,16,1,45,6,Layer 1 Down
171.30287581692357,-27.049324146193833,-64.7,164,-1.87,1.1,-5.18,0.103,326,13.5,0.00128,46.27721910446007,6.343360946155329,22.8,76.4,2.76,17.4,-6.4,0.105,324,7.02,0.000279,28.183445299329065,-5.874118286405098,4.0,33.5,4.0,4.0,0,0,0,0,1134.0,57.4,14.3,1134.0,57.3,4.000000954,22.1,0.902,317,116.0,0.175,16,1,2,6,Layer 1 Down
192.00506412195546,2.2564545502028284,648.0,163,-1.5,-871.0,-2.07,0.156,326,4.69,0.00032,111.91241513369906,26.64166275870537,-21.0,76.4,4.0,4.0,-4.15,0.0558,324,2.85,8.57e-06,62.85196862898847,17.702997318232917,4.0,33.5,4.0,4.0,0,0,0,0,1134.0,57.3,16.1,1144.0,57.3,4.000000954,24.8,0.908,323,119.0,0.175,16,1,45,6,Layer 1 Down
170.30132039204724,11.372957653125106,-33.5,163,-2.0,4.0,-7.38,0.115,326,12.0,0.00152,109.69404747065511,-14.977424750697864,-2.25,76.4,4.0,4.0,-1.89,0.0355,325,1.42,0.0,25.248103925479995,0.7209663885840056,4.0,33.5,4.0,4.0,0,0,0,0,1144.0,57.4,45.4,1144.0,57.3,4.0,16.5,0.98,316,120.0,0.186,16,1,45,6,Layer 1 Down
175.7710732827759,-1.6338361943860116,22.8,162,-2.0,4.0,-5.69,0.0993,325,14.9,0.00131,102.04848734841671,3.902178010511881,4.0,76.4,4.0,4.0,-1.26,0.0335,324,2.27,4.77e-06,35.411550150227946,-13.366926183134279,4.0,33.5,4.0,4.0,0,0,0,0,1154.0,57.3,6.25,1154.0,57.3,4.0,24.2,0.924,316,117.0,0.179,16,1,45,6,Layer 1 Down
157.06744123996083,-7.713378035628573,79.0,162,-2.0,4.0,-5.82,0.0841,326,12.4,0.00103,35.91276335025717,8.638170762104949,10.25,76.4,4.0,4.0,-1.33,0.0347,324,2.64,5.11e-06,54.97180445345712,5.150845412158769,4.0,33.5,4.0,4.0,0,0,0,0,1154.0,57.4,8.25,1154.0,57.3,4.0,18.0,0.772,318,119.0,0.148,16,1,45,6,Layer 1 Down
162.1067879138132,8.321354665198207,-14.8,161,-2.0,4.0,-4.52,0.0849,326,12.3,0.00107,98.56122474210635,-7.579127519446745,4.0,76.4,4.0,4.0,-1.14,0.0382,324,2.86,1.07e-05,73.40037487002984,6.980516952570045,4.0,33.5,4.0,4.0,0,0,0,0,1164.0,57.4,59.7,1164.0,57.3,4.000000954,20.0,0.923,315,118.0,0.177,16,1,45,6,Layer 1 Down
149.40046893305353,9.45501753316353,-21.0,160,-2.0,4.0,-5.43,0.1,325,12.9,0.00129,87.22119957890364,7.807329081902802,4.0,76.4,4.0,4.0,-1.21,0.0379,324,2.75,1.08e-05,22.57559110459251,20.354677919365606,4.0,33.5,4.0,4.0,0,0,0,0,1164.0,57.3,-32.3,1164.0,57.3,3.999999046,22.3,1.05,317,114.0,0.202,16,1,45,6,Layer 1 Down
176.45872883774712,13.545229245711269,47.8,160,-2.0,4.0,-2.94,0.105,325,18.8,0.0013,33.49338705624085,-10.035375702671569,-2.25,76.4,4.0,4.0,-2.09,0.0385,324,1.25,5.31e-06,33.1811445932775,10.87901598109279,4.0,33.5,4.0,4.0,0,0,0,0,1174.0,57.4,23.9,1174.0,57.3,4.0,14.3,0.797,317,118.0,0.152,16,1,45,6,Layer 1 Down
139.40249124565423,8.345033801247673,60.3,159,-2.0,4.0,-5.18,0.0905,326,14.0,0.00111,75.75056555528384,12.743105486997012,4.0,76.4,4.0,4.0,-1.57,0.039,325,1.78,0.0,68.006247644767,12.06894772431761,4.0,33.5,4.0,4.0,0,0,0,0,1174.0,57.3,0.69,1174.0,57.3,4.0,24.6,1.01,316,119.0,0.195,16,1,45,6,Layer 1 Down
172.01202625853327,10.578021706397987,10.25,159,-2.0,4.0,-4.55,0.0741,326,12.4,0.000931,86.14348743462516,17.393183622580814,10.25,76.4,4.0,4.0,-2.33,0.0364,325,1.53,2.1e-05,4.672451559547454,9.604330649030958,4.0,33.5,4.0,4.0,0,0,0,0,1184.0,57.3,-6.8,1184.0,57.3,4.0,23.1,0.939,317,116.0,0.182,16,1,45,6,Layer 1 Down
154.82909761526005,6.462941515689128,-46.0,158,-2.0,4.0,-5.14,0.0986,326,13.5,0.0013,91.26309966875925,7.447997133167766,4.0,76.4,4.0,4.0,-1.7,0.0375,325,1.99,5.58e-06,52.960423855580345,0.7065606208793942,4.0,33.5,4.0,4.0,0,0,0,0,1184.0,57.4,13.87,1184.0,57.3,4.000000954,18.2,0.725,318,119.0,0.139,16,1,2,6,Layer 1 Down
177.48014477546099,1.2204202794085002,10.25,157,-2.0,4.0,-5.93,0.112,326,14.8,0.00143,81.13794374324087,-19.43316388373561,16.5,76.4,4.0,4.0,-1.57,0.0382,325,1.95,0.0,14.215047750158924,-8.53210413714441,4.0,33.5,4.0,4.0,0,0,0,0,1194.0,57.3,-17.6,1194.0,57.3,3.999999046,24.2,1.04,316,118.0,0.201,16,1,45,6,Layer 1 Down
169.48842937538274,-0.848114642310928,41.5,157,-2.0,4.0,-5.27,0.104,326,14.5,0.00131,84.18420077108699,-8.26551576315772,-2.25,76.4,4.0,4.0,-1.7,0.0423,325,2.05,1.7e-05,35.44063101633168,9.053973323839744,4.0,33.5,4.0,4.0,0,0,0,0,1194.0,57.5,57.1,1194.0,57.3,4.0,16.8,0.842,316,115.0,0.159,16,1,45,6,Layer 1 Down
186.28092956103126,-4.818211522266092,22.8,156,-2.0,4.0,-4.69,0.0875,326,13.5,0.00113,115.78753263653026,11.149760051770592,4.0,76.4,4.0,4.0,-1.89,0.0402,325,1.64,5.27e-06,28.90525839455002,-1.8288785772871865,4.0,33.5,4.0,4.0,0,0,0,0,1204.0,57.4,7.44,1204.0,57.3,4.0,18.6,0.765,318,120.0,0.147,16,1,45,6,Layer 1 Down
168.15422165060068,-16.297421588455453,-27.3,156,-2.0,4.0,-5.19,0.108,326,13.7,0.00136,109.17013932843275,4.243394775502547,-8.5,76.4,4.0,4.0,-0.868,0.0373,325,3.24,2.66e-05,15.357089097446128,33.56781326532901,4.0,33.5,4.0,4.0,0,0,0,0,1204.0,57.3,20.8,1204.0,57.3,4.0,20.2,1.01,316,119.0,0.195,16,1,45,6,Layer 1 Down
128.85387597221617,-13.076560354947176,10.25,155,-2.0,4.0,-6.71,0.125,326,14.5,0.00156,-0.2322933960110447,-30.10860828699105,4.0,76.4,4.0,4.0,-1.26,0.0367,325,2.44,1.01e-05,14.881926201543376,27.48494746124779,4.0,33.5,4.0,4.0,0,0,0,0,1214.0,57.4,13.94,1214.0,57.3,4.000000954,21.6,0.895,316,117.0,0.173,16,1,45,6,Layer 1 Down
153.88643693674206,-5.284157291296669,22.8,154,-2.0,4.0,-4.51,0.0953,326,14.0,0.00121,67.91531977528662,19.735402204932583,10.25,76.4,4.0,4.0,-1.7,0.0392,325,2.14,1.08e-05,38.7347603924328,15.073155883948193,4.0,33.5,4.0,4.0,0,0,0,0,1214.0,57.2,-65.6,1214.0,57.3,3.999999046,21.9,0.912,318,118.0,0.175,16,1,45,6,Layer 1 Down
134.50721327978636,0.7674799398761354,-2.25,154,-2.0,4.0,-4.76,0.0921,326,14.9,0.00115,71.99911265947124,5.755199967538698,10.25,76.4,4.0,4.0,-1.77,0.0345,325,1.96,-1.5e-05,52.353614421394454,10.597257065771252,-2.25,33.5,4.0,4.0,0,0,0,0,1224.0,57.3,-25.8,1224.0,57.3,3.999999046,23.1,0.998,322,117.0,0.193,16,1,45,6,Layer 1 Down
144.3799859826249,14.962036767406,41.5,153,-2.0,4.0,-5.87,0.11,326,15.5,0.00136,29.56890187026398,-6.345256023027117,16.5,76.4,4.0,4.0,-3.09,0.0334,324,1.34,-9.31e-06,31.043043974037737,2.4609291159043396,4.0,33.5,4.0,4.0,0,0,0,0,1234.0,57.5,40.6,1234.0,57.3,4.0,15.4,0.798,323,114.0,0.151,16,1,45,6,Layer 1 Down
178.13470371300866,-2.391189624621627,-2.25,153,-2.0,4.0,-5.75,0.114,326,14.2,0.00148,78.91737893683187,16.572074151850064,-8.5,76.4,4.0,4.0,-2.33,0.0361,325,1.55,9.65e-06,34.82780938254011,-18.066618437866172,4.0,33.5,4.0,4.0,0,0,0,0,1234.0,57.4,10.63,1234.0,57.3,4.0,17.1,0.757,318,120.0,0.145,16,1,45,6,Layer 1 Down
162.60344226662963,9.862579739999283,-8.5,152,-2.0,4.0,-5.86,0.108,326,14.5,0.00135,109.77751579182413,-4.553294151324467,16.5,76.4,4.0,4.0,-1.57,0.0342,325,2.63,-9.74e-06,44.316946461799326,0.21750836151859376,4.0,33.5,4.0,4.0,0,0,0,0,1244.0,57.3,-19.6,1244.0,57.3,4.0,23.1,0.936,322,119.0,0.18,16,1,45,6,Layer 1 Down
140.3754111215057,10.783823283929626,16.5,151,-2.0,4.0,-5.7,0.0976,326,14.2,0.00118,47.357589459189875,-4.6914516654497405,10.25,76.4,4.0,4.0,-2.33,0.0343,324,1.87,-1.46e-05,15.09939522953605,5.774255603255139,4.0,33.5,4.0,4.0,0,0,0,0,1244.0,57.4,37.4,1244.0,57.3,4.000000954,20.3,0.728,323,117.0,0.138,16,1,2,6,Layer 1 Down
134.13988468377016,-4.869899654953873,-52.3,151,-2.0,4.0,-4.21,0.091,326,13.4,0.00118,85.391517723915,8.537081783725933,-2.25,76.4,4.0,4.0,-1.7,0.0373,325,2.19,1.58e-05,47.508364059056454,8.01493393852774,4.0,33.5,4.0,4.0,0,0,0,0,1254.0,57.4,15.0,1254.0,57.3,4.0,14.1,0.808,317,117.0,0.153,16,1,45,6,Layer 1 Down
150.5452307363954,4.788637202425825,-83.5,150,-2.0,4.0,-5.27,0.103,326,13.4,0.00132,51.92134348923477,26.54962291105531,10.25,76.4,4.0,4.0,-2.5,0.0332,325,2.76,0.0,49.01679415749946,12.215752028210902,4.0,33.5,4.0,4.0,0,0,0,0,1254.0,57.4,44.5,1254.0,57.3,4.0,16.1,0.843,322,118.0,0.16,16,1,45,6,Layer 1 Down
129.76620990550865,-4.831875140522291,-27.3,150,-2.0,4.0,-6.03,0.105,326,13.9,0.00137,58.44074907354208,24.58114152323725,16.5,76.4,4.0,4.0,-2.7,0.0345,325,2.2,-9.24e-06,82.80771185567981,20.12105253949458,4.0,33.5,4.0,4.0,0,0,0,0,1264.0,57.4,19.4,1264.0,57.3,4.0,20.1,0.741,323,118.0,0.141,16,1,45,6,Layer 1 Down
137.83761604084336,13.60738050392709,-27.3,149,-2.0,4.0,-5.77,0.111,326,14.2,0.0014,115.8886265733211,8.554286076735757,-2.25,76.4,4.0,4.0,-1.26,0.0432,325,2.41,1.25e-05,26.377304602151998,-8.111024018195884,4.0,33.5,4.0,4.0,0,0,0,0,1264.0,57.3,21.7,1264.0,57.3,4.0,25.0,0.961,315,117.0,0.185,16,1,45,6,Layer 1 Down
153.18933170552444,5.672257527968311,54.0,148,-2.0,4.0,-6.32,0.107,326,14.6,0.0014,61.89820260673659,9.85423756149003,4.0,76.4,4.0,4.0,-1.45,0.0375,324,1.88,5.55e-06,24.824805140498412,-7.9521728231961895,4.0,33.5,4.0,4.0,0,0,0,0,1274.0,57.4,8.19,1274.0,57.3,4.0,18.5,0.842,317,119.0,0.163,16,1,45,6,Layer 1 Down
167.2151134032411,-15.29024046104512,298.0,148,-1.99,4.787,-7.67,0.139,326,16.0,0.00167,88.75428118405253,14.196121307289925,29.0,76.4,4.371,17.7,0.968,0.0247,325,2.82,8.11e-06,48.062745675371076,29.386486642133566,4.0,33.5,4.0,4.0,0,0,0,0,1274.0,57.3,-8.2,1274.0,57.3,4.0,21.2,1.03,322,121.0,0.198,16,1,45,6,Layer 1 Down
157.12490163586966,-0.07180633282934035,-52.3,147,-1.76,7.76,-3.19,0.0803,326,13.4,0.00101,26.48500622085296,-10.334596194059591,10.25,76.5,5.67,17.2,4.7,0.0909,324,8.51,0.000335,49.01226931449025,17.490315128057752,4.0,33.5,4.0,4.0,0,0,0,0,1284.0,57.3,0.87,1284.0,57.3,3.999999046,25.8,1.03,316,116.0,0.198,16,1,47,6,Layer 1 Down
108.89134504671343,18.048164714456743,16.5,147,-1.23,10.67,-4.98,0.0929,326,12.4,0.00102,126.47709463610465,15.075524113578101,29.0,76.7,6.93,16.0,7.73,0.155,324,11.6,0.00101,23.366470779989577,-2.837547389145061,4.0,33.5,4.0,4.0,0,0,0,0,1284.0,57.5,54.3,1284.0,57.3,4.0,12.7,0.827,316,115.0,0.154,16,1,47,6,Layer 1 Down
151.06221785258876,-2.6597776994664315,16.5,146,-0.39,13.31,-4.44,0.0772,326,10.5,0.000677,93.1080411173322,-1.144060894501564,-27.3,77.1,8.09,14.1,1.97,0.0643,324,12.3,0.000514,25.864868524114936,2.1240635643106383,4.0,33.5,4.0,4.0,0,0,0,0,1294.0,57.3,16.8,1294.0,57.3,4.0,18.6,0.992,322,119.0,0.192,16,1,47,6,Layer 1 Down
147.19806012163525,5.711424949636336,-2.25,146,0.6,15.3,-5.46,0.0956,326,9.55,0.000752,72.62203926602501,13.062232024209079,-33.5,77.5,8.95,11.83,2.38,0.0472,324,10.1,0.000435,43.74798507369641,2.2027540889257664,4.0,33.5,4.0,4.0,0,0,0,0,1294.0,57.3,12.87,1304.0,57.3,4.0,23.7,0.971,316,116.0,0.186,16,1,2,6,Layer 1 Down
152.88381019273103,8.135019249519855,16.5,146,1.82,16.8,-5.5,0.105,326,9.41,0.000526,93.38353806548778,6.840045779808727,-21.0,78.0,9.59,9.06,5.86,0.0923,324,11.6,0.00108,17.82713431338787,4.552470857200946,4.0,33.5,4.0,4.0,0,0,0,0,1304.0,57.4,40.1,1304.0,57.3,4.000000954,17.8,0.809,316,118.0,0.155,16,1,47,6,Layer 1 Down
172.8807485300673,-9.182109642088294,-39.8,145,3.196,17.6,-1.18,0.044,326,7.66,7.97e-05,40.91753563984455,16.64576907514654,47.8,78.6,9.95,5.9,2.27,0.117,325,18.2,0.00153,25.725269963772185,12.270812117157034,4.0,33.5,4.0,4.0,0,0,0,0,1314.0,57.4,52.2,1314.0,57.3,4.000000954,22.6,0.919,323,118.0,0.177,16,1,47,6,Layer 1 Down
110.6842859524667,10.026700558051441,10.25,145,4.0,4.0,-4.23,0.0816,326,3.59,6.48e-05,110.70736163505678,10.815301006311614,-14.8,79.2,10.0,4.0,11.7,0.2,325,15.3,0.00248,35.19671598411643,48.35624854286873,4.0,33.5,4.0,4.0,0,0,0,0,1314.0,57.4,69.4,1314.0,57.3,4.0,18.1,0.924,314,116.0,0.175,16,1,47,6,Layer 1 Down
135.16878644632905,-12.329970632296888,22.8,145,4.0,4.0,-4.53,0.0729,326,2.78,3.44e-05,71.04034862536348,-29.10745505336188,-14.8,79.8,10.0,4.0,4.76,0.0872,324,14.0,0.00104,52.36117747416722,7.320281370635218,4.0,33.5,4.0,4.0,0,0,0,0,1324.0,57.4,33.4,1324.0,57.3,4.0,17.2,0.806,317,119.0,0.154,16,1,47,6,Layer 1 Down
154.8279353527984,-3.4271639017016833,-33.5,145,4.0,4.0,-3.73,0.0545,326,3.98,-1.56e-05,74.8455126593439,12.11493741330055,-8.5,80.4,10.0,4.0,4.44,0.0798,325,13.8,0.00091,22.050056369751953,15.593866802784971,4.0,33.5,4.0,4.0,0,0,0,0,1324.0,57.3,-3.87,1324.0,57.3,4.0,23.8,0.946,323,122.0,0.182,16,1,47,6,Layer 1 Down
118.69497175338711,16.616602983194387,-8.5,145,4.0,4.0,-3.04,0.0504,326,5.61,-2.33e-05,67.65874601527213,13.055260663618462,4.0,80.8,6.0,504.0,-1.84,0.0753,325,3.11,5.04e-05,-1.3912446554982907,-25.509267849629826,4.0,33.5,4.0,4.0,0,0,0,0,1334.0,57.3,-22.4,1334.0,57.3,4.0,24.5,0.947,322,118.0,0.183,16,1,47,6,Layer 1 Down
169.5479380889396,8.267502642516881,35.3,145,4.0,4.0,-3.34,0.074,326,3.8,7e-05,65.8800154258303,15.825872523527512,60.3,81.4,10.0,4.0,7.25,0.124,324,13.7,0.00166,-2.7966973090837115,-4.484578360717025,4.0,33.5,4.0,4.0,0,0,0,0,1334.0,57.3,-30.8,1334.0,57.3,3.999999046,20.4,0.974,317,117.0,0.188,16,1,48,6,Layer 1 Down
151.12649558272517,0.3718598291239288,-14.8,145,4.0,4.0,-2.84,0.0512,326,5.24,-2.29e-05,100.3675555516152,2.7261653841762588,35.3,81.8,4.0,4.0,1.53,0.028,325,0.293,1.27e-05,9.649120697456503,25.501293744355806,4.0,33.5,4.0,4.0,0,0,0,0,1344.0,57.2,-12.3,1344.0,57.3,3.999999046,25.4,1.07,322,120.0,0.207,16,1,48,6,Layer 1 Down
159.08035819324445,9.27168817957877,16.5,145,4.0,4.0,-5.21,0.0696,325,2.49,6.33e-05,88.64002543912238,24.791312349181343,16.5,81.8,4.0,4.0,0.308,0.0205,324,0.929,-5.51e-06,11.331110214142878,60.93954735929362,-109.0,36.7,54.0,4.0,0,0,0,0,1344.0,57.3,28.0,1344.0,57.3,4.0,24.5,0.946,314,118.0,0.182,16,1,51,50,Repositioning
135.5040830008372,3.293812290484327,-2.25,145,4.0,4.0,-3.09,0.0717,325,3.81,7.83e-05,99.22029908649156,7.967276827259461,16.5,81.8,4.0,4.0,0.237,0.0279,323,1.72,2.71e-06,38.371967378929384,-22.79890118380949,-46.0,41.7,54.0,4.0,0,0,0,0,1354.0,57.4,7.69,1354.0,57.3,4.0,19.3,0.837,316,117.0,0.161,16,1,2,50,Repositioning
158.53449206574058,4.172819129701637,10.25,145,4.0,4.0,-2.79,0.0536,325,6.06,-3.3e-05,81.56493048237672,9.591355845729671,16.5,81.8,4.0,4.0,-0.465,0.0215,324,1.92,1.64e-06,23.88487942656681,65.69377760808004,-8.5,46.9,54.0,4.0,0,0,0,0,1354.0,57.3,-9.3,1354.0,57.3,4.0,21.7,1.03,321,119.0,0.198,16,1,52,50,Repositioning
162.7707852725692,11.718752223115906,4.0,145,4.0,4.0,-2.88,0.0715,325,3.88,3.41e-05,95.51709964657486,17.19925028065612,-2.25,81.8,4.0,4.0,1.84,0.026,323,0.247,1.27e-05,37.991162598624705,87.5632426424641,-21.0,51.7,54.0,4.0,0,0,0,0,1364.0,57.3,-2.06,1364.0,57.3,3.999999046,26.6,1.03,314,116.0,0.199,16,1,52,50,Repositioning
148.87321989748983,-4.572827347792952,-8.5,145,4.0,4.0,-3.09,0.0702,325,3.51,3.23e-05,70.6047699292734,8.590768588357797,4.0,81.8,4.0,4.0,2.0,0.0263,323,1.17,-2.3e-06,41.54029104462401,19.07643933311663,-39.8,56.7,54.0,4.0,0,0,0,0,1364.0,57.5,58.4,1364.0,57.3,4.0,13.0,0.831,315,115.0,0.154,16,1,52,50,Repositioning
149.89854826597724,24.37402243904797,941.0,146,30.8,898.0,17.5,0.269,325,37.3,0.0118,141.19755477999547,-17.469749823110647,-483.0,81.5,-9.4,-443.0,-10.1,0.172,324,21.4,0.00387,50.157622031518386,30.460613500311723,-2.25,58.5,4.0,4.0,0,0,0,0,1374.0,57.4,21.2,1374.0,57.3,4.0,19.2,0.981,322,117.0,0.189,16,1,52,50,Repositioning
154.49634024250585,44.93030932704567,-27.3,150,48.7,4.0000954,10.5,0.187,324,64.8,0.0175,37.59145425067543,-49.071646215904806,4.0,79.4,-18.4,4.0,-8.35,0.177,323,35.2,0.00841,83.54570741889012,-44.52752652241949,-2.25,58.5,4.0,4.0,0,0,0,0,1384.0,57.3,1.31,1384.0,57.3,4.0,23.5,0.871,322,119.0,0.167,16,1,52,50,Repositioning
139.6408687439777,25.8664215079447,-758.0,154,37.1,-890.0,-8.17,0.108,324,36.7,-0.00481,111.10305783841692,-22.04079960635294,504.0,77.3,-12.5,451.0,-0.0482,0.0512,323,25.3,0.00157,71.03602370619265,20.41271534356468,4.0,58.5,4.0,4.0,0,0,0,0,1384.0,57.4,42.0,1384.0,57.3,4.000000954,19.0,0.8,315,117.0,0.153,16,1,52,50,Repositioning
152.54630763598564,-6.791945055291309,29.0,155,4.0,4.0,0.0391,0.0168,326,1.33,2.14e-06,113.56221690621362,13.659286432968889,16.5,77.0,4.0,4.0,1.18,0.0198,325,0.673,-8.82e-07,57.80546033476905,-38.25133006023132,-1006.0,57.2,-45.5,-871.0,0,0,0,0,1394.0,57.4,50.1,1394.0,57.3,4.000000954,22.0,0.915,322,118.0,0.176,16,1,52,50,Repositioning
152.46325004325416,22.40413454348445,-8.5,155,4.0,4.0,1.06,0.0215,326,0.749,-1.81e-06,54.223009432522275,-0.47053183126426035,4.0,77.0,4.0,4.0,-0.0996,0.0226,325,1.23,1.41e-06,44.0690423308115,-87.11881876283385,16.5,52.4,-46.0,4.0,0,0,0,0,1394.0,57.4,61.8,1394.0,57.3,4.0,18.4,0.93,315,116.0,0.176,16,1,54,50,Repositioning
161.37659467868548,8.49616348570143,-8.5,155,4.0,4.0,0.748,0.0204,326,1.27,-1.7e-06,136.58530692225284,14.14367212886127,4.0,77.0,4.0,4.0,0.22,0.0173,325,0.876,-5.55e-07,39.59540051139789,-38.29366588726164,-39.8,47.4,-46.0,4.0,0,0,0,0,1404.0,57.4,34.1,1404.0,57.3,4.0,19.0,0.809,316,118.0,0.155,16,1,54,50,Repositioning
171.6290453897056,-11.529448798739935,16.5,155,4.0,4.0,0.238,0.0187,327,0.792,-2.25e-06,103.60803670152617,5.883038665362701,4.0,77.0,4.0,4.0,0.379,0.0155,325,0.859,4.84e-07,49.706892482943125,16.116915194309247,991.0,43.5,3.5,879.0,0,0,0,0,1404.0,57.3,-8.3,1404.0,57.3,4.0,25.1,0.966,323,121.0,0.184,16,1,2,50,Repositioning
137.3944612183031,-14.126824597332428,-8.5,155,4.0,4.0,0.747,0.0227,326,0.58,-7.02e-06,102.95716179104794,20.30812856298111,4.0,77.0,4.0,4.0,0.0599,0.0164,325,0.758,0.0,54.06304708846983,4.617143419981163,142.0,43.0,-2.0,4.0,0,0,0,0,1414.0,57.4,65.4,1414.0,57.3,4.000000954,23.4,0.919,315,114.0,0.176,16,1,54,6,Layer 2 Up
152.9208537443143,2.6568804310299057,-8.5,155,4.0,4.0,0.664,0.0207,326,1.4,6.06e-06,77.7489931279244,0.2622786790092926,4.0,77.0,4.0,4.0,0.54,0.0161,325,0.41,1.45e-06,25.21145704840293,8.083070711569304,22.8,42.4,-2.0,4.0,0,0,0,0,1414.0,57.3,-25.1,1414.0,57.3,3.999999046,21.7,0.979,317,115.0,0.189,16,1,54,6,Layer 2 Up
179.63952201697558,22.371638429687778,16.5,155,4.0,4.0,0.223,0.0176,327,1.97,1.02e-06,71.19385433546059,9.92044374561448,4.0,77.0,4.0,4.0,1.18,0.0193,325,0.401,0.0,42.49087587069131,-9.553337361090124,-14.8,41.8,-2.0,4.0,0,0,0,0,1424.0,57.2,-15.7,1424.0,57.3,3.999999046,25.6,1.09,322,119.0,0.21,16,1,54,6,Layer 2 Up
142.63266399431066,1.780269325449007,-8.5,155,4.0,4.0,-0.159,0.0211,327,2.26,1.99e-06,71.40280045827478,10.429980971865323,16.5,77.0,4.0,4.0,-0.0999,0.0176,325,0.907,3.22e-07,2.725003668892491,-34.369823619716875,-8.5,41.2,-2.0,4.0,0,0,0,0,1424.0,57.3,20.9,1424.0,57.3,4.0,25.8,0.959,316,117.0,0.185,16,1,54,6,Layer 2 Up
141.32436360544304,19.33450235573561,-2.25,155,4.0,4.0,0.435,0.029,326,0.813,-3.84e-06,87.43832633824854,23.011692765339365,4.0,77.0,4.0,4.0,-0.899,0.0198,325,2.58,-5.92e-07,44.60945491707837,10.385948855225305,142.0,40.6,-2.0,4.0,0,0,0,0,1434.0,57.4,7.69,1434.0,57.3,4.0,19.3,0.837,317,118.0,0.161,16,1,54,6,Layer 2 Up
158.36475021182522,8.160794453308501,16.5,155,4.0,4.0,-0.303,0.0289,327,2.77,1.64e-06,114.45171245817633,-17.60763430125443,4.0,77.0,4.0,4.0,0.0598,0.0181,325,1.4,1.6e-06,54.433651723198466,28.86646620457908,123.0,40.0,-2.0,4.0,0,0,0,0,1434.0,57.3,-10.1,1434.0,57.3,4.0,25.1,1.04,322,117.0,0.2,16,1,54,6,Layer 2 Up
169.04378789808985,9.513006878865431,-8.5,155,4.0,4.0,1.19,0.0237,326,1.12,0.0,81.84627067287022,-1.7788801334356608,16.5,77.0,4.0,4.0,0.38,0.0178,325,0.406,0.0,34.09603484928467,17.56493589437908,-102.0,39.4,-2.0,4.0,0,0,0,0,1444.0,57.3,-3.5,1444.0,57.3,3.999999046,27.9,1.05,316,114.0,0.202,16,1,54,6,Layer 2 Up
155.19003779627334,-11.722023197777675,-8.5,155,4.0,4.0,0.154,0.0247,326,2.1,4.4e-06,52.63841074966962,14.74301237639083,4.0,77.0,4.0,4.0,-0.1,0.0169,325,1.45,-1.24e-07,73.20155361263932,-36.583024332443685,-39.8,38.8,-2.0,4.0,0,0,0,0,1444.0,57.5,64.2,1444.0,57.3,4.0,14.9,0.84,316,112.0,0.156,16,1,54,6,Layer 2 Up
177.10323069059297,15.042513730335822,16.5,155,4.0,4.0,1.06,0.0223,327,0.921,-8.51e-07,99.0357605789668,23.54750417454014,-8.5,77.0,4.0,4.0,0.0608,0.0215,325,2.22,-1.47e-07,21.511026062696562,-28.20699215839245,-2.25,38.2,-2.0,4.0,0,0,0,0,1454.0,57.3,18.4,1454.0,57.3,4.0,21.8,0.987,322,116.0,0.191,16,1,54,6,Layer 2 Up
169.25017053722615,0.038970028056255046,-2.25,155,4.0,4.0,0.748,0.022,326,1.11,0.0,101.62104682247028,7.039531265410533,4.0,77.0,4.0,4.0,-0.1,0.0131,325,1.82,-3.52e-07,41.71790637876805,-17.052391632932306,72.7,37.6,-2.0,4.0,0,0,0,0,1454.0,57.3,12.94,1464.0,57.3,4.0,21.0,0.968,316,118.0,0.187,16,1,2,6,Layer 2 Up
169.00112484323037,14.117827164652065,-8.5,155,4.0,4.0,0.55,0.0236,326,0.615,-2.1e-06,94.49811631350633,0.2940898339679596,4.0,77.0,4.0,4.0,0.539,0.0194,325,1.13,8.72e-07,36.321547686488096,-30.343221786681944,-152.0,37.0,-2.0,4.0,0,0,0,0,1464.0,57.4,40.5,1464.0,57.3,4.000000954,20.9,0.803,316,114.0,0.154,16,1,54,6,Layer 2 Up
164.21604820064934,-5.542903618417943,16.5,155,4.0,4.0,-0.189,0.019,326,1.5,-2.95e-06,96.92612344449572,13.560831021248868,-2.25,77.0,4.0,4.0,0.38,0.0166,325,1.76,0.0,34.50055364378908,-1.7967831701164738,-171.0,36.4,-2.0,4.0,0,0,0,0,1474.0,57.4,41.4,1474.0,57.3,4.000000954,22.4,0.927,322,117.0,0.177,16,1,54,6,Layer 2 Up
193.71345306613352,6.055635653682847,-8.5,155,4.0,4.0,1.08,0.024,326,0.13,-4.35e-06,69.75847715018752,14.998593346846135,4.0,77.0,4.0,4.0,1.34,0.0232,325,1.33,1.94e-07,33.63495637549823,5.233826102511802,97.7,35.8,-2.0,4.0,0,0,0,0,1474.0,57.4,57.1,1474.0,57.3,4.0,15.7,0.948,315,119.0,0.182,16,1,54,6,Layer 2 Up
151.587757251412,8.111642729639613,-2.25,155,4.0,4.0,0.581,0.0231,326,2.18,2.17e-06,52.16944336091679,-0.5286553056553593,16.5,77.0,4.0,4.0,-0.579,0.0182,325,1.85,0.0,37.228364808166056,-27.125976980943246,97.7,35.2,-2.0,4.0,0,0,0,0,1484.0,57.4,33.8,1484.0,57.3,4.0,20.1,0.804,317,115.0,0.153,16,1,54,6,Layer 2 Up
121.67748033015022,2.214842465785864,16.5,155,4.0,4.0,0.123,0.0209,326,1.39,-2.12e-06,53.794426764100606,8.182001402449568,4.0,77.0,4.0,4.0,-0.26,0.0172,325,1.89,0.0,50.65871987400006,11.527870503730615,123.0,34.6,-2.0,4.0,0,0,0,0,1484.0,57.3,-4.87,1484.0,57.3,4.0,24.0,0.941,322,120.0,0.18,16,1,54,6,Layer 2 Up
181.68190802207582,8.729104796765455,-2.25,155,4.0,4.0,0.664,0.0266,326,0.728,2.24e-06,33.28639788405223,18.946586057965,4.0,77.0,4.0,4.0,-0.579,0.0164,325,1.74,-1.25e-07,60.09169425887571,8.63786676000231,-77.2,34.0,-2.0,4.0,0,0,0,0,1494.0,57.4,73.7,1494.0,57.3,4.000000954,18.9,0.934,315,119.0,0.18,16,1,54,6,Layer 2 Up
147.387557477483,0.8443742141504837,-8.5,155,4.0,4.0,0.993,0.0222,326,1.33,7.43e-06,83.33329873772018,27.93498984030238,4.0,77.0,4.0,4.0,0.0605,0.0279,325,0.534,9.29e-07,33.357384664738916,-11.161460338502751,47.8,33.4,-2.0,4.0,0,0,0,0,1494.0,57.3,-27.7,1494.0,57.3,3.999999046,23.6,0.977,317,114.0,0.189,16,1,54,6,Layer 2 Up
156.79426415311056,-3.6025732305235465,16.5,155,4.0,4.0,0.208,0.0203,326,2.87,-7.02e-07,74.76953293785905,13.37707760014314,-8.5,77.0,4.0,4.0,0.22,0.0198,325,1.47,-4.03e-09,48.24052999358543,-4.448717943547738,117.0,32.8,-2.0,4.0,0,0,0,0,1504.0,57.2,-26.1,1504.0,57.3,3.999999046,27.5,1.11,322,119.0,0.214,16,1,54,6,Layer 2 Up
176.78040575227175,16.487202927418004,22.8,155,-2.0,4.0,-3.15,0.0725,326,13.6,0.000941,65.23975563507352,4.558839967971606,-2.25,77.0,4.0,4.0,-0.739,0.0165,325,2.38,3.3e-07,19.20987368925792,-30.066809876282615,-2.25,32.5,4.0,4.0,0,0,0,0,1504.0,57.3,30.1,1504.0,57.3,4.0,22.3,0.958,315,120.0,0.185,16,1,54,6,Layer 2 Up
127.35126976896746,10.42700805441965,35.3,154,-2.0,4.0,-4.48,0.0869,326,13.7,0.00103,-1.9994794536985978,3.340357384802055,16.5,77.0,4.0,4.0,-1.38,0.0228,324,2.69,0.0,47.005734089196324,-1.7887849934023263,16.5,32.5,4.0,4.0,0,0,0,0,1514.0,57.4,10.63,1514.0,57.3,4.0,20.8,0.842,317,115.0,0.162,16,1,2,6,Layer 2 Up
133.1826429499094,-10.761475009327066,60.3,154,-2.0,4.0,-4.12,0.0887,326,16.6,0.00108,43.660981447369636,11.032164942964746,-2.25,77.0,4.0,4.0,0.0602,0.0142,325,1.98,5.04e-07,18.069335157136784,4.104219205266509,-14.8,32.5,4.0,4.0,0,0,0,0,1514.0,57.3,-23.4,1514.0,57.3,4.0,24.5,1.05,321,117.0,0.202,16,1,55,6,Layer 2 Up
126.36759577478759,4.630202474549768,-27.3,153,-2.0,4.0,-4.89,0.0916,326,12.9,0.00118,106.95847342764687,2.535472962177818,4.0,77.0,4.0,4.0,-0.739,0.0157,325,1.76,1.83e-07,53.15501715318288,6.952675224206821,10.25,32.5,4.0,4.0,0,0,0,0,1524.0,57.3,-0.13,1524.0,57.3,3.999999046,25.5,1.06,316,118.0,0.204,16,1,55,6,Layer 2 Up
138.79195023199912,-10.657759384942366,-2.25,152,-2.0,4.0,-6.2,0.103,326,12.7,0.00132,59.23549410231689,6.426027175706514,16.5,77.0,4.0,4.0,0.22,0.0153,325,0.438,0.0,74.3653181722767,10.629430598007566,4.0,32.5,4.0,4.0,0,0,0,0,1524.0,57.5,57.8,1524.0,57.3,4.0,15.3,0.848,317,113.0,0.159,16,1,55,6,Layer 2 Up
159.31202218692405,-15.822090889583128,4.0,152,-2.0,4.0,-5.51,0.102,326,14.7,0.00126,86.6381017049919,-9.393709006079241,4.0,77.0,4.0,4.0,-0.26,0.0182,325,2.37,6.38e-07,30.18796421621506,8.273640421238564,4.0,32.5,4.0,4.0,0,0,0,0,1534.0,57.3,15.4,1534.0,57.3,4.0,21.3,0.997,321,116.0,0.192,16,1,55,6,Layer 2 Up
159.71827569475568,10.299046653607295,72.7,151,-2.0,4.0,-5.13,0.0846,326,14.7,0.00101,39.82896016666402,20.421964681991884,-2.25,77.0,4.0,4.0,-0.579,0.0177,325,2.99,1.86e-06,-9.022588217696324,-0.6253760507585984,-2.25,32.5,4.0,4.0,0,0,0,0,1544.0,57.3,-5.87,1544.0,57.3,4.0,23.8,0.892,322,119.0,0.172,16,1,55,6,Layer 2 Up
155.59498345059677,-22.226114122510815,-64.7,151,-2.0,4.0,-4.35,0.0971,326,13.3,0.00117,115.4545474055663,-10.435811597850208,4.0,77.0,4.0,4.0,1.34,0.0242,325,1.43,3.86e-07,22.12054489874256,9.057720050947784,22.8,32.5,4.0,4.0,0,0,0,0,1544.0,57.4,44.2,1544.0,57.3,4.000000954,21.4,0.813,317,114.0,0.156,16,1,55,6,Layer 2 Up
126.50292230772284,9.242157958990333,66.5,150,-2.0,4.237,-7.88,0.171,326,16.7,0.00221,73.15034588441054,-1.420941519024276,-14.8,77.0,4.203,11.56,1.34,0.026,325,3.74,-2.47e-06,55.8293634316361,21.508138984937034,-14.8,32.5,4.0,4.0,0,0,0,0,1554.0,57.4,46.5,1554.0,57.3,4.000000954,21.9,0.919,322,118.0,0.176,16,1,55,6,Layer 2 Up
111.57843238810179,-4.899923704413804,16.5,149,-1.93,5.15,-5.86,0.0959,326,12.7,0.00117,84.85236649395102,6.085622520922369,22.8,77.1,4.925,11.47,5.5,0.0696,324,3.1,0.000122,42.974218539655425,2.3540144393490636,16.5,32.5,4.0,4.0,0,0,0,0,1554.0,57.4,58.6,1554.0,57.3,4.0,16.5,0.963,316,118.0,0.184,16,1,57,6,Layer 2 Up
149.90400712059446,-4.43603799435182,-46.0,149,-1.77,6.08,-4.18,0.0961,326,13.2,0.00118,139.364779628949,30.78776748495786,35.3,77.2,5.66,11.27,3.99,0.0703,325,5.92,0.000229,37.21394839048875,9.557143283880757,4.0,32.5,4.0,4.0,0,0,0,0,1564.0,57.4,38.9,1564.0,57.3,4.0,20.8,0.824,317,115.0,0.158,16,1,57,6,Layer 2 Up
140.15343586496255,3.43528460103766,29.0,148,-1.5,7.01,-6.26,0.112,326,14.4,0.00125,117.93228297996886,0.8684356528751245,4.0,77.4,6.4,10.94,8.54,0.109,325,6.32,0.000507,51.602253144867014,0.7174561905652013,-8.5,32.5,4.0,4.0,0,0,0,0,1564.0,57.3,-6.3,1564.0,57.3,4.0,25.1,0.959,321,120.0,0.184,16,1,57,6,Layer 2 Up
155.64048968893016,5.760089955828003,16.5,148,-1.17,7.82,-5.37,0.0958,326,12.2,0.000952,69.40593779529611,-1.2623869480032255,-2.25,77.7,7.05,10.52,3.68,0.0853,325,10.1,0.00057,41.674623332626034,-7.291718476146116,10.25,32.5,4.0,4.0,0,0,0,0,1574.0,57.4,69.9,1574.0,57.3,4.000000954,19.0,0.948,316,119.0,0.182,16,1,2,6,Layer 2 Up
158.67487060648293,-10.390959684793618,16.5,147,-0.74,8.61,-5.03,0.077,326,11.3,0.000749,62.144069789997445,0.7461394893229283,-21.0,78.0,7.67,9.99,7.21,0.0894,324,6.86,0.000646,55.56139045033521,13.149130899681202,4.0,32.5,4.0,4.0,0,0,0,0,1574.0,57.3,-29.8,1574.0,57.3,3.999999046,25.1,1.0,318,113.0,0.194,16,1,57,6,Layer 2 Up
149.29922714471635,8.084515642837939,4.0,147,-0.22,9.36,-4.47,0.0854,326,12.0,0.000739,69.69864573978342,29.473199219946686,10.25,78.4,8.26,9.34,3.15,0.0589,325,9.38,0.00052,49.91212928412857,-5.740112603360762,-8.5,32.5,4.0,4.0,0,0,0,0,1584.0,57.2,-25.4,1584.0,57.3,3.999999046,27.2,1.1,321,118.0,0.211,16,1,57,6,Layer 2 Up
158.64250953904514,1.6822996487139288,-14.8,146,0.32,9.96,-6.41,0.108,326,11.2,0.000832,92.42885358294635,-26.886959450825373,10.25,78.9,8.74,8.65,5.94,0.104,324,12.4,0.00104,61.31810169540164,10.80663784080651,22.8,32.5,4.0,4.0,0,0,0,0,1584.0,57.3,20.6,1584.0,57.3,4.0,22.2,0.983,317,120.0,0.19,16,1,57,6,Layer 2 Up
149.81223635631457,-14.060813421660006,-21.0,146,0.95,10.5,-3.85,0.078,326,8.72,0.000526,76.48750883459172,-3.495606843970883,66.5,79.3,9.16,7.86,6.08,0.119,324,12.9,0.00132,39.29491289847808,4.494400736766966,4.0,32.5,4.0,4.0,0,0,0,0,1594.0,57.4,5.94,1594.0,57.3,4.0,21.6,0.857,318,115.0,0.165,16,1,57,6,Layer 2 Up
154.81601949159227,-0.4463186092350786,-2.25,146,1.65,10.95,-5.99,0.099,326,9.69,0.00051,69.33568722217916,44.38068529242926,-8.5,79.9,9.52,6.98,3.63,0.0913,325,14.9,0.00109,49.64388495189648,-1.3181225363526021,4.0,32.5,4.0,4.0,0,0,0,0,1594.0,57.3,-19.1,1594.0,57.3,4.0,24.2,1.05,320,117.0,0.202,16,1,57,6,Layer 2 Up
134.2798964824199,18.46241434027279,-33.5,146,2.33,11.26,-5.26,0.103,326,7.24,0.000419,119.61566411593157,17.031123090293832,22.8,80.4,9.76,6.12,9.04,0.155,324,15.4,0.0018,26.68359953190658,-1.7417067731857463,4.0,32.5,4.0,4.0,0,0,0,0,1604.0,57.3,2.69,1604.0,57.3,3.999999046,25.2,1.06,317,117.0,0.204,16,1,57,6,Layer 2 Up
143.01270862119782,22.552884890970244,-52.3,146,3.067,11.46,-2.87,0.0664,326,4.1,0.000156,77.94733234049163,-4.30281022764215,16.5,81.0,9.93,5.19,6.35,0.107,324,14.3,0.00124,21.109480399292217,-4.865889752688757,16.5,32.5,4.0,4.0,0,0,0,0,1604.0,57.5,59.3,1604.0,57.3,4.0,15.4,0.854,318,112.0,0.16,16,1,57,6,Layer 2 Up
148.27277384303247,12.330083465466874,85.2,145,3.85,11.56,-3.01,0.0799,326,9.23,0.0,143.0647395702679,9.269278899437374,16.5,81.7,10.0,4.208,5.48,0.1,325,14.6,0.00121,64.8229209425207,-24.797544274491614,4.0,32.5,4.0,4.0,0,0,0,0,1614.0,57.3,19.4,1614.0,57.3,4.0,21.6,1.01,320,116.0,0.195,16,1,57,6,Layer 2 Up
159.647003764339,-3.168592087150474,516.0,146,10.0,4.0,1.95,0.0525,326,13.2,0.000406,84.32541942204074,4.679038283432833,-33.5,81.9,4.0,4.0,0.617,0.0178,325,1.32,-2.65e-06,36.59450384146376,10.72473909509899,16.5,32.5,4.0,4.0,0,0,0,0,1614.0,57.3,9.06,1624.0,57.3,4.0,20.7,0.989,318,119.0,0.191,16,1,57,6,Layer 2 Up
139.45130922264406,15.765478537758934,41.5,146,10.0,4.0,5.58,0.102,326,12.1,0.00128,129.6190166205276,14.662741845458214,-27.3,81.9,4.0,4.0,-0.555,0.024,325,0.763,3.58e-06,47.742901425149256,8.076510027852725,16.5,32.5,4.0,4.0,0,0,0,0,1624.0,57.4,40.3,1624.0,57.3,4.000000954,21.3,0.836,318,115.0,0.161,16,1,2,6,Layer 2 Up
155.66803738554978,20.02908532729912,22.8,147,10.0,4.0,5.76,0.0978,326,14.0,0.00128,91.45063899320327,27.31482638894088,16.5,81.9,4.0,4.0,-0.522,0.0195,325,1.16,-7.55e-07,34.84339965706399,18.86717662410352,-2.25,32.5,4.0,4.0,0,0,0,0,1634.0,57.4,48.2,1634.0,57.3,4.000000954,22.4,0.927,321,118.0,0.179,16,1,59,6,Layer 2 Up
142.57857758424421,18.55832233211519,4.0,147,10.0,4.0,-1.13,0.0925,326,21.5,0.00112,107.63856391579809,8.869429925185521,-21.0,81.9,4.0,4.0,-0.457,0.0192,325,1.24,-2.02e-06,21.39251321194294,-5.299211796488095,10.25,32.5,4.0,4.0,0,0,0,0,1634.0,57.4,61.5,1634.0,57.3,4.0,16.0,0.96,318,118.0,0.183,16,1,59,6,Layer 2 Up
146.04504237445323,19.47456875738501,66.5,148,10.0,4.0,3.67,0.0843,326,12.8,0.00106,62.53217915490778,-2.8842278750785955,-21.0,81.9,4.0,4.0,-0.457,0.016,325,1.41,1.35e-06,32.707995019506,37.18963422038361,16.5,32.5,4.0,4.0,0,0,0,0,1644.0,57.4,34.6,1644.0,57.3,4.0,21.0,0.837,319,115.0,0.161,16,1,59,6,Layer 2 Up
161.79653458502395,9.243968651842751,-33.5,148,5.09,12.92,3.35,0.0552,326,8.2,7.53e-05,58.88023257679539,7.245229709875865,-196.0,81.7,-1.9,5.62,-3.27,0.103,324,13.8,0.00142,59.69498542803666,-2.644461649602227,4.0,32.5,4.0,4.0,0,0,0,0,1644.0,57.3,-2.5,1644.0,57.3,4.0,24.8,0.959,321,121.0,0.185,16,1,59,6,Layer 2 Up
115.85148267097725,4.9790299396389655,47.8,149,5.93,12.6,5.82,0.115,326,8.31,0.000421,93.48728510212975,-10.520536221538668,-8.5,81.1,-1.68,6.9,-8.95,0.154,324,14.5,0.00182,43.01518707060063,-11.287304483383405,16.5,32.5,4.0,4.0,0,0,0,0,1654.0,57.4,65.4,1654.0,57.3,4.000000954,18.6,0.957,318,120.0,0.184,16,1,59,6,Layer 2 Up
127.4371130659459,-0.3493689207116999,47.8,149,6.77,12.06,5.55,0.106,325,10.1,0.000631,107.0226194946944,-14.303025104533575,-46.0,80.6,-1.32,8.16,-7.5,0.13,324,13.8,0.00142,0.08796550441163475,-13.362085365689664,16.5,32.5,4.0,4.0,0,0,0,0,1654.0,57.3,-36.8,1654.0,57.3,3.999999046,25.0,1.02,319,114.0,0.196,16,1,59,6,Layer 2 Up
124.34833914440277,-14.704020679681774,47.8,149,7.57,11.31,5.89,0.102,326,11.0,0.000754,81.17599893344435,-23.502102452364685,-71.0,80.1,-0.82,9.37,-1.64,0.0931,324,14.0,0.000973,28.423680887505572,-26.364452919552583,-2.25,32.5,4.0,4.0,0,0,0,0,1664.0,57.2,-15.8,1664.0,57.3,3.999999046,27.6,1.07,320,118.0,0.208,16,1,59,6,Layer 2 Up
110.18737018128367,12.061377428058949,-27.3,149,8.23,10.46,4.28,0.0748,326,11.2,0.000638,45.316539248142696,-20.115998312795636,10.25,79.6,-0.26,10.37,-7.41,0.137,324,13.7,0.00123,66.2532420897071,30.84228530518069,16.5,32.5,4.0,4.0,0,0,0,0,1664.0,57.3,30.5,1664.0,57.3,4.0,22.6,0.961,318,119.0,0.185,16,1,59,6,Layer 2 Up
138.71912719018542,10.906442285251295,41.5,150,8.82,9.42,6.75,0.111,325,12.7,0.00116,42.94223222079149,-11.09983926155321,54.0,79.2,0.43,11.27,-4.46,0.0741,324,9.62,0.000571,28.451095568205893,28.01536685510196,10.25,32.5,4.0,4.0,0,0,0,0,1674.0,57.4,5.56,1674.0,57.3,4.0,20.9,0.861,320,115.0,0.166,16,1,59,6,Layer 2 Up
162.4645610202678,15.772479263718406,10.25,150,9.32,8.22,7.49,0.11,326,12.1,0.00123,40.75467762165854,-13.561926798847969,22.8,78.9,1.23,12.03,-5.02,0.099,324,11.6,0.00052,-1.5976293629114124,14.486588956946505,-14.8,32.5,4.0,4.0,0,0,0,0,1674.0,57.3,-15.6,1674.0,57.3,4.0,24.8,1.05,320,117.0,0.203,16,1,2,6,Layer 2 Up
146.2618171790499,-6.168448758858151,29.0,151,9.67,7.01,5.08,0.0997,326,13.9,0.00116,31.45397976124314,5.815869202663535,-27.3,78.7,2.02,12.56,-6.99,0.129,324,10.0,0.000541,68.35073211771187,-11.654389195624987,10.25,32.5,4.0,4.0,0,0,0,0,1684.0,57.3,-0.5,1684.0,57.3,3.999999046,25.2,1.06,319,117.0,0.204,16,1,59,6,Layer 2 Up
155.28963841435998,17.51006024808563,-14.8,152,9.9,5.69,4.14,0.0719,326,13.2,0.000902,81.42638764270882,-12.385555792360268,-14.8,78.5,2.9,12.91,-1.8,0.041,324,3.69,0.000105,45.42321146950776,35.717808424998154,16.5,32.5,4.0,4.0,0,0,0,0,1684.0,57.5,52.1,1684.0,57.3,4.0,14.9,0.853,319,112.0,0.16,16,1,59,6,Layer 2 Up
170.11583110535463,34.07445371354929,-58.5,152,10.0,4.273,4.12,0.067,326,14.0,0.000769,108.57082085328642,-35.9767736792768,41.5,78.5,3.837,13.07,-5.46,0.0846,325,6.9,4.06e-05,31.1740901064831,-2.154235577102349,4.0,32.5,4.0,4.0,0,0,0,0,1694.0,57.3,21.6,1694.0,57.3,4.0,19.0,1.01,320,118.0,0.195,16,1,59,6,Layer 2 Up
175.08203394245447,11.07192454492647,54.0,153,10.0,4.0,3.57,0.0817,325,13.3,0.00101,78.14141513283383,-9.341905422366645,-58.5,78.5,4.0,4.0,-3.21,0.0671,324,3.33,2.08e-05,25.466057103658418,-0.707302083092948,4.0,32.5,4.0,4.0,0,0,0,0,1694.0,57.3,6.06,1704.0,57.3,4.0,20.5,0.993,320,119.0,0.191,16,1,59,6,Layer 2 Up
151.8501000468189,9.175325983736375,-8.5,153,10.0,4.0,5.3,0.0967,326,14.0,0.00121,18.08233460002471,-2.0741871759400845,-52.3,78.5,4.0,4.0,-2.6,0.0678,324,3.72,2e-05,52.99767937365803,29.173561505906157,10.25,32.5,4.0,4.0,0,0,0,0,1704.0,57.4,39.9,1704.0,57.3,4.000000954,19.6,0.828,320,116.0,0.159,16,1,61,6,Layer 2 Up
176.51279789030167,13.48131142919302,-2.25,154,10.0,4.0,5.49,0.106,326,15.6,0.0013,73.40124472660422,-3.5655602647753097,54.0,78.5,4.0,4.0,-4.66,0.0636,325,5.03,-2.84e-05,22.235869029383885,15.50434330787607,-2.25,32.5,4.0,4.0,0,0,0,0,1714.0,57.4,44.0,1714.0,57.3,4.000000954,22.6,0.932,320,118.0,0.179,16,1,61,6,Layer 2 Up
156.532247681967,34.0634705317132,66.5,155,10.0,4.0,4.64,0.0854,326,13.6,0.0011,74.14861480660983,23.13861236384617,-46.0,78.5,4.0,4.0,-2.88,0.0643,325,3.65,1.98e-05,54.24578469407872,42.538987087851936,16.5,32.5,4.0,4.0,0,0,0,0,1724.0,57.4,31.2,1724.0,57.3,4.0,19.6,0.842,320,116.0,0.16,16,1,61,6,Layer 2 Up
142.072419111341,-1.8996293646955777,35.3,156,10.0,4.0,4.33,0.0804,326,14.2,0.00102,134.52305982068026,-3.643026164769066,66.5,78.5,4.0,4.0,-4.02,0.0618,325,6.06,-1.91e-05,42.768143677466526,8.32703864540765,-14.8,32.5,4.0,4.0,0,0,0,0,1724.0,57.3,-5.94,1724.0,57.3,4.0,25.3,0.979,320,120.0,0.189,16,1,2,6,Layer 2 Up
146.11395206015985,12.488032470276359,-21.0,156,10.0,4.0,3.21,0.0693,326,14.8,0.000842,39.55277999154662,15.253320022687072,54.0,78.5,4.0,4.0,-4.33,0.0575,325,5.54,-3.51e-05,37.13380857844827,-2.9720797706946507,-2.25,32.5,4.0,4.0,0,0,0,0,1734.0,57.3,-35.5,1734.0,57.3,4.0,23.2,0.924,321,115.0,0.177,16,1,61,6,Layer 2 Up
132.3757633457663,0.652644025720301,10.25,157,10.0,4.0,5.3,0.0917,326,13.0,0.00115,68.05774439337782,3.634662424776018,-58.5,78.5,4.0,4.0,-2.89,0.0624,324,3.35,-1.88e-05,35.25577262976122,-6.705107346849518,4.0,32.5,4.0,4.0,0,0,0,0,1734.0,57.3,1.06,1734.0,57.3,4.000000954,17.5,0.791,322,121.0,0.151,16,1,61,6,Layer 2 Up
142.22858571242858,3.7517496792287863,47.8,157,10.0,4.0,4.52,0.0814,326,12.8,0.00104,124.09501133153682,3.3143823628162514,-71.0,78.5,4.0,4.0,-3.07,0.0593,325,2.93,0.0,29.186439393242686,-28.317970778907117,4.0,32.5,4.0,4.0,0,0,0,0,1744.0,57.2,-63.2,1744.0,57.3,3.999999046,24.1,1.1,322,119.0,0.211,16,1,61,6,Layer 2 Up
152.04547771804948,9.567228224179162,66.5,158,10.0,4.0,5.94,0.0916,326,10.2,0.00117,90.52727985050407,-6.7267005777436815,-64.7,78.5,4.0,4.0,-3.05,0.0586,325,3.37,-8.98e-06,52.30242778188321,-0.8747529398642078,4.0,32.5,4.0,4.0,0,0,0,0,1744.0,57.5,64.0,1744.0,57.3,4.0,18.0,0.838,322,118.0,0.158,16,1,61,6,Layer 2 Up
172.36520073705827,25.783375344011198,16.5,159,10.0,4.0,6.83,0.115,326,14.1,0.00153,93.55655574078352,3.4057563145367644,79.0,78.5,4.0,4.0,-4.51,0.069,325,5.32,0.0,16.11205867288506,24.02761810488426,4.0,32.5,4.0,4.0,0,0,0,0,1754.0,57.3,-5.06,1754.0,57.3,4.0,18.4,0.902,320,119.0,0.174,16,1,61,6,Layer 2 Up
187.61978964415184,31.294750440726006,72.7,159,10.0,4.0,5.06,0.0973,326,12.6,0.00127,81.56267872021262,-5.836836947690303,-71.0,78.5,4.0,4.0,-3.2,0.0598,325,3.34,2.79e-05,1.7838343030973718,14.503151244875287,16.5,32.5,4.0,4.0,0,0,0,0,1754.0,57.5,57.8,1754.0,57.3,4.0,13.1,0.849,322,119.0,0.161,16,1,61,6,Layer 2 Up
137.0116005617545,15.396444283145502,97.7,160,9.96,2.94,4.4,0.0965,326,13.9,0.00126,87.31892062276026,6.902667817056807,41.5,78.5,4.716,13.01,4.05,0.0761,325,5.51,0.000122,44.13632298025691,4.380341050892339,16.5,32.5,4.0,4.0,0,0,0,0,1764.0,57.4,0.5,1764.0,57.3,4.0,19.1,0.774,322,118.0,0.148,16,1,61,6,Layer 2 Up
166.53349408178877,5.104361505807804,-109.0,160,9.79,1.65,5.51,0.0843,326,13.6,0.000957,99.38439466017806,2.488857332139856,-2.25,78.6,5.57,12.76,5.37,0.0851,325,7.94,0.000284,44.454448919007376,-13.408949016392967,4.0,32.5,4.0,4.0,0,0,0,0,1764.0,57.3,-4.87,1764.0,57.3,4.000000954,22.9,0.85,321,123.0,0.162,16,1,61,6,Layer 2 Up
143.69370597111939,38.67398743454107,-14.8,161,9.5,0.41,6.9,0.0965,326,11.8,0.00109,57.16358420420145,-5.559878560838149,29.0,78.8,6.39,12.33,4.65,0.0863,325,9.07,0.00044,41.594850662959814,7.969729692570649,4.0,32.5,4.0,4.0,0,0,0,0,1774.0,57.3,5.94,1774.0,57.3,4.0,18.2,1.04,323,120.0,0.198,16,1,61,6,Layer 2 Up
168.89514702689934,4.075496322028121,41.5,161,9.08,-0.8,5.75,0.101,326,11.9,0.00105,102.46925459137067,19.508315746519095,29.0,79.1,7.19,11.69,3.5,0.062,325,8.38,0.000347,40.22159697962845,21.721792894432433,4.0,32.5,4.0,4.0,0,0,0,0,1774.0,57.3,-19.9,1774.0,57.3,4.0,28.9,0.964,322,118.0,0.185,16,1,61,6,Layer 2 Up
159.81977095373816,1.938166473197021,4.0,162,8.54,-1.91,3.6,0.0858,326,13.7,0.000811,42.701585871327566,13.284202148308335,72.7,79.4,7.92,10.88,5.31,0.0997,324,11.0,0.000817,26.429577136026033,11.536546375359872,4.0,32.5,4.0,4.0,0,0,0,0,1784.0,57.4,18.3,1784.0,57.3,4.0,16.4,0.814,323,120.0,0.157,16,1,61,6,Layer 2 Up
131.5484319605357,-13.008646664033146,-2.25,162,7.9,-2.88,5.34,0.0864,326,10.5,0.000637,88.57680799340082,3.177104143667674,72.7,79.9,8.56,9.91,5.41,0.134,324,14.4,0.00139,47.41341914076096,6.917462638294825,4.0,32.5,4.0,4.0,0,0,0,0,1784.0,57.3,23.0,1794.0,57.3,4.000000954,21.1,0.94,323,120.0,0.181,16,1,61,6,Layer 2 Up
178.43940633128543,23.606487432064775,-2.25,163,7.11,-3.75,3.29,0.0603,326,7.91,0.000332,85.0774912449346,10.742078889314062,29.0,80.4,9.13,8.72,6.06,0.0988,324,12.6,0.00103,31.637216048333986,-9.919833491720945,16.5,32.5,4.0,4.0,0,0,0,0,1794.0,57.4,11.0,1794.0,57.3,4.0,18.1,0.77,322,118.0,0.148,16,1,61,6,Layer 2 Up
152.93764719630443,17.878558177946363,66.5,163,6.36,-4.33,4.37,0.0963,326,9.81,0.000495,64.32736396281501,8.318727997975273,-39.8,80.9,9.51,7.6,6.12,0.0881,325,12.4,0.000982,23.27499904298999,19.173586645479666,4.0,32.5,4.0,4.0,0,0,0,0,1804.0,57.5,65.3,1804.0,57.3,4.0,12.7,0.763,323,118.0,0.144,16,1,61,6,Layer 2 Up
154.120188048125,34.14339136725143,72.7,163,5.51,-4.77,4.57,0.0878,326,7.26,0.000295,80.79365491678819,-0.9345176979832832,54.0,81.4,9.81,6.3,4.63,0.102,324,14.4,0.00129,26.593373936820356,-50.80076768131087,4.0,32.5,4.0,4.0,0,0,0,0,1804.0,57.2,-20.4,1804.0,57.3,4.0,24.0,1.05,322,120.0,0.201,16,1,2,6,Layer 2 Up
145.20791158240505,-11.504299536605615,54.0,163,4.615,-5.02,5.76,0.0913,326,5.27,0.000101,65.36038883143108,10.822548598728703,22.8,82.0,9.97,4.957,8.25,0.136,325,15.2,0.00177,70.76705855567849,10.698874954226152,4.0,32.5,4.0,4.0,0,0,0,0,1814.0,57.3,-9.6,1814.0,57.3,4.0,23.3,0.952,322,118.0,0.184,16,1,61,6,Layer 2 Up
152.11798114580148,21.286025711874935,79.0,163,4.0,4.0,2.22,0.054,326,3.26,-2.48e-05,53.75495069440276,-2.362593208793796,410.0,82.5,10.0,129.0,12.1,0.203,325,14.1,0.00161,-0.35713497787698856,48.974424797619314,4.0,32.5,4.0,4.0,0,0,0,0,1814.0,57.4,3.375,1814.0,57.3,4.000000954,17.4,0.779,323,121.0,0.149,16,1,61,6,Layer 2 Up
170.1166603351792,5.024213487112245,97.7,163,4.0,4.0,1.15,0.0395,326,3.51,5.7e-06,73.54838185339337,-2.1637515734474118,-58.5,83.1,10.0,4.0,6.52,0.116,324,14.7,0.00143,41.96503261521867,-22.392890065218896,4.0,32.5,4.0,4.0,0,0,0,0,1824.0,57.2,-61.9,1824.0,57.3,3.999999046,24.8,1.09,322,118.0,0.208,16,1,63,6,Layer 2 Up
159.85249408093344,13.64806993843586,97.7,163,4.0,4.0,2.28,0.043,326,1.86,5.97e-06,54.09195694695643,-10.495761479770469,-46.0,83.7,10.0,4.0,7.92,0.1,324,11.7,0.00126,0.7008538710515175,-0.22338231139414066,4.0,32.5,4.0,4.0,0,0,0,0,1824.0,57.4,56.7,1824.0,57.3,4.0,18.3,0.853,323,119.0,0.16,16,1,63,6,Layer 2 Up
168.46629607225083,-15.214227642316532,85.2,163,4.0,4.0,0.946,0.0476,326,4.1,0.0,92.82791623273386,5.889693442629064,29.0,84.3,10.0,4.0,5.57,0.0992,325,11.2,0.00127,30.450267186282147,3.8615767856801884,4.0,32.5,4.0,4.0,0,0,0,0,1834.0,57.4,13.19,1834.0,57.3,4.0,17.9,0.804,323,122.0,0.154,16,1,63,6,Layer 2 Up
169.01947287746574,21.4274972597829,91.5,163,4.0,4.0,1.44,0.0425,326,3.22,-1.72e-05,54.059853599213994,17.498382088775536,72.7,84.9,10.0,4.0,5.62,0.131,324,14.7,0.00172,24.287923212733144,-4.094081651129553,4.0,32.5,4.0,4.0,0,0,0,0,1834.0,57.3,-0.38,1834.0,57.3,4.0,21.5,1.01,323,119.0,0.194,16,1,63,6,Layer 2 Up
184.96520306652656,13.467930392320092,110.0,163,4.0,4.0,0.656,0.0427,326,3.85,-4.4e-06,104.43013126591197,1.254958888425774,66.5,85.5,10.0,4.0,8.34,0.157,325,16.5,0.00204,-6.986455684124941,22.13404537630305,4.0,32.5,4.0,4.0,0,0,0,0,1844.0,57.4,21.3,1844.0,57.3,4.000000954,22.5,0.875,323,119.0,0.168,16,1,63,6,Layer 2 Up
157.2987915333107,3.6927398812768213,79.0,163,4.0,4.0,0.307,0.0387,326,4.7,-1.07e-05,54.42074810763191,41.814544114316,47.8,86.1,10.0,4.0,8.65,0.147,325,15.3,0.0019,39.86762930200178,12.26675131489662,4.0,32.5,4.0,4.0,0,0,0,0,1844.0,57.3,-34.4,1844.0,57.3,3.999999046,22.7,0.963,323,113.0,0.186,16,1,63,6,Layer 2 Up
138.4369472971257,11.406188394471473,-77.2,163,4.0,4.0,3.38,0.057,326,4.92,1.7e-05,71.56374386991907,21.143613835210083,10.25,86.7,10.0,4.0,7.74,0.138,324,16.8,0.00179,25.30280458307044,6.664888563596055,4.0,32.5,4.0,4.0,0,0,0,0,1854.0,57.3,9.88,1854.0,57.3,3.999999046,17.4,1.02,318,121.0,0.197,16,1,63,6,Layer 2 Up
180.7500096251207,-4.845892040697951,72.7,163,4.0,4.0,-0.0124,0.0522,326,4.39,-1.66e-05,70.50524095070377,26.33404689797283,10.25,87.3,10.0,4.0,6.31,0.104,325,14.2,0.00129,-7.2549608076637995,17.950343618948338,4.0,32.5,4.0,4.0,0,0,0,0,1854.0,57.3,-23.4,1854.0,57.3,4.0,25.9,0.964,322,120.0,0.185,16,1,2,6,Layer 2 Up
157.4866991603872,-3.0094218826015453,-89.7,163,4.0,4.0,4.54,0.0571,326,3.28,0.0,123.31928374477752,19.918524883254925,10.25,87.9,10.0,4.0,5.78,0.0979,325,14.3,0.00122,48.399816929560245,4.293096939231329,4.0,32.5,4.0,4.0,0,0,0,0,1864.0,57.2,-37.6,1864.0,57.3,4.0,25.1,0.917,320,123.0,0.175,16,1,63,6,Layer 2 Up
181.53786643920336,-1.5962747261030397,-71.0,163,4.0,4.0,2.25,0.0573,326,5.65,1.67e-05,97.32817958715736,33.20901419093543,-58.5,88.5,10.0,4.0,5.89,0.0821,325,13.3,0.000981,59.67627762838238,59.639946037677305,4.0,32.5,4.0,4.0,0,0,0,0,1864.0,57.3,7.94,1874.0,57.3,4.0,18.4,0.99,318,121.0,0.192,16,1,63,6,Layer 2 Up
169.3763160737365,-17.622752624171923,72.7,163,4.0,4.0,0.831,0.0413,326,3.49,-1.81e-05,83.3406571760938,0.23581429392135433,4.0,89.1,10.0,4.0,3.12,0.053,325,11.6,0.000653,60.720110441485915,6.648205686508541,4.0,32.5,4.0,4.0,0,0,0,0,1874.0,57.3,-20.3,1874.0,57.3,3.999999046,21.0,0.981,322,116.0,0.189,16,1,63,6,Layer 2 Up
160.81892472723663,14.22715083744199,60.3,163,3.9017,-5.07,2.75,0.0414,326,1.73,-4.84e-06,102.93005999062748,-23.12134504238013,554.0,89.6,10.0,3.879,26.8,0.336,324,22.8,0.00411,39.297949749116384,7.416964924222776,4.0,32.5,4.0,4.0,0,0,0,0,1884.0,57.5,61.4,1884.0,57.3,4.0,12.2,0.759,323,119.0,0.143,16,1,63,6,Layer 2 Up
168.80082968667128,17.278283227181856,104.0,163,2.96,-4.94,-5.21,0.0795,326,6.18,0.000187,33.87775127946353,4.251629979061509,-58.5,90.2,9.91,2.46,4.21,0.0796,325,14.2,0.000969,33.37225322107836,-25.92905839601967,4.0,32.5,4.0,4.0,0,0,0,0,1884.0,57.4,58.5,1884.0,57.3,4.0,14.5,0.89,317,119.0,0.17,16,1,63,6,Layer 2 Up
195.44917946177475,-6.092005203768581,-39.8,163,2.12,-4.62,-4.05,0.0876,326,9.35,0.000297,89.64710061374161,16.997572468872203,47.8,90.8,9.7,1.18,6.93,0.128,324,13.9,0.00161,57.65275098956173,-5.509067757949602,4.0,32.5,4.0,4.0,0,0,0,0,1894.0,57.3,-2.31,1894.0,57.3,4.0,23.1,0.944,322,118.0,0.182,16,1,63,6,Layer 2 Up
197.54427475418927,5.311986894524561,10.25,163,1.25,-4.08,-4.69,0.087,326,9.05,0.000541,144.69070753919905,11.138347444892053,-14.8,91.4,9.33,-0.13,6.78,0.122,325,15.2,0.00137,64.36113348773917,24.076337379960556,4.0,32.5,4.0,4.0,0,0,0,0,1894.0,57.3,-17.1,1894.0,57.3,4.0,21.4,0.919,319,121.0,0.177,16,1,63,6,Layer 2 Up
164.15394485468585,-2.720559249609897,-39.8,162,0.48,-3.36,-5.56,0.0975,326,9.92,0.000748,95.33743352397394,12.557742483837234,-64.7,91.9,8.86,-1.3,1.56,0.0404,325,9.69,0.000363,53.96762728461983,-19.367268432612065,4.0,32.5,4.0,4.0,0,0,0,0,1904.0,57.4,60.4,1904.0,57.3,4.000000954,19.8,0.903,317,119.0,0.174,16,1,63,6,Layer 2 Up
164.66428490357717,3.757786087820982,-33.5,162,-0.24,-2.44,-6.72,0.116,326,11.8,0.000986,94.1152222364524,25.37396365450666,91.5,92.4,8.25,-2.39,7.0,0.14,324,12.4,0.00145,14.669075180137774,-33.752037916489655,4.0,32.5,4.0,4.0,0,0,0,0,1904.0,57.4,12.5,1904.0,57.3,4.000000954,19.2,0.73,323,118.0,0.14,16,1,63,6,Layer 2 Up
179.89999240770376,-8.075116609398865,-2.25,162,-0.81,-1.45,-6.28,0.11,326,10.7,0.00111,107.35069051153035,12.237208421713127,-8.5,92.7,7.59,-3.25,6.29,0.108,324,11.8,0.000814,36.31308715874867,4.565442671968708,4.0,32.5,4.0,4.0,0,0,0,0,1914.0,57.3,-3.31,1914.0,57.3,4.0,17.4,0.901,318,119.0,0.173,16,1,63,6,Layer 2 Up
146.93499233325232,-11.581771539787004,16.5,161,-1.28,-0.34,-4.01,0.0732,326,13.4,0.000759,116.93825192716258,16.864989467217313,-2.25,93.0,6.86,-3.97,8.06,0.121,324,9.66,0.000724,40.82359675005674,27.984717177544887,4.0,32.5,4.0,4.0,0,0,0,0,1914.0,57.3,-2.75,1914.0,57.3,4.0,21.6,1.01,322,120.0,0.195,16,1,2,6,Layer 2 Up
166.5396159488539,10.763697178170966,-14.8,161,-1.65,0.91,-6.03,0.106,326,14.3,0.00121,39.91056166491086,-5.675748471973136,-14.8,93.3,6.03,-4.53,3.9,0.0682,324,7.43,0.000289,-1.7706908880678256,4.716569109611755,-8.5,32.5,4.0,4.0,0,0,0,0,1924.0,57.3,15.9,1924.0,57.3,4.000000954,22.3,0.886,322,119.0,0.17,16,1,63,6,Layer 2 Up
159.56984992726396,-2.800589699994033,-8.5,160,-1.89,2.23,-4.99,0.0893,326,12.8,0.0011,48.43381043659682,-8.468714907750918,91.5,93.4,5.15,-4.9,1.81,0.0613,325,7.69,0.000158,41.38879489813123,-1.881368472712757,4.0,32.5,4.0,4.0,0,0,0,0,1924.0,57.3,-39.3,1924.0,57.3,3.999999046,18.0,0.95,322,118.0,0.183,16,1,63,6,Layer 2 Up
164.22091148785404,21.693272996763817,-2.25,159,-2.0,3.644,-5.41,0.0932,326,13.1,0.00117,99.1207865481886,24.711201200939236,-33.5,93.5,4.218,-5.07,7.06,0.112,325,6.4,5.39e-05,75.54612611245219,-28.51904882457444,4.0,32.5,4.0,4.0,0,0,0,0,1934.0,57.3,13.44,1934.0,57.3,3.999999046,18.5,1.02,316,120.0,0.197,16,1,63,6,Layer 2 Up
145.13943626260067,-1.5057779216549192,-14.8,159,-2.0,4.0,-4.51,0.0836,326,14.3,0.00103,74.39236819092625,5.3525083866975836,41.5,93.5,4.0,4.0,4.58,0.0815,325,5.61,-1.3e-05,44.61916936177744,11.888354506429637,-8.5,32.5,4.0,4.0,0,0,0,0,1934.0,57.3,-21.6,1934.0,57.3,4.0,26.3,0.972,322,120.0,0.185,16,1,63,6,Layer 2 Up
131.56236350746656,-13.0630166049502,-71.0,158,-2.0,4.0,-4.51,0.0913,326,13.5,0.00118,128.5685656390225,-3.790667942035376,54.0,93.5,4.0,4.0,4.0,0.0795,325,6.1,-1.23e-05,60.403631062179514,15.57071677224981,4.0,32.5,4.0,4.0,0,0,0,0,1944.0,57.4,15.3,1944.0,57.3,4.0,16.6,0.808,323,120.0,0.156,16,1,65,6,Layer 2 Up
123.52220477175536,12.488674614604662,-27.3,158,-2.0,4.0,-5.26,0.1,326,14.8,0.00125,85.07583767805818,-3.7674390414089682,54.0,93.5,4.0,4.0,3.73,0.0799,325,6.04,-2.52e-05,35.96405581003475,-27.176014088650454,4.0,32.5,4.0,4.0,0,0,0,0,1944.0,57.3,14.9,1954.0,57.3,4.000000954,21.9,0.934,323,120.0,0.18,16,1,65,6,Layer 2 Up
138.4157026196753,5.6129915208962835,47.8,157,-2.0,4.0,-6.01,0.116,325,14.4,0.0014,41.79275011726807,-4.31850956661374,-39.8,93.5,4.0,4.0,5.38,0.0949,324,6.11,7.57e-05,31.11338471527854,23.85157683460349,4.0,32.5,4.0,4.0,0,0,0,0,1954.0,57.3,-27.1,1954.0,57.3,3.999999046,21.2,1.01,322,117.0,0.194,16,1,65,6,Layer 2 Up
149.371327104776,6.442011688671478,4.0,157,-2.0,4.0,-1.86,0.0818,326,16.0,0.001,59.60779490724138,-4.901088360706081,41.5,93.5,4.0,4.0,1.76,0.0766,324,9.12,-2.41e-05,39.72055229275798,17.372821791358867,-8.5,32.5,4.0,4.0,0,0,0,0,1964.0,57.5,66.0,1964.0,57.3,4.0,12.8,0.766,323,117.0,0.143,16,1,65,6,Layer 2 Up
151.12364676359016,11.791614522120174,-77.2,156,-2.0,4.0,-4.0,0.0839,326,13.4,0.0011,20.00507825031619,-12.145858666169024,47.8,93.5,4.0,4.0,1.76,0.0767,324,8.73,-3.61e-05,17.049800675193694,23.787793332034564,-8.5,32.5,4.0,4.0,0,0,0,0,1964.0,57.2,-27.2,1964.0,57.3,4.0,23.8,1.06,322,121.0,0.203,16,1,65,6,Layer 2 Up
187.21996768926414,-9.801484039169027,4.0,155,-2.0,4.0,-3.37,0.0766,326,14.4,0.000968,87.24215801448415,-14.921734238136736,41.5,93.5,4.0,4.0,4.02,0.0795,324,5.61,-1.26e-05,14.247937771017796,14.210279317044131,4.0,32.5,4.0,4.0,0,0,0,0,1974.0,57.4,19.4,1974.0,57.3,4.0,20.9,0.811,323,117.0,0.154,16,1,2,6,Layer 2 Up
173.39484690007924,-3.315446187448307,47.8,155,-2.0,4.0,-5.45,0.094,326,14.1,0.00107,88.46476072332388,1.631061073221911,47.8,93.5,4.0,4.0,3.17,0.0755,325,6.84,-3.59e-05,56.481390976273445,15.437868114147525,4.0,32.5,4.0,4.0,0,0,0,0,1974.0,57.4,6.19,1974.0,57.3,4.000000954,18.0,0.791,323,120.0,0.151,16,1,65,6,Layer 2 Up
137.99853084967955,-4.044831668280768,41.5,154,-2.0,4.0,-3.32,0.0637,326,13.2,0.000769,82.15471662175293,-3.406999481427471,47.8,93.5,4.0,4.0,3.73,0.0751,325,6.24,-3.58e-05,58.489544214500796,13.086357671463215,-8.5,32.5,4.0,4.0,0,0,0,0,1984.0,57.2,-71.3,1984.0,57.3,3.999999046,24.8,1.09,322,119.0,0.208,16,1,65,6,Layer 2 Up
159.7830760316718,-17.348501337876662,-46.0,154,-2.0,4.0,-2.29,0.0789,326,15.5,0.001,122.33689932369478,18.09267842780948,35.3,93.5,4.0,4.0,4.02,0.0739,325,6.11,-3.51e-05,13.73033837429745,19.171167406939073,-8.5,32.5,4.0,4.0,0,0,0,0,1984.0,57.4,57.6,1984.0,57.3,4.0,17.0,0.843,322,120.0,0.158,16,1,65,6,Layer 2 Up
146.22948759209456,-5.097639568246086,-27.3,153,-2.0,4.0,-4.49,0.0969,326,15.7,0.0012,125.534727353833,7.760626225339701,29.0,93.5,4.0,4.0,4.29,0.0755,325,6.04,-1.2e-05,50.83204947825731,-27.848866861415065,-8.5,32.5,4.0,4.0,0,0,0,0,1994.0,57.4,13.56,1994.0,57.3,4.0,18.5,0.805,323,121.0,0.154,16,1,65,6,Layer 2 Up
147.2704696004598,13.804766981715089,29.0,152,-2.0,4.0,-5.18,0.0938,326,14.2,0.00113,88.94576024513178,7.409171502641101,22.8,93.5,4.0,4.0,3.72,0.0762,325,6.47,-6e-05,30.853144065945056,-22.26491354571774,4.0,32.5,4.0,4.0,0,0,0,0,1994.0,57.3,-5.19,1994.0,57.3,4.0,21.9,1.01,322,120.0,0.195,16,1,65,6,Layer 2 Up
155.0823303650902,0.7591326778445819,-52.3,152,-2.0,4.0,-4.79,0.0959,326,14.3,0.00122,36.44268018097802,-5.333603660917881,41.5,93.5,4.0,4.0,3.46,0.0767,324,6.5,-3.63e-05,38.93532571671479,-8.878360066536763,4.0,32.5,4.0,4.0,0,0,0,0,2004.0,57.4,-5.19,2004.0,57.3,4.0,19.7,0.773,323,119.0,0.148,16,1,65,6,Layer 2 Up
161.29803451956323,-17.768545677504715,60.3,151,-2.0,4.0,-4.94,0.0866,326,13.4,0.00107,109.99905702777843,2.392666364418697,-33.5,93.5,4.0,4.0,5.97,0.0936,325,4.43,5.93e-05,41.21566248764967,1.7284606398006286,4.0,32.5,4.0,4.0,0,0,0,0,2004.0,57.3,2.62,2004.0,57.3,4.000000954,22.8,0.837,318,122.0,0.159,16,1,65,6,Layer 2 Up
145.35746357944032,-20.353800515750386,16.5,151,-2.0,4.0,-4.1,0.0907,326,13.9,0.00107,108.34398752643158,8.645613686145193,41.5,93.5,4.0,4.0,5.43,0.0765,324,4.72,-2.32e-05,51.33109968176515,10.791458423464848,4.0,32.5,4.0,4.0,0,0,0,0,2014.0,57.3,6.44,2014.0,57.3,4.000000954,19.4,0.912,322,120.0,0.176,16,1,65,6,Layer 2 Up
167.69394519128394,17.3139942871596,-58.5,150,-2.0,4.0,-5.24,0.0957,326,13.5,0.00125,101.76959579105304,13.142712029023674,41.5,93.5,4.0,4.0,3.16,0.0794,324,6.7,-3.69e-05,34.066524836781525,9.681144504293282,4.0,32.5,4.0,4.0,0,0,0,0,2014.0,57.2,-79.4,2014.0,57.3,3.999999046,22.9,0.919,322,117.0,0.176,16,1,65,6,Layer 2 Up
130.00731938293785,-3.0914043801073534,-58.5,149,-2.0,4.0,-5.23,0.107,325,14.7,0.00138,119.73355510224458,2.8862411209131924,41.5,93.5,4.0,4.0,4.02,0.076,324,5.58,-6.04e-05,59.20577623507246,23.5466527854417,4.0,32.5,4.0,4.0,0,0,0,0,2024.0,57.4,40.3,2024.0,57.3,4.0,23.1,0.995,322,115.0,0.19,16,1,2,6,Layer 2 Up
149.10543108558937,-9.538188199990483,47.8,149,-2.0,4.0,-5.52,0.101,326,14.3,0.0013,62.3658048475329,17.612722537988365,-21.0,93.5,4.0,4.0,4.86,0.0749,324,5.15,-3.55e-05,38.359688525443225,24.095892973470498,4.0,32.5,4.0,4.0,0,0,0,0,2024.0,57.3,15.3,2034.0,57.3,4.0,20.0,0.979,316,119.0,0.189,16,1,65,6,Layer 2 Up
191.20442761885073,-5.249876508317975,16.5,148,-2.0,4.0,-5.23,0.0962,326,13.4,0.00116,147.19116902062066,4.151152168982744,29.0,93.5,4.0,4.0,3.73,0.0776,325,6.51,-3.64e-05,44.32085857196407,-11.264631722560772,4.0,32.5,4.0,4.0,0,0,0,0,2034.0,57.4,5.19,2034.0,57.3,4.0,19.1,0.765,323,117.0,0.147,16,1,65,6,Layer 2 Up
151.7102552544641,-19.18091789280777,16.5,148,-1.9,6.41,-5.56,0.0918,326,13.6,0.00111,67.85586333145163,15.088190616218611,35.3,93.6,5.08,17.5,7.55,0.141,325,9.15,0.00032,16.719597188984224,8.174505528692649,4.0,32.5,4.0,4.0,0,0,0,0,2044.0,57.4,60.1,2044.0,57.3,4.000000954,21.4,0.92,323,119.0,0.177,16,1,65,6,Layer 2 Up
170.83717854131703,15.2938261439581,22.8,147,-1.52,9.31,-6.11,0.111,325,13.1,0.00128,113.72566121047738,-0.03198992813003443,-27.3,93.7,6.39,16.7,2.64,0.0511,325,7.2,0.000223,73.38088084898556,-10.835003733676928,4.0,32.5,4.0,4.0,0,0,0,0,2044.0,57.5,64.1,2044.0,57.3,4.0,14.8,0.866,315,118.0,0.165,16,1,65,6,Layer 2 Up
148.52216072136602,-5.689050943864594,-39.8,147,-0.82,12.15,-4.75,0.0924,326,12.0,0.000945,48.899600578369274,-15.199074427329993,54.0,94.0,7.58,15.1,2.15,0.0687,324,9.8,0.000491,41.397587164150906,0.7061316315337045,4.0,32.5,4.0,4.0,0,0,0,0,2054.0,57.4,9.63,2054.0,57.3,4.0,15.9,0.813,323,117.0,0.155,16,1,65,6,Layer 2 Up
155.65946636059834,16.099329887553907,60.3,146,0.12,14.5,-3.88,0.0637,326,10.5,0.000527,69.53535052518949,11.827677323141316,41.5,94.4,8.58,12.93,5.83,0.105,325,12.5,0.000984,46.0028101458457,9.63057151403104,4.0,32.5,4.0,4.0,0,0,0,0,2054.0,57.3,-8.9,2054.0,57.3,4.0,21.4,0.906,318,121.0,0.175,16,1,65,6,Layer 2 Up
145.05558369898858,1.806996863667698,-14.8,146,1.26,16.2,-5.61,0.0924,326,9.45,0.000547,135.43037312000322,18.283285193756623,-21.0,94.9,9.34,10.32,6.58,0.118,324,13.6,0.00128,2.044030712983325,-55.64422592833018,4.0,32.5,4.0,4.0,0,0,0,0,2064.0,57.3,-9.8,2064.0,57.3,4.0,21.3,0.936,322,118.0,0.181,16,1,65,6,Layer 2 Up
143.16578647628683,19.149469956816485,-8.5,146,2.55,17.3,-4.05,0.074,326,8.5,0.000233,88.5265195102767,17.43443864185952,60.3,95.5,9.82,7.39,5.59,0.117,324,14.2,0.00152,16.9195941957806,46.165945155295006,-8.5,32.5,4.0,4.0,0,0,0,0,2064.0,57.4,12.06,2064.0,57.3,4.000000954,18.9,0.724,323,119.0,0.138,16,1,65,6,Layer 2 Up
132.03567332390722,6.766603756663937,4.0,145,3.9086,17.7,-3.93,0.0655,326,6.47,0.0,118.54993435565515,15.295280425635386,22.8,96.1,10.0,4.272,8.3,0.159,324,16.3,0.00201,55.94315396723307,13.910783417480657,4.0,32.5,4.0,4.0,0,0,0,0,2074.0,57.4,2.87,2074.0,57.3,4.0,17.9,0.891,317,120.0,0.172,16,1,65,6,Layer 2 Up
152.15675865180248,14.001957592446159,-8.5,145,4.0,4.0,-3.34,0.0421,326,4.2,-6.29e-06,102.83347988190502,5.806560978959476,4.0,96.6,10.0,4.0,1.64,0.0407,324,11.5,0.000458,37.93317011412688,-6.448368107341102,-8.5,32.5,4.0,4.0,0,0,0,0,2074.0,57.5,48.9,2074.0,57.3,4.0,16.6,0.845,322,117.0,0.16,16,1,65,6,Layer 2 Up
130.8372602847439,12.375585393561135,-27.3,145,4.0,4.0,-2.49,0.0438,326,4.68,-1.95e-05,94.2946180542171,-0.08416671863719394,41.5,97.2,10.0,4.0,2.63,0.0751,324,14.4,0.000942,-3.743334830913838,37.72431421294226,-2.25,32.5,4.0,4.0,0,0,0,0,2084.0,57.4,-5.75,2084.0,57.3,4.0,20.3,0.775,323,119.0,0.148,16,1,2,6,Layer 2 Up
156.06999269079236,11.39974665004479,29.0,145,4.0,4.0,-3.34,0.0687,326,3.2,3.1e-05,134.153775715248,16.91539908093809,-14.8,97.8,10.0,4.0,4.98,0.0961,324,14.1,0.00121,52.16322919136259,-2.0792060937197414,10.25,32.5,4.0,4.0,0,0,0,0,2084.0,57.3,4.625,2084.0,57.3,4.000000954,23.1,0.844,317,122.0,0.161,16,1,66,6,Layer 2 Up
163.05045928177802,8.08883110021808,-2.25,145,4.0,4.0,-2.24,0.0638,326,4.1,2.99e-05,91.87444685301493,14.799225590420985,-184.0,98.3,10.0,4.0,10.2,0.152,324,16.2,0.00178,22.201791750234612,6.318769086649749,10.25,32.5,4.0,4.0,0,0,0,0,2094.0,57.3,13.94,2094.0,57.3,3.999999046,19.2,0.999,314,119.0,0.193,16,1,66,6,Layer 2 Up
151.09613882293397,1.188601878518392,-27.3,145,4.0,4.0,-0.804,0.0398,326,6.98,-1.67e-05,51.203407915074784,2.848489685021799,47.8,98.9,10.0,4.0,7.16,0.13,325,16.5,0.00169,59.22764955171718,-4.52334981565552,4.0,32.5,4.0,4.0,0,0,0,0,2094.0,57.2,-83.1,2094.0,57.3,3.999999046,23.7,0.957,322,117.0,0.183,16,1,67,6,Layer 2 Up
140.23912007760057,26.484666189898682,-14.8,145,4.0,4.0,-2.54,0.0651,326,3.35,5.12e-05,77.93053694953825,23.896354240619353,16.5,99.5,10.0,4.0,5.43,0.0978,325,14.1,0.00122,30.836559922859152,32.93086596161465,22.8,32.5,4.0,4.0,0,0,0,0,2104.0,57.2,-36.5,2104.0,57.3,4.0,25.5,0.919,318,123.0,0.175,16,1,67,6,Layer 2 Up
152.55034121948594,-6.633076143028493,-2.25,145,4.0,4.0,-2.49,0.0667,326,3.77,6.32e-05,114.7325694666554,-1.2979082202934364,-33.5,100.1,10.0,4.0,4.5,0.0735,325,12.2,0.000915,36.376753854451295,2.1880212815132376,10.25,32.5,4.0,4.0,0,0,0,0,2104.0,57.3,18.0,2114.0,57.3,4.0,18.1,0.953,316,120.0,0.184,16,1,67,6,Layer 2 Up
139.8661594604027,4.0256222381982525,-2.25,145,4.0,4.0,-3.09,0.0439,326,4.69,-2.41e-05,111.17139481738116,2.3920449093947456,-52.3,100.7,10.0,4.0,4.56,0.0778,324,13.9,0.000921,54.82714913043827,6.590610611040297,-8.5,32.5,4.0,4.0,0,0,0,0,2114.0,57.4,1.81,2114.0,57.3,4.0,18.7,0.768,323,118.0,0.148,16,1,67,6,Layer 2 Up
160.55999032994484,4.22493474632242,10.25,145,4.0,4.0,-2.29,0.0665,326,3.91,3.11e-05,59.314766010243126,31.038683119367793,72.7,101.3,10.0,4.0,2.69,0.0774,324,12.8,0.001,15.503196418534117,25.063279353842994,4.0,32.5,4.0,4.0,0,0,0,0,2124.0,57.2,-83.9,2124.0,57.3,3.999999046,26.0,1.05,317,120.0,0.201,16,1,67,6,Layer 2 Up
114.54011167911926,8.729373994753836,-8.5,145,4.0,4.0,-3.93,0.0622,326,1.66,3.84e-05,82.43935663554034,21.127064696506324,72.7,101.9,10.0,4.0,5.48,0.101,324,13.1,0.00135,13.6973767736933,14.238526815240343,4.0,32.5,4.0,4.0,0,0,0,0,2124.0,57.5,62.8,2124.0,57.3,4.0,15.7,0.871,314,118.0,0.165,16,1,67,6,Layer 2 Up
139.41818882187468,-1.0720454248896805,-2.25,145,4.0,4.0,-1.99,0.0407,326,5.59,-2.28e-05,86.85141728170447,5.53726528863072,47.8,102.5,10.0,4.0,4.54,0.104,324,14.6,0.00132,28.778695027110373,3.024040164466026,-2.25,32.5,4.0,4.0,0,0,0,0,2134.0,57.4,13.81,2134.0,57.3,4.0,16.3,0.813,322,116.0,0.155,16,1,67,6,Layer 2 Up
111.8888775886453,7.698812757488351,-2.25,145,4.0,4.0,-2.04,0.0659,326,3.47,4.73e-05,93.23151853907414,13.708510218993506,-46.0,103.1,10.0,4.0,4.74,0.109,324,14.9,0.00134,48.16507377735204,23.429159324192273,10.25,32.5,4.0,4.0,0,0,0,0,2134.0,57.3,-15.9,2134.0,57.3,4.0,22.7,0.92,317,120.0,0.177,16,1,2,6,Layer 2 Up
120.13419535178595,1.9908079791081588,-21.0,145,4.0,4.0,-3.09,0.0614,326,1.98,3.83e-05,66.823790436888,12.239815480376198,-2.25,103.7,10.0,4.0,6.14,0.107,324,12.8,0.00141,7.295725439307553,48.4173235681425,10.25,32.5,4.0,4.0,0,0,0,0,2144.0,57.4,61.6,2144.0,57.3,4.000000954,17.6,0.904,315,121.0,0.174,16,1,67,6,Layer 2 Up
167.6837136576419,-14.59067461420804,16.5,145,4.0,4.0,-1.99,0.0425,326,6.23,-2.89e-05,87.20453570118859,-24.442055245536018,10.25,104.0,10.0,4.0,3.66,0.0925,324,15.5,0.00115,0.9106089049302,9.553915993926157,4.0,32.5,4.0,4.0,0,0,0,0,2144.0,57.4,4.0625,2144.0,57.3,4.000000954,19.4,0.731,323,119.0,0.14,16,1,67,6,Layer 2 Up
159.88868843038324,4.112255863349435,-8.5,145,4.0,4.0,-1.7,0.0621,326,3.84,3.75e-05,85.52527999013405,-1.3768132227845324,54.0,105.0,7.33,-649.0,8.77,0.162,324,14.6,0.00218,48.099701900254274,6.0430194467147365,4.0,32.5,4.0,4.0,0,0,0,0,-2146.0,57.4,3.75,-2146.0,57.3,4.0,18.6,0.897,317,118.0,0.172,16,1,67,6,Layer 2 Up
133.03362741675718,-8.983543688895356,-27.3,145,4.0,4.0,-3.34,0.0416,326,4.74,-1.19e-05,125.62198460788082,8.986233979020927,-83.5,105.0,10.0,4.0,5.74,0.0878,324,14.1,0.00101,21.080741827063566,6.985561730224681,4.0,32.5,4.0,4.0,0,0,0,0,-2136.0,57.3,3.875,-2136.0,57.3,4.0,24.6,0.956,315,120.0,0.184,16,1,67,6,Layer 2 Up
120.0104098336242,-16.382028543703356,16.5,145,4.0,4.0,-2.84,0.0493,326,4.61,-3.8e-05,127.62665965469597,5.414963123374629,-71.0,106.0,10.0,4.0,3.37,0.0587,324,13.6,0.000676,25.071988062704147,26.929350281659993,-2.25,32.5,4.0,4.0,0,0,0,0,-2136.0,57.4,-7.0,-2136.0,57.3,4.0,19.5,0.779,323,120.0,0.15,16,1,68,6,Layer 2 Up
95.69404972333804,5.633497941786294,22.8,145,4.0,4.0,-1.79,0.0458,326,6.87,-2.6e-05,103.1026942334236,13.378551002571331,29.0,107.0,10.0,4.0,2.08,0.0516,324,12.6,0.000634,-2.6644444187078093,-6.4845127081076175,4.0,32.5,4.0,4.0,0,0,0,0,-2126.0,57.3,4.438,-2126.0,57.3,4.0,23.1,1.03,321,118.0,0.198,16,1,68,6,Layer 2 Up
135.96059982697764,10.40847199817847,4.0,145,4.754,17.6,1.94,0.0445,326,7.77,3.94e-05,96.52133490833859,24.48030896273715,54.0,107.0,9.95,2.33,4.37,0.122,324,17.0,0.00161,19.641427936834667,-0.8948848828693952,-8.5,32.5,4.0,4.0,0,0,0,0,-2126.0,57.3,7.5,-2126.0,57.3,4.000000954,21.2,0.917,322,119.0,0.177,16,1,68,6,Layer 2 Up
186.2562662637627,12.16961176948916,10.25,146,6.09,16.9,5.56,0.0967,326,10.4,0.00042,111.73997747035472,5.559054390301642,41.5,108.0,9.63,-0.72,7.16,0.129,324,15.1,0.00153,32.3566898475429,-22.901537164894425,4.0,32.5,4.0,4.0,0,0,0,0,-2116.0,57.2,-78.2,-2116.0,57.3,3.999999046,23.2,0.936,322,118.0,0.18,16,1,70,6,Layer 2 Up
153.2329815082859,13.94523549138533,4.0,146,7.31,15.5,2.64,0.0572,326,9.49,0.000332,86.17411098735546,-4.460905007624621,-71.0,108.0,9.0,-3.53,4.19,0.0668,324,11.5,0.000643,50.11958056061714,-16.714827384798152,-2.25,32.5,4.0,4.0,0,0,0,0,-2116.0,57.4,39.8,-2106.0,57.3,4.0,18.7,0.988,321,118.0,0.188,16,1,70,6,Layer 2 Up
136.69321135960294,-14.581259190943554,16.5,146,8.32,13.58,5.37,0.0971,326,11.4,0.000849,78.34681266549829,12.64292769307821,54.0,109.0,8.16,-5.86,6.61,0.135,324,11.5,0.000939,17.894372906220582,-5.060249048249064,-2.25,32.5,4.0,4.0,0,0,0,0,-2106.0,57.3,9.94,-2106.0,57.3,4.0,21.6,0.983,316,118.0,0.191,16,1,2,6,Layer 2 Up
154.7351993988282,-6.964299811309015,-46.0,147,9.18,10.98,3.88,0.0805,326,13.8,0.000819,83.86922688925635,2.834641233497459,22.8,109.0,7.02,-7.8,6.22,0.0965,324,10.4,0.000626,63.88753983708416,2.9962377470892494,-2.25,32.5,4.0,4.0,0,0,0,0,-2096.0,57.4,2.69,-2096.0,57.3,4.0,18.6,0.775,322,118.0,0.149,16,1,70,6,Layer 2 Up
121.0381898282633,32.97228578073144,16.5,147,9.72,8.23,4.67,0.0887,326,13.6,0.00109,92.03234872811682,4.174089218595407,10.25,109.0,5.82,-9.1,5.23,0.104,324,7.56,0.000436,19.535815698463594,34.929684115618365,-8.5,32.5,4.0,4.0,0,0,0,0,-2096.0,57.2,-75.9,-2096.0,57.3,3.999999046,25.8,1.05,318,120.0,0.2,16,1,70,6,Layer 2 Up
143.05492719445672,-2.336511792952521,47.8,148,9.98,5.15,5.42,0.105,326,13.3,0.00129,77.90200326763274,0.8558701466462768,-8.5,109.0,4.421,-9.7,2.29,0.0378,325,3.8,2.68e-05,19.563545279249844,13.378579133621052,4.0,32.5,4.0,4.0,0,0,0,0,-2086.0,57.5,67.6,-2086.0,57.3,4.0,14.6,0.861,316,119.0,0.163,16,1,70,6,Layer 2 Up
149.65450619860826,17.148437232276347,-46.0,148,10.0,4.0,4.41,0.0777,326,14.5,0.000935,113.3316210808408,32.35877619285329,-8.5,109.0,4.0,4.0,2.32,0.022,325,2.93,-4.57e-06,61.614617264586514,-11.984170356929575,-8.5,32.5,4.0,4.0,0,0,0,0,-2086.0,57.4,8.69,-2086.0,57.3,4.0,15.5,0.816,322,118.0,0.155,16,1,70,6,Layer 2 Up
147.5679766702598,2.0572963860313767,16.5,149,10.0,4.0,4.77,0.0803,326,13.4,0.00103,128.50426012423705,-24.369424522249886,4.0,109.0,4.0,4.0,1.18,0.0203,325,2.94,0.0,36.50465161483518,-8.762899701231442,-8.5,32.5,4.0,4.0,0,0,0,0,-2076.0,57.3,-1.5,-2076.0,57.3,4.0,25.8,1.02,321,119.0,0.197,16,1,70,6,Layer 2 Up
163.15266251311593,10.936292306512968,29.0,150,10.0,4.0,5.32,0.0989,326,13.6,0.00128,66.57912401552883,-0.9166726489133978,4.0,109.0,4.0,4.0,1.26,0.0208,325,0.826,0.0,22.045705430777012,28.07978057922577,10.25,32.5,4.0,4.0,0,0,0,0,-2076.0,57.4,61.8,-2076.0,57.3,4.000000954,20.3,0.905,317,118.0,0.174,16,1,70,6,Layer 2 Up
155.73212854972786,2.458169292201646,-39.8,150,10.0,4.0,6.16,0.0911,326,13.9,0.00114,109.67165464269529,3.9532934637942394,-2.25,109.0,4.0,4.0,0.548,0.0221,324,2.35,-1.52e-06,29.5620746398232,23.712959223117426,4.0,32.5,4.0,4.0,0,0,0,0,-2066.0,57.4,6.06,-2066.0,57.3,4.000000954,19.2,0.725,323,119.0,0.139,16,1,70,6,Layer 2 Up
162.1155772872912,16.749078526660213,35.3,151,10.0,4.0,3.99,0.0828,326,13.6,0.00108,103.12142959837665,-5.889999033638103,4.0,109.0,4.0,4.0,0.667,0.0187,325,0.596,0.0,58.12463058273684,4.5175554190580005,10.25,32.5,4.0,4.0,0,0,0,0,-2066.0,57.4,5.25,-2066.0,57.3,4.0,18.9,0.905,319,118.0,0.174,16,1,70,6,Layer 2 Up
139.55101387908473,11.67733213080151,66.5,151,10.0,4.0,4.41,0.0992,326,13.9,0.00124,118.12804051865602,15.41764180109373,10.25,109.0,4.0,4.0,0.459,0.0191,325,1.14,1.75e-06,60.26708246755146,-3.71814400798079,16.5,32.5,4.0,4.0,0,0,0,0,-2056.0,57.3,-2.31,-2056.0,57.3,4.0,25.2,0.973,317,121.0,0.187,16,1,70,6,Layer 2 Up
166.9324376000811,4.8018208208963635,47.8,152,10.0,4.0,5.74,0.103,326,13.5,0.0013,108.65416516617901,14.296607515398533,4.0,109.0,4.0,4.0,0.251,0.0185,325,2.13,-1.68e-06,17.031496417718742,23.683606799790116,4.0,32.5,4.0,4.0,0,0,0,0,-2056.0,57.4,-6.8,-2056.0,57.3,4.0,19.7,0.773,322,119.0,0.149,16,1,2,6,Layer 2 Up
180.09242801693944,-2.52133638695868,-52.3,153,10.0,4.0,5.6,0.0943,326,13.5,0.00111,70.1473626088047,3.3953815912341256,4.0,109.0,4.0,4.0,0.163,0.0168,325,1.21,-3.62e-06,31.696384641942085,-13.380824850549182,4.0,32.5,4.0,4.0,0,0,0,0,-2046.0,57.3,6.94,-2046.0,57.3,4.000000954,24.0,0.845,319,120.0,0.159,16,1,70,6,Layer 2 Up
136.86450373959389,13.116809351602033,-8.5,153,10.0,4.0,5.98,0.0826,326,12.1,0.000947,75.25813293101685,0.5730155442481637,4.0,109.0,4.0,4.0,0.163,0.0208,325,1.74,0.0,34.207398209408325,10.859584824987287,-2.25,32.5,4.0,4.0,0,0,0,0,-2046.0,57.3,3.75,-2046.0,57.3,4.000000954,22.1,0.926,321,118.0,0.179,16,1,70,6,Layer 2 Up
139.23587380808308,-4.121540639189238,-8.5,154,10.0,4.0,4.6,0.0759,326,13.6,0.000944,109.7864502471473,2.582521123483656,4.0,109.0,4.0,4.0,1.1,0.0179,324,2.01,1.49e-06,13.822495008901456,43.76604162214827,4.0,32.5,4.0,4.0,0,0,0,0,-2036.0,57.2,-80.6,-2036.0,57.3,3.999999046,23.2,0.937,322,118.0,0.18,16,1,70,6,Layer 2 Up
176.21672301724033,14.993640640417038,41.5,154,10.0,4.0,5.57,0.109,326,14.6,0.00138,136.49784798444085,2.6733023570559302,4.0,109.0,4.0,4.0,1.05,0.0182,324,1.24,2.74e-06,31.445431403864657,7.593228302388724,4.0,32.5,4.0,4.0,0,0,0,0,-2036.0,57.2,-37.1,-2026.0,57.3,4.0,26.9,0.94,319,121.0,0.178,16,1,70,6,Layer 2 Up
151.81757283879426,40.81573445460546,-27.3,155,10.0,4.0,4.89,0.0985,326,14.5,0.00122,49.817926762220175,3.0077237122743927,4.0,109.0,4.0,4.0,0.207,0.0197,324,1.54,-3.27e-06,32.600804815778055,-9.571292023325526,4.0,32.5,4.0,4.0,0,0,0,0,-2026.0,57.3,11.19,-2026.0,57.3,4.0,19.6,0.984,318,119.0,0.19,16,1,70,6,Layer 2 Up
179.3483131858963,25.76683027472473,-46.0,156,10.0,4.0,5.16,0.0876,326,15.3,0.00107,118.24077882190525,1.5947544613244573,-8.5,109.0,4.0,4.0,0.844,0.0189,325,2.18,-1.08e-06,54.09339090617969,11.155460850595466,-8.5,32.5,4.0,4.0,0,0,0,0,-2016.0,57.4,-2.19,-2016.0,57.3,4.0,18.9,0.781,322,118.0,0.15,16,1,70,6,Layer 2 Up
148.6397599754539,18.541828485903054,-2.25,156,10.0,4.0,4.5,0.0756,326,13.4,0.000846,140.79690100438228,7.171245886029121,-2.25,109.0,4.0,4.0,1.02,0.0201,325,4.11,0.0,55.36632509891234,-4.249017047005426,-2.25,32.5,4.0,4.0,0,0,0,0,-2016.0,57.4,56.0,-2016.0,57.3,4.000000954,22.3,0.93,321,119.0,0.18,16,1,70,6,Layer 2 Up
181.20027220450763,9.123966380555554,54.0,157,10.0,4.0,5.05,0.0952,326,14.0,0.00123,104.90983638902904,13.536373538587966,4.0,109.0,4.0,4.0,0.296,0.0205,324,2.36,1.02e-06,26.265402445712592,-20.39365909753272,4.0,32.5,4.0,4.0,0,0,0,0,-2006.0,57.3,-42.0,-2006.0,57.3,3.999999046,22.0,1.07,320,116.0,0.205,16,1,70,6,Layer 2 Up
159.18686796456194,-12.883692208687597,-14.8,157,10.0,4.0,4.98,0.0978,326,14.3,0.00118,123.70612868689047,-11.601251184743848,-8.5,109.0,4.0,4.0,0.889,0.0224,324,2.62,1.52e-06,28.448135885257848,16.24143677512906,-8.5,32.5,4.0,4.0,0,0,0,0,-2006.0,57.4,11.81,-2006.0,57.3,4.0,15.1,0.811,321,117.0,0.154,16,1,70,6,Layer 2 Up
162.29485365776355,-5.739149160296584,-64.7,158,10.0,4.0,4.67,0.0981,326,15.7,0.00106,90.20796533253095,-9.302393674331892,4.0,109.0,4.0,4.0,0.888,0.022,325,2.69,2.88e-06,45.080428087328,23.534401334318265,-2.25,32.5,4.0,4.0,0,0,0,0,-1996.0,57.3,-5.87,-1996.0,57.3,4.0,26.2,1.02,320,119.0,0.198,16,1,2,6,Layer 2 Up
185.02434086275335,25.145031849792748,-2.25,159,10.0,4.0,4.99,0.089,326,13.9,0.00112,105.80951158871805,-18.162883667491904,-8.5,109.0,4.0,4.0,0.34,0.0234,325,2.91,9.12e-07,21.417647884101616,-1.4401156142575111,4.0,32.5,4.0,4.0,0,0,0,0,-1996.0,57.3,-8.3,-1996.0,57.3,4.0,20.1,0.936,321,119.0,0.181,16,1,70,6,Layer 2 Up
152.98304481146042,0.8190018990133474,22.8,159,10.0,4.0,5.0,0.0938,326,14.1,0.00122,65.67529143776454,14.969406397599107,4.0,109.0,4.0,4.0,1.02,0.0214,325,4.17,1.68e-06,43.64772077793252,-2.625712899551615,-2.25,32.5,4.0,4.0,0,0,0,0,-1986.0,57.4,12.0,-1986.0,57.3,4.000000954,19.1,0.725,322,118.0,0.138,16,1,70,6,Layer 2 Up
144.3472869369259,1.6825800161664084,10.25,160,10.0,4.0,6.07,0.107,326,14.8,0.00133,46.33904402679829,7.1693284544231,4.0,109.0,4.0,4.0,0.977,0.0191,325,3.35,-9.91e-07,30.835218940012055,-12.85007121349411,-2.25,32.5,4.0,4.0,0,0,0,0,-1986.0,57.2,-26.6,-1986.0,57.3,3.999999046,25.0,1.06,321,119.0,0.205,16,1,70,6,Layer 2 Up
152.53949421755712,7.853320779742485,-39.8,160,10.0,4.0,2.44,0.0979,326,19.8,0.00113,134.19878643689762,10.397162225422562,-2.25,109.0,4.0,4.0,2.15,0.0215,325,2.52,1.35e-06,14.141441489747429,1.3514892345369494,-8.5,32.5,4.0,4.0,0,0,0,0,-1976.0,57.5,49.9,-1976.0,57.3,4.0,15.0,0.837,320,118.0,0.159,16,1,70,6,Layer 2 Up
168.5232040229011,-2.4808780325660695,-33.5,161,10.0,4.0,4.67,0.0899,326,15.4,0.00112,82.6724891877737,-14.123792903566843,-2.25,109.0,4.0,4.0,1.19,0.0181,325,3.03,-2.43e-06,14.379339229962131,-5.840088025486557,4.0,32.5,4.0,4.0,0,0,0,0,-1976.0,57.4,-3.31,-1976.0,57.3,4.0,19.9,0.775,322,118.0,0.149,16,1,70,6,Layer 2 Up
135.95834441793733,-4.316651650120411,41.5,162,10.0,4.0,5.04,0.1,326,15.2,0.00125,96.82438982472299,26.599122931835286,4.0,109.0,4.0,4.0,0.503,0.0208,325,1.73,-1.51e-06,59.90452931221419,-13.715629373740962,-2.25,32.5,4.0,4.0,0,0,0,0,-1966.0,57.3,15.1,-1966.0,57.3,4.0,23.7,1.02,320,117.0,0.198,16,1,70,6,Layer 2 Up
172.60239597865362,9.33684246006764,35.3,162,10.0,4.0,5.55,0.103,326,14.9,0.00127,71.94237423351491,-3.7086254462872486,-2.25,109.0,4.0,4.0,0.548,0.0186,325,2.53,1.21e-06,29.537675788826267,37.108383073443676,4.0,32.5,4.0,4.0,0,0,0,0,-1966.0,57.3,7.38,-1966.0,57.3,4.000000954,20.3,0.929,321,119.0,0.179,16,1,70,6,Layer 2 Up
154.03917241152806,-0.677011046850712,-64.7,163,10.0,4.0,5.54,0.0867,326,14.7,0.00106,71.31351902632635,6.129643805346106,4.0,109.0,4.0,4.0,-0.0008,0.0191,325,2.31,-6.29e-07,63.565175152840254,12.137497251733434,-2.25,32.5,4.0,4.0,0,0,0,0,-1956.0,57.2,-77.7,-1956.0,57.3,3.999999046,23.6,0.935,322,116.0,0.179,16,1,70,6,Layer 2 Up
182.0903840281938,1.2217517132161415,-52.3,163,10.0,4.0,4.92,0.0802,326,14.4,0.000933,104.35356599308913,14.817313808868319,4.0,109.0,4.0,4.0,0.548,0.0185,325,2.1,-1.57e-06,22.77270973790872,13.990531490389632,-8.5,32.5,4.0,4.0,0,0,0,0,-1956.0,57.4,46.8,-1946.0,57.3,4.0,20.8,1.0,319,116.0,0.191,16,1,70,6,Layer 2 Up
124.17873800520816,0.9196560778200595,10.25,164,9.91,1.71,4.54,0.0813,326,13.2,0.001,89.49944123942383,-9.516092489499204,10.25,109.0,2.97,-9.6,-6.11,0.0924,324,6.81,0.000203,38.014870607643765,19.457358172924216,4.0,32.5,4.0,4.0,0,0,0,0,-1946.0,57.3,-2.63,-1946.0,57.3,4.0,22.9,0.945,320,119.0,0.182,16,1,70,6,Layer 2 Up
150.91786279777057,15.538634794508589,-27.3,165,9.52,-1.31,3.8,0.0934,326,16.2,0.00106,119.10262617230171,-4.996980488352766,16.5,109.0,1.66,-8.7,-2.89,0.0588,324,10.0,0.000243,77.81272958757484,17.49127097849466,-2.25,32.5,4.0,4.0,0,0,0,0,-1936.0,57.4,4.375,-1936.0,57.3,4.0,18.6,0.78,321,117.0,0.15,16,1,2,6,Layer 2 Up
136.95071481630018,6.07212218190553,-27.3,165,8.85,-4.05,5.89,0.101,326,13.0,0.00103,121.0957070775557,2.6884832731086297,29.0,109.0,0.47,-7.1,-2.5,0.0626,325,9.41,0.000422,12.475113574903144,-3.228426104956684,-2.25,32.5,4.0,4.0,0,0,0,0,-1936.0,57.4,56.6,-1936.0,57.3,4.000000954,22.0,0.934,320,118.0,0.18,16,1,72,6,Layer 2 Up
151.25817753376498,5.931470926756965,-21.0,165,7.92,-6.4,4.81,0.0989,326,12.7,0.00084,116.57585383939482,35.79829811358206,-39.8,108.0,-0.54,-5.03,-6.99,0.121,324,13.0,0.00111,-3.440983758498973,8.744012417938137,-2.25,32.5,4.0,4.0,0,0,0,0,-1926.0,57.3,-37.6,-1926.0,57.3,3.999999046,20.4,1.07,320,117.0,0.206,16,1,72,6,Layer 2 Up
170.1191714681355,13.715145408491406,-89.7,166,6.78,-8.1,4.17,0.061,326,9.78,0.00032,114.37745913827864,2.8125226130099477,54.0,108.0,-1.31,-2.43,-6.71,0.0939,324,13.1,0.000993,56.86556102552779,-0.7073834999464088,4.0,32.5,4.0,4.0,0,0,0,0,-1926.0,57.4,14.3,-1926.0,57.3,4.0,15.6,0.808,320,117.0,0.154,16,1,72,6,Layer 2 Up
163.01910840944515,3.7307892557579025,-83.5,166,5.5,-9.3,5.8,0.0891,326,8.9,0.00028,149.17149581723714,18.308043806814734,-46.0,107.0,-1.81,0.49,-6.82,0.123,324,13.5,0.00159,16.841813897047977,11.672054110420227,4.0,32.5,4.0,4.0,0,0,0,0,-1916.0,57.3,-1.5,-1916.0,57.3,4.0,26.1,1.04,319,119.0,0.202,16,1,72,6,Layer 2 Up
161.785832252228,0.8300375880165736,-83.5,166,4.146,-9.7,4.15,0.0723,326,7.09,-1.1e-05,78.46473986162721,13.314956597080432,16.5,107.0,-2.0,3.602,-11.0,0.154,324,13.9,0.00199,32.10786099164117,9.978764982941879,4.0,32.5,4.0,4.0,0,0,0,0,-1916.0,57.3,-11.9,-1916.0,57.3,4.0,20.3,0.967,320,119.0,0.187,16,1,72,6,Layer 2 Up
163.35244223200863,9.353604295095003,-83.5,166,4.0,4.0,2.21,0.0489,326,6.34,-2.02e-05,104.53166930791532,2.9593533718331475,29.0,106.0,-2.0,4.0,-6.5,0.102,324,14.4,0.00119,21.403827593918535,-2.6956300622499256,-2.25,32.5,4.0,4.0,0,0,0,0,-1906.0,57.4,8.69,-1906.0,57.3,4.000000954,19.4,0.731,322,118.0,0.14,16,1,72,6,Layer 2 Up
169.3827468132055,11.70247885164989,-77.2,166,4.0,4.0,4.71,0.0491,326,2.91,-2.62e-05,136.27518483320628,-14.324149335310706,97.7,106.0,-2.0,4.0,-4.82,0.0813,324,14.3,0.000954,37.578491156779506,-19.259516080412205,4.0,32.5,4.0,4.0,0,0,0,0,-1906.0,57.3,-19.6,-1906.0,57.3,3.999999046,25.9,1.06,320,117.0,0.205,16,1,72,6,Layer 2 Up
149.22606030964693,2.146632338140212,-52.3,166,4.0,4.0,3.34,0.0457,326,4.74,-1.31e-05,138.79934714968545,11.237477976723174,16.5,105.0,-2.0,4.0,-3.74,0.0708,324,13.0,0.000876,14.498658780332786,6.558795189816399,-2.25,32.5,4.0,4.0,0,0,0,0,-1896.0,57.5,52.4,-1896.0,57.3,4.0,14.7,0.828,319,118.0,0.157,16,1,72,6,Layer 2 Up
177.75630096842613,4.747280598764896,-89.7,166,4.0,4.0,4.16,0.0528,326,4.25,-3.07e-05,66.99828364900856,-21.217486697444738,-121.0,105.0,-2.0,4.0,-8.45,0.153,324,15.0,0.00207,29.092278235592406,0.4257774761505271,4.0,32.5,4.0,4.0,0,0,0,0,-1896.0,57.4,-4.81,-1896.0,57.3,4.0,18.6,0.778,321,120.0,0.15,16,1,72,6,Layer 2 Up
177.02143955180773,-5.362385599334082,-89.7,166,4.0,4.0,3.59,0.0519,326,4.93,0.0,95.6511841472617,18.238585543046085,-8.5,104.0,-2.0,4.0,-8.91,0.15,324,16.5,0.00192,41.01864360133516,-29.101947216877356,-2.25,32.5,4.0,4.0,0,0,0,0,-1886.0,57.3,8.19,-1886.0,57.3,4.0,20.8,1.01,319,120.0,0.196,16,1,2,6,Layer 2 Up
172.40393885408182,-12.06451243009017,47.8,166,-2.0,4.0,-4.43,0.0893,326,15.4,0.00112,140.10064158641114,6.457255413759988,-21.0,103.8,4.0,4.0,1.85,0.0272,325,3.24,3.52e-06,13.404554524666533,12.857854450445654,-2.25,32.5,4.0,4.0,0,0,0,0,-1886.0,57.3,12.37,-1886.0,57.3,4.000000954,19.7,0.927,320,119.0,0.179,16,1,73,6,Layer 2 Up
174.25624669435547,7.0388117100721885,-21.0,165,-2.0,4.0,-6.29,0.115,326,14.0,0.00145,117.38023047539671,-29.604324058222478,-27.3,103.8,4.0,4.0,0.836,0.0304,325,3.56,-2.34e-06,19.241744917421492,20.86615470859504,-2.25,32.5,4.0,4.0,0,0,0,0,-1876.0,57.2,-78.5,-1876.0,57.3,3.999999046,22.3,0.928,321,119.0,0.178,16,1,75,6,Layer 2 Up
169.93001485511607,3.4788377911231336,60.3,165,-2.0,4.0,-6.5,0.11,326,15.5,0.00135,109.01910258399825,-0.3611275907823428,-27.3,103.8,4.0,4.0,1.24,0.0226,325,2.69,0.0,25.92123227480582,48.240129835433926,4.0,32.5,4.0,4.0,0,0,0,0,-1876.0,57.4,45.0,-1866.0,57.3,4.0,18.4,0.997,318,118.0,0.19,16,1,75,6,Layer 2 Up
197.8472750856674,3.470543096368174,41.5,164,-2.0,4.0,-5.25,0.0995,326,15.9,0.0012,97.98159834254456,12.229594799762001,-27.3,103.8,4.0,4.0,0.939,0.022,325,3.01,-2.07e-06,5.440963240542597,-2.845011179356492,4.0,32.5,4.0,4.0,0,0,0,0,-1866.0,57.3,-2.81,-1866.0,57.3,4.0,23.8,0.939,320,118.0,0.181,16,1,75,6,Layer 2 Up
161.5514524896885,1.2005237221644132,16.5,163,-2.0,4.0,-5.45,0.0926,326,14.1,0.0012,93.54154816750496,0.9490547198860493,-27.3,103.8,4.0,4.0,1.55,0.0227,325,2.14,-4.51e-06,24.497501641732033,-5.426156667743619,4.0,32.5,4.0,4.0,0,0,0,0,-1856.0,57.4,1.0,-1856.0,57.3,4.0,17.3,0.776,320,119.0,0.15,16,1,75,6,Layer 2 Up
157.8926015828453,3.3429682985538967,22.8,163,2.66,-4.85,-5.72,0.115,326,10.1,0.000314,111.70368484772852,18.802646411676925,16.5,104.0,9.85,2.0,6.29,0.0993,324,13.8,0.0012,34.74977968681426,-15.412187683992126,4.0,32.5,4.0,4.0,0,0,0,0,-1856.0,57.4,63.2,-1856.0,57.3,4.000000954,18.5,0.927,319,121.0,0.179,16,1,75,6,Layer 2 Up
150.46735301241188,10.234042641633657,54.0,163,1.79,-4.45,-4.97,0.0821,326,9.09,0.000361,98.25439926923772,-1.332105864547362,-77.2,105.0,9.58,0.69,4.23,0.0633,325,13.0,0.00071,24.93330577297543,7.625729287030159,-2.25,32.5,4.0,4.0,0,0,0,0,-1846.0,57.5,66.7,-1846.0,57.3,4.0,15.9,0.875,322,115.0,0.165,16,1,75,6,Layer 2 Up
145.8314397693561,11.95914317177174,-8.5,163,0.98,-3.85,-5.66,0.111,326,11.3,0.000715,103.86193413350155,-7.464965812795775,16.5,105.0,9.18,-0.54,7.07,0.108,325,13.1,0.00118,27.360647273264796,7.540079361329257,4.0,32.5,4.0,4.0,0,0,0,0,-1846.0,57.4,9.44,-1846.0,57.3,4.0,14.3,0.822,320,118.0,0.157,16,1,75,6,Layer 2 Up
141.3019844175843,10.928503041095995,22.8,162,0.23,-3.08,-4.79,0.0764,326,10.1,0.000563,108.10083141225022,7.725433964891889,-14.8,106.0,8.67,-1.67,9.34,0.134,324,11.8,0.00127,32.1231003447079,-10.19572577597518,4.0,32.5,4.0,4.0,0,0,0,0,-1836.0,57.3,-1.25,-1836.0,57.3,4.0,23.0,1.04,319,121.0,0.2,16,1,75,6,Layer 2 Up
147.2175510749627,-1.564314587826051,-21.0,162,-0.43,-2.14,-6.5,0.112,326,11.8,0.00105,87.8761142870884,8.44965105224411,16.5,106.0,8.05,-2.68,6.19,0.117,325,12.7,0.00104,20.08147061566539,0.9391496935544041,4.0,32.5,4.0,4.0,0,0,0,0,-1836.0,57.3,-10.2,-1836.0,57.3,4.0,23.0,0.936,319,116.0,0.182,16,1,2,6,Layer 2 Up
160.82444611811914,15.449560353283209,54.0,161,-0.99,-1.07,-5.01,0.0831,326,12.9,0.000873,121.22305988593482,2.7591262741680485,-71.0,107.0,7.34,-3.52,3.48,0.0499,324,9.16,0.000287,45.58740578030135,-30.62186873663309,4.0,32.5,4.0,4.0,0,0,0,0,-1826.0,57.4,15.0,-1826.0,57.3,4.000000954,17.7,0.732,321,120.0,0.14,16,1,75,6,Layer 2 Up
166.55998605007298,1.3648076344949176,72.7,161,-1.43,0.13,-3.95,0.0715,326,13.0,0.000748,184.89360668879888,22.06866083870634,-58.5,107.0,6.55,-4.2,2.93,0.0414,325,7.21,0.000186,59.69468444560097,20.209354971309143,4.0,32.5,4.0,4.0,0,0,0,0,-1826.0,57.2,-23.4,-1826.0,57.3,3.999999046,24.1,1.05,319,120.0,0.202,16,1,75,6,Layer 2 Up
160.85059310735357,5.731512577130197,-2.25,160,-1.75,1.4,-5.92,0.114,326,14.3,0.0013,59.50367931526354,-5.094425442974517,-8.5,107.0,5.7,-4.69,4.95,0.0792,325,8.25,0.00029,23.705521859726858,-9.485025091865282,4.0,32.5,4.0,4.0,0,0,0,0,-1816.0,57.5,50.8,-1816.0,57.3,4.0,16.4,0.838,318,116.0,0.159,16,1,75,6,Layer 2 Up
147.2676413728325,1.4350199726682717,54.0,160,-1.94,2.74,-4.43,0.0827,325,13.6,0.00101,115.66039305767356,8.814971288189014,-39.8,107.0,4.813,-4.98,4.53,0.0727,324,7.63,0.000166,41.6887282756632,3.3685975796269316,-2.25,32.5,4.0,4.0,0,0,0,0,-1816.0,57.4,1.87,-1816.0,57.3,4.0,17.6,0.761,320,120.0,0.147,16,1,75,6,Layer 2 Up
173.97184132157116,5.772755471954556,1034.0,159,4.0,4.0,17.5,0.245,326,13.0,0.000665,86.68120219289037,4.810563796958717,-33.5,107.0,4.0,4.0,4.27,0.0815,324,7.02,-1.29e-05,27.962108497859422,-20.96368799749925,4.0,32.5,4.0,4.0,0,0,0,0,-1806.0,57.3,5.88,-1806.0,57.3,4.0,18.3,1.03,318,121.0,0.199,16,1,75,6,Layer 2 Up
171.29788828127823,-10.796356762750692,-33.5,159,-2.0,4.0,-4.98,0.0956,326,13.7,0.00122,122.4331481054064,-15.834488876072381,-58.5,107.0,4.0,4.0,4.26,0.0627,325,4.59,-9.53e-06,39.421632610910876,-6.189781030850538,4.0,32.5,4.0,4.0,0,0,0,0,-1806.0,57.3,11.25,-1806.0,57.3,4.000000954,22.3,0.922,319,118.0,0.179,16,1,75,6,Layer 2 Up
155.34473437835263,6.342083806148452,16.5,158,-2.0,4.0,-6.38,0.111,325,14.4,0.00147,108.24441491821784,-12.825163376976587,-58.5,107.0,4.0,4.0,3.65,0.0627,324,5.57,0.0,62.152875295946046,-0.8921696974837863,4.0,32.5,4.0,4.0,0,0,0,0,-1796.0,57.2,-77.9,-1796.0,57.3,3.999999046,22.1,0.925,320,119.0,0.177,16,1,77,6,Layer 2 Down
147.1407192425538,31.487123867047007,35.3,158,-2.0,4.0,-6.11,0.0905,326,12.4,0.00111,127.36329247632476,4.2508046743742725,54.0,107.0,4.0,4.0,2.5,0.0531,325,3.4,-1.64e-05,42.13304072931493,3.802437456744362,4.0,32.5,4.0,4.0,0,0,0,0,-1796.0,57.2,-39.7,-1786.0,57.3,4.0,25.5,0.897,323,123.0,0.171,16,1,77,6,Layer 2 Down
166.12143590900416,-6.554489518885783,-39.8,157,-2.0,4.0,-5.11,0.094,326,12.8,0.0012,138.41961570743837,29.208856359160528,60.3,107.0,4.0,4.0,2.27,0.054,325,3.83,8.12e-06,-1.085085971158236,12.394159993298128,4.0,32.5,4.0,4.0,0,0,0,0,-1786.0,57.3,6.31,-1786.0,57.3,4.0,21.3,0.967,322,118.0,0.187,16,1,77,6,Layer 2 Down
159.12637078769774,-1.21568946334047,-14.8,156,-2.0,4.0,-5.62,0.101,326,13.4,0.00128,112.14314228018004,11.184100931000229,-64.7,107.0,4.0,4.0,3.78,0.0625,324,5.06,9.64e-06,41.09781059588613,29.180337171840794,4.0,32.5,4.0,4.0,0,0,0,0,-1776.0,57.4,-1.88,-1776.0,57.3,4.0,17.3,0.789,319,120.0,0.153,16,1,77,6,Layer 2 Down
131.9147930235749,-7.193682594254778,-2.25,156,-2.0,4.0,-4.83,0.0959,326,15.0,0.0012,137.2581445085042,-17.723160766697198,66.5,107.0,4.0,4.0,2.89,0.0513,325,2.86,-1.59e-05,55.84808579924506,16.820671277091428,4.0,32.5,4.0,4.0,0,0,0,0,-1776.0,57.1,-90.4,-1776.0,57.3,3.999999046,25.1,1.04,322,121.0,0.198,16,1,2,6,Layer 2 Down
153.86935452319563,-7.8650768086829865,22.8,155,-2.0,4.0,-4.98,0.0878,326,13.6,0.00113,44.34025789514814,-35.28170597821836,54.0,107.0,4.0,4.0,2.23,0.0537,324,4.8,0.0,28.303391560519753,20.835554926376844,4.0,32.5,4.0,4.0,0,0,0,0,-1766.0,57.4,57.1,-1766.0,57.3,4.0,16.5,0.862,322,117.0,0.163,16,1,77,6,Layer 2 Down
159.35817137479782,16.199949122549942,79.0,155,-2.0,4.0,-5.55,0.0887,326,14.3,0.00111,149.51052354802417,13.156148315503165,-52.3,107.0,4.0,4.0,4.22,0.0615,324,4.02,-9.54e-06,51.355422591600515,29.30332815278823,4.0,32.5,4.0,4.0,0,0,0,0,-1766.0,57.4,13.94,-1766.0,57.3,4.0,14.3,0.818,319,118.0,0.156,16,1,77,6,Layer 2 Down
139.03630464292124,-9.978571892932846,-52.3,154,-2.0,4.0,-5.77,0.106,326,14.1,0.00131,117.02487686105616,2.881846766007991,54.0,107.0,4.0,4.0,2.01,0.0531,325,4.08,-1.59e-05,19.430529059958346,13.968511518832099,4.0,32.5,4.0,4.0,0,0,0,0,-1756.0,57.3,-13.6,-1756.0,57.3,4.0,21.7,0.895,323,120.0,0.172,16,1,77,6,Layer 2 Down
156.1574693314202,-7.451264449566341,35.3,153,-2.0,4.0,-7.03,0.112,326,13.7,0.00137,135.80921698533473,18.52450114363462,41.5,107.0,4.0,4.0,2.45,0.0528,324,3.61,-1.64e-05,4.366724167286179,3.3577127608381176,4.0,32.5,4.0,4.0,0,0,0,0,-1756.0,57.4,54.8,-1756.0,57.3,4.000000954,20.5,0.921,323,119.0,0.177,16,1,77,6,Layer 2 Down
128.80343823819405,-20.475782783023693,54.0,153,-2.0,4.0,-6.09,0.109,325,14.6,0.0013,74.39445964855518,-7.275717661369688,-52.3,107.0,4.0,4.0,3.65,0.0633,324,4.88,9.74e-06,35.17347172936823,21.65702035648135,4.0,32.5,4.0,4.0,0,0,0,0,-1746.0,57.4,21.3,-1746.0,57.3,4.000000954,17.0,0.723,319,120.0,0.138,16,1,77,6,Layer 2 Down
174.2234051383129,-9.123246399383055,516.0,152,-2.0,4.233,-4.42,0.153,325,11.8,0.00167,84.79470490171369,8.259019784619479,-52.3,107.0,3.828,-5.07,3.54,0.0544,324,3.9,2.43e-05,-0.7643160308126369,22.775070125998305,4.0,32.5,4.0,4.0,0,0,0,0,-1746.0,57.2,-17.9,-1746.0,57.3,3.999999046,23.8,1.03,318,119.0,0.199,16,1,77,6,Layer 2 Down
172.75586485301312,-22.176649691282734,-39.8,152,-1.91,5.54,-4.56,0.0805,326,12.9,0.00098,110.90072264218733,13.66335231959992,-52.3,107.0,2.96,-4.94,-4.9,0.105,324,9.6,0.000218,27.959194731296172,15.34833523665731,4.0,32.5,4.0,4.0,0,0,0,0,-1736.0,57.3,0.62,-1736.0,57.3,4.0,25.7,0.946,323,120.0,0.182,16,1,77,6,Layer 2 Down
146.8001396477553,5.544796543071742,-46.0,151,-1.67,6.92,-5.72,0.0932,325,11.7,0.00118,106.54460149679566,-3.435310738016113,29.0,107.0,2.05,-4.59,-6.52,0.109,324,8.31,0.000347,56.870335912142394,-21.452468584266445,4.0,32.5,4.0,4.0,0,0,0,0,-1736.0,57.4,0.37,-1736.0,57.3,4.0,17.7,0.774,319,120.0,0.149,16,1,77,6,Layer 2 Down
156.0449611016021,31.621278322674335,72.7,150,-1.32,8.18,-4.15,0.0818,326,12.7,0.0009,114.56601998819582,-4.274644279966895,-14.8,107.0,1.22,-4.05,-7.71,0.123,324,8.49,0.000828,-3.6672637560919057,-10.723519720918636,4.0,32.5,4.0,4.0,0,0,0,0,-1726.0,57.3,12.12,-1726.0,57.3,4.0,20.6,1.02,317,119.0,0.196,16,1,77,6,Layer 2 Down
109.9182537543219,-5.209109196101261,29.0,150,-0.84,9.35,-3.68,0.082,326,12.6,0.000823,134.9875448306824,0.5698512148787285,-39.8,106.0,0.45,-3.33,-7.0,0.136,324,11.3,0.00115,8.268773205483775,-0.8092827761186534,4.0,32.5,4.0,4.0,0,0,0,0,-1726.0,57.3,11.81,-1726.0,57.3,4.000000954,21.1,0.918,318,118.0,0.178,16,1,2,6,Layer 2 Down
130.76766212836472,-19.687284732828818,35.3,149,-0.25,10.39,-6.15,0.108,326,12.7,0.00095,58.818176389535076,6.920793224134315,35.3,106.0,-0.24,-2.44,-6.65,0.0969,324,11.2,0.000831,12.955279394504402,17.64148430728674,4.0,32.5,4.0,4.0,0,0,0,0,-1716.0,57.2,-76.6,-1716.0,57.3,3.999999046,21.8,0.919,320,119.0,0.176,16,1,77,6,Layer 2 Down
144.11387825125752,11.156550642245437,79.0,149,0.44,11.29,-5.03,0.0801,326,10.1,0.00058,132.02879610661515,-0.71148198590078,-14.8,106.0,-0.83,-1.4,-7.34,0.13,324,13.2,0.00124,31.3008427327422,3.6264892389728782,4.0,32.5,4.0,4.0,0,0,0,0,-1716.0,57.4,46.5,-1706.0,57.3,4.0,17.5,0.986,316,118.0,0.187,16,1,77,6,Layer 2 Down
131.16831734957012,-7.212623897652854,29.0,149,1.21,12.02,-6.02,0.105,326,10.5,0.000617,105.22136365155396,11.30171019932331,29.0,105.0,-1.31,-0.24,-7.5,0.132,324,14.1,0.00149,25.574022221974275,23.892454423591012,4.0,32.5,4.0,4.0,0,0,0,0,-1706.0,57.3,7.19,-1706.0,57.3,4.0,23.5,0.927,318,117.0,0.179,16,1,77,6,Layer 2 Down
160.88181980245284,17.16957081873293,16.5,149,2.04,12.57,-4.18,0.0854,326,8.49,0.000397,99.55320123882603,-7.778534192658564,-46.0,105.0,-1.67,1.01,-7.16,0.132,324,13.7,0.00171,58.99697216093549,27.038463406166542,16.5,32.5,4.0,4.0,0,0,0,0,-1696.0,57.4,5.25,-1696.0,57.3,4.0,16.8,0.773,319,120.0,0.149,16,1,77,6,Layer 2 Down
181.21897300365214,-0.26432846524966225,97.7,148,2.92,12.92,-5.57,0.0972,326,7.23,0.000263,64.67918610629212,-18.698733365696437,-2.25,104.0,-1.9,2.34,-8.27,0.151,324,16.3,0.00191,50.57353553134235,24.982586019526156,4.0,32.5,4.0,4.0,0,0,0,0,-1696.0,57.4,63.3,-1696.0,57.3,4.000000954,19.3,0.924,316,120.0,0.178,16,1,77,6,Layer 2 Down
128.43058103856822,-3.499925693037248,91.5,148,3.82,13.07,-4.72,0.0877,326,4.84,5.43e-05,116.84577406745089,23.08036856057707,-52.3,103.4,-2.0,3.701,-7.71,0.143,324,15.7,0.0018,41.87952413769389,25.094047306000466,4.0,32.5,4.0,4.0,0,0,0,0,-1686.0,57.3,-35.4,-1686.0,57.3,3.999999046,23.6,1.07,318,115.0,0.206,16,1,77,6,Layer 2 Down
134.07133503534698,2.0586913307828043,66.5,148,4.0,4.0,-3.68,0.0713,326,3.51,0.0,38.47433721640384,-9.65523208529418,41.5,102.9,-2.0,4.0,-5.67,0.0886,324,13.0,0.00114,35.25796014987507,-14.144887965951835,10.25,32.5,4.0,4.0,0,0,0,0,-1686.0,57.4,13.69,-1686.0,57.3,4.0,14.1,0.805,318,118.0,0.153,16,1,77,6,Layer 2 Down
151.91596984735781,13.055185862082103,72.7,148,4.0,4.0,-7.15,0.0676,326,2.28,1.02e-05,119.73064796679398,-9.377011702971842,29.0,102.3,-2.0,4.0,-4.42,0.0876,324,14.2,0.0011,39.947021312523546,12.444955198553814,4.0,32.5,4.0,4.0,0,0,0,0,-1676.0,57.3,-2.5,-1676.0,57.3,4.0,24.2,1.01,317,120.0,0.194,16,1,79,6,Layer 2 Down
174.79603304708772,1.4774147609791757,66.5,148,4.0,4.0,-3.67,0.0639,326,3.61,2.92e-05,61.91813725055962,-3.1531319679105216,-46.0,101.7,-2.0,4.0,-4.51,0.112,324,15.0,0.00147,16.17569968821148,-6.630290433410133,4.0,32.5,4.0,4.0,0,0,0,0,-1676.0,57.3,-3.5,-1676.0,57.3,4.0,21.3,0.93,317,117.0,0.179,16,1,79,6,Layer 2 Down
127.66950892694247,-1.6623732591120453,91.5,148,4.0,4.0,-4.73,0.0637,326,2.04,0.0,102.62885382738675,-1.2494239320985698,-14.8,101.1,-2.0,4.0,-7.56,0.135,324,15.0,0.0018,48.73392770812025,-24.85467667313188,4.0,32.5,4.0,4.0,0,0,0,0,-1666.0,57.4,17.1,-1666.0,57.3,4.000000954,17.3,0.728,319,120.0,0.139,16,1,2,6,Layer 2 Down
152.14196094395174,1.763385219685198,47.8,148,4.0,4.0,-4.52,0.0603,326,2.32,3.74e-05,97.41478679237527,-6.89577879620503,-14.8,100.5,-2.0,4.0,-8.73,0.143,324,15.1,0.00183,11.440004680769988,-1.0300502839649353,4.0,32.5,4.0,4.0,0,0,0,0,-1666.0,57.2,-18.3,-1666.0,57.3,3.999999046,23.5,1.05,317,119.0,0.202,16,1,79,6,Layer 2 Down
178.29178513321966,-10.846495315639382,47.8,148,4.0,4.0,-4.62,0.0667,326,1.72,3.03e-05,131.2600880994636,-2.0707295412574074,10.25,99.9,-2.0,4.0,-8.4,0.144,324,15.6,0.00179,48.320445555479395,27.179696348911783,4.0,32.5,4.0,4.0,0,0,0,0,-1656.0,57.5,58.3,-1656.0,57.3,4.0,16.5,0.841,317,115.0,0.157,16,1,79,6,Layer 2 Down
120.52799386210638,8.890807126600302,60.3,148,4.243,13.07,-2.32,0.0351,326,1.35,4.98e-06,94.72480191371183,-2.433427267476798,91.5,99.4,-2.0,4.341,-7.65,0.133,324,16.1,0.0017,54.96327468051781,12.061872029574115,4.0,32.5,4.0,4.0,0,0,0,0,-1656.0,57.4,0.75,-1656.0,57.3,4.0,17.9,0.772,318,120.0,0.148,16,1,79,6,Layer 2 Down
126.69329729317437,-16.047123721841995,-33.5,148,5.14,12.91,3.93,0.0737,326,5.88,0.000173,80.34666539962302,0.24337719094552646,-58.5,98.8,-1.89,5.7,-4.73,0.117,324,15.0,0.00151,36.49337302949815,39.30678899842343,4.0,32.5,4.0,4.0,0,0,0,0,-1646.0,57.3,14.3,-1646.0,57.3,4.0,20.5,1.01,317,120.0,0.194,16,1,79,6,Layer 2 Down
141.95458826090217,0.7808057724322577,41.5,149,5.98,12.57,6.04,0.104,326,8.6,0.000381,84.75923183939877,-31.59800970570952,60.3,98.3,-1.66,6.97,-5.3,0.0901,324,13.9,0.00111,29.162861048578637,7.101099356160248,4.0,32.5,4.0,4.0,0,0,0,0,-1646.0,57.3,-5.62,-1646.0,57.3,3.999999046,20.7,1.03,322,118.0,0.2,16,1,79,6,Layer 2 Down
140.3415899109475,15.724087903143378,-27.3,149,6.85,12.0,4.33,0.0794,326,8.36,0.000483,131.7223425662757,22.34366401453736,-21.0,97.7,-1.28,8.28,-6.99,0.133,324,13.5,0.00151,40.081105484062846,46.855634324035904,10.25,32.5,4.0,4.0,0,0,0,0,-1636.0,57.2,-75.9,-1636.0,57.3,3.999999046,21.3,0.913,319,119.0,0.175,16,1,79,6,Layer 2 Down
162.51515902874573,11.261340785070534,10.25,149,7.61,11.26,3.81,0.0807,326,9.85,0.000659,111.5344537695164,-2.394808652600647,10.25,97.2,-0.79,9.44,-5.71,0.0931,324,12.1,0.000868,-21.691695379008863,7.106192557270095,4.0,32.5,4.0,4.0,0,0,0,0,-1636.0,57.4,-42.1,-1626.0,57.3,4.0,18.9,0.993,315,118.0,0.19,16,1,79,6,Layer 2 Down
153.01927685008903,15.007286403663278,22.8,150,8.26,10.4,5.16,0.0988,326,12.5,0.000839,86.49266011194128,6.801228747597484,-33.5,96.7,-0.22,10.43,-4.99,0.111,324,12.1,0.00105,38.2241936564572,4.3933508705484705,4.0,32.5,4.0,4.0,0,0,0,0,-1626.0,57.3,0.5,-1626.0,57.3,4.0,21.7,0.972,322,118.0,0.188,16,1,79,6,Layer 2 Down
120.4788869183701,8.085600991023348,-14.8,150,8.87,9.32,5.1,0.0927,326,12.0,0.001,90.08012412763469,-17.0480598234988,-2.25,96.3,0.5,11.35,-5.21,0.116,324,11.6,0.000838,30.353291670215093,-18.386235546606066,4.0,32.5,4.0,4.0,0,0,0,0,-1616.0,57.4,5.88,-1616.0,57.3,4.0,17.4,0.771,318,118.0,0.148,16,1,79,6,Layer 2 Down
158.5722895905454,23.09653814966221,54.0,150,9.33,8.2,6.57,0.108,326,11.6,0.00125,54.21158957703344,-4.88330653449087,-27.3,96.0,1.24,12.04,-5.0,0.0985,325,9.66,0.000617,31.541200186213743,23.432164848070713,-2.25,32.5,4.0,4.0,0,0,0,0,-1616.0,57.1,-88.4,-1616.0,57.3,3.999999046,25.6,1.04,322,120.0,0.198,16,1,79,6,Layer 2 Down
141.39439141245506,20.566812811176284,4.0,151,9.69,6.88,5.23,0.0923,326,12.7,0.00105,106.1833618177282,-6.392151539442062,16.5,95.8,2.11,12.6,-4.84,0.0935,324,8.01,0.000401,45.88037704541372,-4.785976627811138,4.0,32.5,4.0,4.0,0,0,0,0,-1606.0,57.3,-32.8,-1606.0,57.3,3.999999046,23.2,1.05,317,115.0,0.203,16,1,2,6,Layer 2 Down
173.19656597926183,15.212927427087024,60.3,152,9.91,5.56,5.53,0.104,326,13.0,0.00126,48.66263384938002,21.55808591813553,10.25,95.7,2.99,12.94,-5.06,0.0942,324,7.05,0.000196,31.08401935713934,-7.321770429855002,4.0,32.5,4.0,4.0,0,0,0,0,-1606.0,57.4,16.9,-1606.0,57.3,4.0,14.2,0.804,317,117.0,0.152,16,1,79,6,Layer 2 Down
141.56198385698943,20.65026504951383,-27.3,152,10.0,4.192,5.81,0.105,326,14.7,0.00133,115.69444823091888,-3.5919515328345195,16.5,95.6,3.891,13.07,-6.6,0.117,325,6.56,5.63e-05,10.906658754903287,26.443439427256024,10.25,32.5,4.0,4.0,0,0,0,0,-1596.0,57.3,8.38,-1596.0,57.3,4.0,23.7,1.0,316,121.0,0.194,16,1,79,6,Layer 2 Down
142.41183465873962,18.968772984001397,-2.25,153,10.0,4.0,4.73,0.0701,326,11.4,0.00091,99.03787188307928,13.59800601340706,4.0,95.6,4.0,4.0,-4.99,0.0924,325,5.3,1.47e-05,29.822103347923793,24.291098451026897,10.25,32.5,4.0,4.0,0,0,0,0,-1596.0,57.3,-6.6,-1596.0,57.3,4.0,23.7,0.943,317,116.0,0.183,16,1,79,6,Layer 2 Down
162.00008391042792,4.985544625144271,60.3,153,10.0,4.0,5.04,0.0897,326,11.9,0.00115,159.39982022519206,-4.209934998348153,4.0,95.6,4.0,4.0,-5.03,0.094,325,4.75,1.5e-05,33.77937190714618,23.833163902853926,22.8,32.5,4.0,4.0,0,0,0,0,-1586.0,57.4,22.3,-1586.0,57.3,4.000000954,17.2,0.718,317,119.0,0.137,16,1,81,6,Layer 2 Down
166.68896922933658,-5.913133552519952,4.0,154,10.0,4.0,5.61,0.107,326,13.9,0.00135,66.19494432879554,-1.7305817056529076,-2.25,95.6,4.0,4.0,-4.89,0.0909,324,4.56,1.44e-05,34.67662888003653,-2.3374697962680298,10.25,32.5,4.0,4.0,0,0,0,0,-1586.0,57.3,-15.4,-1586.0,57.3,3.999999046,24.7,1.05,316,118.0,0.203,16,1,81,6,Layer 2 Down
161.45277451014036,14.789981077519142,-64.7,155,10.0,4.0,5.29,0.0946,326,14.5,0.0012,92.85598859872083,0.8911038376013338,-2.25,95.6,4.0,4.0,-5.24,0.0918,324,4.13,1.46e-05,35.56644371727921,3.108045514273635,4.0,32.5,4.0,4.0,0,0,0,0,-1576.0,57.5,56.0,-1576.0,57.3,4.0,15.2,0.846,315,117.0,0.16,16,1,81,6,Layer 2 Down
126.9651984974587,16.46749173176986,-8.5,155,10.0,4.0,5.56,0.0871,326,12.2,0.00106,143.66566770746903,20.254687447071166,-2.25,95.6,4.0,4.0,-5.18,0.0903,324,4.3,1.43e-05,52.18366558716728,2.9526926478722384,4.0,32.5,4.0,4.0,0,0,0,0,-1576.0,57.4,3.188,-1576.0,57.3,4.0,17.9,0.76,317,120.0,0.146,16,1,81,6,Layer 2 Down
164.9485718619449,22.944929487262847,35.3,156,10.0,4.0,3.28,0.0791,326,13.7,0.001,127.44414736917459,-19.92731307818822,-2.25,95.6,4.0,4.0,-4.74,0.0905,324,4.64,1.44e-05,11.93257877214537,17.717177606669743,16.5,32.5,4.0,4.0,0,0,0,0,-1566.0,57.3,17.5,-1566.0,57.3,4.0,20.4,0.991,316,119.0,0.192,16,1,81,6,Layer 2 Down
138.79742105536803,-1.033392305932951,41.5,156,10.0,4.0,5.57,0.104,326,14.0,0.00133,76.99124395501471,-12.682538693397072,-14.8,95.6,4.0,4.0,-4.98,0.0893,324,4.28,1.43e-05,35.8274312329868,31.208628303935093,10.25,32.5,4.0,4.0,0,0,0,0,-1566.0,57.4,14.6,-1566.0,57.3,4.000000954,23.7,0.906,315,115.0,0.175,16,1,81,6,Layer 2 Down
160.9131048789875,-0.7721306407637929,-27.3,157,10.0,4.0,6.37,0.111,325,14.2,0.0014,101.58633020954808,-20.65471587723965,-2.25,95.6,4.0,4.0,-4.59,0.0899,324,4.91,2.88e-05,56.928806055645595,10.44167527804768,4.0,32.5,4.0,4.0,0,0,0,0,-1556.0,57.2,-63.4,-1556.0,57.3,3.999999046,22.1,0.904,318,118.0,0.173,16,1,2,6,Layer 2 Down
133.32049370446802,15.434622522907686,-21.0,158,10.0,4.0,5.04,0.0809,326,12.9,0.000997,95.65343994791658,-9.818800212223774,-21.0,95.6,4.0,4.0,-4.59,0.0895,325,4.74,2.82e-05,-0.3502304319087486,38.58082267916952,10.25,32.5,4.0,4.0,0,0,0,0,-1556.0,57.4,49.8,-1546.0,57.3,4.0,18.4,0.992,315,118.0,0.189,16,1,81,6,Layer 2 Down
165.423215903055,9.293664952988932,47.8,158,10.0,4.0,4.33,0.0896,326,12.5,0.00113,103.13627855174803,-6.325620391016762,-21.0,95.6,4.0,4.0,-4.35,0.0893,325,4.83,1.42e-05,35.90216519397714,19.698734703985508,4.0,32.5,4.0,4.0,0,0,0,0,-1546.0,57.3,3.75,-1546.0,57.3,4.0,24.0,0.93,316,118.0,0.179,16,1,81,6,Layer 2 Down
145.58467242371498,-12.210956233295388,10.25,159,10.0,4.0,6.9,0.107,326,12.2,0.00139,76.92526755728882,-16.440851957904425,-2.25,95.6,4.0,4.0,-4.5,0.088,324,5.3,1.41e-05,21.4140486422152,-0.1084221243148189,10.25,32.5,4.0,4.0,0,0,0,0,-1536.0,57.4,9.0,-1536.0,57.3,4.0,17.8,0.769,318,118.0,0.148,16,1,81,6,Layer 2 Down
137.66726088759776,14.3581688550181,-8.5,159,10.0,4.0,4.77,0.0996,326,13.9,0.00122,93.21259291630193,-5.320001329844745,-14.8,95.6,4.0,4.0,-4.99,0.0887,324,4.39,0.0,25.479452992819688,18.525447449848222,16.5,32.5,4.0,4.0,0,0,0,0,-1536.0,57.4,66.1,-1536.0,57.3,4.000000954,18.7,0.938,315,120.0,0.181,16,1,81,6,Layer 2 Down
171.8722340314644,-11.699168973691592,-2.25,160,10.0,4.0,4.98,0.0819,325,12.3,0.00103,52.886337214142806,-21.55818124265476,-21.0,95.6,4.0,4.0,-4.94,0.0883,324,4.15,1.38e-05,15.364673138857928,33.87483334493422,10.25,32.5,4.0,4.0,0,0,0,0,-1526.0,57.3,-33.6,-1526.0,57.3,3.999999046,23.5,1.05,316,114.0,0.202,16,1,81,6,Layer 2 Down
164.0190240750352,-0.908397242723213,54.0,161,10.0,4.0,4.91,0.1,325,12.8,0.0013,99.21165731915067,-8.913695204500799,-14.8,95.6,4.0,4.0,-5.24,0.0882,324,4.11,4.22e-05,29.28903311174335,38.965229364831515,4.0,32.5,4.0,4.0,0,0,0,0,-1526.0,57.4,18.5,-1526.0,57.3,4.0,15.4,0.811,317,116.0,0.154,16,1,81,6,Layer 2 Down
150.78835717363356,25.784590914034634,-21.0,161,10.0,4.0,7.39,0.1,326,13.0,0.00128,107.62841132655372,19.248451898803566,29.0,95.6,4.0,4.0,-5.03,0.0741,325,6.79,-1.16e-05,67.36986643681834,24.74273101438422,-2.25,32.5,4.0,4.0,0,0,0,0,-1516.0,57.3,-19.9,-1516.0,57.3,4.0,22.4,0.915,322,120.0,0.177,16,1,81,6,Layer 2 Down
186.13596091865645,31.26548060474857,-33.5,162,10.0,4.0,6.39,0.118,326,14.8,0.0015,89.52140316993894,9.059804759696814,-27.3,95.6,4.0,4.0,-3.84,0.0871,324,4.96,2.77e-05,8.554102718035317,4.449240909824572,4.0,32.5,4.0,4.0,0,0,0,0,-1516.0,57.3,-5.37,-1516.0,57.3,4.0,24.1,0.945,317,115.0,0.183,16,1,81,6,Layer 2 Down
154.6710828007911,-4.316062154099521,-33.5,162,10.0,4.0,4.69,0.088,326,13.7,0.00111,52.43199112263652,6.323517143084189,-21.0,95.6,4.0,4.0,-4.59,0.0866,325,4.41,2.77e-05,10.349819302629712,0.23339158247875957,10.25,32.5,4.0,4.0,0,0,0,0,-1506.0,57.4,27.8,-1506.0,57.3,4.000000954,18.5,0.714,317,118.0,0.136,16,1,81,6,Layer 2 Down
163.53401382239977,6.179080471624509,60.3,163,10.0,4.0,4.14,0.0923,326,14.8,0.00116,122.0220480480818,-8.64612017081675,35.3,95.6,4.0,4.0,-5.48,0.0765,325,6.26,-4.83e-05,7.843844594218254,14.05482453490215,-8.5,32.5,4.0,4.0,0,0,0,0,-1506.0,57.3,-10.3,-1506.0,57.3,4.0,19.0,0.897,321,119.0,0.173,16,1,81,6,Layer 2 Down
167.47255999358745,3.700888268806021,-596.0,164,9.5,879.0,3.53,0.16,326,3.97,0.000259,105.34323482178127,-15.398281089077901,29.0,95.6,3.9601,-5.21,-4.45,0.0747,324,7.2,-4.69e-05,65.2140047602721,33.29050936374618,-2.25,32.5,4.0,4.0,0,0,0,0,-1496.0,57.3,-15.0,-1496.0,57.3,4.0,23.6,1.04,321,118.0,0.2,16,1,2,6,Layer 2 Down
153.6937356971264,30.962493143577788,54.0,164,9.87,1.22,4.05,0.0791,326,12.5,0.000986,76.19465100117824,-11.552787900416192,10.25,95.6,2.76,-9.5,-7.28,0.135,324,9.17,0.000302,23.74416856972728,11.614911657446813,10.25,32.5,4.0,4.0,0,0,0,0,-1496.0,57.4,1.62,-1496.0,57.3,4.0,20.0,0.777,317,118.0,0.149,16,1,81,6,Layer 2 Down
172.835923995538,3.63793852189042,-21.0,165,9.43,-1.77,4.58,0.0768,326,12.5,0.000856,87.89994990825846,1.1029229295971315,-33.5,95.4,1.46,-8.5,-3.77,0.0777,324,8.33,0.000351,32.01444514119394,11.97820961382915,16.5,32.5,4.0,4.0,0,0,0,0,-1486.0,57.3,17.8,-1486.0,57.3,4.0,22.9,1.02,317,117.0,0.197,16,1,81,6,Layer 2 Down
156.12763736060595,3.1757889992269046,-27.3,165,8.72,-4.45,5.38,0.0835,326,11.2,0.000823,54.989245299373884,11.461935014867306,41.5,95.0,0.29,-6.8,-3.47,0.0697,324,10.7,0.000501,24.872059995713855,4.899338273912885,4.0,32.5,4.0,4.0,0,0,0,0,-1486.0,57.4,16.4,-1486.0,57.3,4.000000954,23.3,0.913,316,115.0,0.176,16,1,81,6,Layer 2 Down
159.15364438757229,25.900200452742695,4.0,166,7.71,-6.8,7.9,0.102,326,10.3,0.000795,67.19224848151548,10.824820658999734,4.0,94.6,-0.72,-4.54,-9.06,0.155,324,15.0,0.00148,14.61443355731927,-1.7373014149377113,-2.25,32.5,4.0,4.0,0,0,0,0,-1476.0,57.3,21.1,-1476.0,57.3,4.000000954,23.1,0.919,322,120.0,0.177,16,1,81,6,Layer 2 Down
188.66342947499155,2.3155800756874623,22.8,166,6.59,-8.4,5.21,0.0948,326,9.26,0.000502,79.82506908653168,6.354145936465914,-52.3,94.1,-1.41,-1.99,-2.78,0.0659,324,11.1,0.000727,28.046695648486047,1.1880378488705148,16.5,32.5,4.0,4.0,0,0,0,0,-1476.0,57.4,51.6,-1466.0,57.3,4.0,15.2,1.0,317,121.0,0.191,16,1,81,6,Layer 2 Down
148.69300554312687,13.967117552026933,22.8,166,5.29,-9.4,5.0,0.105,326,6.88,0.000319,126.43393782746172,-11.118163964897308,29.0,93.5,-1.86,0.98,-5.15,0.0945,324,13.1,0.00115,79.05444118109409,6.39462755414411,10.25,32.5,4.0,4.0,0,0,0,0,-1466.0,57.3,5.63,-1466.0,57.3,4.0,31.2,0.958,317,110.0,0.184,16,1,81,6,Layer 2 Down
125.87071351549731,-13.233981335006856,41.5,166,4.0,3.469,2.21,0.0736,326,3.31,3.42e-05,75.90698564616821,-1.3691760195481406,160.0,93.0,4.0,421.0,0.864,0.0368,324,5.78,8.6e-05,58.86316582261154,34.06259902398719,4.0,32.5,4.0,4.0,0,0,0,0,-1456.0,57.4,9.81,-1456.0,57.3,4.0,18.9,0.781,319,118.0,0.15,16,1,81,6,Layer 2 Down
192.79305337192147,1.9377194835948321,-27.3,166,4.0,4.0,1.66,0.0415,326,6.32,-3.51e-05,109.61199881714336,-5.88849882439208,-14.8,92.4,-2.0,4.0,-7.92,0.128,325,15.8,0.00159,16.346985963116772,-0.19441197850421776,4.0,32.5,4.0,4.0,0,0,0,0,-1456.0,57.3,-21.1,-1456.0,57.3,4.0,25.1,0.948,321,117.0,0.182,16,1,81,6,Layer 2 Down
208.40034222829826,-15.503129501044445,-8.5,166,4.0,4.0,1.38,0.0386,326,6.5,-2.7e-05,77.5115749915824,-4.367251732172637,-27.3,91.8,-2.0,4.0,-6.81,0.121,325,15.1,0.00145,44.763817312911094,4.895584218267255,-8.5,32.5,4.0,4.0,0,0,0,0,-1446.0,57.4,42.4,-1446.0,57.3,4.000000954,18.8,0.717,323,118.0,0.136,16,1,82,6,Layer 2 Down
159.2595743391546,-8.40316999549961,-8.5,166,4.0,4.0,3.04,0.0433,326,3.53,-2.16e-05,97.92728497929795,24.141956181326716,91.5,91.2,-2.0,4.0,-6.15,0.0996,325,14.9,0.00122,16.7525460371377,-11.167018314448345,-2.25,32.5,4.0,4.0,0,0,0,0,-1446.0,57.1,-68.7,-1446.0,57.3,3.999999046,28.6,1.1,321,117.0,0.21,16,1,2,6,Layer 2 Down
133.78657070028908,13.812065490249843,-21.0,166,4.0,4.0,3.05,0.0378,326,4.55,-1.06e-05,87.02069971457504,-24.658581101906623,4.0,90.8,-2.0,4.0,-4.53,0.0952,325,14.5,0.00127,-1.1410120484730228,16.514312290707654,-8.5,32.5,4.0,4.0,0,0,0,0,-1436.0,57.4,37.1,-1436.0,57.3,4.0,17.9,0.865,321,116.0,0.165,16,1,82,6,Layer 2 Down
160.83604028518639,3.4135254522743326,-8.5,166,4.0,4.0,1.94,0.0351,326,5.31,-1.51e-05,113.53555882539278,-5.251229328346699,-14.8,90.2,-2.0,4.0,-8.0,0.121,325,12.1,0.00161,51.80759056553309,27.863583746091134,-14.8,32.5,4.0,4.0,0,0,0,0,-1436.0,57.4,18.9,-1436.0,57.3,4.0,19.7,0.752,322,119.0,0.144,16,1,84,6,Layer 2 Down
161.2395489115369,0.19995635156342573,-27.3,166,4.0,4.0,1.37,0.0438,326,6.26,-2.87e-05,75.30525502910069,13.241881461549859,-21.0,89.6,-2.0,4.0,-9.2,0.164,325,15.1,0.00209,54.46994393380839,32.39978753577272,-2.25,32.5,4.0,4.0,0,0,0,0,-1426.0,57.2,-36.4,-1426.0,57.3,4.0,24.2,1.04,321,118.0,0.199,16,1,84,6,Layer 2 Down
162.84119265690333,-4.899101410125789,-58.5,166,4.0,4.0,2.77,0.0524,326,5.52,-2.08e-05,46.968560711154595,-20.55956578028757,-2.25,89.0,-2.0,4.0,-7.81,0.143,325,17.2,0.00178,52.31023275322182,7.5333878557773435,-2.25,32.5,4.0,4.0,0,0,0,0,-1426.0,57.4,31.6,-1426.0,57.3,4.000000954,22.1,0.87,322,118.0,0.168,16,1,84,6,Layer 2 Down
147.48216514783624,1.3569099963118338,-27.3,166,4.0,4.0,-2.21,0.0498,326,11.0,-1.65e-05,51.46247165229046,-9.970448191833174,-14.8,88.4,-2.0,4.0,-7.84,0.143,325,16.2,0.00183,23.601649138113572,14.024812323917285,-8.5,32.5,4.0,4.0,0,0,0,0,-1416.0,57.3,-44.4,-1416.0,57.3,3.999999046,21.4,0.945,322,116.0,0.182,16,1,84,6,Layer 2 Down
175.63924267103283,7.488599831484764,-33.5,166,4.0,4.0,0.827,0.0411,326,6.89,-2.9e-05,73.58367250590025,-8.378125222212622,22.8,87.8,-2.0,4.0,-8.13,0.133,324,15.3,0.00162,29.341585967757293,1.3132403378705564,4.0,32.5,4.0,4.0,0,0,0,0,-1416.0,57.3,-18.4,-1416.0,57.3,4.0,20.6,1.02,321,116.0,0.195,16,1,84,6,Layer 2 Down
174.72359014878964,15.475963234318233,-33.5,166,4.0,4.0,2.22,0.0419,326,5.54,-1.83e-05,53.814406879113236,-4.477058004336289,66.5,87.2,-2.0,4.0,-5.41,0.0971,325,15.2,0.00117,46.69912830686649,13.214051207480374,-2.25,32.5,4.0,4.0,0,0,0,0,-1406.0,57.3,-2.0,-1406.0,57.3,4.0,24.8,0.886,321,120.0,0.17,16,1,84,6,Layer 2 Down
141.14509279065726,-26.92500800001992,-58.5,166,4.0,4.0,1.38,0.0419,326,6.16,-2.32e-05,97.56438263195793,-22.026319489939336,110.0,86.6,-2.0,4.0,-3.98,0.0632,325,14.4,0.000711,39.91418759345979,9.493631632469533,4.0,32.5,4.0,4.0,0,0,0,0,-1406.0,57.4,9.88,-1406.0,57.3,4.0,19.6,0.814,322,118.0,0.157,16,1,84,6,Layer 2 Down
177.62901802353596,-5.8496305132438975,-39.8,166,4.0,4.0,3.88,0.0389,326,4.01,-1.07e-05,73.55068066734009,5.35688170806892,16.5,86.0,-2.0,4.0,-2.06,0.0548,324,13.5,0.000637,25.045257735478987,5.019486010798687,4.0,32.5,4.0,4.0,0,0,0,0,-1396.0,57.3,18.2,-1396.0,57.3,4.000000954,24.3,0.904,321,118.0,0.174,16,1,84,6,Layer 2 Down
200.14019197976882,5.744655655448679,-58.5,166,4.0,4.0,3.61,0.0401,326,4.79,-1.51e-05,148.86984929661878,6.3058239953420445,-27.3,85.4,-2.0,4.0,-3.74,0.0833,324,14.1,0.00108,1.8378704853486028,6.38535680348317,-2.25,32.5,4.0,4.0,0,0,0,0,-1386.0,57.3,-22.4,-1386.0,57.3,3.999999046,23.3,1.01,320,117.0,0.196,16,1,84,6,Layer 2 Down
168.8600388339865,2.7631876194500107,-39.8,166,4.0,4.0,2.22,0.0453,326,5.51,-2.34e-05,38.35336509424643,4.616510012993699,47.8,84.8,-2.0,4.0,-5.52,0.103,324,15.2,0.00126,34.65657879280094,11.882548120250133,-2.25,32.5,4.0,4.0,0,0,0,0,-1386.0,57.5,43.7,-1386.0,57.3,4.0,15.4,0.803,321,115.0,0.154,16,1,2,6,Layer 2 Down
160.38961852699472,8.865367608543341,72.7,166,4.0,4.0,0.84,0.0507,326,3.04,1.43e-05,89.64282469209843,-12.949749767404393,-21.0,84.1,-2.0,4.0,-6.61,0.101,324,13.6,0.0012,52.93438277086459,-1.1219569408330052,16.5,32.5,4.0,4.0,0,0,0,0,-1376.0,57.4,59.4,-1376.0,57.3,4.0,19.7,0.961,318,114.0,0.184,16,1,84,6,Layer 2 Down
163.63820700971795,7.044060489012831,-58.5,166,4.0,4.0,2.21,0.0395,326,6.01,-2.29e-05,53.451423001097396,-1.0046919790712308,41.5,83.6,-2.0,4.0,-4.39,0.0775,325,14.7,0.000953,9.819963964961651,-0.24310799185143317,4.0,32.5,4.0,4.0,0,0,0,0,-1376.0,57.3,-16.4,-1376.0,57.3,4.0,22.7,0.935,321,119.0,0.181,16,1,84,6,Layer 2 Down
176.2329311735142,0.5672760062238211,85.2,166,4.0,4.0,1.94,0.0509,326,1.82,3.68e-05,69.81208526250812,-13.587759836438757,-39.8,83.0,-2.0,4.0,-7.08,0.131,324,14.3,0.00169,44.596883316898214,33.87471027188724,4.0,32.5,4.0,4.0,0,0,0,0,-1366.0,57.3,-33.3,-1366.0,57.3,3.999999046,22.9,1.07,320,114.0,0.205,16,1,84,6,Layer 2 Down
137.215524356816,-2.016435095609739,91.5,166,4.0,4.0,0.278,0.0449,326,2.86,1.28e-05,86.1799410013552,-6.2109867100031515,-8.5,82.4,-2.0,4.0,-8.71,0.144,324,15.2,0.00184,38.77876680291701,51.428019804394786,4.0,32.5,4.0,4.0,0,0,0,0,-1366.0,57.4,15.1,-1366.0,57.3,4.0,15.0,0.829,321,117.0,0.158,16,1,84,6,Layer 2 Down
168.73414099518277,1.264933436581356,85.2,166,4.0,4.0,0.824,0.0477,326,2.56,6.68e-06,19.64613677566946,25.31493044367722,-14.8,81.8,-2.0,4.0,-7.57,0.138,324,16.1,0.00169,46.70637609562121,-17.048511862384103,16.5,32.5,4.0,4.0,0,0,0,0,-1356.0,57.3,5.94,-1356.0,57.3,4.0,23.8,1.03,320,120.0,0.198,16,1,84,6,Layer 2 Down
159.5058158884165,17.69970685321388,97.7,166,4.0,4.0,1.39,0.0519,326,1.98,3.22e-05,87.53002462739448,-0.6884064670649204,-39.8,81.2,-2.0,4.0,-7.59,0.135,324,14.8,0.00166,49.01355139022539,-18.037703208358856,4.0,32.5,4.0,4.0,0,0,0,0,-1356.0,57.3,-2.88,-1356.0,57.3,4.0,22.0,0.953,320,117.0,0.184,16,1,84,6,Layer 2 Down
196.73296742666045,-4.502357621775701,60.3,166,4.0,4.0,4.44,0.0411,326,3.12,-1.76e-05,131.56200484649062,-17.48520395441639,-109.0,80.6,-2.0,4.0,-6.2,0.113,325,13.9,0.00154,19.348154030755225,-12.772862016207904,-2.25,32.5,4.0,4.0,0,0,0,0,-1346.0,57.4,10.81,-1346.0,57.3,4.000000954,18.5,0.74,321,119.0,0.141,16,1,84,6,Layer 2 Down
163.10316457613214,3.3619125159047245,54.0,166,4.0,4.0,1.1,0.0493,326,2.83,2.13e-05,67.98024042869353,0.25321511442148203,-64.7,80.1,-2.0,4.0,-6.2,0.135,324,14.6,0.00178,1.8778756867177364,2.192702280470863,4.0,32.5,4.0,4.0,0,0,0,0,-1346.0,57.3,-12.7,-1346.0,57.3,3.999999046,24.1,1.06,320,118.0,0.206,16,1,84,6,Layer 2 Down
193.7402542256235,6.029587704701412,-71.0,166,4.0,4.0,3.34,0.0404,326,5.33,-1.13e-05,86.44429378936046,-19.115008509359516,-8.5,79.4,-2.0,4.0,-7.3,0.122,324,14.0,0.00157,22.39615865595764,19.648994747542282,-2.25,32.5,4.0,4.0,0,0,0,0,-1336.0,57.5,55.8,-1336.0,57.3,4.0,15.7,0.964,321,116.0,0.186,16,1,84,6,Layer 2 Down
147.64261947177096,22.236818647536765,-64.7,166,3.99695,3.236,3.34,0.045,326,4.33,-1.77e-05,106.39469635623652,-12.055599878316128,41.5,79.0,2.0,-496.0,0.167,0.0538,325,3.62,2.75e-06,49.33837407721541,14.345498025406464,4.0,32.5,4.0,4.0,0,0,0,0,-1336.0,57.3,-14.9,-1336.0,57.3,4.0,21.7,1.01,320,115.0,0.194,16,1,84,6,Layer 2 Down
175.76727596921393,-0.6091407619951048,72.7,166,2.65,-9.4,-3.57,0.0583,326,7.73,0.000152,74.01775657603118,-15.00159863297302,-64.7,78.4,-1.85,7.03,-6.87,0.131,324,15.8,0.00164,22.235480736026247,6.985129268372351,-8.5,32.5,4.0,4.0,0,0,0,0,-1326.0,57.3,-3.5,-1326.0,57.3,4.0,25.0,0.89,320,119.0,0.171,16,1,2,6,Layer 2 Down
171.31225512932056,12.737634371672224,29.0,166,1.36,-8.4,-6.12,0.0986,326,9.91,0.000506,62.37176202178924,-6.725375774924363,129.0,77.8,-1.39,10.0,-4.38,0.0682,325,13.8,0.000696,19.356144353529036,13.230094169448495,-8.5,32.5,4.0,4.0,0,0,0,0,-1326.0,57.4,15.7,-1326.0,57.3,4.0,19.5,0.81,321,117.0,0.157,16,1,86,6,Layer 2 Down
151.546033540194,14.6778860079821,-52.3,166,0.2,-6.7,-4.8,0.0888,326,11.6,0.000714,16.572808825343692,11.392909203474094,110.0,77.3,-0.65,12.65,-5.23,0.0904,324,14.4,0.000874,-1.9928985741793923,-8.134835668649204,-2.25,32.5,4.0,4.0,0,0,0,0,-1316.0,57.3,18.0,-1316.0,57.3,4.000000954,25.7,0.917,320,117.0,0.176,16,1,86,6,Layer 2 Down
167.95044659235973,-1.469222737499556,-33.5,165,-0.75,-4.44,-5.09,0.11,326,14.4,0.00109,94.03276852541208,7.793065479036508,35.3,76.9,0.34,14.8,-5.16,0.0837,325,11.2,0.000605,65.69179893283291,-0.29655870780813,-8.5,32.5,4.0,4.0,0,0,0,0,-1306.0,57.3,-20.6,-1306.0,57.3,3.999999046,21.7,1.0,320,119.0,0.194,16,1,86,6,Layer 2 Down
185.16657511143032,-3.6763119827381203,16.5,165,-1.46,-1.76,-7.33,0.118,326,13.8,0.00128,73.57516967156046,8.201613011792052,4.0,76.6,1.51,16.5,-5.36,0.095,325,10.4,0.000467,48.13744010660965,3.648393951625753,4.0,32.5,4.0,4.0,0,0,0,0,-1306.0,57.5,35.3,-1306.0,57.3,4.0,16.1,0.802,320,114.0,0.154,16,1,86,6,Layer 2 Down
158.61470657064882,-5.746949026742106,29.0,164,-1.88,1.23,-5.22,0.0854,326,14.1,0.00105,49.33240371462351,-11.143419125325496,29.0,76.4,2.82,17.5,-8.64,0.109,325,6.45,0.000243,47.080360177557516,-23.71995848145363,4.0,32.5,4.0,4.0,0,0,0,0,-1296.0,57.2,-40.8,-1296.0,57.3,4.0,26.7,1.0,320,119.0,0.192,16,1,86,6,Layer 2 Down
134.85933049965843,-2.336363715134332,-1086.0,163,-2.0,-121.0,-17.0,0.22,326,18.8,0.00193,79.78374966694314,-2.9035491348164424,-21.0,76.4,4.0,4.0,-2.53,0.0542,325,2.59,-8.32e-06,50.82687146755649,-16.320122870291108,4.0,32.5,4.0,4.0,0,0,0,0,-1296.0,57.4,33.6,-1296.0,57.3,4.0,17.8,0.819,321,119.0,0.157,16,1,86,6,Layer 2 Down
162.70789562308826,7.838793905262558,-27.3,163,-2.0,4.0,-4.64,0.0834,326,12.9,0.00106,60.79905580001342,7.468789975324242,22.8,76.4,4.0,4.0,-1.26,0.0442,325,3.2,-6.88e-06,43.42175544907923,-15.624696381406935,-2.25,32.5,4.0,4.0,0,0,0,0,-1286.0,57.4,40.0,-1286.0,57.3,4.000000954,19.3,0.728,321,118.0,0.138,16,1,86,6,Layer 2 Down
146.99092750511213,0.7647662603352747,-14.8,162,-2.0,4.0,-6.09,0.104,326,14.1,0.00131,62.27592251612192,-3.9051222852403367,29.0,76.4,4.0,4.0,-1.45,0.0297,325,3.14,0.0,27.872877899181482,17.345047837617237,-2.25,32.5,4.0,4.0,0,0,0,0,-1286.0,57.2,-64.6,-1286.0,57.3,3.999999046,28.9,1.11,320,116.0,0.212,16,1,86,6,Layer 2 Down
156.30619628860944,1.0850605027849054,66.5,162,-2.0,4.0,-6.77,0.102,326,15.2,0.0012,92.60529864522785,0.5256189136123424,29.0,76.4,4.0,4.0,-0.429,0.0303,325,4.54,-3.98e-06,29.398620488571453,8.268118825229289,-2.25,32.5,4.0,4.0,0,0,0,0,-1276.0,57.4,47.7,-1276.0,57.3,4.0,15.6,0.851,319,117.0,0.162,16,1,86,6,Layer 2 Down
159.64303478383192,-15.103319865256093,97.7,161,-2.0,4.0,-4.43,0.0676,326,13.5,0.000846,40.62694532404784,9.638016380792156,35.3,76.4,4.0,4.0,-1.89,0.0303,325,2.64,3.99e-06,24.402747141867646,14.692094684327767,4.0,32.5,4.0,4.0,0,0,0,0,-1276.0,57.4,15.8,-1276.0,57.3,4.0,19.9,0.759,321,118.0,0.145,16,1,86,6,Layer 2 Down
132.63164605497036,-13.419679571728366,10.25,160,-2.0,4.0,-5.67,0.0835,326,12.7,0.00103,104.39324518514731,-0.39079035082315716,22.8,76.4,4.0,4.0,-2.58,0.0311,325,2.15,-4.09e-06,82.39696024942674,-28.21451773584019,-2.25,32.5,4.0,4.0,0,0,0,0,-1266.0,57.2,-36.0,-1266.0,57.3,4.0,24.3,1.06,319,118.0,0.202,16,1,2,6,Layer 2 Down
133.12842137821204,23.2392026044015,-8.5,160,-2.0,4.0,-6.23,0.101,326,12.8,0.0013,39.04184054570767,6.862127127702467,10.25,76.4,4.0,4.0,-2.45,0.0298,325,2.23,7.7e-06,43.02791265381447,-21.95883272552509,4.0,32.5,4.0,4.0,0,0,0,0,-1266.0,57.4,38.3,-1266.0,57.3,4.000000954,20.2,0.846,319,119.0,0.162,16,1,86,6,Layer 2 Down
167.0177204279633,-3.9397594336344235,60.3,159,-2.0,4.0,-5.7,0.0895,326,14.1,0.00108,58.6869356961483,24.215441064213778,29.0,76.4,4.0,4.0,-1.82,0.0321,325,2.6,-4.31e-06,23.716505021604128,15.579667883466483,-2.25,32.5,4.0,4.0,0,0,0,0,-1256.0,57.3,-46.3,-1256.0,57.3,3.999999046,22.6,0.95,320,115.0,0.183,16,1,86,6,Layer 2 Down
150.30615910594813,-11.004909225294336,79.0,159,-2.0,4.0,-5.23,0.0733,326,13.7,0.000874,127.79761159235152,1.824105879918879,10.25,76.4,4.0,4.0,-1.21,0.034,325,3.1,0.0,41.31562028366179,-44.620005494646705,4.0,32.5,4.0,4.0,0,0,0,0,-1256.0,57.3,-11.9,-1256.0,57.3,4.0,20.8,1.0,319,116.0,0.193,16,1,86,6,Layer 2 Down
115.34325287177063,14.61788715834808,-83.5,158,-2.0,4.0,-4.78,0.092,326,13.3,0.00118,106.53258631181393,18.88152646755966,-14.8,76.4,4.0,4.0,-0.941,0.0351,324,2.46,9.67e-06,13.356072413524078,25.428055067283182,4.0,32.5,4.0,4.0,0,0,0,0,-1246.0,57.3,9.5,-1246.0,57.3,4.0,21.2,1.02,322,118.0,0.197,16,1,86,6,Layer 2 Down
171.0535013017817,1.3417372198775774,-52.3,157,-2.0,4.0,-5.4,0.105,326,15.3,0.00138,79.00881563489537,11.057151438143979,-14.8,76.4,4.0,4.0,-2.33,0.0347,325,1.07,-9.47e-06,60.992485192954106,-27.928644897998197,-2.25,32.5,4.0,4.0,0,0,0,0,-1246.0,57.4,15.1,-1246.0,57.3,4.000000954,21.7,0.897,322,116.0,0.173,16,1,86,6,Layer 2 Down
161.53004519267745,4.894318930280255,35.3,157,-2.0,4.0,-5.71,0.107,326,15.4,0.00129,51.260967583823884,-14.551664361569875,16.5,76.4,4.0,4.0,-1.77,0.0362,325,2.91,4.12e-06,19.980613286016755,18.756498096941677,4.0,32.5,4.0,4.0,0,0,0,0,-1236.0,57.3,22.8,-1236.0,57.3,4.000000954,23.0,0.905,319,119.0,0.175,16,1,86,6,Layer 2 Down
144.1268564068582,-3.5222915856909207,79.0,156,-2.0,4.0,-5.51,0.0923,326,14.2,0.00112,62.25330544854174,-9.929091938461726,16.5,76.4,4.0,4.0,-3.04,0.032,325,0.969,4.35e-06,41.989601537165804,-11.548084122817208,-2.25,32.5,4.0,4.0,0,0,0,0,-1226.0,57.3,-18.4,-1226.0,57.3,3.999999046,21.6,1.01,319,118.0,0.194,16,1,86,6,Layer 2 Down
134.09852139724336,-5.924959263892684,-27.3,156,-2.0,4.0,-4.14,0.0809,326,14.3,0.00103,78.35854474243943,-6.5541083214066145,10.25,76.4,4.0,4.0,-1.77,0.0313,325,2.74,3.64e-06,52.68758138877351,22.35328087595911,4.0,32.5,4.0,4.0,0,0,0,0,-1226.0,57.5,37.6,-1226.0,57.3,4.0,16.0,0.812,319,113.0,0.155,16,1,86,6,Layer 2 Down
168.90113061154082,-4.042932806356982,-27.3,155,-2.0,4.0,-5.64,0.107,326,14.1,0.00139,77.40294253028563,-6.773014476755436,29.0,76.4,4.0,4.0,-3.21,0.0323,325,1.9,0.0,39.78678171590703,60.160065112960645,16.5,32.5,4.0,4.0,0,0,0,0,-1216.0,57.2,-42.3,-1216.0,57.3,4.0,27.3,1.0,319,119.0,0.193,16,1,86,6,Layer 2 Down
160.8103885532199,-18.129561928887835,60.3,154,-2.0,4.0,-6.16,0.109,326,15.0,0.00137,73.97114954107269,2.906846848602159,29.0,76.4,4.0,4.0,-1.89,0.0399,325,3.11,1.53e-05,34.28908130475052,-35.77511655560815,4.0,32.5,4.0,4.0,0,0,0,0,-1216.0,57.3,-18.1,-1216.0,57.3,4.0,22.1,0.949,319,119.0,0.183,16,1,2,6,Layer 2 Down
193.62736613640496,-3.0632989392393273,29.0,154,-2.0,4.0,-6.16,0.0986,325,14.1,0.00121,75.57589083448909,11.781972049422269,10.25,76.4,4.0,4.0,-2.58,0.0344,325,1.95,0.0,32.704570866324644,16.167420064216394,4.0,32.5,4.0,4.0,0,0,0,0,-1206.0,57.4,40.3,-1206.0,57.3,4.000000954,20.1,0.728,320,116.0,0.138,16,1,86,6,Layer 2 Down
159.9885635420689,1.5088999983737643,72.7,153,-2.0,4.0,-7.48,0.088,326,11.9,0.00107,70.6700587995185,19.91648670173567,16.5,76.4,4.0,4.0,-2.79,0.0322,325,1.6,4.03e-06,31.43111336927897,-27.638478987171577,4.0,32.5,4.0,4.0,0,0,0,0,-1206.0,57.2,-58.0,-1206.0,57.3,3.999999046,28.9,1.09,319,117.0,0.208,16,1,86,6,Layer 2 Down
159.44826643652695,19.61613933524389,-8.5,153,-2.0,4.0,-4.35,0.0858,326,14.2,0.00109,37.85796319858471,7.8517866263752785,-14.8,76.4,4.0,4.0,-1.01,0.0295,324,2.6,4.19e-06,21.57843151941939,11.467425069904458,4.0,32.5,4.0,4.0,0,0,0,0,-1196.0,57.3,-31.9,-1196.0,57.3,3.999999046,21.2,0.993,322,117.0,0.192,16,1,86,6,Layer 2 Down
149.22365992306848,-0.8393624384962943,16.5,152,-2.0,4.0,-6.12,0.114,326,15.2,0.00144,62.594403883595845,-1.6177225790744227,16.5,76.4,4.0,4.0,-2.01,0.0324,325,2.28,8.71e-06,23.987641890226634,0.3819866970564818,4.0,32.5,4.0,4.0,0,0,0,0,-1196.0,57.4,21.6,-1196.0,57.3,4.0,19.9,0.75,319,117.0,0.144,16,1,86,6,Layer 2 Down
165.5845905026513,-29.280612110890868,29.0,151,-2.0,4.0,-6.59,0.105,326,14.3,0.00128,100.84659763486357,-22.338133603345092,22.8,76.4,4.0,4.0,-2.84,0.0312,325,1.82,8.43e-06,60.52061718436022,6.270877090455214,4.0,32.5,4.0,4.0,0,0,0,0,-1186.0,57.2,-31.3,-1186.0,57.3,4.0,25.2,1.05,318,117.0,0.203,16,1,86,6,Layer 2 Down
161.39639738295065,-3.0544911779047803,60.3,151,-2.0,4.0,-4.88,0.0896,326,14.3,0.0011,39.826374086268125,4.918730451946363,22.8,76.4,4.0,4.0,-3.09,0.0334,325,1.81,0.0,30.44452337004202,-11.952307211984914,4.0,32.5,4.0,4.0,0,0,0,0,-1186.0,57.4,35.4,-1186.0,57.3,4.000000954,21.0,0.86,318,119.0,0.165,16,1,86,6,Layer 2 Down
170.81865092508383,30.123905557531288,-52.3,150,-2.0,4.0,-5.38,0.105,325,14.1,0.00136,71.33345129086435,4.35127490279695,16.5,76.4,4.0,4.0,-2.4,0.0373,324,1.66,4.69e-06,17.618518718838537,17.65758363767319,4.0,32.5,4.0,4.0,0,0,0,0,-1176.0,57.3,-37.5,-1176.0,57.3,3.999999046,22.3,0.943,319,114.0,0.182,16,1,86,6,Layer 2 Down
141.3293736339133,8.301299750658064,22.8,150,-2.0,4.0,-6.14,0.11,326,14.4,0.00144,54.489145623380224,6.366050161908213,29.0,76.4,4.0,4.0,-0.502,0.0359,325,4.34,9.63e-06,22.72230911170113,-21.34276294828349,4.0,32.5,4.0,4.0,0,0,0,0,-1176.0,57.3,-3.62,-1176.0,57.3,4.0,20.3,0.993,318,116.0,0.192,16,1,86,6,Layer 2 Down
141.75831662116934,-11.249345752437277,79.0,149,-2.0,4.0,-7.04,0.103,325,14.3,0.00128,79.3762383047976,30.691984211831524,10.25,76.4,4.0,4.0,-3.65,0.0349,324,2.2,4.58e-06,53.3389201185658,25.725652319107216,4.0,32.5,4.0,4.0,0,0,0,0,-1166.0,57.3,-0.69,-1166.0,57.3,4.0,24.4,0.903,318,120.0,0.173,16,1,86,6,Layer 2 Down
140.03157114856208,5.016522573202666,-2.25,148,-2.0,4.0,-6.46,0.114,325,14.8,0.00146,66.01238886766234,19.757119717848624,22.8,76.4,4.0,4.0,-1.96,0.0405,324,2.22,0.0,45.29469991981883,-3.1608916215540184,4.0,32.5,4.0,4.0,0,0,0,0,-1166.0,57.4,23.4,-1156.0,57.3,4.0,18.1,1.0,318,119.0,0.194,16,1,2,6,Layer 2 Down
161.15258932395403,-11.189939435249691,-390.0,148,-1.99,4.661,-2.78,0.0472,326,13.0,0.000353,115.88862739668508,14.039609993753471,10.25,76.4,4.316,17.7,-0.362,0.0157,324,3.58,7.4e-07,43.11156498452412,-20.543697969700666,4.0,32.5,4.0,4.0,0,0,0,0,-1156.0,57.3,4.812,-1156.0,57.3,4.0,22.4,0.973,322,117.0,0.188,16,1,86,6,Layer 2 Down
171.9209165065434,-17.93957681013439,-77.2,147,-1.76,7.76,-3.15,0.0752,326,12.6,0.000939,90.04024583664327,-6.530801813619645,60.3,76.5,5.67,17.2,5.46,0.094,324,7.2,0.000313,27.623040092709385,31.907541059088885,4.0,32.5,4.0,4.0,0,0,0,0,-1146.0,57.4,35.7,-1146.0,57.3,4.000000954,18.7,0.809,322,118.0,0.155,16,1,88,6,Layer 2 Down
139.3685793670303,-5.243941762507877,66.5,147,-1.21,10.78,-5.47,0.0928,326,13.6,0.00101,41.6373706824062,0.6550037298693425,60.3,76.7,6.98,16.0,6.64,0.128,324,11.2,0.000879,43.35839065372666,2.821666274929341,4.0,32.5,4.0,4.0,0,0,0,0,-1146.0,57.4,58.7,-1146.0,57.3,4.000000954,18.7,0.918,317,121.0,0.177,16,1,88,6,Layer 2 Down
138.9351767356573,0.4255937562794435,-21.0,146,-0.43,13.22,-4.37,0.0941,326,11.0,0.000864,94.94096825864324,7.049178024322475,29.0,77.1,8.05,14.2,4.72,0.0834,324,10.8,0.000727,20.312180831859976,37.37902065575017,4.0,32.5,4.0,4.0,0,0,0,0,-1136.0,57.4,56.4,-1136.0,57.3,4.0,17.3,0.937,322,116.0,0.177,16,1,88,6,Layer 2 Down
151.22372249697221,-21.531060960607952,29.0,146,0.65,15.4,-4.86,0.0832,325,9.39,0.000608,56.794659751632594,-1.0673838741349009,-64.7,77.5,8.98,11.73,4.17,0.0621,324,11.1,0.000569,27.58340584152472,25.370781480352708,4.0,32.5,4.0,4.0,0,0,0,0,-1136.0,57.4,-6.2,-1136.0,57.3,4.0,18.1,0.872,319,114.0,0.167,16,1,88,6,Layer 2 Down
141.91250247092344,-11.724606626814632,35.3,146,1.87,16.8,-5.73,0.0965,325,9.29,0.000482,62.577709205922844,15.786351840249377,-64.7,78.1,9.61,8.95,7.06,0.102,324,12.3,0.00117,50.86624566421369,-9.965621522743417,4.0,32.5,4.0,4.0,0,0,0,0,-1126.0,57.3,1.31,-1126.0,57.3,4.0,22.8,0.949,318,123.0,0.183,16,1,88,6,Layer 2 Down
161.83452637843328,2.9914607201921206,-77.2,146,3.142,17.6,-2.53,0.0473,326,4.11,8.76e-05,86.98793521915869,14.648801894293038,72.7,78.6,9.94,6.03,9.7,0.145,324,12.7,0.00187,49.05715026948508,2.5128838180072206,4.0,32.5,4.0,4.0,0,0,0,0,-1126.0,57.4,54.7,-1126.0,57.3,4.000000954,21.6,0.937,322,116.0,0.18,16,1,88,6,Layer 2 Down
107.54851101188387,-0.9467398625517869,-71.0,145,4.0,4.0,-3.39,0.0549,326,3.08,-8.54e-06,65.9562922047337,-4.4990007942818675,-8.5,79.2,10.0,4.0,12.3,0.21,324,15.6,0.00263,13.904501953435517,6.117871517815705,4.0,32.5,4.0,4.0,0,0,0,0,-1116.0,57.3,-31.9,-1116.0,57.3,3.999999046,21.0,0.979,322,118.0,0.189,16,1,88,6,Layer 2 Down
131.2502676929847,8.789714400395692,85.2,145,4.0,4.0,-3.38,0.0645,326,6.16,1.91e-05,103.5647636615829,24.952825781903194,-2.25,79.8,10.0,4.0,7.04,0.107,324,12.9,0.00132,16.29796215563893,30.70661846844915,4.0,32.5,4.0,4.0,0,0,0,0,-1116.0,57.2,-7.1,-1116.0,57.3,3.999999046,24.1,1.07,318,120.0,0.207,16,1,88,6,Layer 2 Down
131.9868761721886,-10.47445096376875,-89.7,145,4.0,4.0,-1.65,0.046,326,4.29,-1.39e-05,59.598449723208674,11.295345103482763,-33.5,80.4,10.0,4.0,4.04,0.0643,325,13.3,0.00077,34.55861126521425,11.655502946064484,4.0,32.5,4.0,4.0,0,0,0,0,-1106.0,57.2,-30.4,-1106.0,57.3,4.0,25.2,1.03,318,119.0,0.199,16,1,2,6,Layer 2 Down
106.4079118710277,12.617070046696547,117.0,145,4.0,4.0,-5.32,0.07,326,4.1,3.07e-05,64.25644064057758,-16.89166783181716,4.0,80.8,6.0,504.0,-4.61,0.0781,324,2.37,2.32e-05,65.18965204254282,7.084694948204156,4.0,32.5,4.0,4.0,0,0,0,0,-1106.0,57.4,10.94,-1106.0,57.3,4.0,17.4,0.727,320,118.0,0.139,16,1,88,6,Layer 2 Down
128.9727957386576,-9.711214118295242,97.7,145,4.0,4.0,-1.49,0.0649,326,8.88,1.99e-05,63.856141336036586,9.669951097997437,47.8,81.4,10.0,4.0,5.47,0.103,324,12.8,0.00139,-3.777147459966372,0.5025901326072817,4.0,32.5,4.0,4.0,0,0,0,0,-1096.0,57.3,-9.6,-1096.0,57.3,4.0,21.2,1.05,318,120.0,0.203,16,1,89,6,Layer 2 Down
129.7791522999202,23.529965571521664,104.0,145,4.0,4.0,-4.18,0.0691,326,4.16,3.24e-05,66.68128228483882,7.510338356709875,29.0,81.8,4.0,4.0,2.38,0.0319,325,0.764,-8.59e-06,37.97109454643068,20.615374017772126,1114.0,32.9,30.0,1004.0,0,0,0,0,-1096.0,57.3,-5.25,-1096.0,57.3,4.0,20.8,0.995,318,116.0,0.191,16,1,89,50,Repositioning
141.65523371891706,-16.363123500804605,-96.0,145,4.0,4.0,-2.24,0.0462,325,3.19,-1.32e-05,111.17982394513277,16.3414667260825,29.0,81.8,4.0,4.0,2.0,0.0273,323,1.28,-6.11e-06,11.240366124469425,76.92720961960828,22.8,37.7,54.0,4.0,0,0,0,0,-1086.0,57.5,47.9,-1086.0,57.3,4.0,13.0,0.837,322,116.0,0.156,16,1,91,50,Repositioning
163.5108136623068,-8.61439986514724,117.0,145,4.0,4.0,-3.04,0.0647,325,6.63,0.0,98.60682890109697,-0.29776884022031913,-8.5,81.8,4.0,4.0,1.46,0.0255,323,0.414,2.61e-06,30.486981901013962,54.06483468687007,-8.5,42.9,54.0,4.0,0,0,0,0,-1086.0,57.4,21.6,-1076.0,57.3,4.0,17.9,1.0,316,119.0,0.194,16,1,91,50,Repositioning
140.9241589664642,8.704827867527982,-96.0,145,4.0,4.0,-1.7,0.0423,325,3.81,-6.21e-06,127.50436524130811,14.482477583616925,4.0,81.8,4.0,4.0,1.15,0.03,323,0.473,0.0,40.39842144452259,47.18850206123359,16.5,47.7,54.0,4.0,0,0,0,0,-1076.0,57.3,4.0,-1076.0,57.3,4.0,22.7,0.963,321,117.0,0.185,16,1,91,50,Repositioning
127.85553866522878,23.757615364364177,91.5,145,4.0,4.0,-2.75,0.0443,325,7.09,-6.06e-06,142.41089820468773,6.39439365941001,10.25,81.8,4.0,4.0,1.08,0.0231,323,0.693,-7.38e-06,44.33637471282006,44.122488444704615,-2.25,52.7,54.0,4.0,0,0,0,0,-1066.0,57.3,-22.6,-1066.0,57.3,3.999999046,21.0,0.993,316,118.0,0.192,16,1,91,50,Repositioning
144.0527338640602,7.827299853723542,60.3,145,4.0,4.0,-4.48,0.0713,326,3.59,4.25e-05,54.2504024957416,-12.699828860999634,-21.0,81.8,4.0,4.0,1.46,0.0229,324,1.26,-2.62e-06,47.09092390291176,22.310447698232025,-1166.0,57.3,24.0,-996.0,0,0,0,0,-1066.0,57.5,49.0,-1066.0,57.3,4.0,15.7,0.794,317,113.0,0.152,16,1,91,50,Repositioning
163.44982263287253,19.164552796494718,779.0,146,20.1,898.0,19.0,0.319,325,23.8,0.00653,83.58220292705445,-18.297343071783846,-477.0,81.7,-4.05,-443.0,-9.94,0.189,324,17.1,0.002,57.6364879654715,-20.533292482638444,10.25,57.5,4.0,4.0,0,0,0,0,-1056.0,57.4,55.6,-1056.0,57.3,4.0,18.9,0.939,323,115.0,0.178,16,1,91,50,Repositioning
132.76788370375039,49.10608888645609,60.3,150,48.7,3.9999046,8.87,0.173,324,64.2,0.0164,48.36184160733363,-4.287335677344085,-8.5,79.6,-18.4,4.0,-9.3,0.15,323,36.8,0.00707,47.36328135445708,-9.104754997433156,16.5,57.5,4.0,4.0,0,0,0,0,-1056.0,57.4,29.2,-1056.0,57.3,4.0,17.7,0.801,322,119.0,0.153,16,1,2,50,Repositioning
138.8553472050231,36.6380452481054,-77.2,154,47.7,-251.0,10.2,0.157,323,62.7,0.0147,56.915701630322474,-3.2577148403799274,-46.0,77.5,-17.8,131.0,-5.57,0.166,323,37.7,0.00785,29.803848917101337,30.218734657397775,4.0,57.5,4.0,4.0,0,0,0,0,-1046.0,57.4,47.2,-1046.0,57.3,4.000000954,19.9,0.722,317,117.0,0.136,16,1,94,50,Repositioning
164.28976870169586,-1.8099722163730423,10.25,155,4.0,4.0,0.766,0.0163,326,0.983,-1.53e-06,60.15879236081554,8.23833472536204,54.0,77.0,4.0,4.0,-1.21,0.0152,324,2.36,6.04e-08,71.26924171403908,-41.61498791844822,-983.0,56.2,-45.5,-871.0,0,0,0,0,-1046.0,57.4,55.5,-1046.0,57.3,4.000000954,22.1,0.92,322,116.0,0.177,16,1,94,50,Repositioning
151.3154182994353,-10.167032562682362,35.3,155,4.0,4.0,0.779,0.0214,326,1.02,2.76e-06,48.74375664718207,22.93705460043198,4.0,77.0,4.0,4.0,-1.06,0.0172,325,2.29,1.83e-06,66.05796163595167,-33.67449765091332,-8.5,51.4,-46.0,4.0,0,0,0,0,-1036.0,57.3,-35.2,-1036.0,57.3,3.999999046,21.7,0.975,322,117.0,0.188,16,1,94,50,Repositioning
165.76894498630153,-11.102050859519533,-33.5,155,4.0,4.0,0.993,0.0245,326,2.37,0.0,48.884552122055545,17.35267499424557,-8.5,77.0,4.0,4.0,0.539,0.022,324,0.472,5.04e-07,62.468111837963455,-89.37225041547924,-2.25,46.2,-46.0,4.0,0,0,0,0,-1036.0,57.3,-4.25,-1036.0,57.3,3.999999046,23.8,1.05,317,121.0,0.205,16,1,94,50,Repositioning
154.77302698860413,8.646243749957442,-33.5,155,4.0,4.0,0.96,0.0316,326,2.1,4.57e-06,73.14348416564633,12.655383032823321,-2.25,77.0,4.0,4.0,-0.738,0.0231,325,2.77,-3.53e-07,13.321429855599252,5.894074873191321,1004.0,42.5,3.5,879.0,0,0,0,0,-1026.0,57.4,30.3,-1026.0,57.3,4.0,19.5,0.913,317,113.0,0.175,16,1,94,50,Repositioning
166.670047699328,-9.124281374549707,41.5,155,4.0,4.0,0.665,0.0197,326,1.18,2.91e-06,44.47885048554842,-7.513061022106831,22.8,77.0,4.0,4.0,-0.58,0.0175,325,1.79,1.82e-06,47.760939184369626,-4.393282500145891,110.0,42.0,-2.0,4.0,0,0,0,0,-1026.0,57.4,0.12,-1026.0,57.3,4.0,19.0,0.84,323,119.0,0.161,16,1,94,6,Layer 3 Up
137.7846134023423,7.680311550236632,-27.3,155,4.0,4.0,1.64,0.0229,326,2.58,5.37e-06,99.50885359702662,25.8965173207146,-8.5,77.0,4.0,4.0,-0.42,0.0214,325,1.64,7.75e-07,54.30174910610515,-10.104037246919535,129.0,41.4,-2.0,4.0,0,0,0,0,-1016.0,57.3,-8.4,-1016.0,57.3,4.0,20.9,1.04,317,120.0,0.201,16,1,95,6,Layer 3 Up
154.79900846864052,-11.348665999856891,-27.3,155,4.0,4.0,1.09,0.0223,326,2.03,2.55e-06,52.4697557325107,10.790080809428634,-2.25,77.0,4.0,4.0,-0.899,0.0158,325,2.41,-7.44e-07,21.37100135683707,1.136362057654014,104.0,40.8,-2.0,4.0,0,0,0,0,-1016.0,57.4,39.2,-1016.0,57.3,4.000000954,23.7,0.849,317,115.0,0.163,16,1,95,6,Layer 3 Up
151.49581031583344,7.533012433957683,-8.5,155,4.0,4.0,0.977,0.0207,326,0.809,1.37e-06,152.09577496890574,-0.8850819738374325,4.0,77.0,4.0,4.0,-1.54,0.0238,325,2.88,1.08e-06,40.473723809120436,-10.705744033490486,-127.0,40.2,-2.0,4.0,0,0,0,0,-1006.0,57.3,-1.56,-1006.0,57.3,4.0,23.5,0.88,316,121.0,0.168,16,1,95,6,Layer 3 Up
134.77734043924147,-1.792864295282083,-14.8,155,4.0,4.0,1.49,0.0224,326,0.624,0.0,64.93513684310005,-4.485927131699498,-8.5,77.0,4.0,4.0,0.22,0.0182,325,0.765,0.0,37.498131687277294,-39.09267984019838,-109.0,39.6,-2.0,4.0,0,0,0,0,-1006.0,57.4,27.5,-996.0,57.3,4.0,18.1,0.992,317,118.0,0.191,16,1,2,6,Layer 3 Up
128.996284005658,20.6051621920623,35.3,155,4.0,4.0,0.338,0.0191,326,1.14,-1.2e-06,78.9249289441749,7.276124316133904,16.5,77.0,4.0,4.0,-1.38,0.0165,325,2.17,-1.31e-06,73.9868168642439,14.43711082988655,154.0,39.0,-2.0,4.0,0,0,0,0,-996.0,57.3,4.438,-996.0,57.3,4.0,22.9,0.971,322,117.0,0.188,16,1,95,6,Layer 3 Up
166.40535636014866,7.879256188376674,41.5,155,4.0,4.0,1.29,0.0231,326,0.47,0.0,42.377375984729845,-17.132180536815156,16.5,77.0,4.0,4.0,-1.06,0.0255,325,2.4,-1.76e-06,74.9462811371803,1.9522201959065475,-33.5,38.4,-2.0,4.0,0,0,0,0,-991.0,57.4,33.4,-990.0,57.3,4.000000954,19.0,0.797,323,118.0,0.153,16,1,95,6,Layer 3 Up
149.16297103059586,18.47258358213373,-21.0,155,4.0,4.0,0.549,0.0227,326,1.9,5.31e-06,122.60140153464975,12.85852208203419,-2.25,77.0,4.0,4.0,-0.579,0.0251,325,2.27,6.15e-07,6.3802671155723125,-7.873234476658197,-46.0,37.8,-2.0,4.0,0,0,0,0,-985.0,57.4,55.1,-985.0,57.3,4.000000954,19.4,0.908,316,121.0,0.174,16,1,95,6,Layer 3 Up
137.99746654769848,-4.830154159814696,35.3,155,4.0,4.0,0.238,0.0191,326,1.36,-1.47e-06,106.92265792294404,-8.02310385621092,29.0,77.0,4.0,4.0,-0.739,0.0194,324,1.35,-1.76e-06,84.53021665841693,-18.505909718307887,72.7,37.2,-2.0,4.0,0,0,0,0,-980.0,57.4,51.3,-980.0,57.3,4.0,17.9,0.934,322,117.0,0.176,16,1,95,6,Layer 3 Up
153.40035494980827,4.684781225244682,22.8,155,4.0,4.0,1.08,0.0286,326,0.334,-1.64e-06,84.93613812325484,8.71724741240139,16.5,77.0,4.0,4.0,-0.259,0.0203,325,0.292,1.27e-06,19.36737197915326,-27.468955372696833,179.0,36.6,-2.0,4.0,0,0,0,0,-975.0,57.4,30.8,-974.0,57.3,4.0,17.7,0.797,323,119.0,0.152,16,1,95,6,Layer 3 Up
173.76117411362236,-7.604468756911534,-27.3,155,4.0,4.0,1.19,0.0222,326,1.31,2.8e-06,41.00188704845035,-2.629204333222536,-8.5,77.0,4.0,4.0,0.858,0.0189,325,0.163,0.0,54.67208011935679,1.9675814514363779,85.2,36.0,-2.0,4.0,0,0,0,0,-969.0,57.3,5.25,-969.0,57.3,4.0,21.5,0.945,317,123.0,0.181,16,1,95,6,Layer 3 Up
117.06683997721467,-0.8105760298326112,29.0,155,4.0,4.0,0.366,0.0211,326,1.86,-1.08e-06,82.6308254438286,0.6772102700099101,16.5,77.0,4.0,4.0,1.5,0.0177,325,1.92,7.89e-07,53.87937910671535,26.131318748784473,-89.7,35.4,-2.0,4.0,0,0,0,0,-964.0,57.4,53.8,-964.0,57.3,4.000000954,21.3,0.933,323,118.0,0.179,16,1,95,6,Layer 3 Up
130.1079524393402,0.9448226455323514,16.5,155,4.0,4.0,0.665,0.0221,326,1.02,-2.89e-06,47.025746165623744,-5.558191266834461,16.5,77.0,4.0,4.0,0.38,0.0209,325,0.557,-2.11e-06,16.04352784568387,1.8549224950522036,4.0,34.8,-2.0,4.0,0,0,0,0,-959.0,57.3,-40.4,-958.0,57.3,3.999999046,22.4,0.978,322,117.0,0.189,16,1,95,6,Layer 3 Up
139.65058176049894,-4.605087880701732,-27.3,155,4.0,4.0,1.17,0.0228,326,1.43,8.12e-06,116.08667235409519,1.9586836789376614,4.0,77.0,4.0,4.0,-0.1,0.0214,325,0.723,-1.6e-07,43.64155038224121,-25.894987370182527,-8.5,34.2,-2.0,4.0,0,0,0,0,-953.0,57.3,-5.06,-953.0,57.3,3.999999046,14.7,1.04,316,129.0,0.201,16,1,95,6,Layer 3 Up
179.30228089812564,-10.259258150831021,16.5,155,4.0,4.0,0.58,0.0198,326,2.49,-4.34e-06,98.62862208973822,27.946323022231375,16.5,77.0,4.0,4.0,-0.739,0.0192,325,0.78,3.19e-06,31.663516162216442,1.6589988436989738,10.25,33.6,-2.0,4.0,0,0,0,0,-948.0,57.3,22.0,-948.0,57.3,4.0,24.5,0.951,323,118.0,0.183,16,1,2,6,Layer 3 Up
159.69997780112504,-12.686270146168745,-33.5,155,4.0,4.0,0.0391,0.0271,326,0.856,-1.3e-06,79.55094949930269,21.561158266094367,16.5,77.0,4.0,4.0,-0.259,0.0198,325,0.246,0.0,43.597952088780836,-3.383372963322692,-165.0,33.0,-2.0,4.0,0,0,0,0,-943.0,57.4,50.4,-942.0,57.3,4.000000954,21.5,0.838,316,118.0,0.161,16,1,95,6,Layer 3 Up
167.76199618019285,-23.521081847494603,-2.25,155,4.0,4.0,0.763,0.0251,326,1.14,2.88e-06,11.879150327225389,8.488037146852573,-2.25,77.0,4.0,4.0,-0.26,0.0195,325,0.885,6.04e-07,36.86849306074722,12.898675936645374,-83.5,32.4,-2.0,4.0,0,0,0,0,-938.0,57.3,-44.4,-937.0,57.3,3.999999046,21.1,0.935,317,117.0,0.181,16,1,95,6,Layer 3 Up
136.03687949726265,-8.388895591928275,16.5,155,4.0,4.0,0.267,0.0174,326,3.15,2.5e-06,50.71469224630884,3.704750795193709,16.5,77.0,4.0,4.0,2.78,0.019,325,3.92,4.76e-07,54.55638607757173,9.046364744192905,173.0,31.8,-2.0,4.0,0,0,0,0,-932.0,57.3,-7.9,-932.0,57.3,3.999999046,29.9,1.08,322,114.0,0.208,16,1,95,6,Layer 3 Up
136.379914577179,5.154137167100961,-396.0,155,-2.0,4.0,-5.05,0.0796,326,15.4,0.000873,95.38287499637784,14.71338149586455,16.5,77.0,4.0,4.0,-0.739,0.0175,324,2.64,-2.87e-06,32.9279234117739,-48.09468063336315,16.5,31.5,4.0,4.0,0,0,0,0,-927.0,57.5,51.1,-926.0,57.3,4.0,13.5,0.836,322,115.0,0.156,16,1,95,6,Layer 3 Up
161.4480236346807,-20.935118865689805,-64.7,154,-2.0,4.0,-3.34,0.0842,326,13.2,0.0011,109.41865273518195,18.281488529518928,-8.5,77.0,4.0,4.0,0.0595,0.0176,324,0.566,0.0,28.320785591509175,13.515421278482759,-2.25,31.5,4.0,4.0,0,0,0,0,-921.0,57.4,35.4,-921.0,57.3,4.0,17.9,0.987,315,118.0,0.19,16,1,97,6,Layer 3 Up
154.96921683703397,-18.047806626049894,10.25,154,-2.0,4.0,-5.89,0.0908,326,13.1,0.00109,106.64652850763048,-6.481281605733779,16.5,77.0,4.0,4.0,0.699,0.021,324,0.932,-4.05e-07,52.257364221139696,-13.558465271387963,4.0,31.5,4.0,4.0,0,0,0,0,-916.0,57.3,3.562,-916.0,57.3,4.0,21.2,0.987,322,119.0,0.191,16,1,97,6,Layer 3 Up
162.12660675532078,19.016151662480723,47.8,153,-2.0,4.0,-4.86,0.0852,326,14.2,0.00107,34.4477610493418,3.019551063199288,-2.25,77.0,4.0,4.0,0.0598,0.0182,325,0.295,1.89e-06,42.491591616347655,-20.876818094750856,4.0,31.5,4.0,4.0,0,0,0,0,-911.0,57.4,36.7,-910.0,57.3,4.000000954,19.1,0.807,323,117.0,0.154,16,1,97,6,Layer 3 Up
148.87866198872024,-9.47992801650075,47.8,152,-2.0,4.0,-5.15,0.0866,326,12.8,0.00108,85.06006345272219,-19.067705710258874,4.0,77.0,4.0,4.0,0.38,0.0145,324,0.871,-1.11e-07,45.35914867914016,0.7021706680960027,10.25,31.5,4.0,4.0,0,0,0,0,-905.0,57.4,52.0,-905.0,57.3,4.000000954,22.9,0.914,316,116.0,0.173,16,1,97,6,Layer 3 Up
156.62607769952476,1.7428451560859264,-27.3,152,-2.0,4.0,-4.87,0.11,326,15.5,0.0014,104.14327463969865,18.24452959273426,16.5,77.0,4.0,4.0,-0.739,0.0224,324,1.84,1.3e-06,18.913997102971592,11.19100150646179,-2.25,31.5,4.0,4.0,0,0,0,0,-900.0,57.4,55.9,-900.0,57.3,4.0,15.7,0.96,322,119.0,0.183,16,1,97,6,Layer 3 Up
153.62983164090207,5.61833595704686,10.25,151,-2.0,4.0,-5.95,0.0962,326,13.8,0.0012,32.67505344009238,30.17015035972132,16.5,77.0,4.0,4.0,0.38,0.0183,324,0.687,7.18e-07,11.704718294864978,-24.708891683709457,4.0,31.5,4.0,4.0,0,0,0,0,-895.0,57.4,28.4,-894.0,57.3,4.0,18.3,0.812,323,118.0,0.155,16,1,97,6,Layer 3 Up
163.93580272302242,5.905826417927146,22.8,151,-2.0,4.0,-6.18,0.112,325,14.7,0.00147,76.78872356791211,5.013921388169475,-8.5,77.0,4.0,4.0,-0.1,0.0153,324,1.01,0.0,20.748426370931863,16.32838504983159,4.0,31.5,4.0,4.0,0,0,0,0,-889.0,57.3,2.06,-889.0,57.3,4.0,25.1,0.953,316,119.0,0.182,16,1,2,6,Layer 3 Up
163.42213633225376,-18.039821729699213,654.0,150,-2.0,4.16,-1.93,0.13,326,12.7,0.00108,84.31941708468247,-22.854627887217738,16.5,77.0,4.142,11.56,-0.421,0.0154,324,3.06,0.0,19.74282808417092,17.356585613758288,4.0,31.5,4.0,4.0,0,0,0,0,-884.0,57.4,60.4,-884.0,57.3,4.000000954,19.0,0.928,322,120.0,0.179,16,1,97,6,Layer 3 Up
123.05833999975951,-4.815350352254245,10.25,150,-1.93,5.11,-4.91,0.0848,326,12.7,0.00106,68.96099123293925,12.534126926305099,22.8,77.1,4.895,11.48,3.84,0.0606,324,6.11,8.31e-05,46.389113318024705,4.821969941280871,4.0,31.5,4.0,4.0,0,0,0,0,-879.0,57.3,-44.9,-878.0,57.3,3.999999046,24.7,1.0,322,115.0,0.193,16,1,97,6,Layer 3 Up
111.62350015504867,-20.896965609168944,-8.5,149,-1.77,6.08,-4.57,0.105,325,14.3,0.00131,27.694352913348276,-5.966619621737619,-21.0,77.2,5.66,11.27,4.11,0.0714,324,6.54,0.000231,49.98327478898755,-11.206317360070043,-2.25,31.5,4.0,4.0,0,0,0,0,-873.0,57.2,-5.94,-873.0,57.3,3.999999046,27.5,1.07,315,117.0,0.206,16,1,97,6,Layer 3 Up
164.66099790833556,27.248460409914436,35.3,148,-1.52,6.94,-5.04,0.0921,326,14.2,0.00105,68.69455363359332,-2.268628165590729,-8.5,77.4,6.35,10.97,4.19,0.0857,324,10.2,0.000381,28.562128455215362,-13.161748907102469,-8.5,31.5,4.0,4.0,0,0,0,0,-868.0,57.3,19.1,-868.0,57.3,4.0,23.2,0.959,322,120.0,0.185,16,1,97,6,Layer 3 Up
167.7542063491456,-19.92253920818271,22.8,148,-1.18,7.79,-3.92,0.0729,326,13.4,0.000737,68.85159225555908,15.133046724195081,41.5,77.7,7.02,10.54,4.67,0.109,324,10.7,0.000739,58.598874636066526,21.926333662197223,-8.5,31.5,4.0,4.0,0,0,0,0,-863.0,57.4,-5.62,-862.0,57.3,4.0,20.2,0.851,322,117.0,0.164,16,1,97,6,Layer 3 Up
130.02503007932313,-12.993932524497575,29.0,147,-0.74,8.61,-2.32,0.0851,326,14.2,0.000786,74.0422356278225,10.942894772978335,-27.3,78.0,7.67,9.99,4.03,0.085,324,10.2,0.000636,57.416197951861406,-22.44274591671527,4.0,31.5,4.0,4.0,0,0,0,0,-857.0,57.3,-13.4,-857.0,57.3,4.0,24.6,1.05,316,116.0,0.201,16,1,97,6,Layer 3 Up
116.0672760853702,-12.428857492484486,-2.25,147,-0.27,9.3,-6.25,0.111,326,12.5,0.000962,63.239211738347954,1.9700835774511942,72.7,78.4,8.22,9.39,5.98,0.112,324,12.1,0.000986,36.109510835569026,22.625661315710158,-2.25,31.5,4.0,4.0,0,0,0,0,-852.0,57.3,-11.7,-852.0,57.3,3.999999046,27.4,1.07,322,116.0,0.206,16,1,97,6,Layer 3 Up
148.64714402434157,-17.168345809369594,29.0,146,0.3,9.94,-5.65,0.1,325,11.6,0.000743,66.95891643081102,0.45538139053049775,54.0,78.8,8.72,8.68,6.14,0.109,324,12.6,0.00112,15.934938813128294,1.10941383452227,4.0,31.5,4.0,4.0,0,0,0,0,-847.0,57.5,46.9,-846.0,57.3,4.0,14.5,0.848,321,114.0,0.159,16,1,97,6,Layer 3 Up
161.48167206815577,16.56531479880876,-27.3,146,0.95,10.5,-2.42,0.0717,326,10.2,0.000491,78.23870765383695,10.813202875052845,72.7,79.3,9.16,7.86,5.84,0.113,324,12.1,0.00126,61.33462639466154,2.323127791320066,4.0,31.5,4.0,4.0,0,0,0,0,-841.0,57.3,22.9,-841.0,57.3,4.0,22.1,1.01,315,114.0,0.195,16,1,97,6,Layer 3 Up
175.89753549008333,30.047947174452652,-8.5,146,1.59,10.92,-4.8,0.0878,326,9.88,0.000392,91.62618109838448,4.4157807843470644,60.3,79.9,9.5,7.05,6.16,0.157,324,17.9,0.00199,30.34444785177136,-25.912408124105177,-8.5,31.5,4.0,4.0,0,0,0,0,-836.0,57.3,-0.5,-836.0,57.3,4.0,21.6,0.99,322,118.0,0.192,16,1,2,6,Layer 3 Up
154.5870449607531,-3.2908739217162424,16.5,146,2.3,11.25,-5.78,0.0875,326,8.39,0.000273,72.26310643329309,-4.543985940836389,4.0,80.4,9.75,6.16,7.21,0.138,324,16.3,0.00169,33.88932797491692,1.4328134384730724,4.0,31.5,4.0,4.0,0,0,0,0,-831.0,57.4,37.8,-830.0,57.3,4.000000954,18.7,0.795,322,118.0,0.153,16,1,97,6,Layer 3 Up
139.81761960790942,-12.537252765468484,-2.25,146,3.067,11.46,-4.15,0.0776,326,4.54,0.000184,70.05066788948719,5.4894371693533,-2.25,81.0,9.93,5.19,5.68,0.102,324,14.3,0.0012,25.068529110576986,14.736264114514013,4.0,31.5,4.0,4.0,0,0,0,0,-825.0,57.4,55.1,-825.0,57.3,4.000000954,22.9,0.926,316,116.0,0.177,16,1,97,6,Layer 3 Up
130.1454796268777,-22.462738490654793,60.3,145,3.789,11.55,-3.57,0.0717,326,8.69,0.0,84.06849183915514,14.269562178482252,-64.7,81.6,10.0,4.284,2.71,0.0552,324,12.5,0.000558,14.64906980234057,-19.383947785712937,4.0,31.5,4.0,4.0,0,0,0,0,-820.0,57.4,52.8,-820.0,57.3,4.0,17.3,0.964,321,117.0,0.185,16,1,97,6,Layer 3 Up
146.1904575224601,7.381300904096929,185.0,146,10.0,4.0,-3.77,0.131,326,0.897,0.000139,30.55665458276234,1.5700425087154066,-83.5,81.9,4.0,4.0,0.525,0.0246,324,2.23,0.0,3.686772777402311,12.72492297827693,4.0,31.5,4.0,4.0,0,0,0,0,-815.0,57.4,28.6,-814.0,57.3,4.0,18.5,0.813,322,118.0,0.156,16,1,97,6,Layer 3 Up
141.0226388689579,6.232159814312176,16.5,146,10.0,4.0,5.87,0.101,326,12.4,0.00125,94.65046918148174,-13.846349012918623,16.5,81.9,4.0,4.0,-1.08,0.0243,325,5.37,-2.11e-06,43.485317921979295,5.557499386782121,4.0,31.5,4.0,4.0,0,0,0,0,-809.0,57.3,6.0,-809.0,57.3,4.0,26.1,0.941,316,118.0,0.18,16,1,99,6,Layer 3 Up
130.1174225568543,2.376145520052953,-27.3,147,10.0,4.0,5.4,0.0861,326,13.0,0.00103,81.8849492163099,16.522488849663844,4.0,81.9,4.0,4.0,-0.313,0.0205,325,1.88,-1.24e-06,16.66387952775346,-7.264167935764306,4.0,31.5,4.0,4.0,0,0,0,0,-804.0,57.4,57.1,-804.0,57.3,4.000000954,21.5,0.95,322,117.0,0.183,16,1,99,6,Layer 3 Up
181.0748394689393,12.651541619577268,16.5,147,10.0,4.0,4.93,0.0947,326,14.0,0.00117,82.96095140315795,-30.675930105311615,4.0,81.9,4.0,4.0,-0.633,0.0184,325,1.63,0.0,89.44168092603483,18.954714133062097,4.0,31.5,4.0,4.0,0,0,0,0,-799.0,57.3,-40.3,-798.0,57.3,3.999999046,25.2,0.991,322,114.0,0.192,16,1,99,6,Layer 3 Up
177.69086464752348,14.693967017578368,41.5,148,10.0,4.0,5.38,0.108,326,13.4,0.00141,107.57905900724198,-1.6514029072724536,4.0,81.9,4.0,4.0,-0.346,0.0183,324,1.0,3.65e-06,10.931839626438038,-34.534172829613674,4.0,31.5,4.0,4.0,0,0,0,0,-793.0,57.2,-5.31,-793.0,57.3,3.999999046,27.7,1.07,315,117.0,0.206,16,1,99,6,Layer 3 Up
166.89472593021986,8.296786348144956,-58.5,148,4.949,12.96,1.84,0.0286,326,4.62,7.08e-06,29.604023620300616,-10.502296062242138,-371.0,81.8,-1.92,5.41,2.21,0.159,324,3.77,0.000183,7.687576228386273,10.066075526236713,4.0,31.5,4.0,4.0,0,0,0,0,-788.0,57.3,17.1,-788.0,57.3,4.0,22.7,0.954,322,120.0,0.184,16,1,99,6,Layer 3 Up
133.6844451816237,1.914986706337709,-14.8,149,5.83,12.65,5.23,0.0765,326,8.84,0.000232,28.54223334803998,0.346084035156232,-21.0,81.2,-1.71,6.74,-6.82,0.129,324,15.4,0.0015,41.161053434575656,32.36120272920892,16.5,31.5,4.0,4.0,0,0,0,0,-783.0,57.4,-3.69,-782.0,57.3,4.0,20.0,0.851,322,118.0,0.165,16,1,2,6,Layer 3 Up
163.2206544767768,-6.39595934819365,22.8,149,6.7,12.11,6.56,0.12,326,10.2,0.000666,88.01838661833266,5.961167029420283,72.7,80.6,-1.36,8.06,-5.67,0.0836,324,12.8,0.00089,60.46227787917092,29.195526047880946,4.0,31.5,4.0,4.0,0,0,0,0,-777.0,57.3,-11.9,-777.0,57.3,4.0,24.8,1.04,316,116.0,0.201,16,1,100,6,Layer 3 Up
159.63824630065142,15.074689004409851,-39.8,149,7.45,11.44,4.67,0.0803,326,11.4,0.000549,80.00977660384719,13.365902796137952,104.0,80.1,-0.91,9.19,-5.3,0.0914,324,12.9,0.000863,32.72320480283291,10.82067584078458,4.0,31.5,4.0,4.0,0,0,0,0,-772.0,57.3,-5.69,-772.0,57.3,3.999999046,24.9,1.04,321,118.0,0.201,16,1,100,6,Layer 3 Up
156.36040488580494,8.367058288438981,41.5,149,8.15,10.57,4.87,0.0966,325,12.2,0.000862,84.2485871914364,-9.169716093566903,-14.8,79.7,-0.33,10.25,-7.23,0.12,324,12.7,0.00104,42.33717904513908,-1.278684724937813,4.0,31.5,4.0,4.0,0,0,0,0,-767.0,57.5,49.3,-766.0,57.3,4.0,13.9,0.845,321,115.0,0.158,16,1,100,6,Layer 3 Up
170.7843933689618,19.15973539233142,-33.5,150,8.78,9.51,5.55,0.0886,326,11.4,0.000912,66.94800180612832,7.506684384335356,-21.0,79.3,0.37,11.2,-5.79,0.121,324,11.7,0.00101,-3.4132688112591225,-7.125008647779161,4.0,31.5,4.0,4.0,0,0,0,0,-761.0,57.4,28.8,-761.0,57.3,4.0,20.8,0.989,316,115.0,0.191,16,1,100,6,Layer 3 Up
160.5674728399513,18.56475241764421,47.8,150,9.25,8.41,6.09,0.1,326,12.8,0.00113,96.75722701648998,3.309245062263421,10.25,78.9,1.1,11.93,-4.08,0.107,324,11.9,0.000709,18.669224673333844,-1.3254695280478468,-8.5,31.5,4.0,4.0,0,0,0,0,-756.0,57.3,-3.19,-756.0,57.3,4.0,22.2,0.989,321,118.0,0.191,16,1,100,6,Layer 3 Up
163.3078934748391,-7.008160145846922,22.8,151,9.63,7.17,3.65,0.0789,326,14.0,0.000856,103.62810727409155,-19.76969910589362,22.8,78.7,1.92,12.5,-6.74,0.114,324,9.9,0.000502,11.16776758959314,13.515313006386863,4.0,31.5,4.0,4.0,0,0,0,0,-751.0,57.4,36.3,-750.0,57.3,4.000000954,18.7,0.807,322,118.0,0.155,16,1,100,6,Layer 3 Up
161.59300524858688,-6.904588294785636,66.5,152,9.88,5.8,5.33,0.102,326,12.8,0.00132,91.43615704841434,26.792628106050156,16.5,78.5,2.83,12.89,-1.35,0.0395,324,4.93,9.7e-05,-4.38855081367781,-10.124816303611995,4.0,31.5,4.0,4.0,0,0,0,0,-745.0,57.4,60.9,-745.0,57.3,4.000000954,22.9,0.91,316,117.0,0.175,16,1,100,6,Layer 3 Up
157.6680319662193,1.0510914960717663,-58.5,152,9.99,4.493,4.46,0.0748,326,14.4,0.000935,71.52842698424124,-14.59124704661047,16.5,78.5,3.692,13.06,-5.69,0.0855,324,6.25,4.11e-05,33.71538232073786,17.22808688848146,-8.5,31.5,4.0,4.0,0,0,0,0,-740.0,57.4,54.8,-740.0,57.3,4.0,17.0,0.952,321,117.0,0.182,16,1,100,6,Layer 3 Up
123.3350358572947,-2.512943053169904,-52.3,153,10.0,4.0,4.99,0.0855,326,15.0,0.00109,22.164466100929488,9.361230228472833,35.3,78.5,4.0,4.0,-3.54,0.0569,324,6.55,-8.9e-06,-10.974873664244022,41.32515537331002,4.0,31.5,4.0,4.0,0,0,0,0,-735.0,57.4,24.3,-734.0,57.3,4.0,19.2,0.817,322,118.0,0.157,16,1,100,6,Layer 3 Up
154.39078312622777,18.925512927350304,47.8,153,10.0,4.0,5.33,0.101,326,13.8,0.00131,99.06058768854805,8.887259858956874,-21.0,78.5,4.0,4.0,-3.06,0.0692,324,3.38,0.0,6.460132433801391,2.917192894468574,4.0,31.5,4.0,4.0,0,0,0,0,-729.0,57.3,8.31,-729.0,57.3,4.0,25.6,0.94,316,119.0,0.181,16,1,2,6,Layer 3 Up
144.7494328551514,14.028495516219323,-52.3,154,10.0,4.0,5.57,0.0901,326,14.7,0.00111,111.15506629943667,7.539821047761977,29.0,78.5,4.0,4.0,-4.03,0.0549,325,5.76,-8.44e-06,21.32657502784265,-19.5486610147787,-2.25,31.5,4.0,4.0,0,0,0,0,-724.0,57.4,61.4,-724.0,57.3,4.000000954,20.2,0.928,321,118.0,0.178,16,1,102,6,Layer 3 Up
132.71372549528732,23.017310566756983,22.8,154,10.0,4.0,5.39,0.0851,326,12.8,0.00104,95.72812786439748,-2.2118087416339627,35.3,78.5,4.0,4.0,-3.71,0.0562,324,5.46,-2.47e-05,15.757033166220573,-19.529784172399662,-2.25,31.5,4.0,4.0,0,0,0,0,-719.0,57.3,-46.1,-718.0,57.3,3.999999046,23.8,0.998,321,116.0,0.193,16,1,102,6,Layer 3 Up
182.97192105106433,14.789404963207849,41.5,155,10.0,4.0,5.17,0.0971,326,13.3,0.00126,54.98841139627694,14.423797035986052,-21.0,78.5,4.0,4.0,-3.54,0.0683,324,2.66,2.18e-05,39.00722030014394,17.588020981339767,4.0,31.5,4.0,4.0,0,0,0,0,-713.0,57.2,-5.37,-713.0,57.3,3.999999046,28.7,1.09,316,116.0,0.21,16,1,102,6,Layer 3 Up
184.7565960627853,12.271992991092183,-46.0,156,10.0,4.0,6.95,0.0975,326,12.7,0.0012,96.50956399388488,-15.680720578353899,47.8,78.5,4.0,4.0,-3.39,0.0552,324,6.3,-1.68e-05,37.287105491430296,2.954586214286632,4.0,31.5,4.0,4.0,0,0,0,0,-708.0,57.3,18.4,-708.0,57.3,4.0,24.7,0.967,322,118.0,0.186,16,1,102,6,Layer 3 Up
178.60651422166055,24.028897233323132,-64.7,156,10.0,4.0,6.88,0.0786,326,11.8,0.000948,101.50073284939283,3.2165455882855984,35.3,78.5,4.0,4.0,-3.54,0.0534,324,6.03,-2.49e-05,48.42684201365806,19.342422267567223,4.0,31.5,4.0,4.0,0,0,0,0,-703.0,57.4,-4.56,-702.0,57.3,4.0,19.7,0.856,321,118.0,0.165,16,1,102,6,Layer 3 Up
161.24470151236386,15.550107610154388,10.25,157,10.0,4.0,4.19,0.0971,325,15.0,0.00123,120.16493700938688,-3.18918403017564,-21.0,78.5,4.0,4.0,-3.06,0.0691,324,3.35,1.07e-05,45.74871162013635,-5.312310105962366,22.8,31.5,4.0,4.0,0,0,0,0,-697.0,57.3,-8.1,-697.0,57.3,4.0,25.8,1.05,317,115.0,0.202,16,1,102,6,Layer 3 Up
179.46355447990393,10.830303952381053,16.5,157,10.0,4.0,8.9,0.091,326,8.72,0.0011,55.08283017142287,-4.500229306694949,47.8,78.5,4.0,4.0,-3.55,0.0565,324,6.26,-2.51e-05,53.104816453921394,18.533905304826135,4.0,31.5,4.0,4.0,0,0,0,0,-692.0,57.3,-6.9,-692.0,57.3,3.999999046,25.4,1.05,321,118.0,0.202,16,1,102,6,Layer 3 Up
158.2004681202096,27.327880361161277,-8.5,158,10.0,4.0,6.26,0.0957,326,13.5,0.00119,72.44719165017678,9.478350455239376,35.3,78.5,4.0,4.0,-3.57,0.0554,324,5.94,-2.54e-05,31.46366916599522,1.2301469136471481,-2.25,31.5,4.0,4.0,0,0,0,0,-687.0,57.5,50.2,-686.0,57.3,4.0,14.2,0.852,320,114.0,0.16,16,1,102,6,Layer 3 Up
162.3729179231882,11.173574331003708,-33.5,159,10.0,4.0,7.3,0.121,326,13.7,0.00152,98.47351707343786,17.56689229435213,-39.8,78.5,4.0,4.0,-3.38,0.0684,324,2.93,3.16e-05,37.247083792472836,-8.792051246634538,10.25,31.5,4.0,4.0,0,0,0,0,-681.0,57.4,33.0,-681.0,57.3,4.0,22.6,1.01,317,114.0,0.193,16,1,102,6,Layer 3 Up
140.81341860037196,6.4734721993528925,-14.8,159,10.0,4.0,3.83,0.0869,326,15.5,0.00108,80.03448940088514,-0.2709409600628616,47.8,78.5,4.0,4.0,-3.07,0.0562,324,7.08,-8.39e-06,41.18709305039992,-3.016504571240449,4.0,31.5,4.0,4.0,0,0,0,0,-676.0,57.3,1.31,-676.0,57.3,4.0,22.3,0.983,321,118.0,0.19,16,1,2,6,Layer 3 Up
166.60274687499347,0.10412952256189101,-58.5,160,9.97,3.108,3.84,0.0628,326,13.4,0.000742,48.635425375476416,14.434157245603341,10.25,78.5,4.608,13.03,3.09,0.0555,324,7.18,3.34e-05,34.18270743030066,-16.970559150087436,-8.5,31.5,4.0,4.0,0,0,0,0,-671.0,57.4,36.3,-670.0,57.3,4.000000954,19.7,0.81,322,117.0,0.156,16,1,102,6,Layer 3 Up
161.00433685997538,18.081763491982016,-33.5,160,9.8,1.71,3.45,0.0761,326,13.0,0.000882,89.68210247557678,6.0297636321665005,-8.5,78.6,5.54,12.78,5.72,0.0991,324,6.72,0.000285,23.97789800191133,38.833986004925855,16.5,31.5,4.0,4.0,0,0,0,0,-665.0,57.4,60.8,-665.0,57.3,4.000000954,22.9,0.928,317,116.0,0.177,16,1,102,6,Layer 3 Up
139.33433101389878,24.037480645733652,-46.0,161,9.52,0.46,3.91,0.0663,326,13.9,0.000713,94.26680088605627,-4.9728298599653105,35.3,78.8,6.36,12.35,4.72,0.0889,324,9.57,0.000429,25.20417302219426,2.3135511201007883,-2.25,31.5,4.0,4.0,0,0,0,0,-660.0,57.4,58.4,-660.0,57.3,4.0,15.7,0.957,320,119.0,0.183,16,1,102,6,Layer 3 Up
160.14849124848598,8.375510652651977,-46.0,161,9.1,-0.76,5.71,0.0918,325,13.4,0.000958,81.35112287286526,3.6340837579790564,-46.0,79.1,7.16,11.72,3.91,0.0437,324,8.08,0.000257,16.017004629507532,15.277439413170685,4.0,31.5,4.0,4.0,0,0,0,0,-655.0,57.4,25.6,-654.0,57.3,4.0,19.4,0.831,321,118.0,0.159,16,1,102,6,Layer 3 Up
160.67394040465268,23.970267764995942,-21.0,162,8.54,-1.91,4.81,0.0884,326,11.8,0.000851,85.26919219765689,4.058226796289702,54.0,79.4,7.92,10.88,5.12,0.101,324,11.5,0.000813,39.484617904910756,-5.393912755470183,10.25,31.5,4.0,4.0,0,0,0,0,-649.0,57.3,10.31,-649.0,57.3,4.0,26.6,0.963,317,118.0,0.185,16,1,102,6,Layer 3 Up
191.89698071763985,-15.231079467162276,-46.0,162,7.93,-2.84,4.12,0.0757,326,11.2,0.000581,72.88515990071853,-0.32037007271019036,54.0,79.8,8.54,9.96,8.81,0.168,324,14.4,0.00166,29.719532074907494,-14.406195438895388,4.0,31.5,4.0,4.0,0,0,0,0,-644.0,57.4,59.9,-644.0,57.3,4.000000954,25.7,0.949,321,113.0,0.183,16,1,102,6,Layer 3 Up
177.87252792066298,6.678327060420678,16.5,163,7.2,-3.66,4.81,0.0885,326,10.9,0.000623,119.81228942210234,14.67499709361931,-8.5,80.3,9.08,8.86,2.04,0.051,324,11.7,0.00051,18.9407551412651,-0.09234388838780205,4.0,31.5,4.0,4.0,0,0,0,0,-639.0,57.3,-39.4,-638.0,57.3,3.999999046,23.6,1.0,321,116.0,0.194,16,1,102,6,Layer 3 Up
163.19036018254735,5.978815526128391,41.5,163,6.36,-4.33,5.94,0.109,326,8.46,0.000551,56.72578140481851,12.350841546290948,-39.8,80.9,9.51,7.6,5.46,0.0853,324,13.0,0.000952,18.95834732701629,23.293208865397453,16.5,31.5,4.0,4.0,0,0,0,0,-633.0,57.2,-6.4,-633.0,57.3,3.999999046,28.4,1.08,317,116.0,0.208,16,1,102,6,Layer 3 Up
167.1378227021895,-3.0434396259089542,-52.3,163,5.54,-4.76,5.55,0.087,326,9.2,0.000279,65.70175293630126,-10.289122034915968,35.3,81.4,9.8,6.36,7.29,0.129,324,14.0,0.00166,8.577358709796766,-5.111548267336117,-2.25,31.5,4.0,4.0,0,0,0,0,-628.0,57.3,16.9,-628.0,57.3,4.0,23.5,0.97,321,121.0,0.187,16,1,102,6,Layer 3 Up
163.73533888036175,32.639484881243575,-64.7,163,4.651,-5.01,3.39,0.0889,326,10.2,8.19e-05,82.29362712236697,-11.089873241196802,10.25,82.0,9.96,5.01,8.19,0.13,324,14.4,0.00153,50.0373864249701,-11.257206327338785,-2.25,31.5,4.0,4.0,0,0,0,0,-623.0,57.4,-1.5,-622.0,57.3,4.0,20.0,0.86,321,117.0,0.166,16,1,102,6,Layer 3 Up
159.6251409947313,3.272122230212351,41.5,163,4.0,4.0,3.67,0.0589,326,1.77,4.51e-05,105.89318866159567,10.796904819928248,404.0,82.5,10.0,129.0,12.8,0.206,324,13.7,0.00161,32.98886858221509,6.720248676599347,-2.25,31.5,4.0,4.0,0,0,0,0,-617.0,57.3,-15.1,-617.0,57.3,4.0,24.5,1.06,319,116.0,0.204,16,1,102,6,Layer 3 Up
144.9971049391478,-0.9165408468608183,-58.5,163,4.0,4.0,2.92,0.0395,326,5.63,-2.23e-05,42.9773489020138,-0.3722934004687115,-89.7,83.1,10.0,4.0,5.21,0.0925,324,14.9,0.00111,15.160214688025029,12.731689879586467,4.0,31.5,4.0,4.0,0,0,0,0,-612.0,57.2,-13.8,-612.0,57.3,3.999999046,26.6,1.07,321,118.0,0.207,16,1,104,6,Layer 3 Up
160.48770992833178,4.230099677657296,-33.5,163,4.0,4.0,2.11,0.0337,326,6.67,0.0,48.577635035776275,14.044125254448147,-33.5,83.7,10.0,4.0,5.53,0.102,324,14.4,0.0013,46.81235088463687,32.72087385228708,-14.8,31.5,4.0,4.0,0,0,0,0,-607.0,57.5,50.9,-606.0,57.3,4.0,14.6,0.854,320,114.0,0.16,16,1,104,6,Layer 3 Up
150.59091729031852,-19.461520922955504,47.8,163,4.0,4.0,1.93,0.0485,326,2.08,1.46e-05,29.734420726706567,20.267328661723123,10.25,84.3,10.0,4.0,5.04,0.0971,324,13.3,0.00129,20.88616942206238,10.189778714353434,4.0,31.5,4.0,4.0,0,0,0,0,-601.0,57.4,34.0,-601.0,57.3,4.0,22.4,1.02,318,114.0,0.195,16,1,2,6,Layer 3 Up
142.2047913296179,-4.979760655989595,-39.8,163,4.0,4.0,2.6,0.0342,326,5.89,-9.2e-06,85.67389678071973,-6.021458930888965,47.8,84.9,10.0,4.0,8.43,0.155,324,15.9,0.002,4.8635630908948855,15.24331599524991,-2.25,31.5,4.0,4.0,0,0,0,0,-596.0,57.3,1.75,-596.0,57.3,4.0,18.7,0.987,320,123.0,0.191,16,1,104,6,Layer 3 Up
171.50262512095424,15.504768008617507,-33.5,163,4.0,4.0,1.47,0.0357,326,6.88,-4.7e-06,55.50927907832083,-8.091389946930454,-8.5,85.5,10.0,4.0,9.63,0.151,324,15.7,0.00186,50.84000067581964,16.56057888524709,-2.25,31.5,4.0,4.0,0,0,0,0,-591.0,57.4,38.8,-590.0,57.3,4.000000954,19.4,0.811,321,117.0,0.156,16,1,104,6,Layer 3 Up
169.50750150291287,-3.3411943087961875,35.3,163,4.0,4.0,2.25,0.0496,326,1.78,7.29e-06,75.72152353847265,31.099880795612407,35.3,86.1,10.0,4.0,7.87,0.146,325,16.2,0.00191,21.32840831927789,-16.174983511664998,4.0,31.5,4.0,4.0,0,0,0,0,-585.0,57.4,62.8,-585.0,57.3,4.000000954,22.6,0.922,319,117.0,0.177,16,1,104,6,Layer 3 Up
133.28353693513355,-5.790714893500886,-33.5,163,4.0,4.0,1.15,0.0326,326,7.46,-1.87e-05,104.27769655989114,14.171216952227201,10.25,86.7,10.0,4.0,6.48,0.113,324,15.2,0.00138,23.756231807252387,-12.85598383380174,-2.25,31.5,4.0,4.0,0,0,0,0,-580.0,57.4,62.3,-580.0,57.3,4.0,16.6,0.951,320,118.0,0.182,16,1,104,6,Layer 3 Up
160.95951297257437,19.33918819563026,-33.5,163,4.0,4.0,1.76,0.0349,326,6.76,-9.35e-06,70.05247726408535,4.392018766968486,-46.0,87.3,10.0,4.0,5.73,0.0976,324,14.7,0.00121,32.27987097401912,-14.965566386890202,4.0,31.5,4.0,4.0,0,0,0,0,-575.0,57.4,29.5,-574.0,57.3,4.0,18.9,0.822,321,118.0,0.158,16,1,104,6,Layer 3 Up
179.56047409521182,19.87530425610349,66.5,163,4.0,4.0,0.192,0.049,326,3.91,7.08e-06,93.98183889384754,-2.024564999855805,-21.0,87.9,10.0,4.0,5.42,0.0918,325,13.5,0.00117,53.13845871190475,-19.309332275485463,4.0,31.5,4.0,4.0,0,0,0,0,-569.0,57.3,9.25,-569.0,57.3,4.0,26.0,0.969,319,118.0,0.186,16,1,104,6,Layer 3 Up
180.61697586990098,9.97553105459808,-58.5,163,4.0,4.0,2.25,0.0349,326,6.13,-2.51e-05,80.39912427869135,3.7573385108399604,35.3,88.5,10.0,4.0,3.11,0.0596,324,12.2,0.000725,31.87946803843498,17.893625988147647,-8.5,31.5,4.0,4.0,0,0,0,0,-564.0,57.4,63.6,-564.0,57.3,4.000000954,20.2,0.938,320,120.0,0.182,16,1,104,6,Layer 3 Up
180.06168606681274,-1.4484148071029792,-58.5,163,4.0,4.0,2.6,0.0395,326,5.78,-1.08e-05,106.9646578877651,-4.873766143775926,85.2,89.1,10.0,4.0,3.84,0.0855,324,13.5,0.00109,8.791010708581027,9.0501758463662,-2.25,31.5,4.0,4.0,0,0,0,0,-559.0,57.3,-40.9,-558.0,57.3,3.999999046,24.2,1.01,321,116.0,0.195,16,1,104,6,Layer 3 Up
163.64720323179102,1.2608013423148394,47.8,163,3.9017,-5.07,2.14,0.0438,326,1.03,1.28e-05,102.29949618846801,20.40482944453269,523.0,89.6,10.0,3.879,27.9,0.345,324,22.0,0.00423,41.79999221338505,5.390989042508702,4.0,31.5,4.0,4.0,0,0,0,0,-553.0,57.2,-5.12,-553.0,57.3,3.999999046,28.1,1.09,319,116.0,0.21,16,1,104,6,Layer 3 Up
148.9452327160671,-6.530151070829991,-96.0,163,3.0,-4.95,-3.54,0.073,326,3.94,0.000171,71.70559829839345,0.2955994464031342,-71.0,90.2,9.92,2.51,3.87,0.0724,324,12.9,0.000917,22.315220452973644,-41.36627504568591,4.0,31.5,4.0,4.0,0,0,0,0,-548.0,57.4,33.7,-547.0,57.3,4.0,17.6,0.937,318,115.0,0.18,16,1,2,6,Layer 3 Up
144.9759552295347,-9.61030243763202,-64.7,163,2.12,-4.62,-4.05,0.0865,326,7.77,0.000354,86.29217895831286,23.895176939617315,104.0,90.8,9.7,1.18,5.49,0.124,324,15.2,0.0016,67.25367603188025,39.99087901692243,16.5,31.5,4.0,4.0,0,0,0,0,-542.0,57.4,8.31,-542.0,57.3,4.0,17.2,0.748,320,119.0,0.143,16,1,104,6,Layer 3 Up
168.73145792404753,-11.023697776531456,-39.8,163,1.28,-4.1,-4.55,0.0922,326,9.07,0.000533,119.19777369936222,4.207660870433688,16.5,91.4,9.35,-0.08,6.81,0.108,324,12.5,0.00123,31.47879460287487,-11.622599521613122,16.5,31.5,4.0,4.0,0,0,0,0,-537.0,57.3,-10.6,-537.0,57.3,4.0,24.4,1.07,320,116.0,0.205,16,1,104,6,Layer 3 Up
169.30817358786587,-6.683206855936635,-33.5,163,0.51,-3.39,-7.2,0.114,326,10.3,0.000832,102.31440318461397,-3.909795152183232,85.2,91.9,8.88,-1.26,2.58,0.0688,324,10.7,0.000729,-10.82730571606804,39.9267660724591,10.25,31.5,4.0,4.0,0,0,0,0,-532.0,57.4,38.1,-531.0,57.3,4.000000954,21.7,0.871,319,118.0,0.166,16,1,104,6,Layer 3 Up
183.41085050959106,-12.259758932250136,4.0,162,-0.19,-2.52,-4.74,0.0823,326,11.3,0.000672,54.96119485033347,2.822620731623674,4.0,92.3,8.3,-2.31,9.49,0.158,324,13.6,0.00143,38.267810373870475,-21.358224560329102,4.0,31.5,4.0,4.0,0,0,0,0,-526.0,57.2,-66.7,-526.0,57.3,3.999999046,23.5,0.93,320,119.0,0.177,16,1,104,6,Layer 3 Up
180.2948269056453,-19.026236158142765,-14.8,162,-0.79,-1.49,-4.93,0.0962,326,12.5,0.000948,110.22373652731055,-25.7244208322994,-58.5,92.7,7.62,-3.22,6.04,0.0814,324,10.0,0.000596,68.32697000793742,-10.215057522704702,4.0,31.5,4.0,4.0,0,0,0,0,-521.0,57.4,36.1,-521.0,57.3,4.0,20.0,1.01,319,116.0,0.194,16,1,104,6,Layer 3 Up
158.80077714851225,1.4283603476856723,35.3,161,-1.28,-0.34,-4.18,0.0812,326,13.4,0.000856,64.00990361928645,5.2509561720175935,22.8,93.0,6.86,-3.97,6.68,0.123,325,12.0,0.000674,61.344921881611725,-34.51954213465986,10.25,31.5,4.0,4.0,0,0,0,0,-516.0,57.3,10.38,-515.0,57.3,4.0,22.2,0.9,320,119.0,0.172,16,1,104,6,Layer 3 Up
140.3064070033778,1.2069032965568864,-8.5,161,-1.65,0.91,-5.93,0.109,326,14.0,0.00128,131.05446154603231,4.126130952415918,-2.25,93.3,6.03,-4.53,2.86,0.0711,324,8.38,0.000309,66.1747789935365,10.36131218914032,16.5,31.5,4.0,4.0,0,0,0,0,-510.0,57.4,-9.6,-510.0,57.3,4.0,19.3,0.827,320,118.0,0.16,16,1,104,6,Layer 3 Up
154.6926291273222,17.91725272067681,-14.8,160,-1.89,2.23,-4.15,0.0844,326,12.9,0.00102,120.77270266050117,15.69201928193999,16.5,93.4,5.15,-4.9,3.58,0.0682,324,5.58,0.000217,12.187688779754488,-15.269333740140333,4.0,31.5,4.0,4.0,0,0,0,0,-505.0,57.4,54.0,-505.0,57.3,4.000000954,23.1,0.937,320,117.0,0.18,16,1,104,6,Layer 3 Up
162.61298239138253,-9.984130260746426,-64.7,159,-1.99,3.589,-4.48,0.106,325,13.9,0.00136,101.24822568800491,-19.532395464602352,10.25,93.5,4.254,-5.06,6.24,0.119,324,6.23,7.65e-05,48.77442510888637,-14.77491034045299,10.25,31.5,4.0,4.0,0,0,0,0,-500.0,57.3,-32.1,-499.0,57.3,3.999999046,24.1,1.07,319,115.0,0.206,16,1,104,6,Layer 3 Up
155.63895782637394,1.4096933878121036,-14.8,159,-2.0,4.0,-4.73,0.0838,325,13.1,0.00104,97.70260985015095,18.835321483826462,66.5,93.5,4.0,4.0,4.56,0.0895,324,4.11,0.0,17.82680168279225,-20.015682821686056,4.0,31.5,4.0,4.0,0,0,0,0,-494.0,57.4,0.0,-494.0,57.3,4.0,15.9,0.88,320,116.0,0.17,16,1,2,6,Layer 3 Up
148.38848339259272,1.4949129603985032,-77.2,158,-2.0,4.0,-4.6,0.0947,326,13.1,0.00118,87.91286566482144,14.51455928618588,72.7,93.5,4.0,4.0,4.3,0.0895,325,4.28,1.41e-05,35.74761306338047,17.626835516850065,16.5,31.5,4.0,4.0,0,0,0,0,-489.0,57.3,3.812,-489.0,57.3,4.0,24.7,0.971,320,120.0,0.186,16,1,106,6,Layer 3 Up
162.205972279125,-4.883029801293754,-14.8,158,-2.0,4.0,-5.44,0.102,326,14.0,0.00124,111.63597833250596,19.977049731497587,72.7,93.5,4.0,4.0,4.29,0.0859,324,4.22,1.37e-05,7.392711026766495,16.47389501427563,16.5,31.5,4.0,4.0,0,0,0,0,-484.0,57.3,-16.5,-483.0,57.3,4.0,22.5,0.97,320,118.0,0.186,16,1,106,6,Layer 3 Up
148.61819071471024,6.797205368263641,22.8,157,-2.0,4.0,-5.6,0.0857,326,13.5,0.00105,83.58962788468207,3.482497767200924,72.7,93.5,4.0,4.0,3.17,0.0878,325,5.45,4.18e-05,19.29523805938676,35.706215240438745,4.0,31.5,4.0,4.0,0,0,0,0,-478.0,57.4,45.8,-478.0,57.3,4.000000954,15.7,0.707,321,120.0,0.133,16,1,106,6,Layer 3 Up
146.5540246735575,6.930282012458996,-8.5,157,-2.0,4.0,-4.23,0.0758,326,11.6,0.000941,99.79644695799041,16.98688803073714,79.0,93.5,4.0,4.0,4.3,0.0843,324,4.13,5.38e-05,18.693178486112416,-7.998209209315709,10.25,31.5,4.0,4.0,0,0,0,0,-473.0,57.2,-9.1,-473.0,57.3,3.999999046,28.1,1.1,320,116.0,0.212,16,1,106,6,Layer 3 Up
161.18007373234772,1.5676459114948758,-109.0,156,-2.0,4.0,-3.48,0.0844,326,13.5,0.00108,116.80556312114794,-14.477333972004304,79.0,93.5,4.0,4.0,4.01,0.0834,324,4.43,3.97e-05,48.51692169146392,7.8288103281869725,4.0,31.5,4.0,4.0,0,0,0,0,-468.0,57.4,37.6,-467.0,57.3,4.0,16.2,0.936,320,116.0,0.179,16,1,106,6,Layer 3 Up
148.3140720662147,-5.004208105255124,-46.0,155,-2.0,4.0,-5.94,0.0984,326,13.7,0.00126,78.4837116590845,13.127853177212575,60.3,93.5,4.0,4.0,4.58,0.0854,325,4.11,0.0,46.664091616208246,-18.560250935241715,4.0,31.5,4.0,4.0,0,0,0,0,-462.0,57.4,4.438,-462.0,57.3,4.0,17.2,0.75,321,119.0,0.144,16,1,106,6,Layer 3 Up
159.0599365105331,-6.051596343539282,16.5,155,-2.0,4.0,-5.22,0.0908,326,13.9,0.00111,77.03004612724384,-5.638646258261927,66.5,93.5,4.0,4.0,4.0,0.0836,325,4.62,1.34e-05,36.742437233162946,-1.8623734473685811,4.0,31.5,4.0,4.0,0,0,0,0,-457.0,57.3,-12.1,-457.0,57.3,4.0,23.1,1.05,321,118.0,0.203,16,1,106,6,Layer 3 Up
158.54392070476135,-18.0734708561496,35.3,154,-2.0,4.0,-4.98,0.0673,326,11.7,0.000812,61.57631265658672,-16.758301223099522,79.0,93.5,4.0,4.0,4.59,0.084,325,4.13,1.32e-05,5.9255962550497365,-5.0785394579966106,4.0,31.5,4.0,4.0,0,0,0,0,-452.0,57.4,42.2,-451.0,57.3,4.000000954,22.0,0.858,321,117.0,0.164,16,1,106,6,Layer 3 Up
135.04905273496664,-11.670925974663465,-64.7,154,-2.0,4.0,-4.82,0.0811,326,12.0,0.00101,65.04816035682455,-10.057676813968872,91.5,93.5,4.0,4.0,3.74,0.0831,325,4.84,2.65e-05,25.598144031101985,12.151752150311834,16.5,31.5,4.0,4.0,0,0,0,0,-446.0,57.3,-52.2,-446.0,57.3,3.999999046,21.9,0.914,321,119.0,0.175,16,1,106,6,Layer 3 Up
144.99601278236568,-9.339662810343766,-39.8,153,-2.0,4.0,-3.51,0.0966,326,15.3,0.0012,44.6295987663536,4.195029420033908,72.7,93.5,4.0,4.0,4.29,0.0859,325,4.28,4.04e-05,17.369978126519186,21.820424499106664,16.5,31.5,4.0,4.0,0,0,0,0,-441.0,57.4,30.0,-441.0,57.3,4.0,20.2,1.01,321,116.0,0.195,16,1,2,6,Layer 3 Up
175.91306078846074,-15.158609664672705,-8.5,152,-2.0,4.0,-5.03,0.0994,326,14.5,0.00122,113.00728353319579,-6.286403669293103,85.2,93.5,4.0,4.0,3.73,0.0831,324,4.76,3.98e-05,47.96999864747987,21.366272683606034,10.25,31.5,4.0,4.0,0,0,0,0,-436.0,57.3,13.69,-435.0,57.3,4.0,20.9,0.876,321,120.0,0.168,16,1,106,6,Layer 3 Up
132.67233013859965,3.1398664969589505,22.8,152,-2.0,4.0,-3.85,0.0815,326,14.4,0.00096,141.849708028548,8.886444809101352,72.7,93.5,4.0,4.0,4.85,0.0886,324,2.85,1.38e-05,53.81257199365279,-10.722178538865945,16.5,31.5,4.0,4.0,0,0,0,0,-430.0,57.4,-8.1,-430.0,57.3,4.0,18.8,0.821,322,118.0,0.158,16,1,106,6,Layer 3 Up
115.79586985910412,11.842444416890636,-39.8,151,-2.0,4.0,-3.96,0.0784,326,13.5,0.00098,131.5970115824713,-18.74398905866194,79.0,93.5,4.0,4.0,3.74,0.0832,324,4.91,3.95e-05,51.50592639178036,21.495776043708247,10.25,31.5,4.0,4.0,0,0,0,0,-425.0,57.4,52.4,-425.0,57.3,4.000000954,24.9,0.933,321,115.0,0.179,16,1,106,6,Layer 3 Up
120.03385004159544,-12.741302092023906,-46.0,151,-2.0,4.0,-5.06,0.104,326,14.3,0.00135,50.03707876972476,-22.781056572453522,79.0,93.5,4.0,4.0,4.58,0.0848,325,3.55,0.0,17.197585886922248,3.2286166098074967,4.0,31.5,4.0,4.0,0,0,0,0,-420.0,57.3,-31.8,-419.0,57.3,3.999999046,23.3,1.07,321,116.0,0.206,16,1,106,6,Layer 3 Up
150.4841557147781,1.3809264633597695,-8.5,150,-2.0,4.0,-6.38,0.109,326,13.9,0.00136,112.87433246156507,21.525716378956837,79.0,93.5,4.0,4.0,3.45,0.0835,324,5.0,2.66e-05,-20.381527651557036,-1.6796614557589251,4.0,31.5,4.0,4.0,0,0,0,0,-414.0,57.4,-0.81,-414.0,57.3,4.0,16.4,0.877,321,116.0,0.169,16,1,106,6,Layer 3 Up
149.51421519464114,-14.182592127771887,22.8,149,-2.0,4.0,-5.49,0.0881,326,13.2,0.00109,131.5108762491235,15.592960144519129,79.0,93.5,4.0,4.0,4.29,0.083,325,3.94,2.62e-05,-1.9628852745790297,-8.347239263571357,16.5,31.5,4.0,4.0,0,0,0,0,-409.0,57.3,6.38,-409.0,57.3,4.0,24.9,0.955,322,120.0,0.183,16,1,106,6,Layer 3 Up
147.0438999561871,-5.713362205945866,-46.0,149,-2.0,4.0,-5.11,0.0968,326,13.9,0.00123,81.2901201635481,-9.1350853662565,79.0,93.5,4.0,4.0,1.76,0.0809,325,7.37,0.0,58.42290112263076,-5.7975236027644,4.0,31.5,4.0,4.0,0,0,0,0,-404.0,57.3,-15.9,-403.0,57.3,4.0,23.0,0.963,321,118.0,0.185,16,1,106,6,Layer 3 Up
168.19436699936568,-10.182564973721465,-46.0,148,-2.0,4.0,-5.79,0.114,326,14.0,0.00147,96.21154525991523,4.137021690897651,91.5,93.5,4.0,4.0,3.17,0.0837,325,5.1,1.33e-05,23.900997432640082,34.486282897836034,4.0,31.5,4.0,4.0,0,0,0,0,-398.0,57.4,43.9,-398.0,57.3,4.000000954,17.2,0.7,322,119.0,0.133,16,1,106,6,Layer 3 Up
103.54550187736689,4.893313536029892,-77.2,148,-1.92,6.16,-4.4,0.0893,326,12.3,0.0011,39.83187997528178,17.83291877255633,41.5,93.5,4.972,17.6,8.4,0.15,325,8.65,0.000339,17.282708840302014,9.403945712701343,16.5,31.5,4.0,4.0,0,0,0,0,-393.0,57.2,-17.5,-393.0,57.3,3.999999046,28.8,1.11,322,116.0,0.214,16,1,106,6,Layer 3 Up
153.58515973140115,-9.506933525356454,4.0,147,-1.55,9.19,-5.71,0.0966,326,12.9,0.00106,100.82947767420526,11.607474182820095,41.5,93.7,6.29,16.7,3.37,0.0639,325,5.6,0.0003,62.60885016962442,7.0552854710172515,4.0,31.5,4.0,4.0,0,0,0,0,-388.0,57.4,36.6,-387.0,57.3,4.0,16.5,0.929,322,116.0,0.178,16,1,2,6,Layer 3 Up
172.9697910020195,11.088757319818649,10.25,147,-0.88,11.94,-4.96,0.106,326,15.0,0.0011,65.57256399194941,9.326643880597874,54.0,94.0,7.49,15.2,5.96,0.107,324,10.5,0.00076,55.45971421606312,-0.5886864389446469,4.0,31.5,4.0,4.0,0,0,0,0,-382.0,57.4,6.81,-382.0,57.3,4.0,17.2,0.744,322,119.0,0.142,16,1,106,6,Layer 3 Up
127.24278583263462,-3.1076435283303177,-52.3,146,0.04,14.3,-2.0,0.0731,326,12.7,0.000624,99.73595955129097,22.085681246214282,4.0,94.4,8.51,13.12,4.94,0.0824,324,11.5,0.000726,31.96301212130138,46.79871624343239,4.0,31.5,4.0,4.0,0,0,0,0,-377.0,57.3,-15.1,-377.0,57.3,4.0,24.9,1.06,322,116.0,0.204,16,1,106,6,Layer 3 Up
139.68307005618502,-6.583965659613466,-39.8,146,1.17,16.1,-2.78,0.0804,326,10.9,0.000465,53.17127058515604,0.19849243895536617,-21.0,94.9,9.29,10.55,3.9,0.0904,325,13.9,0.00101,25.943505552739442,26.83453066419269,4.0,31.5,4.0,4.0,0,0,0,0,-372.0,57.4,41.8,-371.0,57.3,4.000000954,20.6,0.849,322,119.0,0.163,16,1,106,6,Layer 3 Up
133.47792534155207,-12.528501688703955,-64.7,146,2.44,17.3,-3.78,0.0759,326,7.39,0.000253,109.9098267738879,10.144748500062247,60.3,95.5,9.79,7.63,11.7,0.158,324,11.6,0.00186,28.998255206478145,-8.591844931043537,16.5,31.5,4.0,4.0,0,0,0,0,-366.0,57.2,-57.8,-366.0,57.3,3.999999046,21.6,0.908,322,119.0,0.174,16,1,106,6,Layer 3 Up
130.1252647249899,6.450590360559305,-83.5,145,3.799,17.7,-4.48,0.0681,326,3.01,3.22e-05,123.38376389599529,9.594019443049826,29.0,96.1,10.0,4.524,7.05,0.126,324,15.3,0.00154,35.80202975465213,-0.787602406445302,4.0,31.5,4.0,4.0,0,0,0,0,-361.0,57.4,27.1,-361.0,57.3,4.0,19.9,1.0,322,116.0,0.192,16,1,106,6,Layer 3 Up
139.57362060659122,14.345362552595677,-83.5,145,4.0,4.0,-1.95,0.0476,326,2.28,7.14e-06,75.56671831817565,6.616575798230669,91.5,96.5,10.0,4.0,4.68,0.096,325,14.4,0.00121,61.8018410670671,0.25123810340904384,4.0,31.5,4.0,4.0,0,0,0,0,-356.0,57.3,10.44,-355.0,57.3,4.0,22.2,0.883,322,119.0,0.169,16,1,106,6,Layer 3 Up
168.74189028609962,7.036996876905618,-77.2,145,4.0,4.0,-1.45,0.0527,326,3.0,6.8e-06,66.71167949981445,4.994695405326324,4.0,97.1,10.0,4.0,5.99,0.0917,325,12.1,0.00114,39.500726537713206,6.577407194891485,16.5,31.5,4.0,4.0,0,0,0,0,-350.0,57.4,-5.06,-350.0,57.3,4.0,17.2,0.81,322,119.0,0.156,16,1,107,6,Layer 3 Up
175.5593573265918,30.060139253550382,-115.0,145,4.0,4.0,-0.649,0.043,326,4.09,5.98e-06,40.07257637937467,10.872580462369468,-89.7,97.7,10.0,4.0,4.76,0.0841,324,14.1,0.00103,45.24960391863195,-8.269760716962175,4.0,31.5,4.0,4.0,0,0,0,0,-345.0,57.4,53.6,-345.0,57.3,4.000000954,23.6,0.933,322,116.0,0.178,16,1,107,6,Layer 3 Up
139.4126693880066,20.65247226345619,-71.0,145,4.0,4.0,-1.15,0.0485,326,3.7,6.85e-06,91.07914587023149,10.56563127778688,-83.5,98.2,10.0,4.0,5.14,0.0729,324,12.7,0.000819,53.64374376505642,11.678228983059366,-2.25,31.5,4.0,4.0,0,0,0,0,-340.0,57.3,-38.1,-339.0,57.3,3.999999046,24.0,1.07,321,117.0,0.205,16,1,107,6,Layer 3 Up
176.68490148913403,0.18601756647655066,-102.0,145,4.0,4.0,-1.95,0.0423,326,2.16,-5.89e-06,83.25482290096849,-3.454080560134612,35.3,98.8,10.0,4.0,5.83,0.104,324,14.5,0.00127,9.348569416165407,29.408034082141434,4.0,31.5,4.0,4.0,0,0,0,0,-334.0,57.4,-4.69,-334.0,57.3,4.0,16.4,0.869,322,116.0,0.167,16,1,108,6,Layer 3 Up
145.59170684488933,0.0876283184059572,-83.5,145,4.0,4.0,-1.49,0.0434,326,3.03,0.0,57.94346129182306,19.971490736237897,-27.3,99.4,10.0,4.0,4.33,0.0831,325,14.4,0.00101,45.79564323528571,-18.985318196880026,4.0,31.5,4.0,4.0,0,0,0,0,-329.0,57.3,-0.13,-329.0,57.3,4.0,24.9,0.956,322,120.0,0.182,16,1,2,6,Layer 3 Up
174.16733393158862,9.269747769329577,-109.0,145,4.0,4.0,-1.24,0.0386,326,3.99,1.12e-05,112.10854580998067,-2.3319555416160043,-27.3,100.0,10.0,4.0,3.56,0.0634,324,12.6,0.000756,25.921430109416203,-15.73984230932054,4.0,31.5,4.0,4.0,0,0,0,0,-324.0,57.3,-17.4,-323.0,57.3,4.0,22.2,0.95,322,119.0,0.183,16,1,108,6,Layer 3 Up
143.44825979697873,-6.048172895221422,-89.7,145,4.0,4.0,-1.65,0.0505,326,2.5,-5.93e-06,88.57293289510491,7.586959227027,79.0,100.6,10.0,4.0,1.47,0.0721,325,13.2,0.000853,-16.150039859470944,-4.429107412083596,16.5,31.5,4.0,4.0,0,0,0,0,-318.0,57.4,46.8,-318.0,57.3,4.000000954,17.0,0.696,323,119.0,0.132,16,1,108,6,Layer 3 Up
147.17974963573073,17.45590215199195,-109.0,145,4.0,4.0,-1.95,0.0446,326,2.13,0.0,72.44711073613156,6.291471346515438,35.3,101.2,10.0,4.0,6.1,0.106,324,13.4,0.00132,-8.803468514906811,-3.6178670087411176,16.5,31.5,4.0,4.0,0,0,0,0,-313.0,57.2,-12.9,-313.0,57.3,3.999999046,27.5,1.08,322,116.0,0.208,16,1,108,6,Layer 3 Up
151.07855992004332,7.9494307305818275,-134.0,145,4.0,4.0,-0.00597,0.046,326,4.65,0.0,86.97706985619544,14.383928723800445,-14.8,101.8,10.0,4.0,5.86,0.114,324,15.0,0.00141,12.218795993092439,38.96832453704431,4.0,31.5,4.0,4.0,0,0,0,0,-308.0,57.4,34.8,-307.0,57.3,4.0,17.0,0.923,322,116.0,0.176,16,1,108,6,Layer 3 Up
197.8705942917367,6.738835188559843,-134.0,145,4.0,4.0,-2.2,0.0422,326,1.52,0.0,131.03444372958944,-16.7798500311787,-2.25,102.4,10.0,4.0,5.45,0.111,325,14.5,0.00138,41.56035386071275,21.52749123208401,4.0,31.5,4.0,4.0,0,0,0,0,-302.0,57.4,4.313,-302.0,57.3,4.0,17.2,0.736,323,119.0,0.141,16,1,108,6,Layer 3 Up
159.1585548734604,11.897892183418744,-83.5,145,4.0,4.0,-2.59,0.0477,326,1.9,1.43e-05,119.21564532873116,21.55975663308477,54.0,103.1,10.0,4.0,3.76,0.0759,324,12.2,0.000963,33.6551465276695,20.523359689919435,4.0,31.5,4.0,4.0,0,0,0,0,-296.0,57.4,28.6,-296.0,57.3,3.999999046,18.2,0.883,322,121.0,0.17,16,1,108,6,Layer 3 Up
133.2367986099192,24.07122700384272,-77.2,145,4.0,4.0,-1.26,0.0452,326,3.52,-1.11e-05,100.12458866170896,1.7086651285603907,54.0,103.6,10.0,4.0,6.46,0.126,324,15.2,0.00167,34.991553483524555,-0.6257609319511861,4.0,31.5,4.0,4.0,0,0,0,0,-292.0,57.4,39.3,-291.0,57.3,4.000000954,20.6,0.854,322,119.0,0.162,16,1,108,6,Layer 3 Up
161.11634206425782,5.759020682379621,-109.0,145,4.0,4.0,-2.2,0.0409,326,2.56,2.25e-05,120.54779492640884,25.57588333833881,85.2,104.0,10.0,4.0,7.32,0.157,324,15.9,0.00205,68.44714527088648,-0.9847928888082391,16.5,31.5,4.0,4.0,0,0,0,0,-286.0,57.2,-63.9,-286.0,57.3,3.999999046,22.4,0.911,322,119.0,0.174,16,1,108,6,Layer 3 Up
138.9820126374794,2.496580385647192,-77.2,145,4.0,4.0,-1.2,0.0506,326,4.13,6.47e-06,73.97047769126677,3.825982086361197,35.3,105.0,9.94,-9.9,9.19,0.162,324,16.6,0.00207,7.465865347659104,-21.376337436990937,10.25,31.5,4.0,4.0,0,0,0,0,-281.0,57.4,24.1,-281.0,57.3,4.0,20.7,1.0,322,116.0,0.193,16,1,108,6,Layer 3 Up
136.85449038043632,21.55506161189135,-83.5,145,4.0,4.0,-2.54,0.0447,326,2.2,6.2e-06,105.86520666543186,9.6615942411517,47.8,105.0,10.0,4.0,2.54,0.0574,325,12.1,0.000692,30.980464641191,17.678565315264343,4.0,31.5,4.0,4.0,0,0,0,0,-276.0,57.3,3.375,-275.0,57.3,4.0,22.5,0.889,322,119.0,0.171,16,1,2,6,Layer 3 Up
160.1118292054681,15.170388654689152,-83.5,145,4.0,4.0,-6.37,0.049,326,3.31,0.0,109.93771596136584,34.38033220424908,66.5,106.0,10.0,4.0,4.74,0.0889,325,12.9,0.00115,37.26542764402913,12.592269201767921,4.0,31.5,4.0,4.0,0,0,0,0,-270.0,57.4,-10.1,-270.0,57.3,4.0,18.5,0.823,323,118.0,0.158,16,1,109,6,Layer 3 Up
145.51701451691093,0.027932441386652407,-89.7,145,4.0,4.0,-3.39,0.0409,326,0.877,-5.89e-06,93.44193963916598,6.418637292096811,41.5,107.0,10.0,4.0,6.29,0.109,324,14.1,0.00139,17.556392695534146,26.501846926743735,4.0,31.5,4.0,4.0,0,0,0,0,-265.0,57.4,45.4,-265.0,57.3,4.000000954,21.2,0.927,323,119.0,0.177,16,1,109,6,Layer 3 Up
149.63326583768196,4.835949730387166,104.0,145,4.645,17.7,1.37,0.0502,326,4.35,6e-05,118.63918079728452,25.635005339343127,148.0,107.0,9.97,2.59,7.92,0.133,325,15.0,0.00171,32.03645447698439,0.31098937847625363,4.0,31.5,4.0,4.0,0,0,0,0,-260.0,57.3,-34.1,-259.0,57.3,3.999999046,24.3,1.06,322,116.0,0.205,16,1,109,6,Layer 3 Up
146.23260176966275,8.216063247161731,85.2,146,5.98,17.0,4.86,0.0933,326,7.65,0.000324,87.14012586557907,9.994347525985086,16.5,108.0,9.66,-0.48,6.34,0.105,324,14.1,0.00121,1.200013866590517,1.5192074783109195,4.0,31.5,4.0,4.0,0,0,0,0,-254.0,57.4,-1.69,-254.0,57.3,4.0,15.4,0.871,323,117.0,0.167,16,1,111,6,Layer 3 Up
151.5980399625505,11.501927064949825,35.3,146,7.22,15.6,4.4,0.077,326,9.08,0.000535,121.62678103051874,14.579593314596412,16.5,108.0,9.06,-3.32,2.86,0.0777,325,12.6,0.000833,58.20093228751522,6.9753859217323395,4.0,31.5,4.0,4.0,0,0,0,0,-249.0,57.3,1.75,-249.0,57.3,4.0,25.7,0.947,323,119.0,0.182,16,1,111,6,Layer 3 Up
153.0680194237945,-7.872391527236363,-27.3,146,8.28,13.67,5.1,0.0813,326,11.3,0.000697,123.75039857096259,9.235741575331827,41.5,109.0,8.2,-5.77,8.62,0.151,324,13.1,0.00142,18.591521556323553,19.606052756892893,4.0,31.5,4.0,4.0,0,0,0,0,-244.0,57.3,-18.2,-243.0,57.3,4.0,22.7,0.953,322,118.0,0.184,16,1,111,6,Layer 3 Up
114.78442697118639,-8.84685850236893,85.2,147,9.13,11.2,4.37,0.0873,326,11.4,0.000959,31.028473306483406,17.904599445834787,-21.0,109.0,7.12,-7.7,3.83,0.0677,325,9.02,0.000428,69.97084124036991,-21.75022136234782,-2.25,31.5,4.0,4.0,0,0,0,0,-238.0,57.4,40.4,-238.0,57.3,4.000000954,16.7,0.695,323,119.0,0.131,16,1,111,6,Layer 3 Up
158.08641563364648,-0.6283655628685079,41.5,147,9.7,8.35,4.73,0.0858,326,12.5,0.000972,140.81517528360732,-2.5794753270068895,-21.0,109.0,5.87,-9.0,4.74,0.116,325,11.2,0.000539,30.884998297490547,16.879204037105605,4.0,31.5,4.0,4.0,0,0,0,0,-233.0,57.2,-12.3,-233.0,57.3,3.999999046,27.5,1.08,322,117.0,0.209,16,1,111,6,Layer 3 Up
131.66708393360702,-1.5173431150063639,35.3,148,9.98,5.28,5.61,0.0999,326,14.3,0.00122,27.54112436763306,-7.758980324155265,47.8,109.0,4.531,-9.7,1.84,0.0546,324,3.86,5.41e-05,50.96937200597334,3.6413771790224727,4.0,31.5,4.0,4.0,0,0,0,0,-228.0,57.4,31.7,-227.0,57.3,4.0,17.0,0.915,322,116.0,0.175,16,1,111,6,Layer 3 Up
124.01172619601167,2.4839557473184506,16.5,148,10.0,4.0,6.5,0.0917,326,11.8,0.00116,92.53388740928854,-4.109975491829713,-8.5,109.0,4.0,4.0,1.3,0.0218,325,1.51,2.13e-06,30.49054541484763,-14.523594533492382,4.0,31.5,4.0,4.0,0,0,0,0,-222.0,57.4,-0.69,-222.0,57.3,4.0,18.0,1.08,323,121.0,0.206,16,1,2,6,Layer 3 Up
148.02850603153823,17.3589463913752,22.8,149,10.0,4.0,5.21,0.102,326,14.3,0.00125,136.40609184717343,5.262427195078212,4.0,109.0,4.0,4.0,1.05,0.0207,325,1.31,0.0,30.917770506017277,-32.47556428746337,4.0,31.5,4.0,4.0,0,0,0,0,-217.0,57.3,-5.5,-217.0,57.3,4.0,23.8,1.05,323,117.0,0.203,16,1,111,6,Layer 3 Up
151.39676940252718,8.264790618891519,4.0,150,10.0,4.0,4.47,0.0846,326,13.5,0.00108,100.5193779637448,1.2042263770342783,4.0,109.0,4.0,4.0,-0.177,0.0179,325,1.65,-1.46e-06,20.4395993228381,1.6120397610772073,4.0,31.5,4.0,4.0,0,0,0,0,-212.0,57.4,35.3,-211.0,57.3,4.000000954,21.1,0.862,323,119.0,0.165,16,1,111,6,Layer 3 Up
138.46562730964877,12.48797584471346,47.8,150,10.0,4.0,4.38,0.0879,326,13.8,0.00114,69.81093798586508,12.992748328654999,4.0,109.0,4.0,4.0,0.163,0.0172,325,1.27,0.0,33.755979818274156,29.33147954905972,4.0,31.5,4.0,4.0,0,0,0,0,-206.0,57.2,-58.9,-206.0,57.3,3.999999046,22.0,0.892,323,119.0,0.171,16,1,111,6,Layer 3 Up
164.8216956871741,-4.23767982873702,85.2,151,10.0,4.0,5.1,0.0937,326,12.4,0.00116,79.76596690238598,20.519131116119812,4.0,109.0,4.0,4.0,0.119,0.0237,325,1.25,0.0,37.52228822245943,33.30293564871103,4.0,31.5,4.0,4.0,0,0,0,0,-201.0,57.4,28.0,-201.0,57.3,4.0,20.7,1.0,323,116.0,0.192,16,1,111,6,Layer 3 Up
128.67698489860692,4.474906713009864,4.0,151,10.0,4.0,7.07,0.105,326,12.8,0.00128,136.44772727089298,-8.355031646066832,4.0,109.0,4.0,4.0,0.163,0.0207,325,1.11,-3.54e-06,16.64764096655724,10.218225101810567,4.0,31.5,4.0,4.0,0,0,0,0,-196.0,57.3,7.31,-195.0,57.3,4.0,22.2,0.882,323,119.0,0.169,16,1,111,6,Layer 3 Up
145.2317243852529,16.72129190595479,-33.5,152,10.0,4.0,5.94,0.103,326,14.5,0.00124,57.640922019129945,-5.2924823723120795,4.0,109.0,4.0,4.0,-0.429,0.0159,325,1.5,0.0,29.131897469563842,38.35535893368811,10.25,31.5,4.0,4.0,0,0,0,0,-190.0,57.3,-16.9,-190.0,57.3,4.0,19.3,0.822,323,118.0,0.157,16,1,111,6,Layer 3 Up
143.27239180573875,17.121719055387093,10.25,153,10.0,4.0,4.22,0.0687,326,12.6,0.000861,139.17632333006298,-14.159142585402956,16.5,109.0,4.0,4.0,-0.133,0.017,325,1.36,0.0,19.94589213687884,3.2486347934289865,4.0,31.5,4.0,4.0,0,0,0,0,-185.0,57.4,50.4,-185.0,57.3,4.000000954,22.0,0.928,323,119.0,0.178,16,1,111,6,Layer 3 Up
152.2251619867698,1.665005949717914,72.7,153,10.0,4.0,4.75,0.0877,326,12.8,0.00113,107.5271994124237,29.706432712231983,4.0,109.0,4.0,4.0,0.547,0.0185,325,1.72,9.09e-07,75.05124749041354,20.680508983121744,4.0,31.5,4.0,4.0,0,0,0,0,-180.0,57.2,-42.1,-179.0,57.3,3.999999046,23.7,1.08,322,117.0,0.207,16,1,111,6,Layer 3 Up
158.6380620006936,11.899812282233459,35.3,154,10.0,4.0,6.09,0.104,326,14.1,0.00134,77.12897196618496,7.857402563120431,4.0,109.0,4.0,4.0,0.459,0.0211,325,1.13,2.99e-06,29.80067051115828,-3.920450387125038,-8.5,31.5,4.0,4.0,0,0,0,0,-174.0,57.4,-3.38,-174.0,57.3,4.0,15.9,0.856,323,116.0,0.164,16,1,111,6,Layer 3 Up
137.23675620085464,35.81026038685737,4.0,154,10.0,4.0,4.87,0.094,326,14.7,0.00116,93.41416504926814,10.074748881961492,4.0,109.0,4.0,4.0,1.35,0.0173,325,1.56,-9.58e-07,60.76374715240576,-5.004236422481878,4.0,31.5,4.0,4.0,0,0,0,0,-169.0,57.3,1.75,-169.0,57.3,4.0,25.9,0.952,323,120.0,0.183,16,1,2,6,Layer 3 Up
167.04624668347108,9.943193934034582,16.5,155,10.0,4.0,5.66,0.0853,326,12.6,0.00108,81.81104289472508,-12.968299335625534,4.0,109.0,4.0,4.0,-0.562,0.0211,325,2.1,1.38e-06,27.795286491524784,-7.854772691027467,-2.25,31.5,4.0,4.0,0,0,0,0,-164.0,57.3,-20.0,-163.0,57.3,4.0,22.9,0.971,322,119.0,0.187,16,1,111,6,Layer 3 Up
157.04785340617036,1.9838560288636238,72.7,156,10.0,4.0,5.05,0.0992,326,13.0,0.00122,132.15296525852344,3.9851868381739903,4.0,109.0,4.0,4.0,0.415,0.0167,325,0.775,1.25e-06,36.41041295852559,-32.02927835998324,16.5,31.5,4.0,4.0,0,0,0,0,-158.0,57.4,40.7,-158.0,57.3,4.000000954,16.3,0.703,323,120.0,0.133,16,1,111,6,Layer 3 Up
124.53320949313812,7.987991782173666,79.0,156,10.0,4.0,6.32,0.107,326,13.3,0.00137,128.57675165419823,10.447558702137961,-2.25,109.0,4.0,4.0,0.163,0.0234,325,1.5,1.24e-06,6.475886926475326,26.546004948690104,10.25,31.5,4.0,4.0,0,0,0,0,-153.0,57.2,-7.7,-153.0,57.3,3.999999046,26.9,1.08,322,118.0,0.209,16,1,111,6,Layer 3 Up
124.42476884022471,10.983240232573852,-21.0,157,10.0,4.0,5.39,0.0968,326,13.8,0.00121,63.04927267529755,0.7998497843526255,4.0,109.0,4.0,4.0,0.207,0.0285,325,1.38,2.01e-06,23.03329855787195,-7.227017508180332,4.0,31.5,4.0,4.0,0,0,0,0,-148.0,57.4,28.8,-147.0,57.3,4.0,16.7,0.917,322,117.0,0.176,16,1,111,6,Layer 3 Up
156.79510590793967,8.253510411092313,-14.8,157,10.0,4.0,5.0,0.0846,326,12.8,0.001,98.21255778586136,17.619445485447777,4.0,109.0,4.0,4.0,0.207,0.017,324,1.17,-1.63e-06,35.48712476052683,-10.023242378664765,4.0,31.5,4.0,4.0,0,0,0,0,-142.0,57.4,3.125,-142.0,57.3,4.0,16.5,0.732,323,119.0,0.14,16,1,111,6,Layer 3 Up
154.32487852893564,9.851528107527024,79.0,158,10.0,4.0,3.76,0.0821,325,12.5,0.00102,85.92827727465692,33.26995756142421,4.0,109.0,4.0,4.0,0.163,0.0181,324,1.2,1.33e-06,61.535884925769096,-16.646653629949842,4.0,31.5,4.0,4.0,0,0,0,0,-137.0,57.3,-10.8,-137.0,57.3,4.0,23.6,1.04,322,118.0,0.201,16,1,111,6,Layer 3 Up
157.2799199277717,-6.962993154961765,35.3,159,10.0,4.0,6.53,0.106,326,13.0,0.00136,143.57367822087264,-7.990706608958915,4.0,109.0,4.0,4.0,0.756,0.0192,324,1.0,-9.59e-07,35.70393005088257,0.42420359070841984,4.0,31.5,4.0,4.0,0,0,0,0,-132.0,57.4,33.4,-131.0,57.3,4.000000954,21.1,0.862,322,119.0,0.165,16,1,111,6,Layer 3 Up
158.5345966641693,-1.412570850753072,-14.8,159,10.0,4.0,6.1,0.0993,326,14.2,0.00121,72.91377444738032,-8.94058635251408,4.0,109.0,4.0,4.0,-0.133,0.0179,325,1.45,1.43e-06,57.70502216131675,34.85685485726645,4.0,31.5,4.0,4.0,0,0,0,0,-126.0,57.2,-63.9,-126.0,57.3,3.999999046,22.7,0.903,322,119.0,0.172,16,1,111,6,Layer 3 Up
163.7515041477545,8.345053015037278,10.25,160,10.0,4.0,3.54,0.0834,326,14.8,0.00107,151.8787579611764,-7.138217787549349,-2.25,109.0,4.0,4.0,1.69,0.0226,325,2.25,-2.71e-06,43.63418621504725,40.63607134331307,4.0,31.5,4.0,4.0,0,0,0,0,-121.0,57.4,28.0,-121.0,57.3,4.0,20.2,0.998,322,118.0,0.192,16,1,111,6,Layer 3 Up
175.76127846909282,8.207815881974838,29.0,160,10.0,4.0,4.26,0.0766,326,13.2,0.000962,108.11007905731302,24.3359928532,4.0,109.0,4.0,4.0,-0.133,0.017,325,1.46,1.32e-06,62.31987471027786,-25.086157690900105,-2.25,31.5,4.0,4.0,0,0,0,0,-116.0,57.3,4.687,-115.0,57.3,4.0,21.9,0.89,323,120.0,0.171,16,1,2,6,Layer 3 Up
142.52013827712247,3.316298031736043,60.3,161,10.0,4.0,6.18,0.105,326,13.7,0.00132,77.94314905992343,17.19719920498094,4.0,109.0,4.0,4.0,0.207,0.0153,325,1.42,0.0,30.381853114022036,-2.201983587225051,4.0,31.5,4.0,4.0,0,0,0,0,-110.0,57.4,-10.4,-110.0,57.3,4.0,19.1,0.819,323,118.0,0.157,16,1,111,6,Layer 3 Up
142.50780537277626,7.819784604931843,-2.25,162,10.0,4.0,6.01,0.104,326,14.8,0.00129,90.8974261689454,2.2840902905010045,4.0,109.0,4.0,4.0,1.1,0.0181,324,1.79,1.4e-06,76.76625527798876,-14.098761979935365,4.0,31.5,4.0,4.0,0,0,0,0,-105.0,57.4,51.6,-105.0,57.3,4.000000954,21.7,0.924,323,120.0,0.178,16,1,111,6,Layer 3 Up
143.81587202486747,10.617029943146173,-39.8,162,10.0,4.0,4.18,0.0713,326,13.8,0.000832,87.57387068340333,4.462879755187979,4.0,109.0,4.0,4.0,-0.000961,0.0181,325,2.04,1.03e-06,22.307522523252473,21.29352265836788,4.0,31.5,4.0,4.0,0,0,0,0,-100.0,57.3,-39.2,-99.0,57.3,3.999999046,23.9,1.07,322,117.0,0.206,16,1,111,6,Layer 3 Up
167.80525291023667,20.632144413616768,47.8,163,10.0,4.0,3.59,0.0727,326,12.6,0.00089,74.93126642991837,-6.338210702645403,4.0,109.0,4.0,4.0,0.459,0.0192,325,1.02,0.0,16.984676012401355,9.014694670866405,4.0,31.5,4.0,4.0,0,0,0,0,-94.5,57.4,-2.75,-94.1,57.3,4.0,16.2,0.859,323,117.0,0.165,16,1,111,6,Layer 3 Up
183.70592559770574,8.834090740924607,54.0,163,10.0,4.0,4.66,0.097,326,14.7,0.00119,111.53458683346577,15.268581362496464,4.0,109.0,4.0,4.0,0.711,0.0171,325,0.739,0.0,8.583908980621814,-7.138425284833051,4.0,31.5,4.0,4.0,0,0,0,0,-89.2,57.3,-3.69,-88.7,57.3,4.0,26.1,0.968,323,120.0,0.187,16,1,111,6,Layer 3 Up
156.82597604626957,14.490152040216694,-8.5,164,9.93,1.96,5.67,0.106,326,14.0,0.00128,76.1795670948021,-1.759914593598638,-39.8,109.0,3.083,-9.6,-3.85,0.108,324,10.4,0.000189,75.64515742479225,5.269853574598793,4.0,31.5,4.0,4.0,0,0,0,0,-83.8,57.3,-21.6,-83.4,57.3,4.0,22.9,0.961,322,119.0,0.185,16,1,111,6,Layer 3 Up
122.3918069715679,3.065260942457285,-14.8,165,9.52,-1.31,6.19,0.0968,326,12.3,0.00108,50.721918235881,-1.4928137302646538,-64.7,109.0,1.66,-8.7,-3.74,0.0609,325,6.72,0.000268,47.0187727251302,-4.35367243663115,4.0,31.5,4.0,4.0,0,0,0,0,-78.1,57.3,34.9,-77.6,57.3,4.0,21.0,0.931,323,121.0,0.178,16,1,113,6,Layer 3 Up
136.6592443685509,15.90311294325355,35.3,165,8.91,-3.84,4.74,0.0995,326,12.9,0.00105,98.85178896860307,8.207851399195802,-58.5,109.0,0.55,-7.3,-5.68,0.114,325,10.7,0.000835,25.172391135996904,32.27040665120636,10.25,31.5,4.0,4.0,0,0,0,0,-73.2,57.2,-14.6,-72.7,57.3,3.999999046,26.9,1.09,322,119.0,0.211,16,1,113,6,Layer 3 Up
151.14495945915047,12.41548000247427,10.25,165,8.0,-6.2,6.67,0.119,326,12.0,0.000983,59.81222291800522,-2.43019282568851,41.5,108.0,-0.47,-5.21,-5.08,0.0825,325,11.8,0.000714,55.15410553281028,13.570470064762429,4.0,31.5,4.0,4.0,0,0,0,0,-67.8,57.4,23.6,-67.4,57.3,4.0,16.9,0.933,322,117.0,0.18,16,1,113,6,Layer 3 Up
156.7238707063082,17.344845328249,4.0,166,6.88,-8.0,2.28,0.0666,326,10.3,0.000409,87.8958118166868,-4.374890588579429,29.0,108.0,-1.26,-2.66,-3.28,0.0658,325,12.7,0.000678,44.523577202866846,15.720291580208746,4.0,31.5,4.0,4.0,0,0,0,0,-62.5,57.4,2.06,-62.1,57.3,4.0,17.3,0.737,323,120.0,0.141,16,1,2,6,Layer 3 Up
159.20769321183735,14.154392806485449,54.0,166,5.61,-9.2,2.18,0.0652,326,8.75,0.000203,82.70097524824331,-1.5661079463780918,4.0,107.0,-1.78,0.25,-7.69,0.141,324,15.8,0.00166,68.73470103088607,-42.66461262303323,4.0,31.5,4.0,4.0,0,0,0,0,-57.2,57.3,-9.4,-56.7,57.3,4.0,25.1,1.06,322,117.0,0.204,16,1,113,6,Layer 3 Up
166.64168002248203,11.31866050221456,16.5,166,4.256,-9.7,2.49,0.0673,326,7.28,3.12e-05,83.71363586710602,8.219947994795287,-21.0,107.0,-1.99,3.35,-7.91,0.133,324,15.2,0.00163,2.1870009132533994,2.8563594811904442,16.5,31.5,4.0,4.0,0,0,0,0,-51.8,57.4,33.1,-51.4,57.3,4.000000954,21.0,0.863,322,119.0,0.165,16,1,113,6,Layer 3 Up
160.81504484279048,2.993425450155992,72.7,166,4.0,4.0,1.94,0.0435,326,3.61,-6.22e-06,159.48289235730792,18.596151740945224,10.25,106.0,-2.0,4.0,-2.09,0.0622,325,13.2,0.000709,26.474586112826195,40.4511587693559,4.0,31.5,4.0,4.0,0,0,0,0,-46.5,57.2,-58.8,-46.1,57.3,3.999999046,22.2,0.9,323,119.0,0.172,16,1,113,6,Layer 3 Up
183.45258335839088,7.0784590055928085,97.7,166,4.0,4.0,2.22,0.0425,326,2.39,-5.72e-06,107.5078008046423,5.232806662457149,-52.3,106.0,-2.0,4.0,-4.96,0.0951,325,12.9,0.00127,22.740727927241867,27.20405481276831,4.0,31.5,4.0,4.0,0,0,0,0,-41.2,57.3,24.0,-40.7,57.3,4.0,20.4,1.01,322,117.0,0.194,16,1,113,6,Layer 3 Up
154.75650145999055,16.648066926919334,66.5,166,4.0,4.0,1.65,0.0422,326,4.0,0.0,111.55841741972777,8.220714016765692,-27.3,105.0,-2.0,4.0,-7.45,0.126,325,13.7,0.00163,-5.877782191556896,-28.319605206002016,4.0,31.5,4.0,4.0,0,0,0,0,-35.8,57.3,0.31,-35.4,57.3,4.0,22.1,0.897,323,120.0,0.172,16,1,113,6,Layer 3 Up
151.65795485277556,-3.4880025303164945,79.0,166,4.0,4.0,2.77,0.0407,326,1.9,0.0,57.519404884838366,-4.350340495589431,198.0,105.0,-2.0,4.0,-8.48,0.124,324,15.7,0.00145,51.580573126453686,-1.5091948386867666,-2.25,31.5,4.0,4.0,0,0,0,0,-30.5,57.3,-15.2,-30.1,57.3,4.0,19.5,0.82,323,118.0,0.158,16,1,113,6,Layer 3 Up
173.96464287667044,-3.2598768594594,72.7,166,4.0,4.0,0.549,0.0445,326,4.95,-1.91e-05,86.52049732743389,-10.761387009293095,-33.5,104.0,-2.0,4.0,-8.52,0.149,325,15.5,0.00191,26.379205411806165,-17.023687796101836,4.0,31.5,4.0,4.0,0,0,0,0,-25.2,57.4,50.1,-24.7,57.3,4.000000954,22.0,0.926,323,119.0,0.177,16,1,115,6,Layer 3 Up
140.45924945103474,-0.017867684449335286,-77.2,166,-2.0,4.0,-4.52,0.0904,326,13.4,0.00112,109.55473249469532,12.305081123120468,10.25,103.8,4.0,4.0,0.668,0.0193,325,2.89,-1.76e-06,45.50720308918754,33.91514330428266,-8.5,31.5,4.0,4.0,0,0,0,0,-19.8,57.3,-38.6,-19.4,57.3,3.999999046,22.9,1.04,322,117.0,0.201,16,1,115,6,Layer 3 Up
171.48134017131864,2.93025368050733,4.0,165,-2.0,4.0,-6.61,0.112,326,14.5,0.00139,76.41580209913369,6.168069982814298,10.25,103.8,4.0,4.0,0.731,0.0298,325,3.25,-2.52e-06,76.18957570404336,8.274279766254029,4.0,31.5,4.0,4.0,0,0,0,0,-14.5,57.4,-4.69,-14.1,57.3,4.0,16.7,0.86,323,116.0,0.166,16,1,115,6,Layer 3 Up
166.7056613222903,-11.484674859953635,41.5,165,-2.0,4.0,-7.14,0.113,326,13.7,0.00143,128.0712258286764,-14.061817434542458,-14.8,103.8,4.0,4.0,2.02,0.0287,325,0.851,3.73e-06,24.8102388081455,-9.434567309889019,4.0,31.5,4.0,4.0,0,0,0,0,-8.9,57.4,45.0,-8.5,57.3,4.0,16.0,0.949,316,117.0,0.18,16,1,2,6,Layer 3 Up
161.54774115071007,-2.928589258792637,4.0,164,-2.0,4.0,-4.05,0.0858,326,14.8,0.00108,71.653634086941,-0.10367015710958327,29.0,103.8,4.0,4.0,0.0562,0.0218,325,3.36,0.0,23.524166476584735,4.597681486757535,4.0,31.5,4.0,4.0,0,0,0,0,-3.83,57.3,-24.8,-3.39,57.3,4.0,22.3,0.962,322,119.0,0.186,16,1,115,6,Layer 3 Up
189.41615819859152,-3.17464796291861,16.5,163,-2.0,4.0,-5.2,0.0957,326,13.4,0.00118,96.14584125660082,2.900445673838406,-14.8,103.8,4.0,4.0,0.702,0.0313,325,2.54,0.0,33.747272848316385,-41.62259739299291,4.0,31.5,4.0,4.0,0,0,0,0,1.72,57.2,-50.0,2.16,57.3,4.0,21.5,1.04,318,121.0,0.199,16,1,115,6,Layer 3 Up
152.65146536344508,-23.23336785051514,-39.8,163,2.77,-4.88,-4.0,0.0988,326,10.4,0.000236,88.33567477994578,3.667123045410955,66.5,104.0,9.87,2.16,2.27,0.0485,325,12.1,0.000569,50.196580240625025,-14.984201556219961,4.0,31.5,4.0,4.0,0,0,0,0,6.84,57.2,-10.6,7.28,57.3,3.999999046,26.4,1.07,322,119.0,0.208,16,1,115,6,Layer 3 Up
197.26681429245855,-0.6306086823372408,-14.8,163,1.9,-4.5,-4.51,0.0572,326,6.06,0.00023,109.39205707032819,28.46016698989644,60.3,105.0,9.62,0.84,5.0,0.0947,324,13.1,0.00114,20.767537138388626,4.612677154329929,-8.5,31.5,4.0,4.0,0,0,0,0,12.17,57.4,28.0,12.61,57.3,4.0,17.0,0.915,322,116.0,0.175,16,1,117,6,Layer 3 Down
159.250631235374,-0.6487562738197139,4.0,163,1.04,-3.91,-5.71,0.112,326,11.1,0.000669,87.88061306990333,15.325213751842373,-64.7,105.0,9.22,-0.45,4.13,0.0777,324,13.3,0.000831,19.550791836630992,18.79727580578269,4.0,31.5,4.0,4.0,0,0,0,0,17.7,57.2,-36.7,18.2,57.3,4.0,19.7,1.08,317,121.0,0.207,16,1,117,6,Layer 3 Down
140.76070270106615,-1.3537189549803184,4.0,162,0.32,-3.18,-6.66,0.0989,326,10.3,0.000743,98.75939936853308,26.065686664218116,22.8,106.0,8.74,-1.55,5.09,0.103,324,13.5,0.00101,51.521146636518424,-29.9933069174373,-2.25,31.5,4.0,4.0,0,0,0,0,22.8,57.3,-11.3,23.3,57.3,4.0,23.5,1.04,322,118.0,0.201,16,1,117,6,Layer 3 Down
163.1629002693075,16.419438459828324,10.25,162,-0.38,-2.22,-5.83,0.103,326,11.9,0.000962,99.68857912929673,11.255211704540836,-52.3,106.0,8.1,-2.6,7.62,0.11,325,10.4,0.00093,38.670705982650325,-2.669297017868768,4.0,31.5,4.0,4.0,0,0,0,0,28.4,57.4,5.38,28.8,57.3,4.0,17.0,0.81,318,119.0,0.156,16,1,117,6,Layer 3 Down
144.0999237197342,-15.317730077191497,10.25,162,-0.97,-1.11,-4.26,0.0756,326,11.6,0.000773,87.3708617385946,8.530446597830869,-27.3,107.0,7.37,-3.49,1.77,0.0325,324,6.99,0.000197,-7.223249977846123,21.66706103472499,10.25,31.5,4.0,4.0,0,0,0,0,33.9,57.3,-10.1,34.4,57.3,4.0,24.5,0.995,322,117.0,0.192,16,1,117,6,Layer 3 Down
148.49682041228903,-11.12073959667589,-39.8,161,-1.4,0.03,-5.17,0.0913,326,11.8,0.00104,119.96586785203758,-5.158209740969604,-39.8,107.0,6.61,-4.15,3.53,0.0605,325,6.6,0.000352,8.293418553371321,-21.39692648167385,4.0,31.5,4.0,4.0,0,0,0,0,39.1,57.3,-11.4,39.5,57.3,4.0,24.6,1.02,317,119.0,0.196,16,1,117,6,Layer 3 Down
166.60344534310394,-32.26781272184265,66.5,160,-1.73,1.3,-4.44,0.0959,326,15.5,0.00119,113.37178155885607,5.8810391163602045,-14.8,107.0,5.77,-4.66,4.11,0.0726,325,7.63,0.000252,59.93054144772281,8.010145905579513,4.0,31.5,4.0,4.0,0,0,0,0,44.4,57.5,35.7,44.8,57.3,4.0,14.3,0.863,317,115.0,0.165,16,1,2,6,Layer 3 Down
169.2404238029039,-7.721601523333414,-14.8,160,-1.94,2.69,-3.74,0.0715,326,13.4,0.000874,104.6314755171821,5.140274983233853,22.8,107.0,4.849,-4.98,2.37,0.0653,325,7.57,0.000129,39.1117544127626,5.154394410699789,4.0,31.5,4.0,4.0,0,0,0,0,49.9,57.4,41.9,50.4,57.3,4.0,20.4,1.01,323,116.0,0.194,16,1,117,6,Layer 3 Down
148.65212640170643,-5.749495163026616,198.0,159,4.0,276.0,1.14,0.0559,326,1.12,-0.00012,95.49446214447607,-13.208948271984669,22.8,107.0,4.0,3.857,3.82,0.0736,325,5.11,0.0,17.065464074781573,33.99751368272581,4.0,31.5,4.0,4.0,0,0,0,0,55.3,57.4,26.9,55.7,57.3,4.0,16.9,0.803,323,118.0,0.153,16,1,117,6,Layer 3 Down
175.4224912785883,-7.96311271444336,-2.25,159,-2.0,4.0,-5.64,0.104,326,13.9,0.00136,128.2904868701987,-2.905925480774865,-33.5,107.0,4.0,4.0,3.42,0.0705,325,4.05,1.07e-05,28.272766398772212,-0.026827373007177968,10.25,31.5,4.0,4.0,0,0,0,0,60.4,57.5,60.9,60.8,57.3,4.000000954,16.4,0.735,317,119.0,0.139,16,1,117,6,Layer 3 Down
177.25163258097777,11.017122049418663,-27.3,158,-2.0,4.0,-6.19,0.103,326,13.2,0.00132,100.69648672378945,0.006938082992663297,47.8,107.0,4.0,4.0,2.8,0.0529,325,3.81,-1.58e-05,31.750677314461722,0.9974041135461853,4.0,31.5,4.0,4.0,0,0,0,0,65.7,57.2,-38.7,66.2,57.3,4.0,29.7,1.0,318,118.0,0.191,16,1,117,6,Layer 3 Down
181.88852558538497,8.26374244719104,35.3,158,-2.0,4.0,-5.52,0.098,326,14.7,0.00121,98.8024185363351,9.335040125892743,47.8,107.0,4.0,4.0,0.728,0.0517,324,7.17,-7.47e-06,45.4333853513142,18.95973010726287,4.0,31.5,4.0,4.0,0,0,0,0,71.3,57.3,-39.2,71.7,57.3,4.0,22.7,0.981,322,118.0,0.189,16,1,117,6,Layer 3 Down
165.80518711585336,-1.2150490065746329,-21.0,157,-2.0,4.0,-3.64,0.0912,326,14.9,0.00117,109.79821531688435,9.816126563699621,-14.8,107.0,4.0,4.0,3.56,0.0644,325,3.59,3.02e-05,5.777084184486174,-19.18289724744354,10.25,31.5,4.0,4.0,0,0,0,0,76.4,57.4,36.9,76.8,57.3,4.0,16.7,0.783,317,118.0,0.15,16,1,117,6,Layer 3 Down
178.67650340443797,-6.455343545517076,-14.8,156,-2.0,4.0,-5.31,0.0871,326,12.8,0.00108,152.34734442032584,-3.28503902190816,41.5,107.0,4.0,4.0,3.02,0.0486,325,3.42,-2.24e-05,15.574028659663636,0.13507753669530365,4.0,31.5,4.0,4.0,0,0,0,0,81.9,57.3,26.6,82.4,57.3,4.0,22.6,0.94,323,118.0,0.18,16,1,117,6,Layer 3 Down
124.71861977310735,9.989501155657003,-2.25,156,-2.0,4.0,-4.98,0.09,326,13.7,0.00115,71.17418855096382,9.986330390234173,29.0,107.0,4.0,4.0,3.2,0.0556,325,3.73,-2.29e-05,36.669260932958395,-3.9740866632235994,4.0,31.5,4.0,4.0,0,0,0,0,86.8,57.2,-17.8,87.3,57.3,3.999999046,28.7,1.08,322,116.0,0.208,16,1,117,6,Layer 3 Down
149.71258829422882,-2.162188981168878,35.3,155,-2.0,4.0,-8.07,0.0989,326,10.9,0.00119,127.57717771461661,1.7697094120558914,41.5,107.0,4.0,4.0,2.58,0.0506,325,4.0,-2.2e-05,29.609323626564645,1.5443788870332318,-8.5,31.5,4.0,4.0,0,0,0,0,92.6,57.4,31.6,93.0,57.3,3.999999046,18.4,0.746,323,121.0,0.141,16,1,117,6,Layer 3 Down
140.57999587920662,-11.586086369473202,35.3,155,-2.0,4.0,-5.81,0.0963,326,13.1,0.00118,56.39823260609222,-32.25708992355024,35.3,107.0,4.0,4.0,2.58,0.0504,325,3.89,-1.56e-05,42.32992125752011,18.820063116439513,-2.25,31.5,4.0,4.0,0,0,0,0,97.9,57.3,16.6,98.4,57.3,4.0,26.8,1.06,322,117.0,0.204,16,1,117,6,Layer 3 Down
155.98296076779584,-22.118886466867473,-8.5,154,-2.0,4.0,-4.82,0.109,326,16.0,0.00143,112.80740190783087,-2.1867838454086126,-14.8,107.0,4.0,4.0,3.25,0.0657,325,4.17,5.1e-05,8.215476985875437,13.696487141041349,4.0,31.5,4.0,4.0,0,0,0,0,103.1,57.3,26.8,103.5,57.3,4.0,20.4,0.893,316,121.0,0.172,16,1,2,6,Layer 3 Down
143.49567458150779,-7.186207593535187,-39.8,153,-2.0,4.0,-6.89,0.119,326,13.7,0.00155,149.09971950801938,17.73601154877588,35.3,107.0,4.0,4.0,2.67,0.0491,324,3.96,-1.53e-05,38.26333538090242,-9.07513159124002,10.25,31.5,4.0,4.0,0,0,0,0,109.0,57.3,-16.9,109.0,57.3,4.0,18.8,0.779,323,122.0,0.15,16,1,117,6,Layer 3 Down
150.23646800507578,6.968366010925912,16.5,153,-2.0,4.0,-6.1,0.102,325,14.5,0.00127,120.06141331227938,-17.218243514646076,35.3,107.0,4.0,4.0,1.61,0.0491,324,5.04,-2.21e-05,52.172509951399945,6.391905794493029,4.0,31.5,4.0,4.0,0,0,0,0,114.0,57.3,-10.4,114.0,57.3,4.0,24.9,1.01,322,116.0,0.194,16,1,117,6,Layer 3 Down
183.3042733370368,24.783261907314206,-14.8,152,-2.0,4.178,3.17,0.132,325,1.96,0.000165,111.56056521069726,5.426776643467692,22.8,107.0,3.864,-5.07,1.52,0.047,324,4.73,-6.57e-06,40.71941396135,30.054127356632595,-2.25,31.5,4.0,4.0,0,0,0,0,119.0,57.4,43.2,120.0,57.3,3.999999046,17.7,0.786,323,119.0,0.15,16,1,117,6,Layer 3 Down
149.1772256904875,-1.225972011642744,-39.8,152,-1.92,5.49,-4.53,0.1,325,14.5,0.00127,92.01998433260225,23.220898755666248,22.8,107.0,3.0,-4.95,-5.86,0.107,324,7.66,0.000224,34.134510791045145,-10.54689115880286,4.0,31.5,4.0,4.0,0,0,0,0,124.0,57.5,40.3,125.0,57.3,4.0,13.8,0.87,316,116.0,0.166,16,1,119,6,Layer 3 Down
157.8821807890051,-10.494249314660426,54.0,151,-1.7,6.82,-5.15,0.0981,325,12.9,0.00117,107.8298474271742,-7.51007574746439,-33.5,107.0,2.08,-4.61,-5.78,0.106,324,9.67,0.000477,29.684147606253447,6.540067935643851,4.0,31.5,4.0,4.0,0,0,0,0,130.0,57.2,-22.6,130.0,57.3,4.0,25.5,0.99,317,119.0,0.191,16,1,119,6,Layer 3 Down
147.13690381896373,-15.395388008514523,-27.3,150,-1.33,8.14,-3.3,0.0756,326,13.6,0.000822,100.26272013072887,1.2272093805714124,-33.5,107.0,1.25,-4.08,-8.26,0.134,324,9.76,0.000799,15.689512871722041,0.6201548275905138,4.0,31.5,4.0,4.0,0,0,0,0,135.0,57.4,27.6,136.0,57.3,4.0,16.9,0.805,323,118.0,0.153,16,1,119,6,Layer 3 Down
151.25926102105322,5.436423432958152,-27.3,150,-0.86,9.3,-4.46,0.0888,326,12.5,0.000925,84.99196527714645,-16.06007293962933,-27.3,106.0,0.48,-3.36,-7.78,0.148,324,12.9,0.00115,30.136484102292464,2.8975644422639304,4.0,31.5,4.0,4.0,0,0,0,0,141.0,57.3,-37.6,141.0,57.3,4.0,20.3,0.87,322,120.0,0.168,16,1,119,6,Layer 3 Down
150.1000692395448,-20.93728666775362,66.5,150,-0.27,10.35,-4.98,0.0895,325,12.1,0.000776,98.25203786759965,20.53227753265363,35.3,106.0,-0.21,-2.48,-4.67,0.0801,324,11.1,0.000674,55.356424113764405,-24.53256873894397,4.0,31.5,4.0,4.0,0,0,0,0,146.0,57.4,56.4,146.0,57.3,3.999999046,21.1,0.929,322,118.0,0.177,16,1,119,6,Layer 3 Down
156.45651174734306,6.747505562247853,16.5,149,0.41,11.26,-3.71,0.0595,326,8.23,0.000432,111.30244573279236,-1.48506947657981,35.3,106.0,-0.81,-1.45,-6.24,0.101,324,13.2,0.000935,29.245827306757636,28.68494156332182,4.0,31.5,4.0,4.0,0,0,0,0,151.0,57.2,-42.9,152.0,57.3,4.0,23.3,0.986,322,118.0,0.19,16,1,119,6,Layer 3 Down
168.38135823517248,10.809523821180028,4.0,149,1.18,11.99,-4.91,0.0849,326,9.19,0.000477,84.49338103321101,-0.5096602928016113,97.7,105.0,-1.29,-0.29,-7.31,0.113,324,13.1,0.00118,14.648811050232947,-9.549287440085822,4.0,31.5,4.0,4.0,0,0,0,0,157.0,57.3,-37.7,157.0,57.3,4.0,12.6,0.919,322,128.0,0.177,16,1,2,6,Layer 3 Down
176.39940509097514,6.977037168633075,-14.8,149,2.01,12.55,-5.66,0.0889,326,7.74,0.000381,83.44923587493233,15.446718335554984,-27.3,105.0,-1.66,0.96,-9.07,0.159,324,14.9,0.00198,22.17777982336026,21.92878049938165,-8.5,31.5,4.0,4.0,0,0,0,0,162.0,57.3,32.4,162.0,57.3,4.0,22.6,0.934,322,119.0,0.179,16,1,119,6,Layer 3 Down
153.14959145224034,0.16859592926565714,-27.3,148,2.88,12.91,-3.92,0.0713,326,7.71,0.00016,67.64263124359317,6.494938949612329,-58.5,104.0,-1.9,2.28,-7.44,0.143,324,15.5,0.00179,35.30372121335627,-6.8975894019559085,-2.25,31.5,4.0,4.0,0,0,0,0,167.0,57.3,-14.4,168.0,57.3,4.0,19.0,0.896,322,118.0,0.173,16,1,119,6,Layer 3 Down
157.80532524345273,10.28902851106854,4.0,148,3.784,13.07,-3.05,0.066,326,6.23,0.0,113.84352316892398,-12.806283749474416,-33.5,103.4,-2.0,3.646,-8.37,0.131,324,13.9,0.00152,24.426357920145623,-6.969820195992897,-8.5,31.5,4.0,4.0,0,0,0,0,173.0,57.4,40.1,173.0,57.3,3.999999046,15.5,0.73,323,122.0,0.138,16,1,119,6,Layer 3 Down
128.85885772445656,5.9088211256022785,-52.3,148,4.0,4.0,-1.36,0.0562,326,4.29,-3.52e-05,117.4757137133327,-10.265147629225908,-21.0,102.9,-2.0,4.0,-3.01,0.0781,324,13.2,0.000952,40.69071775215106,25.201725991057312,-8.5,31.5,4.0,4.0,0,0,0,0,178.0,57.3,18.9,178.0,57.3,4.0,26.2,1.06,322,117.0,0.205,16,1,119,6,Layer 3 Down
146.53843678742078,-5.269299208813393,-52.3,148,4.0,4.0,-1.26,0.0413,325,4.88,-1.16e-05,108.49195356111346,4.316296062256327,4.0,102.3,-2.0,4.0,-4.87,0.0949,324,14.8,0.00122,41.40166273590269,21.390579346873295,4.0,31.5,4.0,4.0,0,0,0,0,183.0,57.4,24.1,184.0,57.3,4.0,15.6,0.925,322,116.0,0.177,16,1,119,6,Layer 3 Down
163.63886476981395,25.62054103754606,-52.3,148,4.0,4.0,-0.734,0.0401,326,5.32,-1.11e-05,127.49763191436908,-9.831959875985294,91.5,101.7,-2.0,4.0,-5.66,0.0811,324,13.6,0.000948,48.335644395271274,7.626149097411682,-8.5,31.5,4.0,4.0,0,0,0,0,189.0,57.3,-19.6,189.0,57.3,4.0,20.1,0.792,323,121.0,0.151,16,1,119,6,Layer 3 Down
162.4027631244198,-0.20784017238040242,-33.5,148,4.0,4.0,-3.06,0.0459,326,2.11,-2.69e-05,103.44857672884869,-29.026292728559564,10.25,101.1,-2.0,4.0,-4.42,0.0831,324,13.6,0.00105,58.4594988733814,17.318295690468506,4.0,31.5,4.0,4.0,0,0,0,0,194.0,57.3,-11.8,194.0,57.3,4.0,25.2,1.02,322,117.0,0.196,16,1,119,6,Layer 3 Down
151.51948641216347,13.041429500832827,-33.5,148,4.0,4.0,-2.65,0.0445,325,3.42,-1.25e-05,110.97789374494647,-2.954078612151578,-39.8,100.5,-2.0,4.0,-4.52,0.12,324,15.3,0.00157,50.359663175888215,-1.0489765142249512,-2.25,31.5,4.0,4.0,0,0,0,0,199.0,57.4,42.4,200.0,57.3,3.999999046,17.4,0.794,322,120.0,0.151,16,1,119,6,Layer 3 Down
162.74247642259752,-24.472895536519985,-21.0,148,4.0,4.0,-3.06,0.0445,326,3.39,-6.27e-06,108.02114142263866,-20.870885219701663,-52.3,99.9,-2.0,4.0,-7.34,0.148,324,17.0,0.00198,13.807295558722771,3.8285867310136035,-2.25,31.5,4.0,4.0,0,0,0,0,205.0,57.2,-62.4,205.0,57.3,4.0,25.8,0.925,323,122.0,0.175,16,1,119,6,Layer 3 Down
156.16241644952513,19.050737743206444,-14.8,148,4.243,13.07,-0.75,0.0254,325,1.24,-5.49e-06,97.05326572437083,18.563647975567388,135.0,99.4,-2.0,4.341,-4.51,0.13,324,15.9,0.00168,14.388782401358458,-7.626828391048167,-14.8,31.5,4.0,4.0,0,0,0,0,210.0,57.4,45.1,210.0,57.3,4.0,19.2,0.997,321,116.0,0.192,16,1,2,6,Layer 3 Down
167.96345588919567,22.360511021052794,41.5,148,5.14,12.91,2.27,0.0487,325,7.65,7.37e-05,84.71188894877369,0.2882978571901835,-27.3,98.8,-1.89,5.7,-5.37,0.109,324,13.2,0.00136,30.06503288127272,19.793952402035437,-2.25,31.5,4.0,4.0,0,0,0,0,215.0,57.4,22.3,216.0,57.3,4.0,16.7,0.819,322,118.0,0.156,16,1,120,6,Layer 3 Down
153.81261238646323,6.350598531161446,16.5,149,6.02,12.55,5.31,0.0956,325,8.77,0.000353,157.48114427944395,-12.990368018523473,66.5,98.2,-1.65,7.03,-6.75,0.103,324,12.3,0.00113,22.955600013787905,-8.133058016642691,4.0,31.5,4.0,4.0,0,0,0,0,221.0,57.3,-40.4,221.0,57.3,4.0,21.4,0.872,322,119.0,0.168,16,1,120,6,Layer 3 Down
143.08403681651936,13.48652483317142,16.5,149,6.85,12.0,3.49,0.0684,325,9.09,0.000432,85.61999433319087,-10.395343806208723,-46.0,97.7,-1.28,8.28,-6.19,0.13,324,14.1,0.00151,9.942264822126123,29.961647915436522,-2.25,31.5,4.0,4.0,0,0,0,0,226.0,57.4,51.9,226.0,57.3,3.999999046,21.2,0.93,322,118.0,0.179,16,1,120,6,Layer 3 Down
154.58570120952078,14.313518116952022,22.8,149,7.61,11.26,3.56,0.076,325,10.1,0.000585,79.40203764942822,-24.421551449113498,16.5,97.2,-0.79,9.44,-5.47,0.092,324,12.9,0.000879,23.135200594435226,-1.551334893809067,-8.5,31.5,4.0,4.0,0,0,0,0,231.0,57.2,-40.8,232.0,57.3,4.0,24.0,0.997,322,118.0,0.191,16,1,120,6,Layer 3 Down
101.25844662652585,0.6661827653945771,47.8,150,8.29,10.36,4.18,0.107,325,13.8,0.000928,108.4004641220769,-14.450222117227703,22.8,96.7,-0.19,10.47,-3.77,0.0857,324,11.9,0.000799,22.513630867874483,4.358850321826536,4.0,31.5,4.0,4.0,0,0,0,0,237.0,57.3,-36.8,237.0,57.3,4.0,22.2,0.929,322,118.0,0.179,16,1,120,6,Layer 3 Down
156.36814351031546,15.3796321428607,16.5,150,8.87,9.32,4.55,0.0872,326,12.3,0.000925,103.13170963134255,13.217608138455757,-14.8,96.3,0.5,11.35,-4.89,0.114,324,12.3,0.000895,18.77648634562707,17.275907283111863,4.0,31.5,4.0,4.0,0,0,0,0,242.0,57.3,33.8,242.0,57.3,4.0,21.6,0.923,323,120.0,0.178,16,1,120,6,Layer 3 Down
89.31971278115644,-0.05280478258726795,22.8,151,9.34,8.15,4.99,0.0862,325,11.9,0.00099,58.551923743325425,29.336512787703164,-2.25,96.0,1.27,12.07,-4.06,0.0814,324,9.2,0.000505,25.519549964656097,4.417569714645296,4.0,31.5,4.0,4.0,0,0,0,0,247.0,57.3,-17.0,248.0,57.3,4.0,19.3,0.905,322,118.0,0.175,16,1,120,6,Layer 3 Down
122.33541088065579,2.496054630662572,-33.5,151,9.69,6.88,4.97,0.0859,325,13.6,0.001,125.80758994156668,11.3668634206307,47.8,95.8,2.11,12.6,-4.13,0.0877,324,9.77,0.000335,53.817609478543446,-1.2126757568662025,4.0,31.5,4.0,4.0,0,0,0,0,253.0,57.4,36.9,253.0,57.3,3.999999046,18.7,0.736,323,119.0,0.139,16,1,120,6,Layer 3 Down
159.513801144458,23.213528521389478,66.5,152,9.91,5.56,4.97,0.102,326,14.5,0.0013,93.18231322700183,1.7546548459355333,10.25,95.7,2.99,12.94,-5.14,0.0821,324,7.15,0.000181,35.27318816195799,3.474662199662972,4.0,31.5,4.0,4.0,0,0,0,0,258.0,57.3,15.8,258.0,57.3,4.0,26.7,1.07,322,117.0,0.207,16,1,120,6,Layer 3 Down
159.94225289981193,21.273911409040878,4.0,152,10.0,4.192,5.93,0.0994,325,14.1,0.00116,65.90639488824597,-1.669012184068503,4.0,95.6,3.891,13.07,-5.49,0.102,324,7.86,-1.64e-05,78.31134529286797,19.61466173219834,-8.5,31.5,4.0,4.0,0,0,0,0,263.0,57.4,26.6,264.0,57.3,4.0,14.3,0.928,321,116.0,0.177,16,1,2,6,Layer 3 Down
133.66652113410757,1.8488677153528847,4.0,153,10.0,4.0,4.44,0.0658,326,12.5,0.000821,127.37450537370705,-8.085137094583537,16.5,95.6,4.0,4.0,-5.19,0.0789,324,6.19,-2.5e-05,34.72909954832096,-7.59831244390104,4.0,31.5,4.0,4.0,0,0,0,0,269.0,57.3,-19.6,269.0,57.3,4.0,19.6,0.785,322,121.0,0.15,16,1,120,6,Layer 3 Down
141.1563412638768,1.5092108445861037,66.5,153,10.0,4.0,2.86,0.0889,326,15.7,0.00116,112.32341644864985,30.078574594577663,10.25,95.6,4.0,4.0,-4.44,0.0745,325,6.65,-5.9e-05,26.006707968283646,1.7661573599034082,-8.5,31.5,4.0,4.0,0,0,0,0,274.0,57.3,-10.4,274.0,57.3,4.0,24.5,1.02,322,118.0,0.197,16,1,121,6,Layer 3 Down
176.79479456369015,2.213124770794546,-2.25,154,10.0,4.0,5.67,0.101,325,14.4,0.00124,61.80059451226272,1.6352638155250334,22.8,95.6,4.0,4.0,-4.63,0.076,324,6.3,-7.25e-05,31.578268907937087,4.179992875788612,4.0,31.5,4.0,4.0,0,0,0,0,279.0,57.4,43.1,280.0,57.3,3.999999046,17.4,0.792,322,119.0,0.151,16,1,121,6,Layer 3 Down
145.94962609400554,18.50978040713479,-33.5,155,10.0,4.0,4.2,0.0888,326,15.2,0.00104,143.1015648560555,30.785864527364154,10.25,95.6,4.0,4.0,-4.35,0.0724,324,7.32,-2.29e-05,36.35746843641007,19.128152093654638,4.0,31.5,4.0,4.0,0,0,0,0,285.0,57.2,-65.1,285.0,57.3,4.0,27.7,0.926,322,119.0,0.174,16,1,121,6,Layer 3 Down
192.30418000533675,-1.6515484657623567,4.0,155,10.0,4.0,3.35,0.0746,326,15.0,0.000926,113.20871487815356,21.643268340355764,10.25,95.6,4.0,4.0,-3.64,0.0737,324,7.81,-3.52e-05,39.74287906238135,2.252947182546817,4.0,31.5,4.0,4.0,0,0,0,0,290.0,57.4,47.4,290.0,57.3,4.0,19.3,0.993,321,116.0,0.192,16,1,121,6,Layer 3 Down
155.96806906242804,14.391989664666509,60.3,156,10.0,4.0,3.49,0.0775,325,14.3,0.00099,95.32747235868385,-18.040120968790962,10.25,95.6,4.0,4.0,-4.05,0.0728,324,7.63,-3.47e-05,70.82894813361986,35.64086532342655,4.0,31.5,4.0,4.0,0,0,0,0,295.0,57.4,23.9,296.0,57.3,4.0,16.5,0.812,322,119.0,0.155,16,1,121,6,Layer 3 Down
162.78644484465008,18.77674006654012,47.8,156,10.0,4.0,4.86,0.1,326,14.9,0.00125,138.10428263172273,-4.406584013898584,22.8,95.6,4.0,4.0,-4.5,0.0757,325,7.12,-3.51e-05,15.49124408413465,1.2609530854237447,4.0,31.5,4.0,4.0,0,0,0,0,301.0,57.3,-46.4,301.0,57.3,4.0,22.5,0.89,322,118.0,0.17,16,1,121,6,Layer 3 Down
183.89180407974104,8.842963531142967,-33.5,157,10.0,4.0,5.48,0.0973,326,14.9,0.00121,99.85780276435273,-4.44574086598792,22.8,95.6,4.0,4.0,-4.24,0.0734,324,7.15,-4.62e-05,47.76869244934058,-0.15888943110322717,4.0,31.5,4.0,4.0,0,0,0,0,306.0,57.4,54.6,306.0,57.3,3.999999046,20.9,0.932,322,119.0,0.179,16,1,121,6,Layer 3 Down
159.1792388704273,21.89999313889146,-33.5,158,10.0,4.0,4.2,0.0687,326,13.5,0.000836,94.84937942051128,3.0140698923092133,22.8,95.6,4.0,4.0,-4.44,0.0723,324,7.32,-2.3e-05,35.4343997293002,1.0073510833661765,4.0,31.5,4.0,4.0,0,0,0,0,311.0,57.2,-46.0,312.0,57.3,4.0,23.3,1.01,321,118.0,0.193,16,1,121,6,Layer 3 Down
141.32904647740455,6.523829868205058,16.5,158,10.0,4.0,4.91,0.0834,326,12.7,0.00105,77.95111881840423,3.2613647978406406,22.8,95.6,4.0,4.0,-3.23,0.0753,324,10.5,-1.15e-05,1.7464079330582791,-19.063044010676055,-2.25,31.5,4.0,4.0,0,0,0,0,317.0,57.3,-35.5,317.0,57.3,4.0,21.7,0.931,322,117.0,0.179,16,1,121,6,Layer 3 Down
157.1750164787864,7.416827291793327,4.0,159,10.0,4.0,6.77,0.104,325,12.9,0.0013,111.15203311284584,41.96020650942781,16.5,95.6,4.0,4.0,-4.14,0.0723,324,7.49,-4.59e-05,46.09556369256618,-14.14021509791013,4.0,31.5,4.0,4.0,0,0,0,0,322.0,57.3,35.6,322.0,57.3,4.0,22.4,0.933,322,119.0,0.179,16,1,2,6,Layer 3 Down
158.4077233570842,-1.5343312303440726,-27.3,159,10.0,4.0,5.01,0.0912,325,14.3,0.00115,108.33891816311112,-9.613718598484144,22.8,95.6,4.0,4.0,-4.44,0.0721,324,6.85,-5.71e-05,55.50637038717419,-5.310388485214768,-14.8,31.5,4.0,4.0,0,0,0,0,327.0,57.3,-20.1,328.0,57.3,4.0,20.0,0.907,322,118.0,0.175,16,1,121,6,Layer 3 Down
137.3016598169,21.903590822799615,-58.5,160,10.0,4.0,4.15,0.0865,326,15.7,0.00105,95.99237922023035,6.923974853915932,22.8,95.6,4.0,4.0,-4.35,0.0728,324,7.1,-4.59e-05,15.26671523588838,23.849278202775302,-8.5,31.5,4.0,4.0,0,0,0,0,333.0,57.4,38.1,333.0,57.3,3.999999046,17.5,0.734,323,120.0,0.139,16,1,121,6,Layer 3 Down
155.74500904572417,1.2120607237942043,54.0,161,10.0,4.0,3.22,0.078,326,13.5,0.000967,74.48479048210996,11.830568174147839,22.8,95.6,4.0,4.0,-3.84,0.0736,324,7.57,-3.43e-05,31.330809596605544,3.4203739933505592,4.0,31.5,4.0,4.0,0,0,0,0,338.0,57.3,16.4,338.0,57.3,4.0,25.4,1.07,321,117.0,0.206,16,1,121,6,Layer 3 Down
148.65588446459097,14.110423025143682,16.5,161,10.0,4.0,5.41,0.107,326,13.7,0.00134,99.07283985338984,4.005096944110939,22.8,95.6,4.0,4.0,-4.68,0.0715,324,7.1,-1.14e-05,-1.1749160741213842,-4.480102423379835,-2.25,31.5,4.0,4.0,0,0,0,0,343.0,57.4,24.2,344.0,57.3,4.0,15.0,0.92,321,116.0,0.176,16,1,121,6,Layer 3 Down
177.373889109108,8.981913025777452,-39.8,162,10.0,4.0,6.48,0.106,326,14.9,0.00129,93.7343779190028,5.419989798338669,22.8,95.6,4.0,4.0,-4.63,0.0728,324,6.64,-4.57e-05,7.660608676455158,25.46139475400609,4.0,31.5,4.0,4.0,0,0,0,0,349.0,57.3,-16.3,349.0,57.3,4.0,24.4,0.791,322,117.0,0.151,16,1,121,6,Layer 3 Down
162.575663601506,-2.402019482200723,-46.0,162,10.0,4.0,4.96,0.0819,326,14.2,0.00101,59.95813164499647,-9.178263802205208,29.0,95.6,4.0,4.0,-4.4,0.0748,324,7.35,-3.44e-05,51.34767954378967,31.11685219915972,-8.5,31.5,4.0,4.0,0,0,0,0,354.0,57.3,-8.0,354.0,57.3,4.0,24.0,1.01,322,118.0,0.195,16,1,121,6,Layer 3 Down
158.29655000554047,2.941985945538951,22.8,163,10.0,4.0,3.71,0.0759,325,14.0,0.000969,56.26055316388796,5.398215430757894,29.0,95.6,4.0,4.0,-4.98,0.073,324,6.68,-1.15e-05,22.666961751006582,25.941160076021735,-8.5,31.5,4.0,4.0,0,0,0,0,359.0,57.4,41.0,360.0,57.3,3.999999046,17.9,0.8,322,119.0,0.153,16,1,121,6,Layer 3 Down
161.23398547360114,26.251137468186883,54.0,163,5.53,-918.0,5.59,0.103,326,14.4,0.00135,110.70574447886186,10.52479253521021,35.3,95.6,4.0,4.0,-4.84,0.0729,324,6.7,-2.32e-05,10.501388325503907,-10.927013895805313,4.0,31.5,4.0,4.0,0,0,0,0,365.0,57.2,-60.7,365.0,57.3,4.0,27.4,0.903,322,120.0,0.171,16,1,121,6,Layer 3 Down
167.7109583839206,12.269824452563306,10.25,164,9.88,1.34,4.3,0.0928,325,14.7,0.00108,26.055232998019846,7.017731680032393,-2.25,95.6,2.81,-9.5,-7.48,0.129,324,8.76,0.00031,35.845541270053104,-4.665654338309293,4.0,31.5,4.0,4.0,0,0,0,0,370.0,57.4,40.7,370.0,57.3,4.0,20.6,1.02,321,115.0,0.197,16,1,121,6,Layer 3 Down
175.25883434548928,-2.3092596341339906,-33.5,165,9.46,-1.65,3.59,0.0648,326,13.4,0.000724,100.89033067816018,8.969280021741152,10.25,95.4,1.51,-8.5,-2.88,0.057,324,9.07,0.00025,21.60650581798594,35.735999264621746,4.0,31.5,4.0,4.0,0,0,0,0,375.0,57.4,18.4,376.0,57.3,4.0,17.2,0.81,322,118.0,0.155,16,1,2,6,Layer 3 Down
148.37281769414977,12.488134775249833,-8.5,165,8.75,-4.35,3.92,0.0781,326,12.7,0.000764,82.32152112881008,18.21494533356457,22.8,95.1,0.33,-6.9,-2.07,0.065,324,10.9,0.000444,22.58353658581819,8.219362019224716,-2.25,31.5,4.0,4.0,0,0,0,0,381.0,57.3,-45.3,381.0,57.3,4.0,22.5,0.885,322,118.0,0.17,16,1,122,6,Layer 3 Down
148.67634729429687,6.062907743436153,-64.7,166,7.79,-6.6,6.35,0.0921,326,10.0,0.000675,129.6675675663223,11.292878137641377,-27.3,94.6,-0.65,-4.74,-7.35,0.134,324,14.0,0.0013,45.50142357560265,-0.7078270517115821,-2.25,31.5,4.0,4.0,0,0,0,0,386.0,57.4,54.2,386.0,57.3,3.999999046,21.0,0.924,322,118.0,0.177,16,1,122,6,Layer 3 Down
184.37298992373925,47.261011461264204,4.0,166,6.64,-8.3,4.37,0.0873,326,11.8,0.0005,81.01029795554122,-0.5473431024950548,-58.5,94.1,-1.39,-2.1,-3.32,0.0954,324,13.7,0.00106,9.498987895091528,16.569353802718478,4.0,31.5,4.0,4.0,0,0,0,0,391.0,57.2,-41.4,392.0,57.3,4.0,23.3,0.995,322,118.0,0.191,16,1,122,6,Layer 3 Down
159.14202612616086,8.730697635180663,-39.8,166,5.34,-9.4,5.34,0.0941,326,9.47,0.000257,111.22707328993133,-16.735563398832248,47.8,93.6,-1.85,0.86,-8.0,0.0838,324,9.77,0.00101,14.354111186195428,21.625300055583175,4.0,31.5,4.0,4.0,0,0,0,0,397.0,57.3,-37.9,397.0,57.3,4.0,31.4,0.964,322,109.0,0.186,16,1,122,6,Layer 3 Down
142.4351269329111,-0.397999412999928,-33.5,166,4.00212,-4.24,4.43,0.0637,326,5.67,-1.94e-05,82.39105862113271,-9.876631402971444,-14.8,93.0,2.33,915.0,-5.46,0.103,324,14.3,0.00135,34.417980917326,-5.998986875527564,4.0,31.5,4.0,4.0,0,0,0,0,402.0,57.3,34.4,402.0,57.3,4.0,22.0,0.931,322,119.0,0.178,16,1,122,6,Layer 3 Down
173.38147900660186,20.61278087311192,-21.0,166,4.0,4.0,2.21,0.0453,326,6.09,-2.7e-05,95.54032605294289,-4.480737063569866,22.8,92.5,-2.0,4.0,-6.3,0.107,324,15.2,0.0013,49.85877086324881,7.839669111384191,4.0,31.5,4.0,4.0,0,0,0,0,407.0,57.3,-16.2,408.0,57.3,4.0,18.8,0.892,321,117.0,0.172,16,1,122,6,Layer 3 Down
173.70675202221614,-17.66035501973342,-8.5,166,4.0,4.0,4.44,0.0525,326,3.15,-1.38e-05,111.59459048835627,1.5149356906909348,72.7,91.9,-2.0,4.0,-6.18,0.106,324,14.8,0.00128,54.948392500223264,20.18756265262346,-8.5,31.5,4.0,4.0,0,0,0,0,413.0,57.4,39.1,413.0,57.3,3.999999046,18.0,0.733,323,121.0,0.139,16,1,123,6,Layer 3 Down
140.5411920442049,5.108424758337309,4.0,166,4.0,4.0,1.66,0.0424,326,6.06,-3.04e-05,78.93654483894021,-8.056142887786873,60.3,91.3,-2.0,4.0,-3.72,0.0701,324,13.7,0.000849,18.905000598752515,-16.327221813641536,-8.5,31.5,4.0,4.0,0,0,0,0,418.0,57.3,16.5,418.0,57.3,4.0,25.2,1.06,321,119.0,0.205,16,1,123,6,Layer 3 Down
169.8167326651103,27.412979823800935,-14.8,166,4.0,4.0,5.0,0.0442,326,2.91,-2.21e-05,117.43649198399584,-14.147262858062742,-52.3,90.8,-2.0,4.0,-3.58,0.139,324,17.7,0.00185,49.25213032961297,4.19101567847157,-2.25,31.5,4.0,4.0,0,0,0,0,423.0,57.4,22.7,424.0,57.3,4.0,14.4,0.928,321,115.0,0.177,16,1,123,6,Layer 3 Down
178.23419482943277,2.6344576957122086,-2.25,166,4.0,4.0,2.21,0.044,326,5.5,-1.95e-05,63.63987175238927,-17.14371353916329,10.25,90.2,-2.0,4.0,-8.01,0.147,324,15.8,0.00193,16.64984186522949,-15.49912657555674,4.0,31.5,4.0,4.0,0,0,0,0,429.0,57.3,-21.8,429.0,57.3,4.0,19.9,0.793,322,122.0,0.152,16,1,2,6,Layer 3 Down
172.2267836751841,-16.444281235891623,-27.3,166,4.0,4.0,3.62,0.0453,326,4.29,-2.58e-05,97.47404689035105,-22.905464243407604,-27.3,89.6,-2.0,4.0,-8.56,0.156,324,16.7,0.00194,66.08491885285022,-13.210282376834002,-2.25,31.5,4.0,4.0,0,0,0,0,434.0,57.3,-4.69,434.0,57.3,4.0,23.0,1.0,322,119.0,0.194,16,1,125,6,Layer 3 Down
176.51109613654393,-0.6527199578643232,-14.8,166,4.0,4.0,1.93,0.0447,326,5.95,-6.19e-06,113.66084503968345,-4.924697006294592,-46.0,89.0,-2.0,4.0,-7.4,0.141,324,16.1,0.00178,10.028541112622374,-5.85289091247024,4.0,31.5,4.0,4.0,0,0,0,0,439.0,57.4,45.8,440.0,57.3,3.999999046,17.8,0.783,322,119.0,0.149,16,1,125,6,Layer 3 Down
142.64424058160782,21.068099395776446,10.25,166,4.0,4.0,1.92,0.0622,326,3.6,3.77e-05,106.04186161012001,-20.457347501184035,-21.0,88.4,-2.0,4.0,-7.8,0.15,324,15.8,0.00191,56.65885265114011,12.348439197469414,4.0,31.5,4.0,4.0,0,0,0,0,445.0,57.4,45.2,445.0,57.3,3.999999046,19.0,0.977,316,119.0,0.188,16,1,125,6,Layer 3 Down
171.50584943329628,8.369467348374746,-21.0,166,4.0,4.0,3.05,0.0452,326,4.17,-4.01e-05,139.02384064438792,-14.417596689727363,4.0,87.8,-2.0,4.0,-6.45,0.102,324,13.8,0.00117,19.06740634867211,-1.634617998129177,4.0,31.5,4.0,4.0,0,0,0,0,450.0,57.4,42.9,450.0,57.3,4.0,17.9,1.0,321,118.0,0.194,16,1,125,6,Layer 3 Down
160.96683769011722,-5.933008257633989,-21.0,166,4.0,4.0,1.66,0.0497,326,6.54,-2.55e-05,66.79435494007132,-6.7671683851095965,123.0,87.2,-2.0,4.0,-4.32,0.0619,324,13.9,0.000712,69.62704462814969,-7.370750616071735,-2.25,31.5,4.0,4.0,0,0,0,0,455.0,57.4,23.1,456.0,57.3,4.0,17.0,0.812,322,118.0,0.155,16,1,125,6,Layer 3 Down
157.9702492833667,-4.077786616265694,-8.5,166,4.0,4.0,-1.1,0.0479,326,9.7,-2.46e-05,49.73730578243997,-19.163970279981626,-14.8,86.6,-2.0,4.0,-3.19,0.0586,325,11.8,0.000719,42.69848579135277,4.902080302943361,4.0,31.5,4.0,4.0,0,0,0,0,461.0,57.3,-39.8,461.0,57.3,4.0,21.6,0.875,322,120.0,0.169,16,1,125,6,Layer 3 Down
180.47905348168885,-2.6024449660994065,-2.25,166,4.0,4.0,2.22,0.0429,326,5.61,-1.22e-05,59.42283946541803,2.528020065965714,-109.0,86.0,-2.0,4.0,-3.78,0.081,324,12.9,0.00101,12.25858647736339,-16.094076695649463,-2.25,31.5,4.0,4.0,0,0,0,0,466.0,57.4,54.8,466.0,57.3,3.999999046,21.0,0.931,321,119.0,0.179,16,1,125,6,Layer 3 Down
190.60324707852715,8.194699041070862,-2.25,166,4.0,4.0,3.32,0.0654,326,2.09,3.85e-05,103.05268868117746,7.191920560028507,-58.5,85.4,-2.0,4.0,-3.99,0.0871,324,13.7,0.00109,21.609800134685628,11.503020328356302,4.0,31.5,4.0,4.0,0,0,0,0,471.0,57.5,64.1,472.0,57.3,3.999999046,16.9,0.719,317,116.0,0.137,16,1,125,6,Layer 3 Down
195.84390624260888,19.651116051666257,-39.8,166,4.0,4.0,3.34,0.042,326,4.5,-1.74e-05,98.10877049886682,-8.856263099647473,60.3,84.8,-2.0,4.0,-6.0,0.0958,325,14.2,0.00118,46.294080776005174,23.771534916616265,-2.25,31.5,4.0,4.0,0,0,0,0,477.0,57.3,-35.8,477.0,57.3,4.0,20.7,0.944,322,119.0,0.182,16,1,125,6,Layer 3 Down
187.86784311500654,16.36778826910773,4.0,166,4.0,4.0,1.94,0.0429,326,5.47,-2.26e-05,86.9331747978733,-7.6831769717268354,22.8,84.2,-2.0,4.0,-1.62,0.0825,324,18.9,0.00104,51.43507580376979,2.614120638779355,4.0,31.5,4.0,4.0,0,0,0,0,482.0,57.3,35.2,482.0,57.3,4.0,22.3,0.923,322,119.0,0.177,16,1,2,6,Layer 3 Down
164.17490454670457,9.383930817617657,10.25,166,4.0,4.0,3.32,0.0561,326,1.51,2.47e-05,53.58495827756731,4.674366629436532,35.3,83.6,-2.0,4.0,-3.01,0.0802,324,14.8,0.000988,30.16078168663177,0.45413221492816414,4.0,31.5,4.0,4.0,0,0,0,0,487.0,57.4,25.2,488.0,57.3,4.0,18.0,0.772,317,117.0,0.149,16,1,125,6,Layer 3 Down
171.86643064414068,-11.649126104011296,-2.25,166,4.0,4.0,0.837,0.0665,326,4.56,3.79e-05,103.4972699740762,-10.93984982437371,66.5,82.9,-2.0,4.0,-6.0,0.104,324,12.9,0.00128,32.345742590161045,10.53430395359173,4.0,31.5,4.0,4.0,0,0,0,0,493.0,57.4,0.5,494.0,57.3,4.0,17.9,0.993,316,115.0,0.191,16,1,125,6,Layer 3 Down
178.75377385592515,-11.605500800531106,-2.25,166,4.0,4.0,2.5,0.0426,326,4.36,-1.76e-05,49.66538648288341,-11.88014789973894,-8.5,82.4,-2.0,4.0,-8.45,0.149,324,16.1,0.00196,45.86175876562656,-31.518314070318503,-2.25,31.5,4.0,4.0,0,0,0,0,498.0,57.3,15.8,498.0,57.3,4.0,25.3,1.07,321,118.0,0.206,16,1,125,6,Layer 3 Down
168.0154278368016,10.216632344825104,-27.3,166,4.0,4.0,2.22,0.0405,326,5.63,-2.3e-05,112.77707084780944,13.198796679118713,-2.25,81.8,-2.0,4.0,-7.87,0.134,324,17.0,0.00171,33.99601060843499,13.393008545543166,4.0,31.5,4.0,4.0,0,0,0,0,503.0,57.4,22.8,504.0,57.3,4.0,15.0,0.945,321,115.0,0.181,16,1,125,6,Layer 3 Down
168.17486585552285,-11.836609456523144,-21.0,166,4.0,4.0,1.93,0.04,326,5.82,-2.11e-05,157.57525723536668,9.314648822482077,-21.0,81.2,-2.0,4.0,-7.36,0.131,324,16.0,0.00163,7.0034872251870866,58.25050744442442,-8.5,31.5,4.0,4.0,0,0,0,0,509.0,57.3,-18.6,509.0,57.3,4.0,20.8,0.798,322,121.0,0.153,16,1,125,6,Layer 3 Down
179.70063614901528,1.2741978765745419,-33.5,166,4.0,4.0,4.16,0.0407,326,3.62,-1.14e-05,90.4947169594098,5.586189108443312,4.0,80.7,-2.0,4.0,-7.03,0.156,324,14.8,0.00214,16.103823915763456,1.8284625148587441,-2.25,31.5,4.0,4.0,0,0,0,0,514.0,57.3,-7.4,514.0,57.3,4.0,22.6,1.01,321,119.0,0.195,16,1,125,6,Layer 3 Down
165.01401289813336,7.599293107084598,29.0,166,4.0,4.0,3.34,0.0599,326,1.54,3.62e-05,95.68564954409703,9.469531969547308,-52.3,80.0,-2.0,4.0,-4.72,0.091,324,11.6,0.00118,35.95272288654105,1.9155997147018686,4.0,31.5,4.0,4.0,0,0,0,0,519.0,57.4,-7.0,520.0,57.3,4.000000954,18.1,0.798,318,116.0,0.153,16,1,125,6,Layer 3 Down
153.87052263980047,-9.343694431560172,10.25,166,4.0,4.0,2.22,0.0413,326,5.21,-1.64e-05,66.326560696626,-26.9142093488844,41.5,79.5,-2.0,4.0,-6.35,0.125,324,16.5,0.00153,54.518916649857886,17.011325955620556,-2.25,31.5,4.0,4.0,0,0,0,0,525.0,57.2,-64.2,525.0,57.3,4.0,25.7,0.939,322,121.0,0.177,16,1,125,6,Layer 3 Down
159.10649702095762,-8.061851655000632,-8.5,166,3.9601,-5.21,3.33,0.0364,326,3.54,-2.64e-05,30.615577459418212,21.84083202715041,373.0,79.0,-1.5,-871.0,-3.16,0.0485,325,4.52,-4.35e-05,62.103622252804556,32.78934658829832,-2.25,31.5,4.0,4.0,0,0,0,0,530.0,57.5,75.1,531.0,57.3,3.999999046,14.7,0.719,322,117.0,0.134,16,1,125,6,Layer 3 Down
176.54317744035026,1.5639149143634956,-33.5,166,2.65,-9.4,-2.75,0.0632,326,4.65,0.000189,62.290170293998194,3.11387533957843,-83.5,78.4,-1.85,7.03,-6.64,0.132,324,15.6,0.00162,46.26279913168457,21.05958176628344,4.0,31.5,4.0,4.0,0,0,0,0,535.0,57.4,-6.9,536.0,57.3,4.0,18.6,0.906,317,115.0,0.175,16,1,2,6,Layer 3 Down
166.0497843249776,7.218760842377539,-58.5,166,1.36,-8.4,-5.67,0.103,326,8.46,0.000638,48.688467567918835,11.667443500765618,123.0,77.8,-1.39,10.0,-4.54,0.0724,324,13.1,0.000732,36.94073858478795,-33.717912453310035,10.25,31.5,4.0,4.0,0,0,0,0,541.0,57.3,8.19,541.0,57.3,4.0,22.2,0.985,317,120.0,0.189,16,1,126,6,Layer 3 Down
171.658361621912,12.944679132340678,-14.8,166,0.25,-6.8,-7.59,0.1,326,10.4,0.000795,38.723629636431156,3.9718324558591553,47.8,77.3,-0.68,12.55,-2.98,0.0725,324,13.0,0.000691,45.681105537794124,13.83311849386176,-2.25,31.5,4.0,4.0,0,0,0,0,546.0,57.4,51.5,546.0,57.3,3.999999046,21.5,0.945,321,118.0,0.182,16,1,126,6,Layer 3 Down
176.144736855216,6.583926432592639,-2.25,165,-0.72,-4.54,-6.47,0.11,326,12.9,0.00106,122.9362269074766,0.9894343203550826,79.0,76.9,0.29,14.8,-3.51,0.0724,325,12.0,0.000535,18.873011703980815,49.00256378751134,4.0,31.5,4.0,4.0,0,0,0,0,551.0,57.2,-37.3,552.0,57.3,4.0,23.3,1.0,321,118.0,0.192,16,1,126,6,Layer 3 Down
158.76564859300993,-0.41440778051409,47.8,165,-1.44,-1.87,-5.34,0.0938,326,14.1,0.00103,83.8932262810439,-1.9056737037251232,16.5,76.6,1.46,16.4,-4.4,0.0746,324,10.6,0.000412,28.598098125907185,14.866214507743182,-8.5,31.5,4.0,4.0,0,0,0,0,557.0,57.3,-34.2,557.0,57.3,4.0,21.1,0.928,321,119.0,0.179,16,1,126,6,Layer 3 Down
176.57789564290277,-10.699077269572872,-33.5,164,-1.87,1.1,-4.61,0.0924,326,13.6,0.00114,86.54850797960576,7.318393306577116,4.0,76.4,2.76,17.4,-6.68,0.098,324,7.65,0.000264,15.892537378070195,-16.227743977057763,-2.25,31.5,4.0,4.0,0,0,0,0,562.0,57.3,30.3,562.0,57.3,4.0,21.6,0.921,322,120.0,0.177,16,1,126,6,Layer 3 Down
169.30089825079938,-10.185006997598485,948.0,163,4.0,4.0,14.7,0.219,326,13.2,0.000706,68.14027253143375,0.05297810800876768,22.8,76.4,4.0,4.0,-2.33,0.0517,325,5.88,-7.89e-06,7.851198764493777,8.906337530132358,-2.25,31.5,4.0,4.0,0,0,0,0,567.0,57.3,-13.1,568.0,57.3,4.0,19.1,0.906,321,118.0,0.175,16,1,126,6,Layer 3 Down
142.46262762329692,-7.853688234817097,16.5,163,-2.0,4.0,-6.62,0.0947,326,14.0,0.00114,71.77940230548673,15.038128127402342,22.8,76.4,4.0,4.0,-2.01,0.0319,325,2.59,-4.24e-06,37.81678154556903,-18.458932772516363,-14.8,31.5,4.0,4.0,0,0,0,0,573.0,57.4,33.7,573.0,57.3,3.999999046,18.7,0.75,322,120.0,0.143,16,1,127,6,Layer 3 Down
185.98836786819572,2.997451212443183,91.5,162,-2.0,4.0,-5.26,0.0856,326,14.8,0.00104,102.18106526321168,-16.03603402905152,29.0,76.4,4.0,4.0,-2.01,0.0324,325,2.62,-4.38e-06,35.01326788750946,25.571086122398544,4.0,31.5,4.0,4.0,0,0,0,0,578.0,57.3,13.69,578.0,57.3,4.0,25.8,1.06,321,119.0,0.205,16,1,128,6,Layer 3 Down
153.67162919050776,1.855910008900266,16.5,162,-2.0,4.0,-4.22,0.0704,326,12.9,0.000884,75.53567489727958,-2.781860051402959,41.5,76.4,4.0,4.0,-2.53,0.0342,325,2.2,-4.47e-06,44.522825349124,-12.725635888938957,4.0,31.5,4.0,4.0,0,0,0,0,583.0,57.4,25.0,584.0,57.3,4.0,14.5,0.926,321,115.0,0.177,16,1,128,6,Layer 3 Down
133.47250637182623,-26.6774755297784,-27.3,161,-2.0,4.0,-4.48,0.0843,326,13.5,0.00106,90.58469273096381,29.914386573114236,16.5,76.4,4.0,4.0,-2.89,0.0329,325,2.06,-4.01e-06,41.84231556638761,5.2990842353265,4.0,31.5,4.0,4.0,0,0,0,0,589.0,57.3,-26.0,589.0,57.3,4.0,21.5,0.818,322,120.0,0.156,16,1,2,6,Layer 3 Down
143.61886593104788,-11.133062195845877,41.5,161,-2.0,4.0,-3.37,0.0936,326,18.3,0.00113,71.1610844223544,-3.876767831584222,29.0,76.4,4.0,4.0,-2.4,0.0339,325,1.66,-9.1e-06,36.09521929841104,-11.009077648048802,4.0,31.5,4.0,4.0,0,0,0,0,594.0,57.3,-11.0,594.0,57.3,4.0,24.1,1.02,321,118.0,0.198,16,1,128,6,Layer 3 Down
143.01800904076052,12.255044298379508,22.8,160,-2.0,4.0,-5.5,0.101,326,14.3,0.00123,67.2547407944597,0.9280394566112071,-14.8,76.4,4.0,4.0,-2.26,0.0357,324,1.55,9.38e-06,42.041257083810514,-5.536520794747073,16.5,31.5,4.0,4.0,0,0,0,0,599.0,57.4,-10.4,600.0,57.3,4.000000954,18.5,0.801,319,116.0,0.154,16,1,128,6,Layer 3 Down
159.8677449929513,-1.0990863587607633,10.25,159,-2.0,4.0,-4.49,0.0821,326,13.5,0.00104,38.79518918911666,-7.1993051545323095,-14.8,76.4,4.0,4.0,-2.09,0.0375,325,0.824,0.0,30.69166363817159,30.004045779362947,4.0,31.5,4.0,4.0,0,0,0,0,605.0,57.4,57.5,605.0,57.3,3.999999046,18.5,0.969,317,119.0,0.186,16,1,128,6,Layer 3 Down
154.44532701542818,-18.78230235329382,-46.0,159,-2.0,4.0,-4.33,0.096,326,15.2,0.00126,23.53758583139868,8.277122260799924,22.8,76.4,4.0,4.0,-1.77,0.0361,325,3.25,3.84e-06,39.31937482851773,5.810250434296379,4.0,31.5,4.0,4.0,0,0,0,0,610.0,57.4,35.5,610.0,57.3,4.0,19.6,1.0,321,116.0,0.194,16,1,128,6,Layer 3 Down
152.39782132118884,25.504968134999416,-64.7,158,-2.0,4.0,-4.28,0.0898,326,13.7,0.00118,69.40882310703773,-5.371806359206436,-21.0,76.4,4.0,4.0,-0.819,0.038,324,2.99,9.83e-06,17.748211200486857,-5.784692263331724,10.25,31.5,4.0,4.0,0,0,0,0,615.0,57.3,-13.1,616.0,57.3,4.0,20.2,0.924,318,114.0,0.178,16,1,128,6,Layer 3 Down
168.30686357521643,-2.290115346260019,-27.3,157,-2.0,4.0,-5.61,0.109,326,14.5,0.00133,77.91007606987695,1.649990899215021,-2.25,76.4,4.0,4.0,-0.941,0.0363,325,2.86,9.9e-06,38.5015244743459,-16.063722632658852,4.0,31.5,4.0,4.0,0,0,0,0,621.0,57.3,9.56,621.0,57.3,4.0,21.1,0.981,318,121.0,0.189,16,1,128,6,Layer 3 Down
162.65279630453205,2.5665878887172884,60.3,157,-2.0,4.0,-4.94,0.0885,326,14.2,0.00107,42.02357683850695,14.79744915814338,29.0,76.4,4.0,4.0,-1.13,0.0338,325,4.21,-4.39e-06,44.158554970481376,-28.75025400231293,4.0,31.5,4.0,4.0,0,0,0,0,626.0,57.4,49.2,626.0,57.3,3.999999046,21.1,0.938,321,118.0,0.18,16,1,128,6,Layer 3 Down
161.25649823206896,2.695105989644542,-21.0,156,-2.0,4.0,-4.29,0.0995,326,14.6,0.00119,75.4785359838896,-4.797002442056937,29.0,76.4,4.0,4.0,-0.624,0.0319,325,4.6,-4.12e-06,18.81751215359429,-17.894388006751633,4.0,31.5,4.0,4.0,0,0,0,0,631.0,57.3,-38.8,632.0,57.3,4.0,22.2,1.0,321,118.0,0.192,16,1,128,6,Layer 3 Down
162.81625399661198,-6.449881681474305,-52.3,156,-2.0,4.0,-5.76,0.0982,326,11.5,0.00128,77.83672941198458,13.93455887946482,-21.0,76.4,4.0,4.0,-0.624,0.038,325,2.81,0.0,32.48160100903918,5.984016233012253,16.5,31.5,4.0,4.0,0,0,0,0,637.0,57.3,-2.06,637.0,57.3,4.0,24.5,1.01,318,120.0,0.193,16,1,128,6,Layer 3 Down
165.24753239586084,-10.430247512175313,-2.25,155,-2.0,4.0,-7.1,0.123,326,14.3,0.0015,18.772978283341637,14.360196880413802,-21.0,76.4,4.0,4.0,-0.819,0.036,325,2.14,-1.02e-05,19.690158905661416,21.151722718919014,4.0,31.5,4.0,4.0,0,0,0,0,642.0,57.4,24.7,643.0,57.3,4.0,16.1,0.968,317,115.0,0.186,16,1,128,6,Layer 3 Down
119.94058639993784,23.03334588091642,79.0,155,-2.0,4.0,-4.29,0.0934,326,16.6,0.00116,51.940021893674555,17.40673690828669,29.0,76.4,4.0,4.0,-0.941,0.0303,325,4.6,0.0,21.528968253100626,-5.804797314503933,4.0,31.5,4.0,4.0,0,0,0,0,647.0,57.3,-10.3,648.0,57.3,4.0,18.7,0.907,321,118.0,0.175,16,1,2,6,Layer 3 Down
147.93867446465876,9.609401823091918,-33.5,154,-2.0,4.0,-5.28,0.0945,326,13.0,0.00124,87.28558353343068,5.729381249461955,-21.0,76.4,4.0,4.0,-0.38,0.0344,324,3.11,0.0,10.195985469960092,31.505718596960108,16.5,31.5,4.0,4.0,0,0,0,0,653.0,57.3,-30.4,653.0,57.3,4.000000954,20.1,1.04,319,120.0,0.202,16,1,128,6,Layer 3 Down
116.73881486318741,7.439181859561803,-89.7,153,-2.0,4.0,-5.04,0.103,325,13.2,0.0013,86.74552828274443,45.012390048250815,-14.8,76.4,4.0,4.0,-0.697,0.0362,325,2.34,0.0,55.47136075719145,-8.554523916067708,4.0,31.5,4.0,4.0,0,0,0,0,658.0,57.4,39.5,659.0,57.3,3.999999046,19.5,0.883,318,118.0,0.169,16,1,128,6,Layer 3 Down
153.59974756695794,4.952393437111352,66.5,153,-2.0,4.0,-6.55,0.098,326,14.4,0.00118,45.563913457424334,17.426388949872308,35.3,76.4,4.0,4.0,-2.38,0.0366,325,2.94,-5.23e-06,51.6820428489239,-0.16463011676032657,4.0,31.5,4.0,4.0,0,0,0,0,663.0,57.4,23.3,664.0,57.3,4.0,15.5,0.933,320,115.0,0.178,16,1,128,6,Layer 3 Down
151.92294455185902,-13.690712384464879,35.3,152,-2.0,4.0,-5.95,0.0977,325,13.3,0.00122,80.63509060330406,8.06325644575358,-27.3,76.4,4.0,4.0,-1.57,0.0349,324,1.19,0.0,41.6779712543414,-14.889984360723854,4.0,31.5,4.0,4.0,0,0,0,0,669.0,57.3,2.19,669.0,57.3,4.0,19.7,1.11,318,118.0,0.213,16,1,128,6,Layer 3 Down
169.38925987002958,12.88318645324168,-21.0,152,-2.0,4.0,-4.0,0.0755,326,13.5,0.000935,103.72748821596615,-7.040027356586765,29.0,76.4,4.0,4.0,-3.09,0.0349,324,1.92,-4.8e-06,68.84962646830516,21.31093668576316,-2.25,31.5,4.0,4.0,0,0,0,0,674.0,57.3,-10.3,674.0,57.3,4.0,22.5,1.01,320,119.0,0.195,16,1,128,6,Layer 3 Down
170.75269782060695,-12.058265089457143,-58.5,151,-2.0,4.0,-3.8,0.0912,325,14.0,0.00116,97.1700528742671,2.7461401305339335,-14.8,76.4,4.0,4.0,-2.21,0.0357,324,0.498,-4.89e-06,27.91604777121811,40.7263681837976,16.5,31.5,4.0,4.0,0,0,0,0,679.0,57.4,45.9,680.0,57.3,3.999999046,18.0,0.786,319,116.0,0.151,16,1,128,6,Layer 3 Down
153.3725482170577,1.4791092045221435,35.3,150,-2.0,4.0,-6.19,0.0924,326,14.1,0.00111,73.85314669421054,22.108641749176147,29.0,76.4,4.0,4.0,-2.89,0.0328,325,2.17,-8.86e-06,88.91579260084342,-26.852540286480206,-2.25,31.5,4.0,4.0,0,0,0,0,685.0,57.2,-62.9,685.0,57.3,4.0,25.9,0.933,322,121.0,0.176,16,1,128,6,Layer 3 Down
141.67801031732574,-21.235663136128544,47.8,150,-2.0,4.0,-4.73,0.0804,326,14.3,0.000978,63.89166000542302,25.694316963356453,29.0,76.4,4.0,4.0,-2.28,0.0337,325,2.0,-9.41e-06,27.19102721968763,-2.0819998774543174,-2.25,31.5,4.0,4.0,0,0,0,0,690.0,57.4,37.8,690.0,57.3,4.0,19.5,1.0,320,116.0,0.194,16,1,128,6,Layer 3 Down
157.06918434592333,-26.013616706374407,29.0,149,-2.0,4.0,-4.21,0.0783,326,13.2,0.000972,59.578518742010274,22.667037568940973,-21.0,76.4,4.0,4.0,-1.75,0.035,324,2.2,4.82e-06,36.33287492598685,26.130591629532628,4.0,31.5,4.0,4.0,0,0,0,0,695.0,57.4,-6.6,696.0,57.3,4.0,18.0,0.906,319,115.0,0.174,16,1,128,6,Layer 3 Down
140.21969048038122,1.7704714211476287,-8.5,149,-2.0,4.0,-4.81,0.0989,326,15.2,0.00127,88.90415615964774,13.991273495546611,29.0,76.4,4.0,4.0,-3.53,0.0335,325,1.91,-1.34e-05,23.966845655795325,-21.318050820890683,4.0,31.5,4.0,4.0,0,0,0,0,701.0,57.3,-37.3,701.0,57.3,4.0,21.9,0.898,321,119.0,0.173,16,1,2,6,Layer 3 Down
147.97683746504944,-11.758313960886744,-202.0,148,-2.0,4.409,4.03,0.14,326,0.499,2.76e-05,81.61485118130953,-11.822839830156695,22.8,76.4,4.206,17.7,-1.75,0.0258,325,1.83,-2.87e-06,38.551135349481285,13.890599270067309,-2.25,31.5,4.0,4.0,0,0,0,0,706.0,57.4,51.3,706.0,57.3,3.999999046,20.8,0.932,320,119.0,0.179,16,1,128,6,Layer 3 Down
163.401388169824,-24.946154886756112,85.2,147,-1.79,7.52,-6.2,0.0882,326,13.8,0.00103,93.22307219002245,11.587927049316246,29.0,76.5,5.56,17.3,4.76,0.083,324,9.14,0.000206,47.324951570927944,25.347812440575737,-2.25,31.5,4.0,4.0,0,0,0,0,711.0,57.3,-37.5,712.0,57.3,4.0,22.4,0.996,321,118.0,0.192,16,1,128,6,Layer 3 Down
137.72316453796955,4.953095463898686,-14.8,147,-1.29,10.44,-4.53,0.0984,326,15.0,0.00111,80.2247991061411,-8.967322307510146,29.0,76.7,6.84,16.1,9.19,0.142,325,11.1,0.000814,29.34264097847082,5.343815251311633,-2.25,31.5,4.0,4.0,0,0,0,0,717.0,57.3,-32.4,717.0,57.3,4.0,20.6,0.929,321,119.0,0.179,16,1,128,6,Layer 3 Down
159.40002175670566,24.464611112524583,22.8,146,-0.5,13.03,-6.26,0.107,326,12.5,0.000963,98.8843936640695,-10.91278506858478,41.5,77.0,7.96,14.4,6.88,0.142,324,13.9,0.00121,65.14768220077856,13.60327431208023,-8.5,31.5,4.0,4.0,0,0,0,0,722.0,57.3,31.6,722.0,57.3,4.0,21.6,0.927,321,120.0,0.178,16,1,128,6,Layer 3 Down
157.26651823242256,16.879733250107368,16.5,146,0.51,15.1,-5.79,0.0921,326,10.6,0.000646,79.92832361274496,11.877974003107749,54.0,77.5,8.88,12.04,4.71,0.11,324,14.0,0.00115,36.029030922317105,34.78653743693229,-2.25,31.5,4.0,4.0,0,0,0,0,727.0,57.3,-9.4,728.0,57.3,4.0,19.1,0.898,321,117.0,0.173,16,1,128,6,Layer 3 Down
130.11993256429554,-1.1939296215652844,60.3,146,1.71,16.7,-6.09,0.0918,326,9.8,0.000425,98.87361121027863,16.344197350698778,54.0,78.0,9.55,9.3,8.15,0.138,324,13.1,0.00172,36.62247686463107,38.067757320194794,-8.5,31.5,4.0,4.0,0,0,0,0,733.0,57.4,36.0,733.0,57.3,3.999999046,17.5,0.751,321,121.0,0.143,16,1,128,6,Layer 3 Down
162.19777647215625,3.2039476323424156,97.7,146,3.033,17.6,-3.98,0.048,326,7.31,0.000107,101.77585173999432,21.157604174977642,10.25,78.6,9.92,6.28,8.75,0.139,324,15.6,0.00168,14.285318914595791,2.890723483984211,-2.25,31.5,4.0,4.0,0,0,0,0,738.0,57.3,15.6,738.0,57.3,4.0,24.4,1.05,321,118.0,0.201,16,1,128,6,Layer 3 Down
156.61853345805662,14.55708186778854,66.5,145,4.0,4.0,-6.36,0.0562,326,3.84,-2.58e-05,57.596149614799515,15.944212625198066,373.0,79.1,10.0,4.0,7.72,0.109,325,14.7,0.00114,39.42557357010211,-5.340326143858219,-8.5,31.5,4.0,4.0,0,0,0,0,744.0,57.3,18.7,744.0,57.3,3.999999046,19.7,0.866,321,120.0,0.167,16,1,128,6,Layer 3 Down
146.6952281490909,17.336942504458108,97.7,145,4.0,4.0,-3.68,0.0472,326,6.03,-3.53e-05,31.27088621052306,16.73037881978149,16.5,79.7,10.0,4.0,5.15,0.0881,324,13.6,0.00114,28.961780291719474,-12.09742928221927,4.0,31.5,4.0,4.0,0,0,0,0,749.0,57.3,-21.6,749.0,57.3,4.0,20.4,0.809,322,121.0,0.155,16,1,130,6,Layer 3 Down
132.32106025198595,0.08786190852922449,72.7,145,4.0,4.0,-3.93,0.0463,326,5.5,-2.71e-05,121.45536458263412,-2.5166283171784816,22.8,80.3,10.0,4.0,5.37,0.097,324,15.4,0.0012,19.98110063731745,21.094512298135783,4.0,31.5,4.0,4.0,0,0,0,0,754.0,57.3,-8.4,754.0,57.3,4.000000954,23.9,1.01,320,118.0,0.196,16,1,2,6,Layer 3 Down
130.70971255582754,4.526647195531205,66.5,145,4.0,4.0,-2.33,0.0431,326,7.81,-1.32e-05,87.6601221363545,3.6458963853037454,-752.0,80.9,9.5,879.0,6.88,0.0854,325,8.83,0.000171,16.795056975471404,-19.977758067068784,10.25,31.5,4.0,4.0,0,0,0,0,760.0,57.2,-33.8,760.0,57.3,4.0,23.6,0.937,322,120.0,0.18,16,1,130,6,Layer 3 Down
136.05761295218056,7.457743236708374,-46.0,145,4.0,4.0,-1.6,0.0564,326,3.17,8.78e-06,35.57423513503486,-8.931516753679558,66.5,81.4,10.0,4.0,7.07,0.133,324,13.7,0.00167,82.09809809834336,-0.41943544881944383,4.0,31.5,4.0,4.0,0,0,0,0,765.0,57.4,52.3,765.0,57.3,3.999999046,17.6,0.985,320,119.0,0.189,16,1,130,6,Layer 3 Down
154.02441402693296,10.609003483552947,66.5,145,4.0,4.0,-4.23,0.043,326,5.54,-6.31e-06,62.720622023486165,-21.53953841588711,-52.3,81.8,4.0,4.0,1.38,0.03,324,2.99,-1.17e-05,26.610243851588884,16.696822894374932,1114.0,31.7,22.0,1004.0,0,0,0,0,770.0,57.4,43.6,770.0,57.3,4.0,19.1,0.982,319,116.0,0.19,16,1,130,50,end
129.10607230883787,2.6111219410966884,97.7,145,4.0,4.0,-3.73,0.0479,325,5.97,-2.07e-05,102.4310999235229,13.377233676295036,-2.25,81.8,4.0,4.0,1.15,0.0199,323,0.732,0.0,8.20747747083039,45.09867127581835,10.25,36.3,54.0,4.0,0,0,0,0,775.0,57.4,24.7,776.0,57.3,4.0,16.2,0.805,320,118.0,0.154,16,1,132,50,end
152.27668994159202,2.4137909450935258,-89.7,145,4.0,4.0,-1.95,0.0538,325,2.17,3.23e-05,74.32463683991648,-5.53526354075934,10.25,81.8,4.0,4.0,1.46,0.0261,323,0.819,0.0,27.777018435990932,58.99617859523093,35.3,41.5,54.0,4.0,0,0,0,0,781.0,57.3,3.125,781.0,57.3,4.0,20.6,0.994,318,122.0,0.191,16,1,132,50,end
124.34716114712376,20.390413283183726,91.5,145,4.0,4.0,-2.84,0.0522,325,7.39,-1.52e-05,68.11332794292345,15.021652087544782,-2.25,81.8,4.0,4.0,0.471,0.0247,323,2.29,4.88e-06,44.823403561742545,98.87278723487555,29.0,46.3,54.0,4.0,0,0,0,0,786.0,57.4,52.4,786.0,57.3,3.999999046,20.5,0.931,319,118.0,0.179,16,1,132,50,end
141.60593772982278,18.063957480014405,-83.5,145,4.0,4.0,-1.85,0.0522,325,2.69,2.39e-05,119.24357588647318,18.057723328281774,10.25,81.8,4.0,4.0,0.919,0.0226,324,0.22,-2.82e-06,61.352830027177845,52.07231844975808,60.3,51.5,54.0,4.0,0,0,0,0,791.0,57.5,58.7,792.0,57.3,3.999999046,15.8,0.72,319,117.0,0.138,16,1,132,50,end
146.82365800121877,9.435398877525856,-83.5,145,4.0,4.0,-2.2,0.0527,325,2.22,4.66e-05,53.80750694866629,-3.8161401281463663,16.5,81.8,4.0,4.0,1.32,0.0238,323,1.4,2.88e-06,66.50678703195399,46.581453455104906,79.0,56.5,54.0,4.0,0,0,0,0,797.0,57.3,0.37,797.0,57.3,4.0,24.3,1.0,318,120.0,0.192,16,1,132,50,end
185.6673275743934,24.352501019999572,91.5,145,4.0,4.0,-4.02,0.0502,326,5.8,-1.44e-05,60.46649810608595,11.498893959649426,16.5,81.8,4.0,4.0,1.08,0.0217,325,1.0,0.0,72.31378797424533,23.245853896448278,348.0,59.5,4.0,4.0,0,0,0,0,802.0,57.3,-29.1,803.0,57.3,4.0,22.4,0.929,321,120.0,0.178,16,1,132,50,end
122.0925293896626,-0.3664052206993329,97.7,145,4.0,4.0,-4.23,0.0547,329,5.97,-1.58e-05,87.4500592548722,-4.395866354950694,-8.5,81.8,4.0,4.0,1.69,0.0221,327,0.696,0.0,47.28757681081217,8.167134941165028,-8.5,59.5,4.0,4.0,0,0,0,0,807.0,55.4,-61.1,807.0,4.0,4.0,0.0819,2.61e-08,328,0.0,0.000977,16,1,132,50,end
